============================================================
D035 holdout Stage-2 normalized-MSE optimization / meter-MAE selection
Mon Jul 13 16:39:47 CDT 2026
JOB=1793984
HOLDOUT_PRESET=CA
HOLDOUT_NAME=CA_KlamathRiver_TopoBathy_2018_D18
SOURCE_SPLIT=/tank/data/SFS/xinyis/data/bathymetry/MAE-Topography/Downstream_Task_Bathy/cross_validation_v2/splits/holdout_CA_D001NoDataSafe
STAGE1_RUN_DIR=/tank/data/SFS/xinyis/data/bathymetry/MAE-Topography/Downstream_Task_Bathy/cross_validation_v4_meterMAE_BaselineEval/runs/holdout_CA_D003MeterMAE_BaselineEval_D001NoDataSafe/train_holdout_D003MeterMAE_BaselineEval_D001NoDataSafe_CA_KlamathRiver_TopoBathy_2018_D18_v2_dualmask_meterMAE_BaselineEval_corePixel_Best-val_mae_m_mask_e400_b4_acc4
STAGE1_CKPT=/tank/data/SFS/xinyis/data/bathymetry/MAE-Topography/Downstream_Task_Bathy/cross_validation_v4_meterMAE_BaselineEval/runs/holdout_CA_D003MeterMAE_BaselineEval_D001NoDataSafe/train_holdout_D003MeterMAE_BaselineEval_D001NoDataSafe_CA_KlamathRiver_TopoBathy_2018_D18_v2_dualmask_meterMAE_BaselineEval_corePixel_Best-val_mae_m_mask_e400_b4_acc4/checkpoint-best.pth
OUT_DIR=/tank/data/SFS/xinyis/data/bathymetry/MAE-Topography/Downstream_Task_Bathy/cross_validation_v5_Stage2NormMSE_MeterSelect/runs/holdout_CA_D004Stage2NormMSE_MeterSelect_D001NoDataSafe/train_stage2_normMSE_meterSelect_CA_KlamathRiver_TopoBathy_2018_D18_fromStage1Best_e120_lr1e-5_b4_acc4
OPTIMIZATION_LOSS=normalized_mse
BEST_METRIC=val_mae_m_mask
EARLY_STOP_METRIC=val_mae_m_mask
BASELINE=Stage-1 checkpoint evaluated at epoch -1
LR=1e-5
EPOCHS=120
PATIENCE=30
============================================================
============================================================
D034 Stage-2 normalized-MSE optimization with meter-MAE checkpoint protection
Mon Jul 13 16:39:48 CDT 2026
HOST=execute-4006.mortimer.hpc.uwm.edu
STAGE1_CKPT=/tank/data/SFS/xinyis/data/bathymetry/MAE-Topography/Downstream_Task_Bathy/cross_validation_v4_meterMAE_BaselineEval/runs/holdout_CA_D003MeterMAE_BaselineEval_D001NoDataSafe/train_holdout_D003MeterMAE_BaselineEval_D001NoDataSafe_CA_KlamathRiver_TopoBathy_2018_D18_v2_dualmask_meterMAE_BaselineEval_corePixel_Best-val_mae_m_mask_e400_b4_acc4/checkpoint-best.pth
SPLIT_DIR=/tank/data/SFS/xinyis/data/bathymetry/MAE-Topography/Downstream_Task_Bathy/cross_validation_v2/splits/holdout_CA_D001NoDataSafe
OUT_DIR=/tank/data/SFS/xinyis/data/bathymetry/MAE-Topography/Downstream_Task_Bathy/cross_validation_v5_Stage2NormMSE_MeterSelect/runs/holdout_CA_D004Stage2NormMSE_MeterSelect_D001NoDataSafe/train_stage2_normMSE_meterSelect_CA_KlamathRiver_TopoBathy_2018_D18_fromStage1Best_e120_lr1e-5_b4_acc4
OPTIMIZATION_LOSS=normalized_mse
BEST_METRIC=val_mae_m_mask
EARLY_STOP_METRIC=val_mae_m_mask
BASELINE_EPOCH=-1 (untouched Stage-1 meter checkpoint)
STAGE2_LR=1e-5
MIN_LR=1e-7
WARMUP_EPOCHS=0
EPOCHS=120
PATIENCE=30
FRESH_RUN=1
OVERWRITE_STAGE2=0
SAFETY=checkpoint-best remains Stage 1 unless Stage 2 improves validation meter MAE
============================================================
61f182104ecdd8cf62a87223ed93b222ca5e877a6b95f77fc61cf44cef7aa75e  /tank/data/SFS/xinyis/data/bathymetry/MAE-Topography/Downstream_Task_Bathy/cross_validation_v4_meterMAE_BaselineEval/runs/holdout_CA_D003MeterMAE_BaselineEval_D001NoDataSafe/train_holdout_D003MeterMAE_BaselineEval_D001NoDataSafe_CA_KlamathRiver_TopoBathy_2018_D18_v2_dualmask_meterMAE_BaselineEval_corePixel_Best-val_mae_m_mask_e400_b4_acc4/checkpoint-best.pth
c8f5bfe6143580ada1206505d4ef821fcd589e32303c6fb4d558d0101cd7cc59  /tank/data/SFS/xinyis/data/bathymetry/MAE-Topography/Downstream_Task_Bathy/cross_validation_v2/splits/holdout_CA_D001NoDataSafe/train_tiles.txt
d982b7f53eb8509ea5c4dc60c4c652943c13f222f6d112ef1859c7edd911aa4a  /tank/data/SFS/xinyis/data/bathymetry/MAE-Topography/Downstream_Task_Bathy/cross_validation_v2/splits/holdout_CA_D001NoDataSafe/val_tiles.txt
c48a23b4f7db4890a50d17ec378302d899b8e15403402fc221ddd99ff3f0a684  /tank/data/SFS/xinyis/data/bathymetry/MAE-Topography/Downstream_Task_Bathy/cross_validation_v2/splits/holdout_CA_D001NoDataSafe/train_hidden.txt
91782f59821545b91cd838b72bf3836497f53a1f4ed2af221f74451f4cb23075  /tank/data/SFS/xinyis/data/bathymetry/MAE-Topography/Downstream_Task_Bathy/cross_validation_v2/splits/holdout_CA_D001NoDataSafe/val_hidden.txt
06edd90b7245e8c407f779768b1793b0666bc875b004943f2ac1e9cca8125f1a  /tank/data/SFS/xinyis/data/bathymetry/MAE-Topography/Downstream_Task_Bathy/cross_validation_v2/splits/holdout_CA_D001NoDataSafe/train_loss.txt
15e796959b05df70751ca5a76592e1b87e9ae9e4c0d2cc1f83ee4a3c83511324  /tank/data/SFS/xinyis/data/bathymetry/MAE-Topography/Downstream_Task_Bathy/cross_validation_v2/splits/holdout_CA_D001NoDataSafe/val_loss.txt
=== CUDA check ===
torch 2.4.0 cuda? True count 1
[GPU] NVIDIA L40S free=43.13 GiB total=44.39 GiB
Mon Jul 13 16:40:03 2026       
+-----------------------------------------------------------------------------------------+
| NVIDIA-SMI 595.45.04              Driver Version: 595.45.04      CUDA Version: 13.2     |
+-----------------------------------------+------------------------+----------------------+
| GPU  Name                 Persistence-M | Bus-Id          Disp.A | Volatile Uncorr. ECC |
| Fan  Temp   Perf          Pwr:Usage/Cap |           Memory-Usage | GPU-Util  Compute M. |
|                                         |                        |               MIG M. |
|=========================================+========================+======================|
|   0  NVIDIA L40S                    Off |   00000000:2A:00.0 Off |                    0 |
| N/A   34C    P0             56W /  350W |       0MiB /  46068MiB |      7%      Default |
|                                         |                        |                  N/A |
+-----------------------------------------+------------------------+----------------------+

+-----------------------------------------------------------------------------------------+
| Processes:                                                                              |
|  GPU   GI   CI              PID   Type   Process name                        GPU Memory |
|        ID   ID                                                               Usage      |
|=========================================================================================|
|  No running processes found                                                             |
+-----------------------------------------------------------------------------------------+
[RESUME] FRESH_RUN=1; start a new Stage-2 run from Stage 1.
False
Not using distributed mode
[16:40:06.094661] job dir: /tank/data/SFS/xinyis/data/bathymetry/MAE-Topography/mae_Retrain
[16:40:06.094727] Namespace(data_root='/tank/data/SFS/xinyis/data/bathymetry/Processed_Results/Tiles_for_MAE_v2/Tiles_1m',
train_dir='',
val_dir='',
test_dir='',
train_list='/tank/data/SFS/xinyis/data/bathymetry/MAE-Topography/Downstream_Task_Bathy/cross_validation_v2/splits/holdout_CA_D001NoDataSafe/train_tiles.txt',
val_list='/tank/data/SFS/xinyis/data/bathymetry/MAE-Topography/Downstream_Task_Bathy/cross_validation_v2/splits/holdout_CA_D001NoDataSafe/val_tiles.txt',
test_list='',
lcc_mask_path='',
train_lcc_list='',
val_lcc_list='',
test_lcc_list='',
hidden_mask_path='',
loss_mask_path='',
train_hidden_list='/tank/data/SFS/xinyis/data/bathymetry/MAE-Topography/Downstream_Task_Bathy/cross_validation_v2/splits/holdout_CA_D001NoDataSafe/train_hidden.txt',
val_hidden_list='/tank/data/SFS/xinyis/data/bathymetry/MAE-Topography/Downstream_Task_Bathy/cross_validation_v2/splits/holdout_CA_D001NoDataSafe/val_hidden.txt',
test_hidden_list='',
train_loss_list='/tank/data/SFS/xinyis/data/bathymetry/MAE-Topography/Downstream_Task_Bathy/cross_validation_v2/splits/holdout_CA_D001NoDataSafe/train_loss.txt',
val_loss_list='/tank/data/SFS/xinyis/data/bathymetry/MAE-Topography/Downstream_Task_Bathy/cross_validation_v2/splits/holdout_CA_D001NoDataSafe/val_loss.txt',
test_loss_list='',
min_loss_pixel_count=1,
min_loss_pixel_ratio=0.0,
min_core_loss_pixel_count=0,
min_core_loss_pixel_ratio=0.0,
lcc_mask_mode='exact',
loss_on_lcc_only=False,
lcc_priority=10.0,
lcc_patch_threshold=0.5,
tile_norm_visible_only=True,
min_lcc_patch_ratio=0.0,
max_lcc_patch_ratio=1.0,
min_valid_visible_patch_ratio=0.7,
loss_region_mode='core',
core_patch_radius=3,
min_core_valid_patch_ratio=0.85,
min_core_prediction_patch_ratio=0.02,
max_core_prediction_patch_ratio=0.9,
extra_eval_dir='',
input_size=336,
in_chans=1,
nodata=-999999.0,
nodata_threshold=-9999.0,
norm_method='meanstd',
norm_json='',
stats_max_files=1000,
model='mae_vit_large_patch16',
mask_ratio=0.75,
norm_pix_loss=False,
tile_norm=True,
tile_norm_eps=0.001,
tile_norm_std_scale=1.5,
bottleneck_norm='inst1d',
optimization_loss='normalized_mse',
loss_mode='mse',
batch_size=4,
epochs=120,
accum_iter=4,
weight_decay=0.05,
lr=1e-05,
blr=0.001,
min_lr=1e-07,
warmup_epochs=0,
num_workers=1,
pin_mem=True,
eval_rmse=True,
baseline_eval_before_training=True,
vis_every=20,
vis_n=10,
history_csv='',
plot_every=1,
no_plot_curves=False,
early_stop_patience=30,
early_stop_metric='val_mae_m_mask',
early_stop_min_delta=0.001,
early_stop_warmup_epochs=0,
early_stop_start_threshold=0.0,
best_metric='val_mae_m_mask',
output_dir='/tank/data/SFS/xinyis/data/bathymetry/MAE-Topography/Downstream_Task_Bathy/cross_validation_v5_Stage2NormMSE_MeterSelect/runs/holdout_CA_D004Stage2NormMSE_MeterSelect_D001NoDataSafe/train_stage2_normMSE_meterSelect_CA_KlamathRiver_TopoBathy_2018_D18_fromStage1Best_e120_lr1e-5_b4_acc4',
log_dir='/tank/data/SFS/xinyis/data/bathymetry/MAE-Topography/Downstream_Task_Bathy/cross_validation_v5_Stage2NormMSE_MeterSelect/runs/holdout_CA_D004Stage2NormMSE_MeterSelect_D001NoDataSafe/train_stage2_normMSE_meterSelect_CA_KlamathRiver_TopoBathy_2018_D18_fromStage1Best_e120_lr1e-5_b4_acc4/tb',
device='cuda',
seed=0,
resume='',
start_epoch=0,
world_size=1,
local_rank=-1,
dist_on_itp=False,
dist_url='env://',
init_ckpt='/tank/data/SFS/xinyis/data/bathymetry/MAE-Topography/Downstream_Task_Bathy/cross_validation_v4_meterMAE_BaselineEval/runs/holdout_CA_D003MeterMAE_BaselineEval_D001NoDataSafe/train_holdout_D003MeterMAE_BaselineEval_D001NoDataSafe_CA_KlamathRiver_TopoBathy_2018_D18_v2_dualmask_meterMAE_BaselineEval_corePixel_Best-val_mae_m_mask_e400_b4_acc4/checkpoint-best.pth',
freeze_encoder=True,
freeze_last_n_encoder_blocks=0,
distributed=False)
[16:40:06.096448] [DATA] Using MAE v2 dual masks: DEM + Hidden_Mask + Loss_Mask_Pixel. mode=exact, tile_norm=True, tile_norm_visible_only=True, tile_norm_std_scale=1.5, tile_norm_eps=0.001, nodata=-999999.0, nodata_threshold=-9999.0, min_valid_visible_patch_ratio=0.7, min_loss_pixel_count=1, min_loss_pixel_ratio=0.0, min_core_loss_pixel_count=0, min_core_loss_pixel_ratio=0.0
[16:40:27.909700] [DEMDualMaskDataset] matched triples: 3038
[16:40:38.405576] [DEMDualMaskDataset] matched triples: 2129
[16:40:52.942395] [DEMDualMaskDataset] matched triples: 3038
[16:41:03.388453] [DEMDualMaskDataset] matched triples: 2129
[16:41:07.821694] [NORM] computed from train split and saved to: /tank/data/SFS/xinyis/data/bathymetry/MAE-Topography/Downstream_Task_Bathy/cross_validation_v5_Stage2NormMSE_MeterSelect/runs/holdout_CA_D004Stage2NormMSE_MeterSelect_D001NoDataSafe/train_stage2_normMSE_meterSelect_CA_KlamathRiver_TopoBathy_2018_D18_fromStage1Best_e120_lr1e-5_b4_acc4/norm_stats_train.json
[16:41:07.821727] [OBJECTIVE] optimization_loss= normalized_mse
[16:41:07.821735] [OBJECTIVE] exact pixel-weighted normalized MSE for stage-2 relative-shape refinement
[16:41:07.821740] [OBJECTIVE] exact region = Loss_Mask_Pixel AND prediction/core patch mask AND valid patch
[16:41:07.821744] [SAFETY] checkpoint and early stopping metrics may remain val_mae_m_mask
[16:41:10.479215] base_lr: 1.00e-03
[16:41:10.479252] actual_lr: 1.00e-05
[16:41:10.479258] effective_batch_size: 16
[16:41:11.675007] [INIT_CKPT] loaded from /tank/data/SFS/xinyis/data/bathymetry/MAE-Topography/Downstream_Task_Bathy/cross_validation_v4_meterMAE_BaselineEval/runs/holdout_CA_D003MeterMAE_BaselineEval_D001NoDataSafe/train_holdout_D003MeterMAE_BaselineEval_D001NoDataSafe_CA_KlamathRiver_TopoBathy_2018_D18_v2_dualmask_meterMAE_BaselineEval_corePixel_Best-val_mae_m_mask_e400_b4_acc4/checkpoint-best.pth
[16:41:11.675048] [INIT_CKPT] missing_keys=[]
[16:41:11.675054] [INIT_CKPT] unexpected_keys=[]
[16:41:11.676392] [FREEZE] total params=329,133,312, trainable params=25,876,736
[16:41:11.712156] ============================================================================
[16:41:11.712180] [BASELINE] Validation before any downstream optimizer update
[16:41:11.712185] [BASELINE] epoch_label=-1
[16:41:11.712191] [BASELINE] checkpoint_init=/tank/data/SFS/xinyis/data/bathymetry/MAE-Topography/Downstream_Task_Bathy/cross_validation_v4_meterMAE_BaselineEval/runs/holdout_CA_D003MeterMAE_BaselineEval_D001NoDataSafe/train_holdout_D003MeterMAE_BaselineEval_D001NoDataSafe_CA_KlamathRiver_TopoBathy_2018_D18_v2_dualmask_meterMAE_BaselineEval_corePixel_Best-val_mae_m_mask_e400_b4_acc4/checkpoint-best.pth
[16:41:11.712197] [BASELINE] selected_metric=val_mae_m_mask
[16:41:11.712201] ============================================================================
[16:41:14.001751] Baseline_val: [-1]  [  0/533]  eta: 0:20:19  loss: 0.0117 (0.0117)  mae_m_mask: 0.9135 (0.9135)  rmse_m_mask: 1.1548 (1.1548)  normalized_mse_mask: 0.0117 (0.0117)  rmse_m_all: 14.2671 (14.2671)  actual_mask_ratio: 0.0787 (0.0787)  actual_prediction_mask_ratio: 0.2431 (0.2431)  ignored_patch_ratio: 0.0488 (0.0488)  time: 2.2881  data: 0.5091  max mem: 1345
[16:41:18.185836] Baseline_val: [-1]  [ 50/533]  eta: 0:01:01  loss: 0.0016 (0.0039)  mae_m_mask: 0.6838 (0.7055)  rmse_m_mask: 0.8358 (0.8293)  normalized_mse_mask: 0.0016 (0.0039)  rmse_m_all: 13.5650 (14.4303)  actual_mask_ratio: 0.0694 (0.0693)  actual_prediction_mask_ratio: 0.2120 (0.2147)  ignored_patch_ratio: 0.0527 (0.0550)  time: 0.0837  data: 0.0001  max mem: 1346
[16:41:22.370610] Baseline_val: [-1]  [100/533]  eta: 0:00:45  loss: 0.0005 (0.0023)  mae_m_mask: 0.7095 (0.6926)  rmse_m_mask: 0.8060 (0.8255)  normalized_mse_mask: 0.0005 (0.0023)  rmse_m_all: 18.3221 (16.1155)  actual_mask_ratio: 0.0645 (0.0686)  actual_prediction_mask_ratio: 0.2076 (0.2139)  ignored_patch_ratio: 0.0550 (0.0538)  time: 0.0836  data: 0.0001  max mem: 1346
[16:41:26.191185] Baseline_val: [-1]  [150/533]  eta: 0:00:36  loss: 0.0009 (0.0019)  mae_m_mask: 0.4010 (0.6634)  rmse_m_mask: 0.6126 (0.7956)  normalized_mse_mask: 0.0009 (0.0019)  rmse_m_all: 11.5474 (16.0894)  actual_mask_ratio: 0.0707 (0.0688)  actual_prediction_mask_ratio: 0.2326 (0.2153)  ignored_patch_ratio: 0.0488 (0.0542)  time: 0.0654  data: 0.0001  max mem: 1347
[16:41:30.817624] Baseline_val: [-1]  [200/533]  eta: 0:00:31  loss: 0.0017 (0.0018)  mae_m_mask: 0.7284 (0.6774)  rmse_m_mask: 0.7736 (0.8085)  normalized_mse_mask: 0.0017 (0.0018)  rmse_m_all: 14.5244 (15.5459)  actual_mask_ratio: 0.0760 (0.0695)  actual_prediction_mask_ratio: 0.2427 (0.2204)  ignored_patch_ratio: 0.0000 (0.0447)  time: 0.1016  data: 0.0461  max mem: 1347
[16:41:33.440218] Baseline_val: [-1]  [250/533]  eta: 0:00:24  loss: 0.0010 (0.0018)  mae_m_mask: 0.7526 (0.7644)  rmse_m_mask: 0.9079 (0.9006)  normalized_mse_mask: 0.0010 (0.0018)  rmse_m_all: 15.0050 (15.9244)  actual_mask_ratio: 0.0725 (0.0702)  actual_prediction_mask_ratio: 0.2314 (0.2225)  ignored_patch_ratio: 0.0306 (0.0393)  time: 0.0401  data: 0.0001  max mem: 1347
[16:41:37.868806] Baseline_val: [-1]  [300/533]  eta: 0:00:20  loss: 0.0005 (0.0017)  mae_m_mask: 0.9881 (0.7962)  rmse_m_mask: 1.1340 (0.9370)  normalized_mse_mask: 0.0005 (0.0017)  rmse_m_all: 24.0017 (17.0484)  actual_mask_ratio: 0.0700 (0.0704)  actual_prediction_mask_ratio: 0.2121 (0.2229)  ignored_patch_ratio: 0.0516 (0.0394)  time: 0.0962  data: 0.0481  max mem: 1347
[16:41:41.555900] Baseline_val: [-1]  [350/533]  eta: 0:00:15  loss: 0.0006 (0.0016)  mae_m_mask: 0.7256 (0.7981)  rmse_m_mask: 0.8499 (0.9388)  normalized_mse_mask: 0.0006 (0.0016)  rmse_m_all: 20.2972 (17.2506)  actual_mask_ratio: 0.0698 (0.0705)  actual_prediction_mask_ratio: 0.2170 (0.2230)  ignored_patch_ratio: 0.0391 (0.0384)  time: 0.0898  data: 0.0001  max mem: 1347
[16:41:45.947524] Baseline_val: [-1]  [400/533]  eta: 0:00:11  loss: 0.0008 (0.0015)  mae_m_mask: 0.6455 (0.8026)  rmse_m_mask: 0.7942 (0.9457)  normalized_mse_mask: 0.0008 (0.0015)  rmse_m_all: 19.5798 (17.6435)  actual_mask_ratio: 0.0683 (0.0702)  actual_prediction_mask_ratio: 0.2164 (0.2218)  ignored_patch_ratio: 0.0476 (0.0400)  time: 0.0867  data: 0.0001  max mem: 1347
[16:41:50.300690] Baseline_val: [-1]  [450/533]  eta: 0:00:07  loss: 0.0008 (0.0016)  mae_m_mask: 0.7276 (0.8174)  rmse_m_mask: 0.9299 (0.9667)  normalized_mse_mask: 0.0008 (0.0016)  rmse_m_all: 17.5105 (17.6557)  actual_mask_ratio: 0.0670 (0.0702)  actual_prediction_mask_ratio: 0.2143 (0.2217)  ignored_patch_ratio: 0.0612 (0.0412)  time: 0.0869  data: 0.0001  max mem: 1347
[16:41:54.653190] Baseline_val: [-1]  [500/533]  eta: 0:00:02  loss: 0.0003 (0.0015)  mae_m_mask: 0.5271 (0.7996)  rmse_m_mask: 0.6284 (0.9468)  normalized_mse_mask: 0.0003 (0.0015)  rmse_m_all: 16.8306 (17.7029)  actual_mask_ratio: 0.0673 (0.0700)  actual_prediction_mask_ratio: 0.2116 (0.2212)  ignored_patch_ratio: 0.0573 (0.0425)  time: 0.0873  data: 0.0001  max mem: 1347
[16:41:57.464904] Baseline_val: [-1]  [532/533]  eta: 0:00:00  loss: 0.0005 (0.0016)  mae_m_mask: 0.6514 (0.7948)  rmse_m_mask: 0.7602 (0.9413)  normalized_mse_mask: 0.0005 (0.0016)  rmse_m_all: 18.2600 (17.7585)  actual_mask_ratio: 0.0666 (0.0699)  actual_prediction_mask_ratio: 0.2121 (0.2208)  ignored_patch_ratio: 0.0550 (0.0432)  time: 0.0878  data: 0.0001  max mem: 1347
[16:41:57.489722] Baseline_val: [-1] Total time: 0:00:45 (0.0859 s / it)
[16:41:57.491555] baseline_val stats: {'loss': 0.0015723158850984922, 'mae_m_mask': 0.7885544333237117, 'rmse_m_mask': 1.0422706811223983, 'normalized_mse_mask': 0.0015723158850984922, 'rmse_m_all': 17.758493275400845, 'actual_mask_ratio': 0.06990061117437499, 'actual_prediction_mask_ratio': 0.22084709342156744, 'ignored_patch_ratio': 0.04319662906886489, 'supervised_pixel_count': 11054205.0}
[16:42:04.274628] [BASELINE-DONE] val_mae_m_mask=0.788554; checkpoint-best initialized=True at epoch=-1
[16:42:04.276052] log_dir: /tank/data/SFS/xinyis/data/bathymetry/MAE-Topography/Downstream_Task_Bathy/cross_validation_v5_Stage2NormMSE_MeterSelect/runs/holdout_CA_D004Stage2NormMSE_MeterSelect_D001NoDataSafe/train_stage2_normMSE_meterSelect_CA_KlamathRiver_TopoBathy_2018_D18_fromStage1Best_e120_lr1e-5_b4_acc4/tb
[16:42:04.503997] Epoch: [0]  [  0/759]  eta: 0:02:52  lr: 0.000010  loss: 0.0705 (0.0705)  mae_m_mask: 0.3012 (0.3012)  rmse_m_mask: 0.4328 (0.4328)  normalized_mse_mask: 0.0705 (0.0705)  rmse_m_all: 8.1210 (8.1210)  actual_mask_ratio: 0.0675 (0.0675)  actual_prediction_mask_ratio: 0.2092 (0.2092)  ignored_patch_ratio: 0.0000 (0.0000)  time: 0.2275  data: 0.1039  max mem: 1596
[16:42:06.854382] Epoch: [0]  [ 20/759]  eta: 0:01:30  lr: 0.000010  loss: 0.0240 (0.0287)  mae_m_mask: 0.2974 (0.3075)  rmse_m_mask: 0.4020 (0.4355)  normalized_mse_mask: 0.0240 (0.0287)  rmse_m_all: 8.4526 (8.3349)  actual_mask_ratio: 0.0703 (0.0715)  actual_prediction_mask_ratio: 0.2296 (0.2329)  ignored_patch_ratio: 0.0000 (0.0027)  time: 0.1175  data: 0.0001  max mem: 1903
[16:42:09.162372] Epoch: [0]  [ 40/759]  eta: 0:01:25  lr: 0.000010  loss: 0.0243 (0.0282)  mae_m_mask: 0.2948 (0.3136)  rmse_m_mask: 0.4697 (0.4406)  normalized_mse_mask: 0.0243 (0.0282)  rmse_m_all: 6.7025 (7.7147)  actual_mask_ratio: 0.0692 (0.0707)  actual_prediction_mask_ratio: 0.2273 (0.2308)  ignored_patch_ratio: 0.0000 (0.0034)  time: 0.1154  data: 0.0001  max mem: 1903
[16:42:11.467259] Epoch: [0]  [ 60/759]  eta: 0:01:22  lr: 0.000010  loss: 0.0187 (0.0270)  mae_m_mask: 0.2532 (0.3029)  rmse_m_mask: 0.3633 (0.4239)  normalized_mse_mask: 0.0187 (0.0270)  rmse_m_all: 6.7594 (7.7266)  actual_mask_ratio: 0.0686 (0.0701)  actual_prediction_mask_ratio: 0.2347 (0.2318)  ignored_patch_ratio: 0.0000 (0.0024)  time: 0.1152  data: 0.0001  max mem: 1904
[16:42:13.772978] Epoch: [0]  [ 80/759]  eta: 0:01:19  lr: 0.000010  loss: 0.0145 (0.0258)  mae_m_mask: 0.2589 (0.2940)  rmse_m_mask: 0.3367 (0.4117)  normalized_mse_mask: 0.0145 (0.0258)  rmse_m_all: 5.3711 (7.7005)  actual_mask_ratio: 0.0731 (0.0705)  actual_prediction_mask_ratio: 0.2364 (0.2321)  ignored_patch_ratio: 0.0000 (0.0020)  time: 0.1153  data: 0.0001  max mem: 1904
[16:42:16.080144] Epoch: [0]  [100/759]  eta: 0:01:16  lr: 0.000010  loss: 0.0297 (0.0292)  mae_m_mask: 0.2756 (0.2946)  rmse_m_mask: 0.4218 (0.4192)  normalized_mse_mask: 0.0297 (0.0292)  rmse_m_all: 5.3340 (7.4567)  actual_mask_ratio: 0.0743 (0.0709)  actual_prediction_mask_ratio: 0.2421 (0.2336)  ignored_patch_ratio: 0.0000 (0.0023)  time: 0.1153  data: 0.0001  max mem: 1904
[16:42:18.384204] Epoch: [0]  [120/759]  eta: 0:01:14  lr: 0.000010  loss: 0.0241 (0.0305)  mae_m_mask: 0.2263 (0.2909)  rmse_m_mask: 0.3482 (0.4163)  normalized_mse_mask: 0.0241 (0.0305)  rmse_m_all: 7.5325 (7.5207)  actual_mask_ratio: 0.0703 (0.0707)  actual_prediction_mask_ratio: 0.2370 (0.2336)  ignored_patch_ratio: 0.0000 (0.0023)  time: 0.1152  data: 0.0001  max mem: 1904
[16:42:20.662855] Epoch: [0]  [140/759]  eta: 0:01:11  lr: 0.000010  loss: 0.0362 (0.0315)  mae_m_mask: 0.2315 (0.2868)  rmse_m_mask: 0.3846 (0.4129)  normalized_mse_mask: 0.0362 (0.0315)  rmse_m_all: 5.5497 (7.4051)  actual_mask_ratio: 0.0726 (0.0710)  actual_prediction_mask_ratio: 0.2302 (0.2336)  ignored_patch_ratio: 0.0000 (0.0024)  time: 0.1139  data: 0.0001  max mem: 1904
[16:42:22.947029] Epoch: [0]  [160/759]  eta: 0:01:09  lr: 0.000010  loss: 0.0305 (0.0323)  mae_m_mask: 0.2102 (0.2803)  rmse_m_mask: 0.2929 (0.4027)  normalized_mse_mask: 0.0305 (0.0323)  rmse_m_all: 6.2222 (7.2599)  actual_mask_ratio: 0.0709 (0.0710)  actual_prediction_mask_ratio: 0.2409 (0.2341)  ignored_patch_ratio: 0.0000 (0.0025)  time: 0.1142  data: 0.0001  max mem: 1904
[16:42:25.248451] Epoch: [0]  [180/759]  eta: 0:01:07  lr: 0.000010  loss: 0.0135 (0.0314)  mae_m_mask: 0.2151 (0.2760)  rmse_m_mask: 0.3142 (0.3969)  normalized_mse_mask: 0.0135 (0.0314)  rmse_m_all: 6.6581 (7.1323)  actual_mask_ratio: 0.0726 (0.0710)  actual_prediction_mask_ratio: 0.2370 (0.2341)  ignored_patch_ratio: 0.0000 (0.0023)  time: 0.1150  data: 0.0001  max mem: 1904
[16:42:27.547514] Epoch: [0]  [200/759]  eta: 0:01:04  lr: 0.000010  loss: 0.0183 (0.0310)  mae_m_mask: 0.2547 (0.2778)  rmse_m_mask: 0.3652 (0.4001)  normalized_mse_mask: 0.0183 (0.0310)  rmse_m_all: 6.9606 (7.1893)  actual_mask_ratio: 0.0720 (0.0713)  actual_prediction_mask_ratio: 0.2408 (0.2347)  ignored_patch_ratio: 0.0000 (0.0021)  time: 0.1149  data: 0.0001  max mem: 1904
[16:42:29.843706] Epoch: [0]  [220/759]  eta: 0:01:02  lr: 0.000010  loss: 0.0129 (0.0303)  mae_m_mask: 0.2227 (0.2743)  rmse_m_mask: 0.3302 (0.3963)  normalized_mse_mask: 0.0129 (0.0303)  rmse_m_all: 4.4670 (7.0940)  actual_mask_ratio: 0.0703 (0.0713)  actual_prediction_mask_ratio: 0.2285 (0.2348)  ignored_patch_ratio: 0.0000 (0.0022)  time: 0.1148  data: 0.0001  max mem: 1904
[16:42:32.153524] Epoch: [0]  [240/759]  eta: 0:01:00  lr: 0.000010  loss: 0.0216 (0.0312)  mae_m_mask: 0.2196 (0.2729)  rmse_m_mask: 0.3673 (0.3957)  normalized_mse_mask: 0.0216 (0.0312)  rmse_m_all: 4.5787 (7.0411)  actual_mask_ratio: 0.0731 (0.0713)  actual_prediction_mask_ratio: 0.2330 (0.2344)  ignored_patch_ratio: 0.0000 (0.0022)  time: 0.1155  data: 0.0001  max mem: 1904
[16:42:34.451026] Epoch: [0]  [260/759]  eta: 0:00:57  lr: 0.000010  loss: 0.0119 (0.0315)  mae_m_mask: 0.2737 (0.2754)  rmse_m_mask: 0.3898 (0.3983)  normalized_mse_mask: 0.0119 (0.0315)  rmse_m_all: 10.2467 (7.2091)  actual_mask_ratio: 0.0697 (0.0711)  actual_prediction_mask_ratio: 0.2194 (0.2334)  ignored_patch_ratio: 0.0000 (0.0022)  time: 0.1148  data: 0.0001  max mem: 1904
[16:42:36.762766] Epoch: [0]  [280/759]  eta: 0:00:55  lr: 0.000010  loss: 0.0143 (0.0320)  mae_m_mask: 0.2832 (0.2759)  rmse_m_mask: 0.3654 (0.3998)  normalized_mse_mask: 0.0143 (0.0320)  rmse_m_all: 5.2632 (7.1749)  actual_mask_ratio: 0.0682 (0.0710)  actual_prediction_mask_ratio: 0.2307 (0.2333)  ignored_patch_ratio: 0.0000 (0.0023)  time: 0.1156  data: 0.0001  max mem: 1904
[16:42:39.074382] Epoch: [0]  [300/759]  eta: 0:00:53  lr: 0.000010  loss: 0.0130 (0.0326)  mae_m_mask: 0.2650 (0.2762)  rmse_m_mask: 0.4041 (0.4007)  normalized_mse_mask: 0.0130 (0.0326)  rmse_m_all: 8.0265 (7.2699)  actual_mask_ratio: 0.0703 (0.0710)  actual_prediction_mask_ratio: 0.2336 (0.2334)  ignored_patch_ratio: 0.0000 (0.0023)  time: 0.1155  data: 0.0001  max mem: 1904
[16:42:41.393001] Epoch: [0]  [320/759]  eta: 0:00:50  lr: 0.000010  loss: 0.0112 (0.0323)  mae_m_mask: 0.2780 (0.2767)  rmse_m_mask: 0.4250 (0.4012)  normalized_mse_mask: 0.0112 (0.0323)  rmse_m_all: 6.9024 (7.3002)  actual_mask_ratio: 0.0680 (0.0709)  actual_prediction_mask_ratio: 0.2256 (0.2333)  ignored_patch_ratio: 0.0000 (0.0024)  time: 0.1159  data: 0.0001  max mem: 1904
[16:42:43.697689] Epoch: [0]  [340/759]  eta: 0:00:48  lr: 0.000010  loss: 0.0183 (0.0320)  mae_m_mask: 0.2250 (0.2758)  rmse_m_mask: 0.3236 (0.4010)  normalized_mse_mask: 0.0183 (0.0320)  rmse_m_all: 5.8457 (7.2092)  actual_mask_ratio: 0.0737 (0.0710)  actual_prediction_mask_ratio: 0.2401 (0.2339)  ignored_patch_ratio: 0.0000 (0.0024)  time: 0.1152  data: 0.0001  max mem: 1904
[16:42:46.005670] Epoch: [0]  [360/759]  eta: 0:00:46  lr: 0.000010  loss: 0.0084 (0.0313)  mae_m_mask: 0.2009 (0.2734)  rmse_m_mask: 0.2788 (0.3969)  normalized_mse_mask: 0.0084 (0.0313)  rmse_m_all: 6.3477 (7.1847)  actual_mask_ratio: 0.0709 (0.0710)  actual_prediction_mask_ratio: 0.2307 (0.2338)  ignored_patch_ratio: 0.0000 (0.0024)  time: 0.1154  data: 0.0001  max mem: 1904
[16:42:48.312829] Epoch: [0]  [380/759]  eta: 0:00:43  lr: 0.000010  loss: 0.0112 (0.0308)  mae_m_mask: 0.2270 (0.2727)  rmse_m_mask: 0.3554 (0.3959)  normalized_mse_mask: 0.0112 (0.0308)  rmse_m_all: 5.2367 (7.1504)  actual_mask_ratio: 0.0709 (0.0710)  actual_prediction_mask_ratio: 0.2302 (0.2336)  ignored_patch_ratio: 0.0000 (0.0024)  time: 0.1153  data: 0.0001  max mem: 1904
[16:42:50.624244] Epoch: [0]  [400/759]  eta: 0:00:41  lr: 0.000010  loss: 0.0099 (0.0301)  mae_m_mask: 0.2152 (0.2713)  rmse_m_mask: 0.3079 (0.3932)  normalized_mse_mask: 0.0099 (0.0301)  rmse_m_all: 5.9661 (7.1582)  actual_mask_ratio: 0.0726 (0.0710)  actual_prediction_mask_ratio: 0.2319 (0.2337)  ignored_patch_ratio: 0.0000 (0.0024)  time: 0.1155  data: 0.0001  max mem: 1904
[16:42:52.933140] Epoch: [0]  [420/759]  eta: 0:00:39  lr: 0.000010  loss: 0.0154 (0.0303)  mae_m_mask: 0.2580 (0.2714)  rmse_m_mask: 0.3586 (0.3930)  normalized_mse_mask: 0.0154 (0.0303)  rmse_m_all: 8.9867 (7.2289)  actual_mask_ratio: 0.0720 (0.0711)  actual_prediction_mask_ratio: 0.2375 (0.2338)  ignored_patch_ratio: 0.0000 (0.0023)  time: 0.1154  data: 0.0001  max mem: 1904
[16:42:55.261616] Epoch: [0]  [440/759]  eta: 0:00:36  lr: 0.000010  loss: 0.0177 (0.0302)  mae_m_mask: 0.2235 (0.2693)  rmse_m_mask: 0.3280 (0.3912)  normalized_mse_mask: 0.0177 (0.0302)  rmse_m_all: 5.7255 (7.2128)  actual_mask_ratio: 0.0720 (0.0711)  actual_prediction_mask_ratio: 0.2387 (0.2339)  ignored_patch_ratio: 0.0000 (0.0024)  time: 0.1164  data: 0.0001  max mem: 1904
[16:42:57.567779] Epoch: [0]  [460/759]  eta: 0:00:34  lr: 0.000010  loss: 0.0230 (0.0300)  mae_m_mask: 0.2131 (0.2692)  rmse_m_mask: 0.3298 (0.3913)  normalized_mse_mask: 0.0230 (0.0300)  rmse_m_all: 7.3120 (7.2274)  actual_mask_ratio: 0.0714 (0.0712)  actual_prediction_mask_ratio: 0.2392 (0.2341)  ignored_patch_ratio: 0.0000 (0.0023)  time: 0.1153  data: 0.0001  max mem: 1904
[16:42:59.875626] Epoch: [0]  [480/759]  eta: 0:00:32  lr: 0.000010  loss: 0.0103 (0.0308)  mae_m_mask: 0.2634 (0.2691)  rmse_m_mask: 0.3627 (0.3903)  normalized_mse_mask: 0.0103 (0.0308)  rmse_m_all: 7.9916 (7.2732)  actual_mask_ratio: 0.0737 (0.0713)  actual_prediction_mask_ratio: 0.2421 (0.2343)  ignored_patch_ratio: 0.0000 (0.0022)  time: 0.1154  data: 0.0001  max mem: 1904
[16:43:02.198400] Epoch: [0]  [500/759]  eta: 0:00:29  lr: 0.000010  loss: 0.0156 (0.0305)  mae_m_mask: 0.2491 (0.2693)  rmse_m_mask: 0.3554 (0.3907)  normalized_mse_mask: 0.0156 (0.0305)  rmse_m_all: 7.7915 (7.3112)  actual_mask_ratio: 0.0709 (0.0714)  actual_prediction_mask_ratio: 0.2358 (0.2345)  ignored_patch_ratio: 0.0000 (0.0022)  time: 0.1161  data: 0.0001  max mem: 1904
[16:43:04.523738] Epoch: [0]  [520/759]  eta: 0:00:27  lr: 0.000010  loss: 0.0142 (0.0304)  mae_m_mask: 0.2502 (0.2696)  rmse_m_mask: 0.3707 (0.3914)  normalized_mse_mask: 0.0142 (0.0304)  rmse_m_all: 5.2765 (7.3115)  actual_mask_ratio: 0.0693 (0.0714)  actual_prediction_mask_ratio: 0.2353 (0.2345)  ignored_patch_ratio: 0.0000 (0.0022)  time: 0.1162  data: 0.0001  max mem: 1904
[16:43:06.848110] Epoch: [0]  [540/759]  eta: 0:00:25  lr: 0.000010  loss: 0.0125 (0.0302)  mae_m_mask: 0.2495 (0.2697)  rmse_m_mask: 0.3628 (0.3915)  normalized_mse_mask: 0.0125 (0.0302)  rmse_m_all: 7.6217 (7.3413)  actual_mask_ratio: 0.0709 (0.0714)  actual_prediction_mask_ratio: 0.2398 (0.2346)  ignored_patch_ratio: 0.0000 (0.0022)  time: 0.1162  data: 0.0001  max mem: 1904
[16:43:09.169585] Epoch: [0]  [560/759]  eta: 0:00:23  lr: 0.000010  loss: 0.0204 (0.0302)  mae_m_mask: 0.2300 (0.2690)  rmse_m_mask: 0.3370 (0.3906)  normalized_mse_mask: 0.0204 (0.0302)  rmse_m_all: 7.4761 (7.3599)  actual_mask_ratio: 0.0709 (0.0714)  actual_prediction_mask_ratio: 0.2358 (0.2346)  ignored_patch_ratio: 0.0000 (0.0022)  time: 0.1160  data: 0.0001  max mem: 1904
[16:43:11.497068] Epoch: [0]  [580/759]  eta: 0:00:20  lr: 0.000010  loss: 0.0115 (0.0301)  mae_m_mask: 0.2375 (0.2680)  rmse_m_mask: 0.3781 (0.3898)  normalized_mse_mask: 0.0115 (0.0301)  rmse_m_all: 8.3360 (7.3563)  actual_mask_ratio: 0.0703 (0.0714)  actual_prediction_mask_ratio: 0.2183 (0.2343)  ignored_patch_ratio: 0.0000 (0.0022)  time: 0.1163  data: 0.0001  max mem: 1904
[16:43:13.823010] Epoch: [0]  [600/759]  eta: 0:00:18  lr: 0.000010  loss: 0.0149 (0.0302)  mae_m_mask: 0.2364 (0.2675)  rmse_m_mask: 0.3691 (0.3891)  normalized_mse_mask: 0.0149 (0.0302)  rmse_m_all: 6.7677 (7.3773)  actual_mask_ratio: 0.0754 (0.0715)  actual_prediction_mask_ratio: 0.2404 (0.2346)  ignored_patch_ratio: 0.0000 (0.0022)  time: 0.1163  data: 0.0001  max mem: 1904
[16:43:16.148875] Epoch: [0]  [620/759]  eta: 0:00:16  lr: 0.000010  loss: 0.0132 (0.0302)  mae_m_mask: 0.2585 (0.2682)  rmse_m_mask: 0.3891 (0.3897)  normalized_mse_mask: 0.0132 (0.0302)  rmse_m_all: 8.3078 (7.4221)  actual_mask_ratio: 0.0720 (0.0715)  actual_prediction_mask_ratio: 0.2353 (0.2347)  ignored_patch_ratio: 0.0000 (0.0022)  time: 0.1163  data: 0.0001  max mem: 1904
[16:43:18.482321] Epoch: [0]  [640/759]  eta: 0:00:13  lr: 0.000010  loss: 0.0178 (0.0301)  mae_m_mask: 0.2212 (0.2680)  rmse_m_mask: 0.3343 (0.3893)  normalized_mse_mask: 0.0178 (0.0301)  rmse_m_all: 9.1890 (7.4651)  actual_mask_ratio: 0.0703 (0.0715)  actual_prediction_mask_ratio: 0.2409 (0.2348)  ignored_patch_ratio: 0.0000 (0.0021)  time: 0.1166  data: 0.0001  max mem: 1904
[16:43:20.807872] Epoch: [0]  [660/759]  eta: 0:00:11  lr: 0.000010  loss: 0.0205 (0.0299)  mae_m_mask: 0.2810 (0.2689)  rmse_m_mask: 0.4145 (0.3907)  normalized_mse_mask: 0.0205 (0.0299)  rmse_m_all: 6.3935 (7.4601)  actual_mask_ratio: 0.0760 (0.0716)  actual_prediction_mask_ratio: 0.2460 (0.2352)  ignored_patch_ratio: 0.0000 (0.0021)  time: 0.1162  data: 0.0001  max mem: 1904
[16:43:23.131770] Epoch: [0]  [680/759]  eta: 0:00:09  lr: 0.000010  loss: 0.0179 (0.0298)  mae_m_mask: 0.2094 (0.2676)  rmse_m_mask: 0.2939 (0.3893)  normalized_mse_mask: 0.0179 (0.0298)  rmse_m_all: 6.9356 (7.4587)  actual_mask_ratio: 0.0726 (0.0717)  actual_prediction_mask_ratio: 0.2423 (0.2352)  ignored_patch_ratio: 0.0000 (0.0022)  time: 0.1162  data: 0.0001  max mem: 1904
[16:43:25.457294] Epoch: [0]  [700/759]  eta: 0:00:06  lr: 0.000010  loss: 0.0245 (0.0304)  mae_m_mask: 0.2509 (0.2680)  rmse_m_mask: 0.3612 (0.3902)  normalized_mse_mask: 0.0245 (0.0304)  rmse_m_all: 7.2295 (7.4553)  actual_mask_ratio: 0.0720 (0.0717)  actual_prediction_mask_ratio: 0.2438 (0.2356)  ignored_patch_ratio: 0.0000 (0.0022)  time: 0.1162  data: 0.0001  max mem: 1904
[16:43:27.789940] Epoch: [0]  [720/759]  eta: 0:00:04  lr: 0.000010  loss: 0.0160 (0.0303)  mae_m_mask: 0.2467 (0.2674)  rmse_m_mask: 0.3316 (0.3890)  normalized_mse_mask: 0.0160 (0.0303)  rmse_m_all: 8.3038 (7.4579)  actual_mask_ratio: 0.0754 (0.0718)  actual_prediction_mask_ratio: 0.2347 (0.2356)  ignored_patch_ratio: 0.0000 (0.0022)  time: 0.1166  data: 0.0001  max mem: 1904
[16:43:30.122582] Epoch: [0]  [740/759]  eta: 0:00:02  lr: 0.000010  loss: 0.0298 (0.0305)  mae_m_mask: 0.2334 (0.2670)  rmse_m_mask: 0.3259 (0.3882)  normalized_mse_mask: 0.0298 (0.0305)  rmse_m_all: 5.3705 (7.4712)  actual_mask_ratio: 0.0709 (0.0717)  actual_prediction_mask_ratio: 0.2247 (0.2353)  ignored_patch_ratio: 0.0000 (0.0021)  time: 0.1166  data: 0.0001  max mem: 1904
[16:43:32.210357] Epoch: [0]  [758/759]  eta: 0:00:00  lr: 0.000010  loss: 0.0256 (0.0304)  mae_m_mask: 0.2379 (0.2669)  rmse_m_mask: 0.3574 (0.3882)  normalized_mse_mask: 0.0256 (0.0304)  rmse_m_all: 6.9855 (7.4873)  actual_mask_ratio: 0.0709 (0.0717)  actual_prediction_mask_ratio: 0.2296 (0.2352)  ignored_patch_ratio: 0.0000 (0.0022)  time: 0.1164  data: 0.0001  max mem: 1904
[16:43:32.237852] Epoch: [0] Total time: 0:01:27 (0.1159 s / it)
[16:43:32.238582] Averaged stats: {'lr': 9.999439026312741e-06, 'loss': 0.02985699014990959, 'mae_m_mask': 0.26382454911324954, 'rmse_m_mask': 0.4117060375719706, 'normalized_mse_mask': 0.02985699014990959, 'rmse_m_all': 7.48727920592538, 'actual_mask_ratio': 0.07174334785016315, 'actual_prediction_mask_ratio': 0.23518401349014917, 'ignored_patch_ratio': 0.002177197471437718, 'supervised_pixel_count': 14695915.0}
[16:43:32.399660] Val: [0]  [  0/533]  eta: 0:01:24  loss: 0.0121 (0.0121)  mae_m_mask: 0.9787 (0.9787)  rmse_m_mask: 1.2238 (1.2238)  normalized_mse_mask: 0.0121 (0.0121)  rmse_m_all: 14.1732 (14.1732)  actual_mask_ratio: 0.0787 (0.0787)  actual_prediction_mask_ratio: 0.2431 (0.2431)  ignored_patch_ratio: 0.0488 (0.0488)  time: 0.1588  data: 0.0790  max mem: 1904
[16:43:36.665230] Val: [0]  [ 50/533]  eta: 0:00:41  loss: 0.0019 (0.0043)  mae_m_mask: 0.7358 (0.7927)  rmse_m_mask: 0.8904 (0.9160)  normalized_mse_mask: 0.0019 (0.0043)  rmse_m_all: 13.5142 (14.3622)  actual_mask_ratio: 0.0694 (0.0693)  actual_prediction_mask_ratio: 0.2120 (0.2147)  ignored_patch_ratio: 0.0527 (0.0550)  time: 0.0860  data: 0.0001  max mem: 1904
[16:43:40.797232] Val: [0]  [100/533]  eta: 0:00:36  loss: 0.0004 (0.0025)  mae_m_mask: 0.6181 (0.7410)  rmse_m_mask: 0.7882 (0.8740)  normalized_mse_mask: 0.0004 (0.0025)  rmse_m_all: 18.2285 (16.0348)  actual_mask_ratio: 0.0645 (0.0686)  actual_prediction_mask_ratio: 0.2076 (0.2139)  ignored_patch_ratio: 0.0550 (0.0538)  time: 0.0835  data: 0.0001  max mem: 1904
[16:43:44.936476] Val: [0]  [150/533]  eta: 0:00:32  loss: 0.0007 (0.0020)  mae_m_mask: 0.4129 (0.7031)  rmse_m_mask: 0.5871 (0.8359)  normalized_mse_mask: 0.0007 (0.0020)  rmse_m_all: 11.5181 (16.0052)  actual_mask_ratio: 0.0707 (0.0688)  actual_prediction_mask_ratio: 0.2326 (0.2153)  ignored_patch_ratio: 0.0488 (0.0542)  time: 0.0837  data: 0.0001  max mem: 1904
[16:43:49.134794] Val: [0]  [200/533]  eta: 0:00:27  loss: 0.0012 (0.0018)  mae_m_mask: 0.5853 (0.6860)  rmse_m_mask: 0.7150 (0.8157)  normalized_mse_mask: 0.0012 (0.0018)  rmse_m_all: 14.4045 (15.4652)  actual_mask_ratio: 0.0760 (0.0695)  actual_prediction_mask_ratio: 0.2427 (0.2204)  ignored_patch_ratio: 0.0000 (0.0447)  time: 0.0839  data: 0.0001  max mem: 1904
[16:43:53.334390] Val: [0]  [250/533]  eta: 0:00:23  loss: 0.0010 (0.0018)  mae_m_mask: 0.9512 (0.7525)  rmse_m_mask: 1.1350 (0.8876)  normalized_mse_mask: 0.0010 (0.0018)  rmse_m_all: 14.9513 (15.8371)  actual_mask_ratio: 0.0725 (0.0702)  actual_prediction_mask_ratio: 0.2314 (0.2225)  ignored_patch_ratio: 0.0306 (0.0393)  time: 0.0838  data: 0.0001  max mem: 1904
[16:43:56.708816] Val: [0]  [300/533]  eta: 0:00:18  loss: 0.0005 (0.0017)  mae_m_mask: 0.6788 (0.7983)  rmse_m_mask: 0.8249 (0.9392)  normalized_mse_mask: 0.0005 (0.0017)  rmse_m_all: 23.8625 (16.9503)  actual_mask_ratio: 0.0700 (0.0704)  actual_prediction_mask_ratio: 0.2121 (0.2229)  ignored_patch_ratio: 0.0516 (0.0394)  time: 0.0559  data: 0.0001  max mem: 1904
[16:43:58.645383] Val: [0]  [350/533]  eta: 0:00:13  loss: 0.0007 (0.0016)  mae_m_mask: 0.7923 (0.7928)  rmse_m_mask: 0.9362 (0.9336)  normalized_mse_mask: 0.0007 (0.0016)  rmse_m_all: 20.1277 (17.1523)  actual_mask_ratio: 0.0698 (0.0705)  actual_prediction_mask_ratio: 0.2170 (0.2230)  ignored_patch_ratio: 0.0391 (0.0384)  time: 0.0275  data: 0.0001  max mem: 1904
[16:44:00.028419] Val: [0]  [400/533]  eta: 0:00:09  loss: 0.0009 (0.0016)  mae_m_mask: 0.6365 (0.8187)  rmse_m_mask: 0.8333 (0.9623)  normalized_mse_mask: 0.0009 (0.0016)  rmse_m_all: 19.4090 (17.5427)  actual_mask_ratio: 0.0683 (0.0702)  actual_prediction_mask_ratio: 0.2164 (0.2218)  ignored_patch_ratio: 0.0476 (0.0400)  time: 0.0273  data: 0.0001  max mem: 1904
[16:44:01.423325] Val: [0]  [450/533]  eta: 0:00:05  loss: 0.0013 (0.0017)  mae_m_mask: 0.9315 (0.8475)  rmse_m_mask: 1.1621 (0.9977)  normalized_mse_mask: 0.0013 (0.0017)  rmse_m_all: 17.3900 (17.5562)  actual_mask_ratio: 0.0670 (0.0702)  actual_prediction_mask_ratio: 0.2143 (0.2217)  ignored_patch_ratio: 0.0612 (0.0412)  time: 0.0279  data: 0.0001  max mem: 1904
[16:44:02.808520] Val: [0]  [500/533]  eta: 0:00:02  loss: 0.0004 (0.0016)  mae_m_mask: 0.5530 (0.8321)  rmse_m_mask: 0.6156 (0.9799)  normalized_mse_mask: 0.0004 (0.0016)  rmse_m_all: 16.7851 (17.6052)  actual_mask_ratio: 0.0673 (0.0700)  actual_prediction_mask_ratio: 0.2116 (0.2212)  ignored_patch_ratio: 0.0573 (0.0425)  time: 0.0281  data: 0.0001  max mem: 1904
[16:44:03.677535] Val: [0]  [532/533]  eta: 0:00:00  loss: 0.0007 (0.0016)  mae_m_mask: 0.7266 (0.8286)  rmse_m_mask: 0.8954 (0.9758)  normalized_mse_mask: 0.0007 (0.0016)  rmse_m_all: 18.1985 (17.6606)  actual_mask_ratio: 0.0666 (0.0699)  actual_prediction_mask_ratio: 0.2121 (0.2208)  ignored_patch_ratio: 0.0550 (0.0432)  time: 0.0272  data: 0.0001  max mem: 1904
[16:44:03.707893] Val: [0] Total time: 0:00:31 (0.0590 s / it)
[16:44:03.708286] val stats: {'loss': 0.0016275582227983278, 'mae_m_mask': 0.8129947375388624, 'rmse_m_mask': 1.0743944476368261, 'normalized_mse_mask': 0.0016275582227983278, 'rmse_m_all': 17.660560312682648, 'actual_mask_ratio': 0.06990061117437499, 'actual_prediction_mask_ratio': 0.22084709342156744, 'ignored_patch_ratio': 0.04319662906886489, 'supervised_pixel_count': 11054205.0}
[16:44:36.836087] [EARLY-STOP] Activated at epoch=0 (metric=val_mae_m_mask=0.8130; reference_best=0.7886, bad_epochs=1).
[16:44:36.837594] log_dir: /tank/data/SFS/xinyis/data/bathymetry/MAE-Topography/Downstream_Task_Bathy/cross_validation_v5_Stage2NormMSE_MeterSelect/runs/holdout_CA_D004Stage2NormMSE_MeterSelect_D001NoDataSafe/train_stage2_normMSE_meterSelect_CA_KlamathRiver_TopoBathy_2018_D18_fromStage1Best_e120_lr1e-5_b4_acc4/tb
[16:44:37.020981] Epoch: [1]  [  0/759]  eta: 0:02:18  lr: 0.000010  loss: 0.0275 (0.0275)  mae_m_mask: 0.1376 (0.1376)  rmse_m_mask: 0.1847 (0.1847)  normalized_mse_mask: 0.0275 (0.0275)  rmse_m_all: 2.0880 (2.0880)  actual_mask_ratio: 0.0833 (0.0833)  actual_prediction_mask_ratio: 0.2528 (0.2528)  ignored_patch_ratio: 0.0000 (0.0000)  time: 0.1829  data: 0.0767  max mem: 1904
[16:44:39.317748] Epoch: [1]  [ 20/759]  eta: 0:01:27  lr: 0.000010  loss: 0.0163 (0.0223)  mae_m_mask: 0.2216 (0.2458)  rmse_m_mask: 0.3160 (0.3849)  normalized_mse_mask: 0.0163 (0.0223)  rmse_m_all: 7.6838 (7.9866)  actual_mask_ratio: 0.0754 (0.0732)  actual_prediction_mask_ratio: 0.2425 (0.2396)  ignored_patch_ratio: 0.0000 (0.0069)  time: 0.1148  data: 0.0001  max mem: 1904
[16:44:41.627125] Epoch: [1]  [ 40/759]  eta: 0:01:23  lr: 0.000010  loss: 0.0175 (0.0307)  mae_m_mask: 0.3231 (0.2802)  rmse_m_mask: 0.4618 (0.4171)  normalized_mse_mask: 0.0175 (0.0307)  rmse_m_all: 9.6653 (8.5179)  actual_mask_ratio: 0.0714 (0.0722)  actual_prediction_mask_ratio: 0.2324 (0.2370)  ignored_patch_ratio: 0.0000 (0.0044)  time: 0.1154  data: 0.0001  max mem: 1904
[16:44:43.939233] Epoch: [1]  [ 60/759]  eta: 0:01:21  lr: 0.000010  loss: 0.0171 (0.0353)  mae_m_mask: 0.2150 (0.2675)  rmse_m_mask: 0.3126 (0.3984)  normalized_mse_mask: 0.0171 (0.0353)  rmse_m_all: 5.7829 (7.9796)  actual_mask_ratio: 0.0697 (0.0716)  actual_prediction_mask_ratio: 0.2341 (0.2369)  ignored_patch_ratio: 0.0000 (0.0030)  time: 0.1156  data: 0.0001  max mem: 1904
[16:44:46.251222] Epoch: [1]  [ 80/759]  eta: 0:01:18  lr: 0.000010  loss: 0.0135 (0.0430)  mae_m_mask: 0.2556 (0.2678)  rmse_m_mask: 0.3760 (0.3938)  normalized_mse_mask: 0.0135 (0.0430)  rmse_m_all: 8.0202 (8.0251)  actual_mask_ratio: 0.0726 (0.0714)  actual_prediction_mask_ratio: 0.2364 (0.2365)  ignored_patch_ratio: 0.0000 (0.0028)  time: 0.1156  data: 0.0001  max mem: 1904
[16:44:48.562811] Epoch: [1]  [100/759]  eta: 0:01:16  lr: 0.000010  loss: 0.0091 (0.0386)  mae_m_mask: 0.2385 (0.2642)  rmse_m_mask: 0.3333 (0.3860)  normalized_mse_mask: 0.0091 (0.0386)  rmse_m_all: 6.0453 (7.8806)  actual_mask_ratio: 0.0692 (0.0708)  actual_prediction_mask_ratio: 0.2340 (0.2347)  ignored_patch_ratio: 0.0000 (0.0030)  time: 0.1155  data: 0.0001  max mem: 1904
[16:44:50.880342] Epoch: [1]  [120/759]  eta: 0:01:14  lr: 0.000010  loss: 0.0255 (0.0404)  mae_m_mask: 0.2465 (0.2634)  rmse_m_mask: 0.3489 (0.3846)  normalized_mse_mask: 0.0255 (0.0404)  rmse_m_all: 7.7660 (7.8140)  actual_mask_ratio: 0.0675 (0.0704)  actual_prediction_mask_ratio: 0.2251 (0.2337)  ignored_patch_ratio: 0.0000 (0.0026)  time: 0.1158  data: 0.0001  max mem: 1904
[16:44:53.186507] Epoch: [1]  [140/759]  eta: 0:01:11  lr: 0.000010  loss: 0.0148 (0.0370)  mae_m_mask: 0.2846 (0.2673)  rmse_m_mask: 0.3905 (0.3909)  normalized_mse_mask: 0.0148 (0.0370)  rmse_m_all: 7.0108 (7.8885)  actual_mask_ratio: 0.0754 (0.0711)  actual_prediction_mask_ratio: 0.2432 (0.2346)  ignored_patch_ratio: 0.0000 (0.0027)  time: 0.1153  data: 0.0001  max mem: 1904
[16:44:55.495820] Epoch: [1]  [160/759]  eta: 0:01:09  lr: 0.000010  loss: 0.0118 (0.0370)  mae_m_mask: 0.2174 (0.2612)  rmse_m_mask: 0.3263 (0.3849)  normalized_mse_mask: 0.0118 (0.0370)  rmse_m_all: 6.5085 (7.7782)  actual_mask_ratio: 0.0731 (0.0714)  actual_prediction_mask_ratio: 0.2324 (0.2345)  ignored_patch_ratio: 0.0000 (0.0027)  time: 0.1154  data: 0.0001  max mem: 1904
[16:44:57.819308] Epoch: [1]  [180/759]  eta: 0:01:07  lr: 0.000010  loss: 0.0181 (0.0360)  mae_m_mask: 0.2454 (0.2610)  rmse_m_mask: 0.4040 (0.3860)  normalized_mse_mask: 0.0181 (0.0360)  rmse_m_all: 7.8191 (7.7912)  actual_mask_ratio: 0.0709 (0.0711)  actual_prediction_mask_ratio: 0.2239 (0.2331)  ignored_patch_ratio: 0.0000 (0.0028)  time: 0.1161  data: 0.0001  max mem: 1904
[16:45:00.139465] Epoch: [1]  [200/759]  eta: 0:01:04  lr: 0.000010  loss: 0.0358 (0.0370)  mae_m_mask: 0.2453 (0.2586)  rmse_m_mask: 0.3395 (0.3822)  normalized_mse_mask: 0.0358 (0.0370)  rmse_m_all: 4.2706 (7.6105)  actual_mask_ratio: 0.0709 (0.0709)  actual_prediction_mask_ratio: 0.2347 (0.2329)  ignored_patch_ratio: 0.0000 (0.0031)  time: 0.1160  data: 0.0001  max mem: 1904
[16:45:02.431233] Epoch: [1]  [220/759]  eta: 0:01:02  lr: 0.000010  loss: 0.0175 (0.0358)  mae_m_mask: 0.2996 (0.2641)  rmse_m_mask: 0.4471 (0.3898)  normalized_mse_mask: 0.0175 (0.0358)  rmse_m_all: 7.2919 (7.6889)  actual_mask_ratio: 0.0720 (0.0709)  actual_prediction_mask_ratio: 0.2421 (0.2329)  ignored_patch_ratio: 0.0000 (0.0029)  time: 0.1146  data: 0.0001  max mem: 1904
[16:45:04.748203] Epoch: [1]  [240/759]  eta: 0:01:00  lr: 0.000010  loss: 0.0153 (0.0354)  mae_m_mask: 0.2463 (0.2643)  rmse_m_mask: 0.3781 (0.3889)  normalized_mse_mask: 0.0153 (0.0354)  rmse_m_all: 6.3175 (7.6571)  actual_mask_ratio: 0.0754 (0.0713)  actual_prediction_mask_ratio: 0.2443 (0.2334)  ignored_patch_ratio: 0.0000 (0.0027)  time: 0.1158  data: 0.0001  max mem: 1904
[16:45:07.038659] Epoch: [1]  [260/759]  eta: 0:00:57  lr: 0.000010  loss: 0.0170 (0.0347)  mae_m_mask: 0.2438 (0.2640)  rmse_m_mask: 0.3521 (0.3882)  normalized_mse_mask: 0.0170 (0.0347)  rmse_m_all: 7.2190 (7.7105)  actual_mask_ratio: 0.0732 (0.0715)  actual_prediction_mask_ratio: 0.2336 (0.2335)  ignored_patch_ratio: 0.0000 (0.0028)  time: 0.1145  data: 0.0001  max mem: 1904
[16:45:09.322921] Epoch: [1]  [280/759]  eta: 0:00:55  lr: 0.000010  loss: 0.0116 (0.0339)  mae_m_mask: 0.2515 (0.2641)  rmse_m_mask: 0.3756 (0.3874)  normalized_mse_mask: 0.0116 (0.0339)  rmse_m_all: 6.2743 (7.6295)  actual_mask_ratio: 0.0720 (0.0716)  actual_prediction_mask_ratio: 0.2353 (0.2339)  ignored_patch_ratio: 0.0000 (0.0028)  time: 0.1142  data: 0.0001  max mem: 1904
[16:45:11.642604] Epoch: [1]  [300/759]  eta: 0:00:53  lr: 0.000010  loss: 0.0145 (0.0331)  mae_m_mask: 0.2305 (0.2635)  rmse_m_mask: 0.3157 (0.3857)  normalized_mse_mask: 0.0145 (0.0331)  rmse_m_all: 7.2345 (7.6727)  actual_mask_ratio: 0.0720 (0.0716)  actual_prediction_mask_ratio: 0.2285 (0.2337)  ignored_patch_ratio: 0.0000 (0.0029)  time: 0.1160  data: 0.0001  max mem: 1904
[16:45:13.948007] Epoch: [1]  [320/759]  eta: 0:00:50  lr: 0.000010  loss: 0.0132 (0.0327)  mae_m_mask: 0.2292 (0.2623)  rmse_m_mask: 0.3352 (0.3846)  normalized_mse_mask: 0.0132 (0.0327)  rmse_m_all: 7.3201 (7.6345)  actual_mask_ratio: 0.0697 (0.0715)  actual_prediction_mask_ratio: 0.2273 (0.2335)  ignored_patch_ratio: 0.0000 (0.0027)  time: 0.1152  data: 0.0001  max mem: 1904
[16:45:16.246926] Epoch: [1]  [340/759]  eta: 0:00:48  lr: 0.000010  loss: 0.0144 (0.0321)  mae_m_mask: 0.2200 (0.2616)  rmse_m_mask: 0.3047 (0.3833)  normalized_mse_mask: 0.0144 (0.0321)  rmse_m_all: 4.8504 (7.5651)  actual_mask_ratio: 0.0746 (0.0716)  actual_prediction_mask_ratio: 0.2449 (0.2339)  ignored_patch_ratio: 0.0000 (0.0026)  time: 0.1149  data: 0.0001  max mem: 1904
[16:45:18.577834] Epoch: [1]  [360/759]  eta: 0:00:46  lr: 0.000010  loss: 0.0150 (0.0317)  mae_m_mask: 0.2364 (0.2608)  rmse_m_mask: 0.3343 (0.3837)  normalized_mse_mask: 0.0150 (0.0317)  rmse_m_all: 6.9196 (7.5145)  actual_mask_ratio: 0.0686 (0.0716)  actual_prediction_mask_ratio: 0.2268 (0.2340)  ignored_patch_ratio: 0.0000 (0.0026)  time: 0.1165  data: 0.0001  max mem: 1904
[16:45:20.884675] Epoch: [1]  [380/759]  eta: 0:00:43  lr: 0.000010  loss: 0.0274 (0.0320)  mae_m_mask: 0.2480 (0.2607)  rmse_m_mask: 0.3797 (0.3840)  normalized_mse_mask: 0.0274 (0.0320)  rmse_m_all: 6.8539 (7.4961)  actual_mask_ratio: 0.0709 (0.0716)  actual_prediction_mask_ratio: 0.2375 (0.2344)  ignored_patch_ratio: 0.0000 (0.0025)  time: 0.1153  data: 0.0001  max mem: 1904
[16:45:23.194882] Epoch: [1]  [400/759]  eta: 0:00:41  lr: 0.000010  loss: 0.0060 (0.0314)  mae_m_mask: 0.2310 (0.2590)  rmse_m_mask: 0.3127 (0.3813)  normalized_mse_mask: 0.0060 (0.0314)  rmse_m_all: 5.8885 (7.4564)  actual_mask_ratio: 0.0731 (0.0717)  actual_prediction_mask_ratio: 0.2455 (0.2350)  ignored_patch_ratio: 0.0000 (0.0024)  time: 0.1155  data: 0.0001  max mem: 1904
[16:45:25.499113] Epoch: [1]  [420/759]  eta: 0:00:39  lr: 0.000010  loss: 0.0186 (0.0313)  mae_m_mask: 0.2109 (0.2578)  rmse_m_mask: 0.2936 (0.3786)  normalized_mse_mask: 0.0186 (0.0313)  rmse_m_all: 8.9118 (7.5050)  actual_mask_ratio: 0.0692 (0.0716)  actual_prediction_mask_ratio: 0.2288 (0.2347)  ignored_patch_ratio: 0.0000 (0.0023)  time: 0.1152  data: 0.0001  max mem: 1904
[16:45:27.799045] Epoch: [1]  [440/759]  eta: 0:00:36  lr: 0.000010  loss: 0.0164 (0.0320)  mae_m_mask: 0.2454 (0.2581)  rmse_m_mask: 0.3727 (0.3790)  normalized_mse_mask: 0.0164 (0.0320)  rmse_m_all: 5.5085 (7.4605)  actual_mask_ratio: 0.0703 (0.0716)  actual_prediction_mask_ratio: 0.2302 (0.2346)  ignored_patch_ratio: 0.0000 (0.0024)  time: 0.1150  data: 0.0001  max mem: 1904
[16:45:30.118740] Epoch: [1]  [460/759]  eta: 0:00:34  lr: 0.000010  loss: 0.0153 (0.0321)  mae_m_mask: 0.2346 (0.2579)  rmse_m_mask: 0.3610 (0.3790)  normalized_mse_mask: 0.0153 (0.0321)  rmse_m_all: 9.0732 (7.5063)  actual_mask_ratio: 0.0686 (0.0715)  actual_prediction_mask_ratio: 0.2302 (0.2344)  ignored_patch_ratio: 0.0000 (0.0023)  time: 0.1160  data: 0.0001  max mem: 1904
[16:45:32.432848] Epoch: [1]  [480/759]  eta: 0:00:32  lr: 0.000010  loss: 0.0245 (0.0318)  mae_m_mask: 0.2499 (0.2573)  rmse_m_mask: 0.3681 (0.3780)  normalized_mse_mask: 0.0245 (0.0318)  rmse_m_all: 4.7849 (7.4983)  actual_mask_ratio: 0.0753 (0.0716)  actual_prediction_mask_ratio: 0.2426 (0.2347)  ignored_patch_ratio: 0.0000 (0.0023)  time: 0.1157  data: 0.0001  max mem: 1904
[16:45:34.747749] Epoch: [1]  [500/759]  eta: 0:00:29  lr: 0.000010  loss: 0.0215 (0.0316)  mae_m_mask: 0.2099 (0.2563)  rmse_m_mask: 0.3296 (0.3775)  normalized_mse_mask: 0.0215 (0.0316)  rmse_m_all: 5.6268 (7.4539)  actual_mask_ratio: 0.0720 (0.0716)  actual_prediction_mask_ratio: 0.2387 (0.2348)  ignored_patch_ratio: 0.0000 (0.0022)  time: 0.1157  data: 0.0001  max mem: 1904
[16:45:37.065146] Epoch: [1]  [520/759]  eta: 0:00:27  lr: 0.000010  loss: 0.0132 (0.0312)  mae_m_mask: 0.2126 (0.2556)  rmse_m_mask: 0.2873 (0.3767)  normalized_mse_mask: 0.0132 (0.0312)  rmse_m_all: 6.4991 (7.4109)  actual_mask_ratio: 0.0714 (0.0716)  actual_prediction_mask_ratio: 0.2387 (0.2349)  ignored_patch_ratio: 0.0000 (0.0022)  time: 0.1158  data: 0.0001  max mem: 1904
[16:45:39.346129] Epoch: [1]  [540/759]  eta: 0:00:25  lr: 0.000010  loss: 0.0105 (0.0308)  mae_m_mask: 0.2174 (0.2549)  rmse_m_mask: 0.3650 (0.3765)  normalized_mse_mask: 0.0105 (0.0308)  rmse_m_all: 7.6746 (7.4396)  actual_mask_ratio: 0.0739 (0.0717)  actual_prediction_mask_ratio: 0.2427 (0.2351)  ignored_patch_ratio: 0.0000 (0.0022)  time: 0.1140  data: 0.0001  max mem: 1904
[16:45:41.650104] Epoch: [1]  [560/759]  eta: 0:00:22  lr: 0.000010  loss: 0.0252 (0.0312)  mae_m_mask: 0.2243 (0.2541)  rmse_m_mask: 0.3535 (0.3750)  normalized_mse_mask: 0.0252 (0.0312)  rmse_m_all: 6.1437 (7.4322)  actual_mask_ratio: 0.0692 (0.0717)  actual_prediction_mask_ratio: 0.2358 (0.2351)  ignored_patch_ratio: 0.0000 (0.0022)  time: 0.1152  data: 0.0001  max mem: 1904
[16:45:43.956566] Epoch: [1]  [580/759]  eta: 0:00:20  lr: 0.000010  loss: 0.0162 (0.0310)  mae_m_mask: 0.2736 (0.2547)  rmse_m_mask: 0.3937 (0.3755)  normalized_mse_mask: 0.0162 (0.0310)  rmse_m_all: 7.2916 (7.4576)  actual_mask_ratio: 0.0731 (0.0717)  actual_prediction_mask_ratio: 0.2353 (0.2349)  ignored_patch_ratio: 0.0000 (0.0023)  time: 0.1153  data: 0.0001  max mem: 1904
[16:45:46.256934] Epoch: [1]  [600/759]  eta: 0:00:18  lr: 0.000010  loss: 0.0142 (0.0307)  mae_m_mask: 0.2419 (0.2545)  rmse_m_mask: 0.3421 (0.3746)  normalized_mse_mask: 0.0142 (0.0307)  rmse_m_all: 8.4014 (7.4808)  actual_mask_ratio: 0.0731 (0.0717)  actual_prediction_mask_ratio: 0.2460 (0.2351)  ignored_patch_ratio: 0.0000 (0.0023)  time: 0.1150  data: 0.0001  max mem: 1904
[16:45:48.575066] Epoch: [1]  [620/759]  eta: 0:00:16  lr: 0.000010  loss: 0.0106 (0.0303)  mae_m_mask: 0.2453 (0.2543)  rmse_m_mask: 0.3416 (0.3737)  normalized_mse_mask: 0.0106 (0.0303)  rmse_m_all: 8.9952 (7.5520)  actual_mask_ratio: 0.0737 (0.0718)  actual_prediction_mask_ratio: 0.2387 (0.2354)  ignored_patch_ratio: 0.0000 (0.0023)  time: 0.1159  data: 0.0001  max mem: 1904
[16:45:50.878908] Epoch: [1]  [640/759]  eta: 0:00:13  lr: 0.000010  loss: 0.0161 (0.0301)  mae_m_mask: 0.2544 (0.2546)  rmse_m_mask: 0.3478 (0.3740)  normalized_mse_mask: 0.0161 (0.0301)  rmse_m_all: 6.8053 (7.5541)  actual_mask_ratio: 0.0714 (0.0717)  actual_prediction_mask_ratio: 0.2330 (0.2354)  ignored_patch_ratio: 0.0000 (0.0023)  time: 0.1152  data: 0.0001  max mem: 1904
[16:45:53.188850] Epoch: [1]  [660/759]  eta: 0:00:11  lr: 0.000010  loss: 0.0216 (0.0299)  mae_m_mask: 0.2031 (0.2542)  rmse_m_mask: 0.2968 (0.3731)  normalized_mse_mask: 0.0216 (0.0299)  rmse_m_all: 8.3541 (7.5776)  actual_mask_ratio: 0.0709 (0.0718)  actual_prediction_mask_ratio: 0.2392 (0.2354)  ignored_patch_ratio: 0.0000 (0.0023)  time: 0.1155  data: 0.0001  max mem: 1904
[16:45:55.469468] Epoch: [1]  [680/759]  eta: 0:00:09  lr: 0.000010  loss: 0.0104 (0.0296)  mae_m_mask: 0.2109 (0.2539)  rmse_m_mask: 0.3150 (0.3737)  normalized_mse_mask: 0.0104 (0.0296)  rmse_m_all: 7.5679 (7.5735)  actual_mask_ratio: 0.0709 (0.0718)  actual_prediction_mask_ratio: 0.2394 (0.2355)  ignored_patch_ratio: 0.0000 (0.0022)  time: 0.1140  data: 0.0001  max mem: 1904
[16:45:57.782496] Epoch: [1]  [700/759]  eta: 0:00:06  lr: 0.000010  loss: 0.0203 (0.0302)  mae_m_mask: 0.2549 (0.2544)  rmse_m_mask: 0.3951 (0.3747)  normalized_mse_mask: 0.0203 (0.0302)  rmse_m_all: 8.7662 (7.6157)  actual_mask_ratio: 0.0694 (0.0718)  actual_prediction_mask_ratio: 0.2256 (0.2353)  ignored_patch_ratio: 0.0000 (0.0022)  time: 0.1156  data: 0.0001  max mem: 1904
[16:46:00.052243] Epoch: [1]  [720/759]  eta: 0:00:04  lr: 0.000010  loss: 0.0219 (0.0302)  mae_m_mask: 0.2694 (0.2544)  rmse_m_mask: 0.3927 (0.3750)  normalized_mse_mask: 0.0219 (0.0302)  rmse_m_all: 8.0963 (7.6330)  actual_mask_ratio: 0.0731 (0.0718)  actual_prediction_mask_ratio: 0.2347 (0.2353)  ignored_patch_ratio: 0.0000 (0.0021)  time: 0.1135  data: 0.0001  max mem: 1904
[16:46:02.363932] Epoch: [1]  [740/759]  eta: 0:00:02  lr: 0.000010  loss: 0.0303 (0.0304)  mae_m_mask: 0.1965 (0.2538)  rmse_m_mask: 0.3006 (0.3739)  normalized_mse_mask: 0.0303 (0.0304)  rmse_m_all: 4.3347 (7.5645)  actual_mask_ratio: 0.0714 (0.0718)  actual_prediction_mask_ratio: 0.2347 (0.2353)  ignored_patch_ratio: 0.0000 (0.0022)  time: 0.1156  data: 0.0001  max mem: 1904
[16:46:04.439195] Epoch: [1]  [758/759]  eta: 0:00:00  lr: 0.000010  loss: 0.0165 (0.0304)  mae_m_mask: 0.2382 (0.2541)  rmse_m_mask: 0.3414 (0.3739)  normalized_mse_mask: 0.0165 (0.0304)  rmse_m_all: 7.2918 (7.5704)  actual_mask_ratio: 0.0720 (0.0717)  actual_prediction_mask_ratio: 0.2324 (0.2352)  ignored_patch_ratio: 0.0000 (0.0022)  time: 0.1155  data: 0.0001  max mem: 1904
[16:46:04.467591] Epoch: [1] Total time: 0:01:27 (0.1155 s / it)
[16:46:04.468236] Averaged stats: {'lr': 9.996055858549721e-06, 'loss': 0.028959508729448625, 'mae_m_mask': 0.25239120254057734, 'rmse_m_mask': 0.3967622511975541, 'normalized_mse_mask': 0.028959508729448625, 'rmse_m_all': 7.570425251098803, 'actual_mask_ratio': 0.0717374948595745, 'actual_prediction_mask_ratio': 0.23519584438389313, 'ignored_patch_ratio': 0.002177197471437718, 'supervised_pixel_count': 14695139.0}
[16:46:04.629353] Val: [1]  [  0/533]  eta: 0:01:24  loss: 0.0122 (0.0122)  mae_m_mask: 1.0152 (1.0152)  rmse_m_mask: 1.2546 (1.2546)  normalized_mse_mask: 0.0122 (0.0122)  rmse_m_all: 14.2258 (14.2258)  actual_mask_ratio: 0.0787 (0.0787)  actual_prediction_mask_ratio: 0.2431 (0.2431)  ignored_patch_ratio: 0.0488 (0.0488)  time: 0.1588  data: 0.0745  max mem: 1904
[16:46:09.078821] Val: [1]  [ 50/533]  eta: 0:00:43  loss: 0.0018 (0.0040)  mae_m_mask: 0.6820 (0.7945)  rmse_m_mask: 0.8729 (0.9182)  normalized_mse_mask: 0.0018 (0.0040)  rmse_m_all: 13.5662 (14.3957)  actual_mask_ratio: 0.0694 (0.0693)  actual_prediction_mask_ratio: 0.2120 (0.2147)  ignored_patch_ratio: 0.0527 (0.0550)  time: 0.0897  data: 0.0001  max mem: 1904
[16:46:13.513807] Val: [1]  [100/533]  eta: 0:00:38  loss: 0.0004 (0.0024)  mae_m_mask: 0.5824 (0.7363)  rmse_m_mask: 0.7595 (0.8699)  normalized_mse_mask: 0.0004 (0.0024)  rmse_m_all: 18.2579 (16.0723)  actual_mask_ratio: 0.0645 (0.0686)  actual_prediction_mask_ratio: 0.2076 (0.2139)  ignored_patch_ratio: 0.0550 (0.0538)  time: 0.0885  data: 0.0001  max mem: 1904
[16:46:17.849995] Val: [1]  [150/533]  eta: 0:00:33  loss: 0.0007 (0.0019)  mae_m_mask: 0.4278 (0.7014)  rmse_m_mask: 0.5321 (0.8341)  normalized_mse_mask: 0.0007 (0.0019)  rmse_m_all: 11.5328 (16.0432)  actual_mask_ratio: 0.0707 (0.0688)  actual_prediction_mask_ratio: 0.2326 (0.2153)  ignored_patch_ratio: 0.0488 (0.0542)  time: 0.0864  data: 0.0001  max mem: 1904
[16:46:22.161740] Val: [1]  [200/533]  eta: 0:00:29  loss: 0.0010 (0.0018)  mae_m_mask: 0.5878 (0.6824)  rmse_m_mask: 0.7147 (0.8119)  normalized_mse_mask: 0.0010 (0.0018)  rmse_m_all: 14.4318 (15.5009)  actual_mask_ratio: 0.0760 (0.0695)  actual_prediction_mask_ratio: 0.2427 (0.2204)  ignored_patch_ratio: 0.0000 (0.0447)  time: 0.0842  data: 0.0001  max mem: 1904
[16:46:26.303525] Val: [1]  [250/533]  eta: 0:00:24  loss: 0.0010 (0.0017)  mae_m_mask: 1.0313 (0.7438)  rmse_m_mask: 1.2128 (0.8794)  normalized_mse_mask: 0.0010 (0.0017)  rmse_m_all: 14.9986 (15.8737)  actual_mask_ratio: 0.0725 (0.0702)  actual_prediction_mask_ratio: 0.2314 (0.2225)  ignored_patch_ratio: 0.0306 (0.0393)  time: 0.0834  data: 0.0001  max mem: 1904
[16:46:30.506456] Val: [1]  [300/533]  eta: 0:00:20  loss: 0.0005 (0.0017)  mae_m_mask: 0.6610 (0.8019)  rmse_m_mask: 0.8256 (0.9446)  normalized_mse_mask: 0.0005 (0.0017)  rmse_m_all: 23.9236 (16.9901)  actual_mask_ratio: 0.0700 (0.0704)  actual_prediction_mask_ratio: 0.2121 (0.2229)  ignored_patch_ratio: 0.0516 (0.0394)  time: 0.0841  data: 0.0001  max mem: 1904
[16:46:34.714622] Val: [1]  [350/533]  eta: 0:00:15  loss: 0.0007 (0.0016)  mae_m_mask: 0.7869 (0.7969)  rmse_m_mask: 0.9373 (0.9396)  normalized_mse_mask: 0.0007 (0.0016)  rmse_m_all: 20.1745 (17.1928)  actual_mask_ratio: 0.0698 (0.0705)  actual_prediction_mask_ratio: 0.2170 (0.2230)  ignored_patch_ratio: 0.0391 (0.0384)  time: 0.0839  data: 0.0001  max mem: 1904
[16:46:38.432509] Val: [1]  [400/533]  eta: 0:00:11  loss: 0.0009 (0.0016)  mae_m_mask: 0.6895 (0.8273)  rmse_m_mask: 0.8501 (0.9730)  normalized_mse_mask: 0.0009 (0.0016)  rmse_m_all: 19.4400 (17.5845)  actual_mask_ratio: 0.0683 (0.0702)  actual_prediction_mask_ratio: 0.2164 (0.2218)  ignored_patch_ratio: 0.0476 (0.0400)  time: 0.0599  data: 0.0001  max mem: 1904
[16:46:42.463124] Val: [1]  [450/533]  eta: 0:00:06  loss: 0.0014 (0.0017)  mae_m_mask: 0.9710 (0.8607)  rmse_m_mask: 1.2922 (1.0128)  normalized_mse_mask: 0.0014 (0.0017)  rmse_m_all: 17.4383 (17.5980)  actual_mask_ratio: 0.0670 (0.0702)  actual_prediction_mask_ratio: 0.2143 (0.2217)  ignored_patch_ratio: 0.0612 (0.0412)  time: 0.0654  data: 0.0001  max mem: 1904
[16:46:46.541668] Val: [1]  [500/533]  eta: 0:00:02  loss: 0.0004 (0.0016)  mae_m_mask: 0.5569 (0.8445)  rmse_m_mask: 0.6474 (0.9944)  normalized_mse_mask: 0.0004 (0.0016)  rmse_m_all: 16.8182 (17.6477)  actual_mask_ratio: 0.0673 (0.0700)  actual_prediction_mask_ratio: 0.2116 (0.2212)  ignored_patch_ratio: 0.0573 (0.0425)  time: 0.0745  data: 0.0001  max mem: 1904
[16:46:49.179268] Val: [1]  [532/533]  eta: 0:00:00  loss: 0.0007 (0.0017)  mae_m_mask: 0.7250 (0.8421)  rmse_m_mask: 0.8832 (0.9914)  normalized_mse_mask: 0.0007 (0.0017)  rmse_m_all: 18.2374 (17.7035)  actual_mask_ratio: 0.0666 (0.0699)  actual_prediction_mask_ratio: 0.2121 (0.2208)  ignored_patch_ratio: 0.0550 (0.0432)  time: 0.1031  data: 0.0555  max mem: 1904
[16:46:49.562160] Val: [1] Total time: 0:00:45 (0.0846 s / it)
[16:46:49.562675] val stats: {'loss': 0.0016455473481402246, 'mae_m_mask': 0.8237780113948648, 'rmse_m_mask': 1.0955600580353055, 'normalized_mse_mask': 0.0016455473481402246, 'rmse_m_all': 17.703524710313463, 'actual_mask_ratio': 0.06990061117437499, 'actual_prediction_mask_ratio': 0.22084709342156744, 'ignored_patch_ratio': 0.04319662906886489, 'supervised_pixel_count': 11054205.0}
[16:46:53.544874] log_dir: /tank/data/SFS/xinyis/data/bathymetry/MAE-Topography/Downstream_Task_Bathy/cross_validation_v5_Stage2NormMSE_MeterSelect/runs/holdout_CA_D004Stage2NormMSE_MeterSelect_D001NoDataSafe/train_stage2_normMSE_meterSelect_CA_KlamathRiver_TopoBathy_2018_D18_fromStage1Best_e120_lr1e-5_b4_acc4/tb
[16:46:53.727169] Epoch: [2]  [  0/759]  eta: 0:02:17  lr: 0.000010  loss: 0.0590 (0.0590)  mae_m_mask: 0.2113 (0.2113)  rmse_m_mask: 0.2851 (0.2851)  normalized_mse_mask: 0.0590 (0.0590)  rmse_m_all: 12.5948 (12.5948)  actual_mask_ratio: 0.0816 (0.0816)  actual_prediction_mask_ratio: 0.2472 (0.2472)  ignored_patch_ratio: 0.0000 (0.0000)  time: 0.1818  data: 0.0772  max mem: 1904
[16:46:56.032008] Epoch: [2]  [ 20/759]  eta: 0:01:27  lr: 0.000010  loss: 0.0121 (0.0398)  mae_m_mask: 0.2383 (0.2620)  rmse_m_mask: 0.3179 (0.3906)  normalized_mse_mask: 0.0121 (0.0398)  rmse_m_all: 6.8454 (8.1323)  actual_mask_ratio: 0.0726 (0.0733)  actual_prediction_mask_ratio: 0.2358 (0.2372)  ignored_patch_ratio: 0.0000 (0.0003)  time: 0.1152  data: 0.0001  max mem: 1904
[16:46:58.315177] Epoch: [2]  [ 40/759]  eta: 0:01:23  lr: 0.000010  loss: 0.0256 (0.0357)  mae_m_mask: 0.2993 (0.2711)  rmse_m_mask: 0.3970 (0.4077)  normalized_mse_mask: 0.0256 (0.0357)  rmse_m_all: 6.1073 (7.5856)  actual_mask_ratio: 0.0714 (0.0732)  actual_prediction_mask_ratio: 0.2426 (0.2386)  ignored_patch_ratio: 0.0000 (0.0008)  time: 0.1141  data: 0.0001  max mem: 1904
[16:47:00.617786] Epoch: [2]  [ 60/759]  eta: 0:01:21  lr: 0.000010  loss: 0.0051 (0.0304)  mae_m_mask: 0.2713 (0.2785)  rmse_m_mask: 0.3846 (0.4117)  normalized_mse_mask: 0.0051 (0.0304)  rmse_m_all: 8.4789 (7.8422)  actual_mask_ratio: 0.0745 (0.0724)  actual_prediction_mask_ratio: 0.2421 (0.2353)  ignored_patch_ratio: 0.0000 (0.0021)  time: 0.1151  data: 0.0001  max mem: 1904
[16:47:02.915662] Epoch: [2]  [ 80/759]  eta: 0:01:18  lr: 0.000010  loss: 0.0180 (0.0338)  mae_m_mask: 0.2261 (0.2709)  rmse_m_mask: 0.3440 (0.3989)  normalized_mse_mask: 0.0180 (0.0338)  rmse_m_all: 5.1146 (7.6315)  actual_mask_ratio: 0.0743 (0.0725)  actual_prediction_mask_ratio: 0.2348 (0.2353)  ignored_patch_ratio: 0.0000 (0.0025)  time: 0.1149  data: 0.0001  max mem: 1904
[16:47:05.212090] Epoch: [2]  [100/759]  eta: 0:01:16  lr: 0.000010  loss: 0.0142 (0.0317)  mae_m_mask: 0.2987 (0.2709)  rmse_m_mask: 0.3940 (0.4004)  normalized_mse_mask: 0.0142 (0.0317)  rmse_m_all: 6.0348 (7.5424)  actual_mask_ratio: 0.0703 (0.0723)  actual_prediction_mask_ratio: 0.2342 (0.2354)  ignored_patch_ratio: 0.0000 (0.0029)  time: 0.1148  data: 0.0001  max mem: 1904
[16:47:07.521298] Epoch: [2]  [120/759]  eta: 0:01:13  lr: 0.000010  loss: 0.0205 (0.0309)  mae_m_mask: 0.2043 (0.2654)  rmse_m_mask: 0.2813 (0.3933)  normalized_mse_mask: 0.0205 (0.0309)  rmse_m_all: 8.4811 (7.6606)  actual_mask_ratio: 0.0726 (0.0723)  actual_prediction_mask_ratio: 0.2409 (0.2367)  ignored_patch_ratio: 0.0000 (0.0027)  time: 0.1154  data: 0.0001  max mem: 1904
[16:47:09.816738] Epoch: [2]  [140/759]  eta: 0:01:11  lr: 0.000010  loss: 0.0166 (0.0324)  mae_m_mask: 0.2152 (0.2634)  rmse_m_mask: 0.3413 (0.3948)  normalized_mse_mask: 0.0166 (0.0324)  rmse_m_all: 7.1469 (7.6754)  actual_mask_ratio: 0.0703 (0.0722)  actual_prediction_mask_ratio: 0.2358 (0.2369)  ignored_patch_ratio: 0.0000 (0.0025)  time: 0.1147  data: 0.0001  max mem: 1904
[16:47:12.130165] Epoch: [2]  [160/759]  eta: 0:01:09  lr: 0.000010  loss: 0.0127 (0.0316)  mae_m_mask: 0.2703 (0.2648)  rmse_m_mask: 0.4218 (0.3967)  normalized_mse_mask: 0.0127 (0.0316)  rmse_m_all: 9.0489 (7.8477)  actual_mask_ratio: 0.0709 (0.0722)  actual_prediction_mask_ratio: 0.2319 (0.2371)  ignored_patch_ratio: 0.0000 (0.0025)  time: 0.1156  data: 0.0001  max mem: 1904
[16:47:14.442995] Epoch: [2]  [180/759]  eta: 0:01:06  lr: 0.000010  loss: 0.0159 (0.0329)  mae_m_mask: 0.2450 (0.2641)  rmse_m_mask: 0.3670 (0.3970)  normalized_mse_mask: 0.0159 (0.0329)  rmse_m_all: 6.5198 (7.7497)  actual_mask_ratio: 0.0720 (0.0720)  actual_prediction_mask_ratio: 0.2370 (0.2372)  ignored_patch_ratio: 0.0000 (0.0022)  time: 0.1156  data: 0.0001  max mem: 1904
[16:47:16.756805] Epoch: [2]  [200/759]  eta: 0:01:04  lr: 0.000010  loss: 0.0135 (0.0319)  mae_m_mask: 0.2398 (0.2625)  rmse_m_mask: 0.3323 (0.3934)  normalized_mse_mask: 0.0135 (0.0319)  rmse_m_all: 6.8768 (7.7876)  actual_mask_ratio: 0.0709 (0.0719)  actual_prediction_mask_ratio: 0.2290 (0.2365)  ignored_patch_ratio: 0.0000 (0.0022)  time: 0.1157  data: 0.0001  max mem: 1904
[16:47:19.074793] Epoch: [2]  [220/759]  eta: 0:01:02  lr: 0.000010  loss: 0.0156 (0.0318)  mae_m_mask: 0.2494 (0.2621)  rmse_m_mask: 0.3106 (0.3910)  normalized_mse_mask: 0.0156 (0.0318)  rmse_m_all: 7.1179 (7.7245)  actual_mask_ratio: 0.0697 (0.0717)  actual_prediction_mask_ratio: 0.2336 (0.2359)  ignored_patch_ratio: 0.0000 (0.0024)  time: 0.1159  data: 0.0001  max mem: 1904
[16:47:21.391044] Epoch: [2]  [240/759]  eta: 0:00:59  lr: 0.000010  loss: 0.0113 (0.0308)  mae_m_mask: 0.2681 (0.2640)  rmse_m_mask: 0.4022 (0.3932)  normalized_mse_mask: 0.0113 (0.0308)  rmse_m_all: 5.2828 (7.6205)  actual_mask_ratio: 0.0748 (0.0719)  actual_prediction_mask_ratio: 0.2404 (0.2364)  ignored_patch_ratio: 0.0000 (0.0025)  time: 0.1158  data: 0.0001  max mem: 1904
[16:47:23.720486] Epoch: [2]  [260/759]  eta: 0:00:57  lr: 0.000010  loss: 0.0194 (0.0313)  mae_m_mask: 0.2640 (0.2661)  rmse_m_mask: 0.3656 (0.3947)  normalized_mse_mask: 0.0194 (0.0313)  rmse_m_all: 7.3481 (7.6770)  actual_mask_ratio: 0.0692 (0.0718)  actual_prediction_mask_ratio: 0.2302 (0.2358)  ignored_patch_ratio: 0.0000 (0.0025)  time: 0.1164  data: 0.0001  max mem: 1904
[16:47:26.027135] Epoch: [2]  [280/759]  eta: 0:00:55  lr: 0.000010  loss: 0.0157 (0.0310)  mae_m_mask: 0.2628 (0.2671)  rmse_m_mask: 0.3989 (0.3953)  normalized_mse_mask: 0.0157 (0.0310)  rmse_m_all: 7.9162 (7.6548)  actual_mask_ratio: 0.0726 (0.0719)  actual_prediction_mask_ratio: 0.2341 (0.2360)  ignored_patch_ratio: 0.0000 (0.0024)  time: 0.1153  data: 0.0001  max mem: 1904
[16:47:28.331099] Epoch: [2]  [300/759]  eta: 0:00:53  lr: 0.000010  loss: 0.0198 (0.0307)  mae_m_mask: 0.2669 (0.2673)  rmse_m_mask: 0.4040 (0.3953)  normalized_mse_mask: 0.0198 (0.0307)  rmse_m_all: 9.7791 (7.7635)  actual_mask_ratio: 0.0720 (0.0718)  actual_prediction_mask_ratio: 0.2387 (0.2358)  ignored_patch_ratio: 0.0000 (0.0022)  time: 0.1152  data: 0.0001  max mem: 1904
[16:47:30.640904] Epoch: [2]  [320/759]  eta: 0:00:50  lr: 0.000010  loss: 0.0271 (0.0307)  mae_m_mask: 0.2262 (0.2656)  rmse_m_mask: 0.3065 (0.3919)  normalized_mse_mask: 0.0271 (0.0307)  rmse_m_all: 7.5062 (7.7561)  actual_mask_ratio: 0.0737 (0.0720)  actual_prediction_mask_ratio: 0.2392 (0.2360)  ignored_patch_ratio: 0.0000 (0.0022)  time: 0.1155  data: 0.0001  max mem: 1904
[16:47:32.948403] Epoch: [2]  [340/759]  eta: 0:00:48  lr: 0.000010  loss: 0.0118 (0.0305)  mae_m_mask: 0.2344 (0.2646)  rmse_m_mask: 0.3492 (0.3904)  normalized_mse_mask: 0.0118 (0.0305)  rmse_m_all: 7.4339 (7.8033)  actual_mask_ratio: 0.0680 (0.0718)  actual_prediction_mask_ratio: 0.2268 (0.2354)  ignored_patch_ratio: 0.0000 (0.0021)  time: 0.1153  data: 0.0001  max mem: 1904
[16:47:35.243962] Epoch: [2]  [360/759]  eta: 0:00:46  lr: 0.000010  loss: 0.0248 (0.0303)  mae_m_mask: 0.2192 (0.2633)  rmse_m_mask: 0.3109 (0.3880)  normalized_mse_mask: 0.0248 (0.0303)  rmse_m_all: 7.2595 (7.7677)  actual_mask_ratio: 0.0726 (0.0718)  actual_prediction_mask_ratio: 0.2409 (0.2355)  ignored_patch_ratio: 0.0000 (0.0020)  time: 0.1147  data: 0.0001  max mem: 1904
[16:47:37.534314] Epoch: [2]  [380/759]  eta: 0:00:43  lr: 0.000010  loss: 0.0219 (0.0301)  mae_m_mask: 0.2256 (0.2626)  rmse_m_mask: 0.3312 (0.3865)  normalized_mse_mask: 0.0219 (0.0301)  rmse_m_all: 3.8322 (7.6767)  actual_mask_ratio: 0.0737 (0.0719)  actual_prediction_mask_ratio: 0.2402 (0.2356)  ignored_patch_ratio: 0.0000 (0.0021)  time: 0.1145  data: 0.0001  max mem: 1904
[16:47:39.823644] Epoch: [2]  [400/759]  eta: 0:00:41  lr: 0.000010  loss: 0.0149 (0.0299)  mae_m_mask: 0.2149 (0.2615)  rmse_m_mask: 0.3518 (0.3851)  normalized_mse_mask: 0.0149 (0.0299)  rmse_m_all: 5.8678 (7.6291)  actual_mask_ratio: 0.0714 (0.0720)  actual_prediction_mask_ratio: 0.2398 (0.2357)  ignored_patch_ratio: 0.0000 (0.0022)  time: 0.1144  data: 0.0001  max mem: 1904
[16:47:42.108208] Epoch: [2]  [420/759]  eta: 0:00:39  lr: 0.000010  loss: 0.0113 (0.0294)  mae_m_mask: 0.1876 (0.2596)  rmse_m_mask: 0.2640 (0.3824)  normalized_mse_mask: 0.0113 (0.0294)  rmse_m_all: 5.1740 (7.5738)  actual_mask_ratio: 0.0748 (0.0721)  actual_prediction_mask_ratio: 0.2392 (0.2360)  ignored_patch_ratio: 0.0000 (0.0021)  time: 0.1142  data: 0.0001  max mem: 1904
[16:47:44.413906] Epoch: [2]  [440/759]  eta: 0:00:36  lr: 0.000010  loss: 0.0175 (0.0293)  mae_m_mask: 0.2203 (0.2586)  rmse_m_mask: 0.3311 (0.3816)  normalized_mse_mask: 0.0175 (0.0293)  rmse_m_all: 7.0965 (7.5219)  actual_mask_ratio: 0.0697 (0.0721)  actual_prediction_mask_ratio: 0.2404 (0.2361)  ignored_patch_ratio: 0.0000 (0.0021)  time: 0.1153  data: 0.0001  max mem: 1904
[16:47:46.705610] Epoch: [2]  [460/759]  eta: 0:00:34  lr: 0.000010  loss: 0.0169 (0.0292)  mae_m_mask: 0.2112 (0.2575)  rmse_m_mask: 0.3436 (0.3802)  normalized_mse_mask: 0.0169 (0.0292)  rmse_m_all: 7.5091 (7.5020)  actual_mask_ratio: 0.0686 (0.0720)  actual_prediction_mask_ratio: 0.2330 (0.2360)  ignored_patch_ratio: 0.0000 (0.0021)  time: 0.1146  data: 0.0001  max mem: 1904
[16:47:49.022850] Epoch: [2]  [480/759]  eta: 0:00:32  lr: 0.000010  loss: 0.0194 (0.0294)  mae_m_mask: 0.2086 (0.2567)  rmse_m_mask: 0.3837 (0.3791)  normalized_mse_mask: 0.0194 (0.0294)  rmse_m_all: 4.9303 (7.4172)  actual_mask_ratio: 0.0692 (0.0720)  actual_prediction_mask_ratio: 0.2347 (0.2361)  ignored_patch_ratio: 0.0000 (0.0020)  time: 0.1158  data: 0.0001  max mem: 1904
[16:47:51.333029] Epoch: [2]  [500/759]  eta: 0:00:29  lr: 0.000010  loss: 0.0091 (0.0288)  mae_m_mask: 0.2275 (0.2562)  rmse_m_mask: 0.3531 (0.3790)  normalized_mse_mask: 0.0091 (0.0288)  rmse_m_all: 7.4697 (7.4240)  actual_mask_ratio: 0.0731 (0.0720)  actual_prediction_mask_ratio: 0.2404 (0.2361)  ignored_patch_ratio: 0.0000 (0.0020)  time: 0.1155  data: 0.0001  max mem: 1904
[16:47:53.628614] Epoch: [2]  [520/759]  eta: 0:00:27  lr: 0.000010  loss: 0.0214 (0.0288)  mae_m_mask: 0.1960 (0.2548)  rmse_m_mask: 0.2789 (0.3766)  normalized_mse_mask: 0.0214 (0.0288)  rmse_m_all: 5.0341 (7.3637)  actual_mask_ratio: 0.0709 (0.0720)  actual_prediction_mask_ratio: 0.2347 (0.2362)  ignored_patch_ratio: 0.0000 (0.0020)  time: 0.1147  data: 0.0001  max mem: 1904
[16:47:55.932219] Epoch: [2]  [540/759]  eta: 0:00:25  lr: 0.000010  loss: 0.0194 (0.0288)  mae_m_mask: 0.2721 (0.2562)  rmse_m_mask: 0.3749 (0.3781)  normalized_mse_mask: 0.0194 (0.0288)  rmse_m_all: 7.8283 (7.3973)  actual_mask_ratio: 0.0714 (0.0720)  actual_prediction_mask_ratio: 0.2297 (0.2359)  ignored_patch_ratio: 0.0000 (0.0019)  time: 0.1151  data: 0.0001  max mem: 1904
[16:47:58.227149] Epoch: [2]  [560/759]  eta: 0:00:22  lr: 0.000010  loss: 0.0234 (0.0292)  mae_m_mask: 0.2119 (0.2553)  rmse_m_mask: 0.3387 (0.3770)  normalized_mse_mask: 0.0234 (0.0292)  rmse_m_all: 5.5185 (7.3530)  actual_mask_ratio: 0.0737 (0.0720)  actual_prediction_mask_ratio: 0.2432 (0.2360)  ignored_patch_ratio: 0.0000 (0.0020)  time: 0.1147  data: 0.0001  max mem: 1904
[16:48:00.514390] Epoch: [2]  [580/759]  eta: 0:00:20  lr: 0.000010  loss: 0.0183 (0.0290)  mae_m_mask: 0.2146 (0.2546)  rmse_m_mask: 0.2897 (0.3754)  normalized_mse_mask: 0.0183 (0.0290)  rmse_m_all: 8.6916 (7.3961)  actual_mask_ratio: 0.0709 (0.0720)  actual_prediction_mask_ratio: 0.2296 (0.2358)  ignored_patch_ratio: 0.0000 (0.0019)  time: 0.1143  data: 0.0001  max mem: 1904
[16:48:02.805710] Epoch: [2]  [600/759]  eta: 0:00:18  lr: 0.000010  loss: 0.0131 (0.0286)  mae_m_mask: 0.2108 (0.2532)  rmse_m_mask: 0.3204 (0.3738)  normalized_mse_mask: 0.0131 (0.0286)  rmse_m_all: 7.0422 (7.3765)  actual_mask_ratio: 0.0726 (0.0720)  actual_prediction_mask_ratio: 0.2387 (0.2360)  ignored_patch_ratio: 0.0000 (0.0019)  time: 0.1145  data: 0.0001  max mem: 1904
[16:48:05.116129] Epoch: [2]  [620/759]  eta: 0:00:16  lr: 0.000010  loss: 0.0119 (0.0285)  mae_m_mask: 0.1998 (0.2523)  rmse_m_mask: 0.2975 (0.3726)  normalized_mse_mask: 0.0119 (0.0285)  rmse_m_all: 8.0690 (7.4030)  actual_mask_ratio: 0.0680 (0.0719)  actual_prediction_mask_ratio: 0.2285 (0.2359)  ignored_patch_ratio: 0.0000 (0.0020)  time: 0.1155  data: 0.0001  max mem: 1904
[16:48:07.428817] Epoch: [2]  [640/759]  eta: 0:00:13  lr: 0.000010  loss: 0.0191 (0.0283)  mae_m_mask: 0.2445 (0.2530)  rmse_m_mask: 0.3391 (0.3730)  normalized_mse_mask: 0.0191 (0.0283)  rmse_m_all: 9.0127 (7.4577)  actual_mask_ratio: 0.0680 (0.0718)  actual_prediction_mask_ratio: 0.2262 (0.2356)  ignored_patch_ratio: 0.0000 (0.0020)  time: 0.1156  data: 0.0001  max mem: 1904
[16:48:09.720249] Epoch: [2]  [660/759]  eta: 0:00:11  lr: 0.000010  loss: 0.0141 (0.0281)  mae_m_mask: 0.2066 (0.2520)  rmse_m_mask: 0.3040 (0.3715)  normalized_mse_mask: 0.0141 (0.0281)  rmse_m_all: 6.8414 (7.4701)  actual_mask_ratio: 0.0720 (0.0718)  actual_prediction_mask_ratio: 0.2381 (0.2356)  ignored_patch_ratio: 0.0000 (0.0019)  time: 0.1145  data: 0.0001  max mem: 1904
[16:48:12.024052] Epoch: [2]  [680/759]  eta: 0:00:09  lr: 0.000010  loss: 0.0118 (0.0281)  mae_m_mask: 0.2292 (0.2515)  rmse_m_mask: 0.3454 (0.3709)  normalized_mse_mask: 0.0118 (0.0281)  rmse_m_all: 7.2547 (7.4688)  actual_mask_ratio: 0.0703 (0.0718)  actual_prediction_mask_ratio: 0.2285 (0.2356)  ignored_patch_ratio: 0.0000 (0.0019)  time: 0.1152  data: 0.0001  max mem: 1904
[16:48:14.308108] Epoch: [2]  [700/759]  eta: 0:00:06  lr: 0.000010  loss: 0.0264 (0.0283)  mae_m_mask: 0.2327 (0.2513)  rmse_m_mask: 0.3291 (0.3704)  normalized_mse_mask: 0.0264 (0.0283)  rmse_m_all: 8.3164 (7.5063)  actual_mask_ratio: 0.0692 (0.0718)  actual_prediction_mask_ratio: 0.2370 (0.2356)  ignored_patch_ratio: 0.0000 (0.0019)  time: 0.1142  data: 0.0001  max mem: 1904
[16:48:16.594483] Epoch: [2]  [720/759]  eta: 0:00:04  lr: 0.000010  loss: 0.0191 (0.0292)  mae_m_mask: 0.2390 (0.2511)  rmse_m_mask: 0.3459 (0.3701)  normalized_mse_mask: 0.0191 (0.0292)  rmse_m_all: 5.8891 (7.4832)  actual_mask_ratio: 0.0697 (0.0717)  actual_prediction_mask_ratio: 0.2245 (0.2354)  ignored_patch_ratio: 0.0000 (0.0021)  time: 0.1143  data: 0.0001  max mem: 1904
[16:48:18.907289] Epoch: [2]  [740/759]  eta: 0:00:02  lr: 0.000010  loss: 0.0101 (0.0289)  mae_m_mask: 0.2338 (0.2511)  rmse_m_mask: 0.3554 (0.3700)  normalized_mse_mask: 0.0101 (0.0289)  rmse_m_all: 9.5856 (7.5296)  actual_mask_ratio: 0.0713 (0.0717)  actual_prediction_mask_ratio: 0.2208 (0.2351)  ignored_patch_ratio: 0.0000 (0.0022)  time: 0.1156  data: 0.0001  max mem: 1904
[16:48:20.998454] Epoch: [2]  [758/759]  eta: 0:00:00  lr: 0.000010  loss: 0.0118 (0.0288)  mae_m_mask: 0.2342 (0.2510)  rmse_m_mask: 0.3114 (0.3698)  normalized_mse_mask: 0.0118 (0.0288)  rmse_m_all: 7.7593 (7.5454)  actual_mask_ratio: 0.0731 (0.0717)  actual_prediction_mask_ratio: 0.2415 (0.2352)  ignored_patch_ratio: 0.0000 (0.0022)  time: 0.1160  data: 0.0001  max mem: 1904
[16:48:21.018998] Epoch: [2] Total time: 0:01:27 (0.1152 s / it)
[16:48:21.019283] Averaged stats: {'lr': 9.989282911162229e-06, 'loss': 0.02796521618689435, 'mae_m_mask': 0.24954483054485677, 'rmse_m_mask': 0.39403629580150806, 'normalized_mse_mask': 0.02796521618689435, 'rmse_m_all': 7.545395669808344, 'actual_mask_ratio': 0.07174130938014651, 'actual_prediction_mask_ratio': 0.2351903890864494, 'ignored_patch_ratio': 0.0021771975499682117, 'supervised_pixel_count': 14697280.0}
[16:48:21.177718] Val: [2]  [  0/533]  eta: 0:01:23  loss: 0.0107 (0.0107)  mae_m_mask: 0.9423 (0.9423)  rmse_m_mask: 1.1679 (1.1679)  normalized_mse_mask: 0.0107 (0.0107)  rmse_m_all: 14.1627 (14.1627)  actual_mask_ratio: 0.0787 (0.0787)  actual_prediction_mask_ratio: 0.2431 (0.2431)  ignored_patch_ratio: 0.0488 (0.0488)  time: 0.1562  data: 0.0794  max mem: 1904
[16:48:25.577546] Val: [2]  [ 50/533]  eta: 0:00:43  loss: 0.0015 (0.0042)  mae_m_mask: 0.6110 (0.7606)  rmse_m_mask: 0.7750 (0.8842)  normalized_mse_mask: 0.0015 (0.0042)  rmse_m_all: 13.5233 (14.3559)  actual_mask_ratio: 0.0694 (0.0693)  actual_prediction_mask_ratio: 0.2120 (0.2147)  ignored_patch_ratio: 0.0527 (0.0550)  time: 0.0885  data: 0.0001  max mem: 1904
[16:48:30.012525] Val: [2]  [100/533]  eta: 0:00:38  loss: 0.0004 (0.0025)  mae_m_mask: 0.5875 (0.7099)  rmse_m_mask: 0.6909 (0.8433)  normalized_mse_mask: 0.0004 (0.0025)  rmse_m_all: 18.2340 (16.0239)  actual_mask_ratio: 0.0645 (0.0686)  actual_prediction_mask_ratio: 0.2076 (0.2139)  ignored_patch_ratio: 0.0550 (0.0538)  time: 0.0894  data: 0.0001  max mem: 1904
[16:48:34.483220] Val: [2]  [150/533]  eta: 0:00:34  loss: 0.0008 (0.0020)  mae_m_mask: 0.4278 (0.6777)  rmse_m_mask: 0.5768 (0.8092)  normalized_mse_mask: 0.0008 (0.0020)  rmse_m_all: 11.5365 (15.9921)  actual_mask_ratio: 0.0707 (0.0688)  actual_prediction_mask_ratio: 0.2326 (0.2153)  ignored_patch_ratio: 0.0488 (0.0542)  time: 0.0895  data: 0.0001  max mem: 1904
[16:48:38.890790] Val: [2]  [200/533]  eta: 0:00:29  loss: 0.0012 (0.0018)  mae_m_mask: 0.7035 (0.6742)  rmse_m_mask: 0.8270 (0.8033)  normalized_mse_mask: 0.0012 (0.0018)  rmse_m_all: 14.3483 (15.4525)  actual_mask_ratio: 0.0760 (0.0695)  actual_prediction_mask_ratio: 0.2427 (0.2204)  ignored_patch_ratio: 0.0000 (0.0447)  time: 0.0885  data: 0.0001  max mem: 1904
[16:48:43.273570] Val: [2]  [250/533]  eta: 0:00:25  loss: 0.0009 (0.0018)  mae_m_mask: 0.9009 (0.7480)  rmse_m_mask: 1.0779 (0.8824)  normalized_mse_mask: 0.0009 (0.0018)  rmse_m_all: 14.9635 (15.8233)  actual_mask_ratio: 0.0725 (0.0702)  actual_prediction_mask_ratio: 0.2314 (0.2225)  ignored_patch_ratio: 0.0306 (0.0393)  time: 0.0874  data: 0.0001  max mem: 1904
[16:48:47.505420] Val: [2]  [300/533]  eta: 0:00:20  loss: 0.0005 (0.0017)  mae_m_mask: 0.7731 (0.7917)  rmse_m_mask: 0.9222 (0.9321)  normalized_mse_mask: 0.0005 (0.0017)  rmse_m_all: 23.8863 (16.9345)  actual_mask_ratio: 0.0700 (0.0704)  actual_prediction_mask_ratio: 0.2121 (0.2229)  ignored_patch_ratio: 0.0516 (0.0394)  time: 0.0846  data: 0.0001  max mem: 1904
[16:48:51.632818] Val: [2]  [350/533]  eta: 0:00:15  loss: 0.0007 (0.0016)  mae_m_mask: 0.7231 (0.7864)  rmse_m_mask: 0.8834 (0.9270)  normalized_mse_mask: 0.0007 (0.0016)  rmse_m_all: 20.0991 (17.1378)  actual_mask_ratio: 0.0698 (0.0705)  actual_prediction_mask_ratio: 0.2170 (0.2230)  ignored_patch_ratio: 0.0391 (0.0384)  time: 0.0841  data: 0.0001  max mem: 1904
[16:48:55.829847] Val: [2]  [400/533]  eta: 0:00:11  loss: 0.0009 (0.0016)  mae_m_mask: 0.6254 (0.8077)  rmse_m_mask: 0.8130 (0.9508)  normalized_mse_mask: 0.0009 (0.0016)  rmse_m_all: 19.3749 (17.5278)  actual_mask_ratio: 0.0683 (0.0702)  actual_prediction_mask_ratio: 0.2164 (0.2218)  ignored_patch_ratio: 0.0476 (0.0400)  time: 0.0840  data: 0.0001  max mem: 1904
[16:49:00.019823] Val: [2]  [450/533]  eta: 0:00:07  loss: 0.0011 (0.0017)  mae_m_mask: 0.9051 (0.8313)  rmse_m_mask: 1.1174 (0.9812)  normalized_mse_mask: 0.0011 (0.0017)  rmse_m_all: 17.3704 (17.5418)  actual_mask_ratio: 0.0670 (0.0702)  actual_prediction_mask_ratio: 0.2143 (0.2217)  ignored_patch_ratio: 0.0612 (0.0412)  time: 0.0837  data: 0.0001  max mem: 1904
[16:49:04.170141] Val: [2]  [500/533]  eta: 0:00:02  loss: 0.0004 (0.0016)  mae_m_mask: 0.5445 (0.8151)  rmse_m_mask: 0.6602 (0.9629)  normalized_mse_mask: 0.0004 (0.0016)  rmse_m_all: 16.7783 (17.5928)  actual_mask_ratio: 0.0673 (0.0700)  actual_prediction_mask_ratio: 0.2116 (0.2212)  ignored_patch_ratio: 0.0573 (0.0425)  time: 0.0816  data: 0.0001  max mem: 1904
[16:49:06.960420] Val: [2]  [532/533]  eta: 0:00:00  loss: 0.0006 (0.0016)  mae_m_mask: 0.7148 (0.8112)  rmse_m_mask: 0.8632 (0.9584)  normalized_mse_mask: 0.0006 (0.0016)  rmse_m_all: 18.2074 (17.6483)  actual_mask_ratio: 0.0666 (0.0699)  actual_prediction_mask_ratio: 0.2121 (0.2208)  ignored_patch_ratio: 0.0550 (0.0432)  time: 0.1062  data: 0.0552  max mem: 1904
[16:49:07.361558] Val: [2] Total time: 0:00:46 (0.0869 s / it)
[16:49:07.363124] val stats: {'loss': 0.0015799995780012125, 'mae_m_mask': 0.7972887378683398, 'rmse_m_mask': 1.0555777496262653, 'normalized_mse_mask': 0.0015799995780012125, 'rmse_m_all': 17.648283568376897, 'actual_mask_ratio': 0.06990061117437499, 'actual_prediction_mask_ratio': 0.22084709342156744, 'ignored_patch_ratio': 0.04319662906886489, 'supervised_pixel_count': 11054205.0}
[16:49:12.981698] log_dir: /tank/data/SFS/xinyis/data/bathymetry/MAE-Topography/Downstream_Task_Bathy/cross_validation_v5_Stage2NormMSE_MeterSelect/runs/holdout_CA_D004Stage2NormMSE_MeterSelect_D001NoDataSafe/train_stage2_normMSE_meterSelect_CA_KlamathRiver_TopoBathy_2018_D18_fromStage1Best_e120_lr1e-5_b4_acc4/tb
[16:49:13.184624] Epoch: [3]  [  0/759]  eta: 0:02:33  lr: 0.000010  loss: 0.0228 (0.0228)  mae_m_mask: 0.1960 (0.1960)  rmse_m_mask: 0.3693 (0.3693)  normalized_mse_mask: 0.0228 (0.0228)  rmse_m_all: 6.1963 (6.1963)  actual_mask_ratio: 0.0799 (0.0799)  actual_prediction_mask_ratio: 0.2432 (0.2432)  ignored_patch_ratio: 0.0000 (0.0000)  time: 0.2024  data: 0.0841  max mem: 1904
[16:49:15.501573] Epoch: [3]  [ 20/759]  eta: 0:01:28  lr: 0.000010  loss: 0.0191 (0.0353)  mae_m_mask: 0.2478 (0.2542)  rmse_m_mask: 0.3418 (0.3768)  normalized_mse_mask: 0.0191 (0.0353)  rmse_m_all: 4.5202 (5.6185)  actual_mask_ratio: 0.0731 (0.0733)  actual_prediction_mask_ratio: 0.2432 (0.2399)  ignored_patch_ratio: 0.0000 (0.0006)  time: 0.1158  data: 0.0001  max mem: 1904
[16:49:17.814549] Epoch: [3]  [ 40/759]  eta: 0:01:24  lr: 0.000010  loss: 0.0189 (0.0330)  mae_m_mask: 0.2292 (0.2477)  rmse_m_mask: 0.3438 (0.3668)  normalized_mse_mask: 0.0189 (0.0330)  rmse_m_all: 7.9052 (6.6356)  actual_mask_ratio: 0.0731 (0.0731)  actual_prediction_mask_ratio: 0.2353 (0.2389)  ignored_patch_ratio: 0.0000 (0.0009)  time: 0.1156  data: 0.0001  max mem: 1904
[16:49:20.136032] Epoch: [3]  [ 60/759]  eta: 0:01:21  lr: 0.000010  loss: 0.0108 (0.0298)  mae_m_mask: 0.2493 (0.2471)  rmse_m_mask: 0.3607 (0.3661)  normalized_mse_mask: 0.0108 (0.0298)  rmse_m_all: 8.7214 (7.3363)  actual_mask_ratio: 0.0697 (0.0722)  actual_prediction_mask_ratio: 0.2273 (0.2374)  ignored_patch_ratio: 0.0000 (0.0012)  time: 0.1160  data: 0.0001  max mem: 1904
[16:49:22.432975] Epoch: [3]  [ 80/759]  eta: 0:01:19  lr: 0.000010  loss: 0.0124 (0.0267)  mae_m_mask: 0.2275 (0.2456)  rmse_m_mask: 0.3419 (0.3614)  normalized_mse_mask: 0.0124 (0.0267)  rmse_m_all: 9.0681 (7.7033)  actual_mask_ratio: 0.0714 (0.0720)  actual_prediction_mask_ratio: 0.2364 (0.2368)  ignored_patch_ratio: 0.0000 (0.0012)  time: 0.1148  data: 0.0001  max mem: 1904
[16:49:24.744436] Epoch: [3]  [100/759]  eta: 0:01:16  lr: 0.000010  loss: 0.0247 (0.0281)  mae_m_mask: 0.2501 (0.2497)  rmse_m_mask: 0.3625 (0.3658)  normalized_mse_mask: 0.0247 (0.0281)  rmse_m_all: 7.3064 (7.6564)  actual_mask_ratio: 0.0726 (0.0722)  actual_prediction_mask_ratio: 0.2415 (0.2376)  ignored_patch_ratio: 0.0000 (0.0013)  time: 0.1155  data: 0.0001  max mem: 1904
[16:49:27.021667] Epoch: [3]  [120/759]  eta: 0:01:14  lr: 0.000010  loss: 0.0096 (0.0270)  mae_m_mask: 0.2317 (0.2491)  rmse_m_mask: 0.3701 (0.3679)  normalized_mse_mask: 0.0096 (0.0270)  rmse_m_all: 7.9564 (7.7270)  actual_mask_ratio: 0.0754 (0.0726)  actual_prediction_mask_ratio: 0.2364 (0.2377)  ignored_patch_ratio: 0.0000 (0.0012)  time: 0.1138  data: 0.0001  max mem: 1904
[16:49:29.329567] Epoch: [3]  [140/759]  eta: 0:01:11  lr: 0.000010  loss: 0.0077 (0.0252)  mae_m_mask: 0.1938 (0.2457)  rmse_m_mask: 0.2803 (0.3624)  normalized_mse_mask: 0.0077 (0.0252)  rmse_m_all: 6.7691 (7.7380)  actual_mask_ratio: 0.0709 (0.0726)  actual_prediction_mask_ratio: 0.2415 (0.2375)  ignored_patch_ratio: 0.0000 (0.0011)  time: 0.1154  data: 0.0001  max mem: 1904
[16:49:31.651932] Epoch: [3]  [160/759]  eta: 0:01:09  lr: 0.000010  loss: 0.0071 (0.0237)  mae_m_mask: 0.2078 (0.2425)  rmse_m_mask: 0.3191 (0.3588)  normalized_mse_mask: 0.0071 (0.0237)  rmse_m_all: 5.8975 (7.6809)  actual_mask_ratio: 0.0709 (0.0726)  actual_prediction_mask_ratio: 0.2239 (0.2367)  ignored_patch_ratio: 0.0000 (0.0009)  time: 0.1161  data: 0.0001  max mem: 1904
[16:49:33.961818] Epoch: [3]  [180/759]  eta: 0:01:07  lr: 0.000010  loss: 0.0129 (0.0233)  mae_m_mask: 0.2164 (0.2418)  rmse_m_mask: 0.2968 (0.3553)  normalized_mse_mask: 0.0129 (0.0233)  rmse_m_all: 5.5571 (7.5994)  actual_mask_ratio: 0.0709 (0.0724)  actual_prediction_mask_ratio: 0.2298 (0.2362)  ignored_patch_ratio: 0.0000 (0.0012)  time: 0.1155  data: 0.0001  max mem: 1904
[16:49:36.274838] Epoch: [3]  [200/759]  eta: 0:01:04  lr: 0.000010  loss: 0.0397 (0.0256)  mae_m_mask: 0.2530 (0.2423)  rmse_m_mask: 0.3352 (0.3534)  normalized_mse_mask: 0.0397 (0.0256)  rmse_m_all: 6.6152 (7.5374)  actual_mask_ratio: 0.0737 (0.0724)  actual_prediction_mask_ratio: 0.2398 (0.2365)  ignored_patch_ratio: 0.0000 (0.0012)  time: 0.1156  data: 0.0001  max mem: 1904
[16:49:38.578957] Epoch: [3]  [220/759]  eta: 0:01:02  lr: 0.000010  loss: 0.0287 (0.0260)  mae_m_mask: 0.2359 (0.2454)  rmse_m_mask: 0.3112 (0.3556)  normalized_mse_mask: 0.0287 (0.0260)  rmse_m_all: 7.3485 (7.5646)  actual_mask_ratio: 0.0687 (0.0722)  actual_prediction_mask_ratio: 0.2371 (0.2360)  ignored_patch_ratio: 0.0000 (0.0014)  time: 0.1152  data: 0.0001  max mem: 1904
[16:49:40.897926] Epoch: [3]  [240/759]  eta: 0:01:00  lr: 0.000010  loss: 0.0076 (0.0257)  mae_m_mask: 0.2906 (0.2500)  rmse_m_mask: 0.4188 (0.3619)  normalized_mse_mask: 0.0076 (0.0257)  rmse_m_all: 7.6094 (7.6550)  actual_mask_ratio: 0.0726 (0.0720)  actual_prediction_mask_ratio: 0.2307 (0.2356)  ignored_patch_ratio: 0.0000 (0.0015)  time: 0.1159  data: 0.0001  max mem: 1904
[16:49:43.205994] Epoch: [3]  [260/759]  eta: 0:00:57  lr: 0.000010  loss: 0.0147 (0.0248)  mae_m_mask: 0.2011 (0.2491)  rmse_m_mask: 0.3162 (0.3614)  normalized_mse_mask: 0.0147 (0.0248)  rmse_m_all: 8.5130 (7.6894)  actual_mask_ratio: 0.0726 (0.0721)  actual_prediction_mask_ratio: 0.2381 (0.2360)  ignored_patch_ratio: 0.0000 (0.0015)  time: 0.1154  data: 0.0001  max mem: 1904
[16:49:45.510730] Epoch: [3]  [280/759]  eta: 0:00:55  lr: 0.000010  loss: 0.0268 (0.0255)  mae_m_mask: 0.2241 (0.2486)  rmse_m_mask: 0.3124 (0.3602)  normalized_mse_mask: 0.0268 (0.0255)  rmse_m_all: 5.6884 (7.6370)  actual_mask_ratio: 0.0731 (0.0721)  actual_prediction_mask_ratio: 0.2432 (0.2362)  ignored_patch_ratio: 0.0000 (0.0016)  time: 0.1152  data: 0.0001  max mem: 1904
[16:49:47.848672] Epoch: [3]  [300/759]  eta: 0:00:53  lr: 0.000010  loss: 0.0242 (0.0262)  mae_m_mask: 0.2042 (0.2474)  rmse_m_mask: 0.3034 (0.3579)  normalized_mse_mask: 0.0242 (0.0262)  rmse_m_all: 6.1044 (7.6021)  actual_mask_ratio: 0.0692 (0.0720)  actual_prediction_mask_ratio: 0.2313 (0.2361)  ignored_patch_ratio: 0.0000 (0.0016)  time: 0.1169  data: 0.0001  max mem: 1904
[16:49:50.163483] Epoch: [3]  [320/759]  eta: 0:00:50  lr: 0.000010  loss: 0.0178 (0.0262)  mae_m_mask: 0.2401 (0.2468)  rmse_m_mask: 0.3271 (0.3570)  normalized_mse_mask: 0.0178 (0.0262)  rmse_m_all: 6.5954 (7.5982)  actual_mask_ratio: 0.0714 (0.0720)  actual_prediction_mask_ratio: 0.2358 (0.2360)  ignored_patch_ratio: 0.0000 (0.0016)  time: 0.1157  data: 0.0001  max mem: 1904
[16:49:52.468041] Epoch: [3]  [340/759]  eta: 0:00:48  lr: 0.000010  loss: 0.0081 (0.0262)  mae_m_mask: 0.2233 (0.2466)  rmse_m_mask: 0.3220 (0.3571)  normalized_mse_mask: 0.0081 (0.0262)  rmse_m_all: 8.0027 (7.6261)  actual_mask_ratio: 0.0716 (0.0720)  actual_prediction_mask_ratio: 0.2358 (0.2361)  ignored_patch_ratio: 0.0000 (0.0016)  time: 0.1152  data: 0.0001  max mem: 1904
[16:49:54.783986] Epoch: [3]  [360/759]  eta: 0:00:46  lr: 0.000010  loss: 0.0128 (0.0260)  mae_m_mask: 0.2252 (0.2470)  rmse_m_mask: 0.3174 (0.3587)  normalized_mse_mask: 0.0128 (0.0260)  rmse_m_all: 6.4846 (7.6275)  actual_mask_ratio: 0.0714 (0.0720)  actual_prediction_mask_ratio: 0.2347 (0.2359)  ignored_patch_ratio: 0.0000 (0.0017)  time: 0.1158  data: 0.0001  max mem: 1904
[16:49:57.110376] Epoch: [3]  [380/759]  eta: 0:00:43  lr: 0.000010  loss: 0.0208 (0.0268)  mae_m_mask: 0.2041 (0.2459)  rmse_m_mask: 0.2886 (0.3575)  normalized_mse_mask: 0.0208 (0.0268)  rmse_m_all: 5.7967 (7.5591)  actual_mask_ratio: 0.0697 (0.0719)  actual_prediction_mask_ratio: 0.2290 (0.2356)  ignored_patch_ratio: 0.0000 (0.0016)  time: 0.1163  data: 0.0001  max mem: 1904
[16:49:59.465532] Epoch: [3]  [400/759]  eta: 0:00:41  lr: 0.000010  loss: 0.0093 (0.0264)  mae_m_mask: 0.2551 (0.2462)  rmse_m_mask: 0.3660 (0.3585)  normalized_mse_mask: 0.0093 (0.0264)  rmse_m_all: 6.2572 (7.5388)  actual_mask_ratio: 0.0686 (0.0719)  actual_prediction_mask_ratio: 0.2381 (0.2356)  ignored_patch_ratio: 0.0000 (0.0018)  time: 0.1177  data: 0.0001  max mem: 1904
[16:50:01.810069] Epoch: [3]  [420/759]  eta: 0:00:39  lr: 0.000010  loss: 0.0099 (0.0262)  mae_m_mask: 0.2328 (0.2470)  rmse_m_mask: 0.3493 (0.3608)  normalized_mse_mask: 0.0099 (0.0262)  rmse_m_all: 6.1938 (7.5163)  actual_mask_ratio: 0.0737 (0.0719)  actual_prediction_mask_ratio: 0.2403 (0.2358)  ignored_patch_ratio: 0.0000 (0.0018)  time: 0.1172  data: 0.0001  max mem: 1904
[16:50:04.120402] Epoch: [3]  [440/759]  eta: 0:00:36  lr: 0.000010  loss: 0.0192 (0.0266)  mae_m_mask: 0.2022 (0.2455)  rmse_m_mask: 0.2867 (0.3586)  normalized_mse_mask: 0.0192 (0.0266)  rmse_m_all: 6.2691 (7.4894)  actual_mask_ratio: 0.0709 (0.0719)  actual_prediction_mask_ratio: 0.2421 (0.2358)  ignored_patch_ratio: 0.0000 (0.0019)  time: 0.1155  data: 0.0001  max mem: 1904
[16:50:06.448939] Epoch: [3]  [460/759]  eta: 0:00:34  lr: 0.000010  loss: 0.0113 (0.0264)  mae_m_mask: 0.2312 (0.2457)  rmse_m_mask: 0.3482 (0.3597)  normalized_mse_mask: 0.0113 (0.0264)  rmse_m_all: 8.4085 (7.5417)  actual_mask_ratio: 0.0697 (0.0718)  actual_prediction_mask_ratio: 0.2194 (0.2355)  ignored_patch_ratio: 0.0000 (0.0020)  time: 0.1164  data: 0.0001  max mem: 1904
[16:50:08.793490] Epoch: [3]  [480/759]  eta: 0:00:32  lr: 0.000010  loss: 0.0159 (0.0263)  mae_m_mask: 0.2539 (0.2469)  rmse_m_mask: 0.3760 (0.3616)  normalized_mse_mask: 0.0159 (0.0263)  rmse_m_all: 6.1514 (7.5456)  actual_mask_ratio: 0.0680 (0.0718)  actual_prediction_mask_ratio: 0.2410 (0.2353)  ignored_patch_ratio: 0.0000 (0.0021)  time: 0.1172  data: 0.0001  max mem: 1904
[16:50:11.139612] Epoch: [3]  [500/759]  eta: 0:00:30  lr: 0.000010  loss: 0.0198 (0.0267)  mae_m_mask: 0.1861 (0.2458)  rmse_m_mask: 0.2797 (0.3605)  normalized_mse_mask: 0.0198 (0.0267)  rmse_m_all: 3.8555 (7.4912)  actual_mask_ratio: 0.0714 (0.0718)  actual_prediction_mask_ratio: 0.2443 (0.2353)  ignored_patch_ratio: 0.0000 (0.0022)  time: 0.1173  data: 0.0001  max mem: 1904
[16:50:13.440631] Epoch: [3]  [520/759]  eta: 0:00:27  lr: 0.000010  loss: 0.0142 (0.0265)  mae_m_mask: 0.3212 (0.2483)  rmse_m_mask: 0.4807 (0.3644)  normalized_mse_mask: 0.0142 (0.0265)  rmse_m_all: 9.4263 (7.5650)  actual_mask_ratio: 0.0709 (0.0717)  actual_prediction_mask_ratio: 0.2251 (0.2350)  ignored_patch_ratio: 0.0000 (0.0022)  time: 0.1150  data: 0.0001  max mem: 1904
[16:50:15.755678] Epoch: [3]  [540/759]  eta: 0:00:25  lr: 0.000010  loss: 0.0087 (0.0262)  mae_m_mask: 0.2279 (0.2486)  rmse_m_mask: 0.3387 (0.3645)  normalized_mse_mask: 0.0087 (0.0262)  rmse_m_all: 7.2577 (7.6147)  actual_mask_ratio: 0.0731 (0.0718)  actual_prediction_mask_ratio: 0.2329 (0.2348)  ignored_patch_ratio: 0.0000 (0.0021)  time: 0.1157  data: 0.0001  max mem: 1904
[16:50:18.070252] Epoch: [3]  [560/759]  eta: 0:00:23  lr: 0.000010  loss: 0.0257 (0.0264)  mae_m_mask: 0.2164 (0.2481)  rmse_m_mask: 0.3068 (0.3637)  normalized_mse_mask: 0.0257 (0.0264)  rmse_m_all: 4.8449 (7.5542)  actual_mask_ratio: 0.0726 (0.0718)  actual_prediction_mask_ratio: 0.2387 (0.2350)  ignored_patch_ratio: 0.0000 (0.0021)  time: 0.1157  data: 0.0001  max mem: 1904
[16:50:20.386715] Epoch: [3]  [580/759]  eta: 0:00:20  lr: 0.000010  loss: 0.0178 (0.0264)  mae_m_mask: 0.2487 (0.2485)  rmse_m_mask: 0.3458 (0.3640)  normalized_mse_mask: 0.0178 (0.0264)  rmse_m_all: 7.2352 (7.5262)  actual_mask_ratio: 0.0686 (0.0718)  actual_prediction_mask_ratio: 0.2307 (0.2349)  ignored_patch_ratio: 0.0000 (0.0021)  time: 0.1158  data: 0.0001  max mem: 1904
[16:50:22.696089] Epoch: [3]  [600/759]  eta: 0:00:18  lr: 0.000010  loss: 0.0218 (0.0272)  mae_m_mask: 0.2564 (0.2496)  rmse_m_mask: 0.3502 (0.3651)  normalized_mse_mask: 0.0218 (0.0272)  rmse_m_all: 4.9477 (7.5018)  actual_mask_ratio: 0.0703 (0.0717)  actual_prediction_mask_ratio: 0.2290 (0.2348)  ignored_patch_ratio: 0.0000 (0.0023)  time: 0.1154  data: 0.0001  max mem: 1904
[16:50:25.012839] Epoch: [3]  [620/759]  eta: 0:00:16  lr: 0.000010  loss: 0.0137 (0.0278)  mae_m_mask: 0.2309 (0.2500)  rmse_m_mask: 0.3407 (0.3658)  normalized_mse_mask: 0.0137 (0.0278)  rmse_m_all: 5.7324 (7.4871)  actual_mask_ratio: 0.0737 (0.0718)  actual_prediction_mask_ratio: 0.2456 (0.2349)  ignored_patch_ratio: 0.0000 (0.0023)  time: 0.1158  data: 0.0001  max mem: 1904
[16:50:27.360425] Epoch: [3]  [640/759]  eta: 0:00:13  lr: 0.000010  loss: 0.0207 (0.0278)  mae_m_mask: 0.2339 (0.2502)  rmse_m_mask: 0.3286 (0.3658)  normalized_mse_mask: 0.0207 (0.0278)  rmse_m_all: 6.5208 (7.4744)  actual_mask_ratio: 0.0720 (0.0718)  actual_prediction_mask_ratio: 0.2415 (0.2351)  ignored_patch_ratio: 0.0000 (0.0023)  time: 0.1173  data: 0.0001  max mem: 1904
[16:50:29.678828] Epoch: [3]  [660/759]  eta: 0:00:11  lr: 0.000010  loss: 0.0166 (0.0278)  mae_m_mask: 0.2193 (0.2501)  rmse_m_mask: 0.3274 (0.3655)  normalized_mse_mask: 0.0166 (0.0278)  rmse_m_all: 7.1327 (7.4463)  actual_mask_ratio: 0.0732 (0.0718)  actual_prediction_mask_ratio: 0.2375 (0.2351)  ignored_patch_ratio: 0.0000 (0.0023)  time: 0.1159  data: 0.0001  max mem: 1904
[16:50:31.994426] Epoch: [3]  [680/759]  eta: 0:00:09  lr: 0.000010  loss: 0.0189 (0.0277)  mae_m_mask: 0.2057 (0.2487)  rmse_m_mask: 0.2675 (0.3632)  normalized_mse_mask: 0.0189 (0.0277)  rmse_m_all: 5.8683 (7.4333)  actual_mask_ratio: 0.0703 (0.0718)  actual_prediction_mask_ratio: 0.2313 (0.2349)  ignored_patch_ratio: 0.0000 (0.0023)  time: 0.1158  data: 0.0001  max mem: 1904
[16:50:34.308224] Epoch: [3]  [700/759]  eta: 0:00:06  lr: 0.000010  loss: 0.0204 (0.0279)  mae_m_mask: 0.2409 (0.2487)  rmse_m_mask: 0.3378 (0.3633)  normalized_mse_mask: 0.0204 (0.0279)  rmse_m_all: 8.8934 (7.4610)  actual_mask_ratio: 0.0709 (0.0717)  actual_prediction_mask_ratio: 0.2364 (0.2351)  ignored_patch_ratio: 0.0000 (0.0022)  time: 0.1157  data: 0.0001  max mem: 1904
[16:50:36.619210] Epoch: [3]  [720/759]  eta: 0:00:04  lr: 0.000010  loss: 0.0230 (0.0281)  mae_m_mask: 0.2516 (0.2491)  rmse_m_mask: 0.3462 (0.3640)  normalized_mse_mask: 0.0230 (0.0281)  rmse_m_all: 5.2646 (7.4387)  actual_mask_ratio: 0.0714 (0.0717)  actual_prediction_mask_ratio: 0.2347 (0.2351)  ignored_patch_ratio: 0.0000 (0.0022)  time: 0.1155  data: 0.0001  max mem: 1904
[16:50:38.932138] Epoch: [3]  [740/759]  eta: 0:00:02  lr: 0.000010  loss: 0.0177 (0.0281)  mae_m_mask: 0.2435 (0.2490)  rmse_m_mask: 0.3805 (0.3644)  normalized_mse_mask: 0.0177 (0.0281)  rmse_m_all: 10.0423 (7.4757)  actual_mask_ratio: 0.0686 (0.0717)  actual_prediction_mask_ratio: 0.2319 (0.2351)  ignored_patch_ratio: 0.0000 (0.0022)  time: 0.1156  data: 0.0001  max mem: 1904
[16:50:41.005749] Epoch: [3]  [758/759]  eta: 0:00:00  lr: 0.000010  loss: 0.0120 (0.0280)  mae_m_mask: 0.2746 (0.2499)  rmse_m_mask: 0.3962 (0.3662)  normalized_mse_mask: 0.0120 (0.0280)  rmse_m_all: 7.7145 (7.4808)  actual_mask_ratio: 0.0707 (0.0717)  actual_prediction_mask_ratio: 0.2336 (0.2352)  ignored_patch_ratio: 0.0000 (0.0022)  time: 0.1155  data: 0.0001  max mem: 1904
[16:50:41.027059] Epoch: [3] Total time: 0:01:28 (0.1160 s / it)
[16:50:41.028423] Averaged stats: {'lr': 9.979124825990155e-06, 'loss': 0.027260938577176465, 'mae_m_mask': 0.2484505140354746, 'rmse_m_mask': 0.3893899011301115, 'normalized_mse_mask': 0.027260938577176465, 'rmse_m_all': 7.480751098772911, 'actual_mask_ratio': 0.07173084383719995, 'actual_prediction_mask_ratio': 0.23515273989896057, 'ignored_patch_ratio': 0.002177197471437718, 'supervised_pixel_count': 14692318.0}
[16:50:41.208060] Val: [3]  [  0/533]  eta: 0:01:34  loss: 0.0102 (0.0102)  mae_m_mask: 0.8953 (0.8953)  rmse_m_mask: 1.1302 (1.1302)  normalized_mse_mask: 0.0102 (0.0102)  rmse_m_all: 14.2531 (14.2531)  actual_mask_ratio: 0.0787 (0.0787)  actual_prediction_mask_ratio: 0.2431 (0.2431)  ignored_patch_ratio: 0.0488 (0.0488)  time: 0.1771  data: 0.0828  max mem: 1904
[16:50:45.683875] Val: [3]  [ 50/533]  eta: 0:00:44  loss: 0.0012 (0.0037)  mae_m_mask: 0.6193 (0.7164)  rmse_m_mask: 0.7601 (0.8379)  normalized_mse_mask: 0.0012 (0.0037)  rmse_m_all: 13.5916 (14.4301)  actual_mask_ratio: 0.0694 (0.0693)  actual_prediction_mask_ratio: 0.2120 (0.2147)  ignored_patch_ratio: 0.0527 (0.0550)  time: 0.0884  data: 0.0001  max mem: 1904
[16:50:50.144303] Val: [3]  [100/533]  eta: 0:00:39  loss: 0.0004 (0.0022)  mae_m_mask: 0.5612 (0.6811)  rmse_m_mask: 0.7164 (0.8134)  normalized_mse_mask: 0.0004 (0.0022)  rmse_m_all: 18.3418 (16.1106)  actual_mask_ratio: 0.0645 (0.0686)  actual_prediction_mask_ratio: 0.2076 (0.2139)  ignored_patch_ratio: 0.0550 (0.0538)  time: 0.0890  data: 0.0001  max mem: 1904
[16:50:54.538133] Val: [3]  [150/533]  eta: 0:00:34  loss: 0.0007 (0.0018)  mae_m_mask: 0.4357 (0.6531)  rmse_m_mask: 0.5735 (0.7827)  normalized_mse_mask: 0.0007 (0.0018)  rmse_m_all: 11.6207 (16.0812)  actual_mask_ratio: 0.0707 (0.0688)  actual_prediction_mask_ratio: 0.2326 (0.2153)  ignored_patch_ratio: 0.0488 (0.0542)  time: 0.0876  data: 0.0001  max mem: 1904
[16:50:58.986789] Val: [3]  [200/533]  eta: 0:00:29  loss: 0.0011 (0.0017)  mae_m_mask: 0.7196 (0.6634)  rmse_m_mask: 0.8264 (0.7907)  normalized_mse_mask: 0.0011 (0.0017)  rmse_m_all: 14.4335 (15.5384)  actual_mask_ratio: 0.0760 (0.0695)  actual_prediction_mask_ratio: 0.2427 (0.2204)  ignored_patch_ratio: 0.0000 (0.0447)  time: 0.0903  data: 0.0001  max mem: 1904
[16:51:03.468381] Val: [3]  [250/533]  eta: 0:00:25  loss: 0.0009 (0.0017)  mae_m_mask: 0.8344 (0.7454)  rmse_m_mask: 1.0211 (0.8784)  normalized_mse_mask: 0.0009 (0.0017)  rmse_m_all: 15.0934 (15.9136)  actual_mask_ratio: 0.0725 (0.0702)  actual_prediction_mask_ratio: 0.2314 (0.2225)  ignored_patch_ratio: 0.0306 (0.0393)  time: 0.0890  data: 0.0001  max mem: 1904
[16:51:07.887785] Val: [3]  [300/533]  eta: 0:00:20  loss: 0.0004 (0.0017)  mae_m_mask: 0.7815 (0.7881)  rmse_m_mask: 0.9234 (0.9268)  normalized_mse_mask: 0.0004 (0.0017)  rmse_m_all: 24.0571 (17.0323)  actual_mask_ratio: 0.0700 (0.0704)  actual_prediction_mask_ratio: 0.2121 (0.2229)  ignored_patch_ratio: 0.0516 (0.0394)  time: 0.0874  data: 0.0001  max mem: 1904
[16:51:12.148636] Val: [3]  [350/533]  eta: 0:00:16  loss: 0.0006 (0.0016)  mae_m_mask: 0.6657 (0.7846)  rmse_m_mask: 0.8140 (0.9236)  normalized_mse_mask: 0.0006 (0.0016)  rmse_m_all: 20.2359 (17.2373)  actual_mask_ratio: 0.0698 (0.0705)  actual_prediction_mask_ratio: 0.2170 (0.2230)  ignored_patch_ratio: 0.0391 (0.0384)  time: 0.0862  data: 0.0001  max mem: 1904
[16:51:16.304204] Val: [3]  [400/533]  eta: 0:00:11  loss: 0.0007 (0.0015)  mae_m_mask: 0.6590 (0.7989)  rmse_m_mask: 0.8295 (0.9400)  normalized_mse_mask: 0.0007 (0.0015)  rmse_m_all: 19.5355 (17.6315)  actual_mask_ratio: 0.0683 (0.0702)  actual_prediction_mask_ratio: 0.2164 (0.2218)  ignored_patch_ratio: 0.0476 (0.0400)  time: 0.0830  data: 0.0001  max mem: 1904
[16:51:20.502487] Val: [3]  [450/533]  eta: 0:00:07  loss: 0.0009 (0.0016)  mae_m_mask: 0.8202 (0.8202)  rmse_m_mask: 1.0376 (0.9682)  normalized_mse_mask: 0.0009 (0.0016)  rmse_m_all: 17.5053 (17.6459)  actual_mask_ratio: 0.0670 (0.0702)  actual_prediction_mask_ratio: 0.2143 (0.2217)  ignored_patch_ratio: 0.0612 (0.0412)  time: 0.0839  data: 0.0001  max mem: 1904
[16:51:24.703845] Val: [3]  [500/533]  eta: 0:00:02  loss: 0.0004 (0.0015)  mae_m_mask: 0.5318 (0.8035)  rmse_m_mask: 0.6098 (0.9496)  normalized_mse_mask: 0.0004 (0.0015)  rmse_m_all: 16.8846 (17.6963)  actual_mask_ratio: 0.0673 (0.0700)  actual_prediction_mask_ratio: 0.2116 (0.2212)  ignored_patch_ratio: 0.0573 (0.0425)  time: 0.0842  data: 0.0001  max mem: 1904
[16:51:27.351477] Val: [3]  [532/533]  eta: 0:00:00  loss: 0.0006 (0.0015)  mae_m_mask: 0.6944 (0.7987)  rmse_m_mask: 0.8162 (0.9440)  normalized_mse_mask: 0.0006 (0.0015)  rmse_m_all: 18.3084 (17.7525)  actual_mask_ratio: 0.0666 (0.0699)  actual_prediction_mask_ratio: 0.2121 (0.2208)  ignored_patch_ratio: 0.0550 (0.0432)  time: 0.0819  data: 0.0001  max mem: 1904
[16:51:27.381619] Val: [3] Total time: 0:00:46 (0.0870 s / it)
[16:51:27.384986] val stats: {'loss': 0.0015319653131842463, 'mae_m_mask': 0.7876557313775405, 'rmse_m_mask': 1.045075634673885, 'normalized_mse_mask': 0.0015319653131842463, 'rmse_m_all': 17.752516670924862, 'actual_mask_ratio': 0.06990061117437499, 'actual_prediction_mask_ratio': 0.22084709342156744, 'ignored_patch_ratio': 0.04319662906886489, 'supervised_pixel_count': 11054205.0}
[16:51:36.626223] [BEST] New best val_mae_m_mask=0.787656 at epoch=3
[16:51:37.383865] log_dir: /tank/data/SFS/xinyis/data/bathymetry/MAE-Topography/Downstream_Task_Bathy/cross_validation_v5_Stage2NormMSE_MeterSelect/runs/holdout_CA_D004Stage2NormMSE_MeterSelect_D001NoDataSafe/train_stage2_normMSE_meterSelect_CA_KlamathRiver_TopoBathy_2018_D18_fromStage1Best_e120_lr1e-5_b4_acc4/tb
[16:51:37.506128] Epoch: [4]  [  0/759]  eta: 0:01:32  lr: 0.000010  loss: 0.0011 (0.0011)  mae_m_mask: 0.1900 (0.1900)  rmse_m_mask: 0.2678 (0.2678)  normalized_mse_mask: 0.0011 (0.0011)  rmse_m_all: 12.6501 (12.6501)  actual_mask_ratio: 0.0595 (0.0595)  actual_prediction_mask_ratio: 0.2035 (0.2035)  ignored_patch_ratio: 0.0000 (0.0000)  time: 0.1215  data: 0.0752  max mem: 1904
[16:51:39.760233] Epoch: [4]  [ 20/759]  eta: 0:01:23  lr: 0.000010  loss: 0.0219 (0.0241)  mae_m_mask: 0.1760 (0.2074)  rmse_m_mask: 0.2620 (0.3015)  normalized_mse_mask: 0.0219 (0.0241)  rmse_m_all: 4.7757 (6.0944)  actual_mask_ratio: 0.0703 (0.0695)  actual_prediction_mask_ratio: 0.2398 (0.2331)  ignored_patch_ratio: 0.0000 (0.0031)  time: 0.1127  data: 0.0001  max mem: 1904
[16:51:42.077987] Epoch: [4]  [ 40/759]  eta: 0:01:22  lr: 0.000010  loss: 0.0110 (0.0219)  mae_m_mask: 0.2448 (0.2279)  rmse_m_mask: 0.3423 (0.3313)  normalized_mse_mask: 0.0110 (0.0219)  rmse_m_all: 5.8853 (6.5983)  actual_mask_ratio: 0.0714 (0.0700)  actual_prediction_mask_ratio: 0.2330 (0.2330)  ignored_patch_ratio: 0.0000 (0.0021)  time: 0.1159  data: 0.0001  max mem: 1904
[16:51:44.379294] Epoch: [4]  [ 60/759]  eta: 0:01:20  lr: 0.000010  loss: 0.0075 (0.0197)  mae_m_mask: 0.2440 (0.2366)  rmse_m_mask: 0.3842 (0.3497)  normalized_mse_mask: 0.0075 (0.0197)  rmse_m_all: 8.5591 (7.3295)  actual_mask_ratio: 0.0720 (0.0704)  actual_prediction_mask_ratio: 0.2409 (0.2337)  ignored_patch_ratio: 0.0000 (0.0024)  time: 0.1150  data: 0.0001  max mem: 1904
[16:51:46.675966] Epoch: [4]  [ 80/759]  eta: 0:01:17  lr: 0.000010  loss: 0.0198 (0.0217)  mae_m_mask: 0.2365 (0.2421)  rmse_m_mask: 0.3563 (0.3583)  normalized_mse_mask: 0.0198 (0.0217)  rmse_m_all: 5.0403 (7.2892)  actual_mask_ratio: 0.0754 (0.0714)  actual_prediction_mask_ratio: 0.2506 (0.2357)  ignored_patch_ratio: 0.0000 (0.0031)  time: 0.1148  data: 0.0001  max mem: 1904
[16:51:48.989482] Epoch: [4]  [100/759]  eta: 0:01:15  lr: 0.000010  loss: 0.0062 (0.0211)  mae_m_mask: 0.2336 (0.2460)  rmse_m_mask: 0.3325 (0.3639)  normalized_mse_mask: 0.0062 (0.0211)  rmse_m_all: 6.3250 (7.3732)  actual_mask_ratio: 0.0714 (0.0716)  actual_prediction_mask_ratio: 0.2336 (0.2353)  ignored_patch_ratio: 0.0000 (0.0025)  time: 0.1156  data: 0.0001  max mem: 1904
[16:51:51.277050] Epoch: [4]  [120/759]  eta: 0:01:13  lr: 0.000010  loss: 0.0146 (0.0218)  mae_m_mask: 0.2254 (0.2482)  rmse_m_mask: 0.3278 (0.3685)  normalized_mse_mask: 0.0146 (0.0218)  rmse_m_all: 7.2583 (7.4918)  actual_mask_ratio: 0.0709 (0.0717)  actual_prediction_mask_ratio: 0.2426 (0.2363)  ignored_patch_ratio: 0.0000 (0.0025)  time: 0.1143  data: 0.0001  max mem: 1904
[16:51:53.574061] Epoch: [4]  [140/759]  eta: 0:01:11  lr: 0.000010  loss: 0.0154 (0.0237)  mae_m_mask: 0.2419 (0.2490)  rmse_m_mask: 0.3578 (0.3696)  normalized_mse_mask: 0.0154 (0.0237)  rmse_m_all: 8.3657 (7.6431)  actual_mask_ratio: 0.0709 (0.0717)  actual_prediction_mask_ratio: 0.2353 (0.2363)  ignored_patch_ratio: 0.0000 (0.0022)  time: 0.1148  data: 0.0001  max mem: 1904
[16:51:55.847913] Epoch: [4]  [160/759]  eta: 0:01:08  lr: 0.000010  loss: 0.0130 (0.0236)  mae_m_mask: 0.2803 (0.2541)  rmse_m_mask: 0.3994 (0.3793)  normalized_mse_mask: 0.0130 (0.0236)  rmse_m_all: 9.5015 (7.9271)  actual_mask_ratio: 0.0726 (0.0719)  actual_prediction_mask_ratio: 0.2348 (0.2361)  ignored_patch_ratio: 0.0000 (0.0020)  time: 0.1137  data: 0.0001  max mem: 1904
[16:51:58.180397] Epoch: [4]  [180/759]  eta: 0:01:06  lr: 0.000010  loss: 0.0175 (0.0239)  mae_m_mask: 0.2182 (0.2523)  rmse_m_mask: 0.3047 (0.3753)  normalized_mse_mask: 0.0175 (0.0239)  rmse_m_all: 7.3888 (7.8678)  actual_mask_ratio: 0.0714 (0.0716)  actual_prediction_mask_ratio: 0.2289 (0.2354)  ignored_patch_ratio: 0.0000 (0.0020)  time: 0.1166  data: 0.0001  max mem: 1904
[16:52:00.512649] Epoch: [4]  [200/759]  eta: 0:01:04  lr: 0.000010  loss: 0.0064 (0.0224)  mae_m_mask: 0.2303 (0.2530)  rmse_m_mask: 0.3584 (0.3754)  normalized_mse_mask: 0.0064 (0.0224)  rmse_m_all: 6.3741 (7.7885)  actual_mask_ratio: 0.0731 (0.0718)  actual_prediction_mask_ratio: 0.2353 (0.2359)  ignored_patch_ratio: 0.0000 (0.0018)  time: 0.1166  data: 0.0001  max mem: 1904
[16:52:02.838763] Epoch: [4]  [220/759]  eta: 0:01:02  lr: 0.000010  loss: 0.0098 (0.0221)  mae_m_mask: 0.2260 (0.2517)  rmse_m_mask: 0.3456 (0.3724)  normalized_mse_mask: 0.0098 (0.0221)  rmse_m_all: 6.7282 (7.7623)  actual_mask_ratio: 0.0737 (0.0719)  actual_prediction_mask_ratio: 0.2370 (0.2362)  ignored_patch_ratio: 0.0000 (0.0019)  time: 0.1163  data: 0.0001  max mem: 1904
[16:52:05.166270] Epoch: [4]  [240/759]  eta: 0:00:59  lr: 0.000010  loss: 0.0115 (0.0223)  mae_m_mask: 0.2108 (0.2504)  rmse_m_mask: 0.3127 (0.3695)  normalized_mse_mask: 0.0115 (0.0223)  rmse_m_all: 6.5748 (7.7032)  actual_mask_ratio: 0.0694 (0.0718)  actual_prediction_mask_ratio: 0.2324 (0.2359)  ignored_patch_ratio: 0.0000 (0.0019)  time: 0.1163  data: 0.0001  max mem: 1904
[16:52:07.495597] Epoch: [4]  [260/759]  eta: 0:00:57  lr: 0.000010  loss: 0.0195 (0.0235)  mae_m_mask: 0.2326 (0.2507)  rmse_m_mask: 0.3377 (0.3686)  normalized_mse_mask: 0.0195 (0.0235)  rmse_m_all: 8.9341 (7.7881)  actual_mask_ratio: 0.0669 (0.0715)  actual_prediction_mask_ratio: 0.2171 (0.2346)  ignored_patch_ratio: 0.0000 (0.0022)  time: 0.1164  data: 0.0001  max mem: 1904
[16:52:09.820989] Epoch: [4]  [280/759]  eta: 0:00:55  lr: 0.000010  loss: 0.0070 (0.0233)  mae_m_mask: 0.2553 (0.2522)  rmse_m_mask: 0.3848 (0.3697)  normalized_mse_mask: 0.0070 (0.0233)  rmse_m_all: 6.8933 (7.7713)  actual_mask_ratio: 0.0743 (0.0715)  actual_prediction_mask_ratio: 0.2392 (0.2348)  ignored_patch_ratio: 0.0000 (0.0023)  time: 0.1162  data: 0.0001  max mem: 1904
[16:52:12.151413] Epoch: [4]  [300/759]  eta: 0:00:53  lr: 0.000010  loss: 0.0119 (0.0236)  mae_m_mask: 0.2130 (0.2510)  rmse_m_mask: 0.3250 (0.3685)  normalized_mse_mask: 0.0119 (0.0236)  rmse_m_all: 10.1859 (7.8708)  actual_mask_ratio: 0.0686 (0.0714)  actual_prediction_mask_ratio: 0.2262 (0.2343)  ignored_patch_ratio: 0.0000 (0.0024)  time: 0.1165  data: 0.0001  max mem: 1904
[16:52:14.476786] Epoch: [4]  [320/759]  eta: 0:00:50  lr: 0.000010  loss: 0.0130 (0.0239)  mae_m_mask: 0.2080 (0.2513)  rmse_m_mask: 0.3196 (0.3691)  normalized_mse_mask: 0.0130 (0.0239)  rmse_m_all: 4.9008 (7.7712)  actual_mask_ratio: 0.0709 (0.0714)  actual_prediction_mask_ratio: 0.2285 (0.2342)  ignored_patch_ratio: 0.0000 (0.0025)  time: 0.1162  data: 0.0001  max mem: 1904
[16:52:16.809414] Epoch: [4]  [340/759]  eta: 0:00:48  lr: 0.000010  loss: 0.0199 (0.0243)  mae_m_mask: 0.2335 (0.2513)  rmse_m_mask: 0.3294 (0.3684)  normalized_mse_mask: 0.0199 (0.0243)  rmse_m_all: 8.2022 (7.7920)  actual_mask_ratio: 0.0731 (0.0715)  actual_prediction_mask_ratio: 0.2375 (0.2345)  ignored_patch_ratio: 0.0000 (0.0024)  time: 0.1166  data: 0.0001  max mem: 1904
[16:52:19.141374] Epoch: [4]  [360/759]  eta: 0:00:46  lr: 0.000010  loss: 0.0190 (0.0245)  mae_m_mask: 0.2315 (0.2514)  rmse_m_mask: 0.3554 (0.3688)  normalized_mse_mask: 0.0190 (0.0245)  rmse_m_all: 6.7668 (7.7335)  actual_mask_ratio: 0.0748 (0.0715)  actual_prediction_mask_ratio: 0.2443 (0.2347)  ignored_patch_ratio: 0.0000 (0.0024)  time: 0.1166  data: 0.0001  max mem: 1904
[16:52:21.474798] Epoch: [4]  [380/759]  eta: 0:00:43  lr: 0.000010  loss: 0.0105 (0.0243)  mae_m_mask: 0.2587 (0.2527)  rmse_m_mask: 0.3932 (0.3710)  normalized_mse_mask: 0.0105 (0.0243)  rmse_m_all: 8.5864 (7.7669)  actual_mask_ratio: 0.0686 (0.0714)  actual_prediction_mask_ratio: 0.2251 (0.2343)  ignored_patch_ratio: 0.0000 (0.0023)  time: 0.1166  data: 0.0001  max mem: 1904
[16:52:23.799306] Epoch: [4]  [400/759]  eta: 0:00:41  lr: 0.000010  loss: 0.0061 (0.0241)  mae_m_mask: 0.2221 (0.2518)  rmse_m_mask: 0.3388 (0.3691)  normalized_mse_mask: 0.0061 (0.0241)  rmse_m_all: 7.3636 (7.7731)  actual_mask_ratio: 0.0743 (0.0716)  actual_prediction_mask_ratio: 0.2464 (0.2347)  ignored_patch_ratio: 0.0000 (0.0023)  time: 0.1162  data: 0.0001  max mem: 1904
[16:52:26.128146] Epoch: [4]  [420/759]  eta: 0:00:39  lr: 0.000010  loss: 0.0184 (0.0247)  mae_m_mask: 0.2468 (0.2532)  rmse_m_mask: 0.3540 (0.3716)  normalized_mse_mask: 0.0184 (0.0247)  rmse_m_all: 6.3842 (7.7891)  actual_mask_ratio: 0.0697 (0.0716)  actual_prediction_mask_ratio: 0.2370 (0.2347)  ignored_patch_ratio: 0.0000 (0.0023)  time: 0.1164  data: 0.0001  max mem: 1904
[16:52:28.457522] Epoch: [4]  [440/759]  eta: 0:00:36  lr: 0.000010  loss: 0.0177 (0.0251)  mae_m_mask: 0.2217 (0.2519)  rmse_m_mask: 0.3232 (0.3698)  normalized_mse_mask: 0.0177 (0.0251)  rmse_m_all: 6.7156 (7.7910)  actual_mask_ratio: 0.0726 (0.0716)  actual_prediction_mask_ratio: 0.2324 (0.2348)  ignored_patch_ratio: 0.0000 (0.0022)  time: 0.1164  data: 0.0001  max mem: 1904
[16:52:30.784760] Epoch: [4]  [460/759]  eta: 0:00:34  lr: 0.000010  loss: 0.0131 (0.0249)  mae_m_mask: 0.2227 (0.2520)  rmse_m_mask: 0.3488 (0.3699)  normalized_mse_mask: 0.0131 (0.0249)  rmse_m_all: 9.5253 (7.8858)  actual_mask_ratio: 0.0703 (0.0715)  actual_prediction_mask_ratio: 0.2285 (0.2347)  ignored_patch_ratio: 0.0000 (0.0022)  time: 0.1163  data: 0.0001  max mem: 1904
[16:52:33.118450] Epoch: [4]  [480/759]  eta: 0:00:32  lr: 0.000010  loss: 0.0292 (0.0262)  mae_m_mask: 0.2205 (0.2521)  rmse_m_mask: 0.3527 (0.3704)  normalized_mse_mask: 0.0292 (0.0262)  rmse_m_all: 5.1740 (7.8267)  actual_mask_ratio: 0.0729 (0.0716)  actual_prediction_mask_ratio: 0.2324 (0.2348)  ignored_patch_ratio: 0.0000 (0.0022)  time: 0.1167  data: 0.0001  max mem: 1904
[16:52:35.450385] Epoch: [4]  [500/759]  eta: 0:00:30  lr: 0.000010  loss: 0.0244 (0.0261)  mae_m_mask: 0.2409 (0.2529)  rmse_m_mask: 0.3447 (0.3721)  normalized_mse_mask: 0.0244 (0.0261)  rmse_m_all: 5.5854 (7.7889)  actual_mask_ratio: 0.0703 (0.0715)  actual_prediction_mask_ratio: 0.2290 (0.2345)  ignored_patch_ratio: 0.0000 (0.0022)  time: 0.1166  data: 0.0001  max mem: 1904
[16:52:37.777733] Epoch: [4]  [520/759]  eta: 0:00:27  lr: 0.000010  loss: 0.0245 (0.0266)  mae_m_mask: 0.2145 (0.2516)  rmse_m_mask: 0.2975 (0.3699)  normalized_mse_mask: 0.0245 (0.0266)  rmse_m_all: 5.9658 (7.7939)  actual_mask_ratio: 0.0709 (0.0715)  actual_prediction_mask_ratio: 0.2205 (0.2340)  ignored_patch_ratio: 0.0000 (0.0022)  time: 0.1163  data: 0.0001  max mem: 1904
[16:52:40.107713] Epoch: [4]  [540/759]  eta: 0:00:25  lr: 0.000010  loss: 0.0090 (0.0261)  mae_m_mask: 0.2328 (0.2515)  rmse_m_mask: 0.3554 (0.3701)  normalized_mse_mask: 0.0090 (0.0261)  rmse_m_all: 7.0198 (7.7837)  actual_mask_ratio: 0.0714 (0.0714)  actual_prediction_mask_ratio: 0.2279 (0.2339)  ignored_patch_ratio: 0.0000 (0.0021)  time: 0.1165  data: 0.0001  max mem: 1904
[16:52:42.430343] Epoch: [4]  [560/759]  eta: 0:00:23  lr: 0.000010  loss: 0.0223 (0.0266)  mae_m_mask: 0.2382 (0.2510)  rmse_m_mask: 0.3460 (0.3698)  normalized_mse_mask: 0.0223 (0.0266)  rmse_m_all: 7.3308 (7.7573)  actual_mask_ratio: 0.0737 (0.0715)  actual_prediction_mask_ratio: 0.2472 (0.2341)  ignored_patch_ratio: 0.0000 (0.0021)  time: 0.1161  data: 0.0001  max mem: 1904
[16:52:44.760044] Epoch: [4]  [580/759]  eta: 0:00:20  lr: 0.000010  loss: 0.0214 (0.0269)  mae_m_mask: 0.2151 (0.2505)  rmse_m_mask: 0.3464 (0.3687)  normalized_mse_mask: 0.0214 (0.0269)  rmse_m_all: 4.8043 (7.6836)  actual_mask_ratio: 0.0731 (0.0716)  actual_prediction_mask_ratio: 0.2426 (0.2345)  ignored_patch_ratio: 0.0000 (0.0021)  time: 0.1165  data: 0.0001  max mem: 1904
[16:52:47.090918] Epoch: [4]  [600/759]  eta: 0:00:18  lr: 0.000010  loss: 0.0101 (0.0266)  mae_m_mask: 0.2772 (0.2517)  rmse_m_mask: 0.4008 (0.3702)  normalized_mse_mask: 0.0101 (0.0266)  rmse_m_all: 7.0567 (7.6831)  actual_mask_ratio: 0.0720 (0.0716)  actual_prediction_mask_ratio: 0.2268 (0.2343)  ignored_patch_ratio: 0.0000 (0.0021)  time: 0.1165  data: 0.0001  max mem: 1904
[16:52:49.418471] Epoch: [4]  [620/759]  eta: 0:00:16  lr: 0.000010  loss: 0.0175 (0.0266)  mae_m_mask: 0.1893 (0.2505)  rmse_m_mask: 0.2625 (0.3683)  normalized_mse_mask: 0.0175 (0.0266)  rmse_m_all: 4.7960 (7.6305)  actual_mask_ratio: 0.0714 (0.0716)  actual_prediction_mask_ratio: 0.2448 (0.2344)  ignored_patch_ratio: 0.0000 (0.0021)  time: 0.1163  data: 0.0001  max mem: 1904
[16:52:51.750362] Epoch: [4]  [640/759]  eta: 0:00:13  lr: 0.000010  loss: 0.0128 (0.0268)  mae_m_mask: 0.2033 (0.2492)  rmse_m_mask: 0.2634 (0.3666)  normalized_mse_mask: 0.0128 (0.0268)  rmse_m_all: 3.8745 (7.5581)  actual_mask_ratio: 0.0726 (0.0716)  actual_prediction_mask_ratio: 0.2441 (0.2346)  ignored_patch_ratio: 0.0000 (0.0022)  time: 0.1166  data: 0.0001  max mem: 1904
[16:52:54.082656] Epoch: [4]  [660/759]  eta: 0:00:11  lr: 0.000010  loss: 0.0109 (0.0264)  mae_m_mask: 0.2322 (0.2491)  rmse_m_mask: 0.3477 (0.3664)  normalized_mse_mask: 0.0109 (0.0264)  rmse_m_all: 8.7418 (7.6082)  actual_mask_ratio: 0.0748 (0.0716)  actual_prediction_mask_ratio: 0.2341 (0.2346)  ignored_patch_ratio: 0.0000 (0.0022)  time: 0.1166  data: 0.0001  max mem: 1904
[16:52:56.414595] Epoch: [4]  [680/759]  eta: 0:00:09  lr: 0.000010  loss: 0.0105 (0.0264)  mae_m_mask: 0.1967 (0.2480)  rmse_m_mask: 0.2838 (0.3651)  normalized_mse_mask: 0.0105 (0.0264)  rmse_m_all: 5.6108 (7.5913)  actual_mask_ratio: 0.0731 (0.0716)  actual_prediction_mask_ratio: 0.2382 (0.2347)  ignored_patch_ratio: 0.0000 (0.0022)  time: 0.1166  data: 0.0001  max mem: 1904
[16:52:58.744611] Epoch: [4]  [700/759]  eta: 0:00:06  lr: 0.000010  loss: 0.0153 (0.0269)  mae_m_mask: 0.2353 (0.2478)  rmse_m_mask: 0.3244 (0.3647)  normalized_mse_mask: 0.0153 (0.0269)  rmse_m_all: 5.2014 (7.5426)  actual_mask_ratio: 0.0703 (0.0716)  actual_prediction_mask_ratio: 0.2330 (0.2348)  ignored_patch_ratio: 0.0000 (0.0022)  time: 0.1165  data: 0.0001  max mem: 1904
[16:53:01.076588] Epoch: [4]  [720/759]  eta: 0:00:04  lr: 0.000010  loss: 0.0155 (0.0271)  mae_m_mask: 0.2260 (0.2483)  rmse_m_mask: 0.3160 (0.3657)  normalized_mse_mask: 0.0155 (0.0271)  rmse_m_all: 5.6109 (7.5058)  actual_mask_ratio: 0.0709 (0.0716)  actual_prediction_mask_ratio: 0.2273 (0.2348)  ignored_patch_ratio: 0.0000 (0.0022)  time: 0.1166  data: 0.0001  max mem: 1904
[16:53:03.406243] Epoch: [4]  [740/759]  eta: 0:00:02  lr: 0.000010  loss: 0.0194 (0.0272)  mae_m_mask: 0.2392 (0.2481)  rmse_m_mask: 0.3409 (0.3654)  normalized_mse_mask: 0.0194 (0.0272)  rmse_m_all: 6.5359 (7.5111)  actual_mask_ratio: 0.0726 (0.0717)  actual_prediction_mask_ratio: 0.2404 (0.2350)  ignored_patch_ratio: 0.0000 (0.0022)  time: 0.1165  data: 0.0001  max mem: 1904
[16:53:05.504414] Epoch: [4]  [758/759]  eta: 0:00:00  lr: 0.000010  loss: 0.0219 (0.0272)  mae_m_mask: 0.2393 (0.2486)  rmse_m_mask: 0.3166 (0.3655)  normalized_mse_mask: 0.0219 (0.0272)  rmse_m_all: 7.0699 (7.5041)  actual_mask_ratio: 0.0748 (0.0717)  actual_prediction_mask_ratio: 0.2421 (0.2352)  ignored_patch_ratio: 0.0000 (0.0022)  time: 0.1164  data: 0.0001  max mem: 1904
[16:53:05.534016] Epoch: [4] Total time: 0:01:28 (0.1161 s / it)
[16:53:05.536456] Averaged stats: {'lr': 9.965588564877565e-06, 'loss': 0.026815559771758545, 'mae_m_mask': 0.24704786672644688, 'rmse_m_mask': 0.3877349731055356, 'normalized_mse_mask': 0.026815559771758545, 'rmse_m_all': 7.504120784393256, 'actual_mask_ratio': 0.07172766190920422, 'actual_prediction_mask_ratio': 0.2351505684326446, 'ignored_patch_ratio': 0.002177197628498706, 'supervised_pixel_count': 14692925.0}
[16:53:05.712207] Val: [4]  [  0/533]  eta: 0:01:32  loss: 0.0119 (0.0119)  mae_m_mask: 1.1017 (1.1017)  rmse_m_mask: 1.2934 (1.2934)  normalized_mse_mask: 0.0119 (0.0119)  rmse_m_all: 14.1153 (14.1153)  actual_mask_ratio: 0.0787 (0.0787)  actual_prediction_mask_ratio: 0.2431 (0.2431)  ignored_patch_ratio: 0.0488 (0.0488)  time: 0.1732  data: 0.0854  max mem: 1904
[16:53:10.150965] Val: [4]  [ 50/533]  eta: 0:00:43  loss: 0.0019 (0.0042)  mae_m_mask: 0.7159 (0.8316)  rmse_m_mask: 0.9085 (0.9576)  normalized_mse_mask: 0.0019 (0.0042)  rmse_m_all: 13.4835 (14.2869)  actual_mask_ratio: 0.0694 (0.0693)  actual_prediction_mask_ratio: 0.2120 (0.2147)  ignored_patch_ratio: 0.0527 (0.0550)  time: 0.0900  data: 0.0001  max mem: 1904
[16:53:14.550183] Val: [4]  [100/533]  eta: 0:00:38  loss: 0.0004 (0.0026)  mae_m_mask: 0.5814 (0.7628)  rmse_m_mask: 0.7138 (0.8976)  normalized_mse_mask: 0.0004 (0.0026)  rmse_m_all: 18.1361 (15.9447)  actual_mask_ratio: 0.0645 (0.0686)  actual_prediction_mask_ratio: 0.2076 (0.2139)  ignored_patch_ratio: 0.0550 (0.0538)  time: 0.0884  data: 0.0001  max mem: 1904
[16:53:18.922814] Val: [4]  [150/533]  eta: 0:00:33  loss: 0.0006 (0.0020)  mae_m_mask: 0.4261 (0.7245)  rmse_m_mask: 0.5495 (0.8577)  normalized_mse_mask: 0.0006 (0.0020)  rmse_m_all: 11.5149 (15.9119)  actual_mask_ratio: 0.0707 (0.0688)  actual_prediction_mask_ratio: 0.2326 (0.2153)  ignored_patch_ratio: 0.0488 (0.0542)  time: 0.0889  data: 0.0001  max mem: 1904
[16:53:23.329764] Val: [4]  [200/533]  eta: 0:00:29  loss: 0.0008 (0.0018)  mae_m_mask: 0.6092 (0.6922)  rmse_m_mask: 0.6922 (0.8216)  normalized_mse_mask: 0.0008 (0.0018)  rmse_m_all: 14.2978 (15.3773)  actual_mask_ratio: 0.0760 (0.0695)  actual_prediction_mask_ratio: 0.2427 (0.2204)  ignored_patch_ratio: 0.0000 (0.0447)  time: 0.0889  data: 0.0001  max mem: 1904
[16:53:27.790805] Val: [4]  [250/533]  eta: 0:00:25  loss: 0.0012 (0.0018)  mae_m_mask: 0.9470 (0.7467)  rmse_m_mask: 1.1895 (0.8819)  normalized_mse_mask: 0.0012 (0.0018)  rmse_m_all: 14.9196 (15.7473)  actual_mask_ratio: 0.0725 (0.0702)  actual_prediction_mask_ratio: 0.2314 (0.2225)  ignored_patch_ratio: 0.0306 (0.0393)  time: 0.0884  data: 0.0001  max mem: 1904
[16:53:32.264791] Val: [4]  [300/533]  eta: 0:00:20  loss: 0.0006 (0.0017)  mae_m_mask: 0.7488 (0.8118)  rmse_m_mask: 0.9239 (0.9537)  normalized_mse_mask: 0.0006 (0.0017)  rmse_m_all: 23.8186 (16.8530)  actual_mask_ratio: 0.0700 (0.0704)  actual_prediction_mask_ratio: 0.2121 (0.2229)  ignored_patch_ratio: 0.0516 (0.0394)  time: 0.0891  data: 0.0001  max mem: 1904
[16:53:36.549033] Val: [4]  [350/533]  eta: 0:00:16  loss: 0.0008 (0.0017)  mae_m_mask: 0.8008 (0.8058)  rmse_m_mask: 0.9597 (0.9477)  normalized_mse_mask: 0.0008 (0.0017)  rmse_m_all: 20.0131 (17.0562)  actual_mask_ratio: 0.0698 (0.0705)  actual_prediction_mask_ratio: 0.2170 (0.2230)  ignored_patch_ratio: 0.0391 (0.0384)  time: 0.0867  data: 0.0001  max mem: 1904
[16:53:40.818105] Val: [4]  [400/533]  eta: 0:00:11  loss: 0.0009 (0.0016)  mae_m_mask: 0.7734 (0.8409)  rmse_m_mask: 0.9138 (0.9854)  normalized_mse_mask: 0.0009 (0.0016)  rmse_m_all: 19.3081 (17.4450)  actual_mask_ratio: 0.0683 (0.0702)  actual_prediction_mask_ratio: 0.2164 (0.2218)  ignored_patch_ratio: 0.0476 (0.0400)  time: 0.0848  data: 0.0001  max mem: 1904
[16:53:44.986821] Val: [4]  [450/533]  eta: 0:00:07  loss: 0.0014 (0.0018)  mae_m_mask: 1.0402 (0.8787)  rmse_m_mask: 1.2586 (1.0304)  normalized_mse_mask: 0.0014 (0.0018)  rmse_m_all: 17.3028 (17.4590)  actual_mask_ratio: 0.0670 (0.0702)  actual_prediction_mask_ratio: 0.2143 (0.2217)  ignored_patch_ratio: 0.0612 (0.0412)  time: 0.0808  data: 0.0001  max mem: 1904
[16:53:49.174243] Val: [4]  [500/533]  eta: 0:00:02  loss: 0.0004 (0.0017)  mae_m_mask: 0.6127 (0.8634)  rmse_m_mask: 0.7448 (1.0130)  normalized_mse_mask: 0.0004 (0.0017)  rmse_m_all: 16.7100 (17.5093)  actual_mask_ratio: 0.0673 (0.0700)  actual_prediction_mask_ratio: 0.2116 (0.2212)  ignored_patch_ratio: 0.0573 (0.0425)  time: 0.0837  data: 0.0001  max mem: 1904
[16:53:51.816107] Val: [4]  [532/533]  eta: 0:00:00  loss: 0.0008 (0.0017)  mae_m_mask: 0.7383 (0.8607)  rmse_m_mask: 0.9224 (1.0095)  normalized_mse_mask: 0.0008 (0.0017)  rmse_m_all: 18.1318 (17.5647)  actual_mask_ratio: 0.0666 (0.0699)  actual_prediction_mask_ratio: 0.2121 (0.2208)  ignored_patch_ratio: 0.0550 (0.0432)  time: 0.0819  data: 0.0001  max mem: 1904
[16:53:51.849353] Val: [4] Total time: 0:00:46 (0.0869 s / it)
[16:53:51.854009] val stats: {'loss': 0.001689000468362014, 'mae_m_mask': 0.8388079200721863, 'rmse_m_mask': 1.1189442639468825, 'normalized_mse_mask': 0.001689000468362014, 'rmse_m_all': 17.5647191263274, 'actual_mask_ratio': 0.06990061117437499, 'actual_prediction_mask_ratio': 0.22084709342156744, 'ignored_patch_ratio': 0.04319662906886489, 'supervised_pixel_count': 11054205.0}
[16:53:58.637382] log_dir: /tank/data/SFS/xinyis/data/bathymetry/MAE-Topography/Downstream_Task_Bathy/cross_validation_v5_Stage2NormMSE_MeterSelect/runs/holdout_CA_D004Stage2NormMSE_MeterSelect_D001NoDataSafe/train_stage2_normMSE_meterSelect_CA_KlamathRiver_TopoBathy_2018_D18_fromStage1Best_e120_lr1e-5_b4_acc4/tb
[16:53:58.829493] Epoch: [5]  [  0/759]  eta: 0:02:25  lr: 0.000010  loss: 0.0097 (0.0097)  mae_m_mask: 0.2468 (0.2468)  rmse_m_mask: 0.3634 (0.3634)  normalized_mse_mask: 0.0097 (0.0097)  rmse_m_all: 17.8418 (17.8418)  actual_mask_ratio: 0.0811 (0.0811)  actual_prediction_mask_ratio: 0.2500 (0.2500)  ignored_patch_ratio: 0.0000 (0.0000)  time: 0.1915  data: 0.0805  max mem: 1904
[16:54:01.024037] Epoch: [5]  [ 20/759]  eta: 0:01:23  lr: 0.000010  loss: 0.0119 (0.0221)  mae_m_mask: 0.2205 (0.2605)  rmse_m_mask: 0.3576 (0.3871)  normalized_mse_mask: 0.0119 (0.0221)  rmse_m_all: 6.7949 (7.9680)  actual_mask_ratio: 0.0721 (0.0734)  actual_prediction_mask_ratio: 0.2405 (0.2402)  ignored_patch_ratio: 0.0000 (0.0042)  time: 0.1097  data: 0.0001  max mem: 1904
[16:54:02.934118] Epoch: [5]  [ 40/759]  eta: 0:01:15  lr: 0.000010  loss: 0.0174 (0.0263)  mae_m_mask: 0.2589 (0.2653)  rmse_m_mask: 0.3752 (0.3989)  normalized_mse_mask: 0.0174 (0.0263)  rmse_m_all: 8.6165 (8.3615)  actual_mask_ratio: 0.0693 (0.0720)  actual_prediction_mask_ratio: 0.2339 (0.2355)  ignored_patch_ratio: 0.0000 (0.0029)  time: 0.0955  data: 0.0001  max mem: 1904
[16:54:06.331023] Epoch: [5]  [ 60/759]  eta: 0:01:28  lr: 0.000010  loss: 0.0090 (0.0240)  mae_m_mask: 0.2505 (0.2584)  rmse_m_mask: 0.3576 (0.3872)  normalized_mse_mask: 0.0090 (0.0240)  rmse_m_all: 6.1823 (8.0471)  actual_mask_ratio: 0.0738 (0.0728)  actual_prediction_mask_ratio: 0.2415 (0.2372)  ignored_patch_ratio: 0.0000 (0.0025)  time: 0.1698  data: 0.0510  max mem: 1904
[16:54:08.204219] Epoch: [5]  [ 80/759]  eta: 0:01:20  lr: 0.000010  loss: 0.0090 (0.0222)  mae_m_mask: 0.2936 (0.2655)  rmse_m_mask: 0.4106 (0.3945)  normalized_mse_mask: 0.0090 (0.0222)  rmse_m_all: 5.8000 (7.7921)  actual_mask_ratio: 0.0703 (0.0723)  actual_prediction_mask_ratio: 0.2285 (0.2363)  ignored_patch_ratio: 0.0000 (0.0027)  time: 0.0936  data: 0.0001  max mem: 1904
[16:54:10.499921] Epoch: [5]  [100/759]  eta: 0:01:17  lr: 0.000010  loss: 0.0180 (0.0217)  mae_m_mask: 0.2069 (0.2546)  rmse_m_mask: 0.3117 (0.3802)  normalized_mse_mask: 0.0180 (0.0217)  rmse_m_all: 6.2075 (7.6073)  actual_mask_ratio: 0.0720 (0.0719)  actual_prediction_mask_ratio: 0.2364 (0.2362)  ignored_patch_ratio: 0.0000 (0.0029)  time: 0.1148  data: 0.0001  max mem: 1904
[16:54:12.812113] Epoch: [5]  [120/759]  eta: 0:01:14  lr: 0.000010  loss: 0.0257 (0.0232)  mae_m_mask: 0.2156 (0.2528)  rmse_m_mask: 0.3261 (0.3778)  normalized_mse_mask: 0.0257 (0.0232)  rmse_m_all: 7.6307 (7.6258)  actual_mask_ratio: 0.0720 (0.0717)  actual_prediction_mask_ratio: 0.2415 (0.2367)  ignored_patch_ratio: 0.0000 (0.0027)  time: 0.1156  data: 0.0001  max mem: 1904
[16:54:15.133791] Epoch: [5]  [140/759]  eta: 0:01:12  lr: 0.000010  loss: 0.0261 (0.0248)  mae_m_mask: 0.2724 (0.2571)  rmse_m_mask: 0.3992 (0.3824)  normalized_mse_mask: 0.0261 (0.0248)  rmse_m_all: 8.4898 (7.7575)  actual_mask_ratio: 0.0680 (0.0714)  actual_prediction_mask_ratio: 0.2234 (0.2352)  ignored_patch_ratio: 0.0000 (0.0026)  time: 0.1161  data: 0.0001  max mem: 1904
[16:54:17.414092] Epoch: [5]  [160/759]  eta: 0:01:09  lr: 0.000010  loss: 0.0138 (0.0247)  mae_m_mask: 0.2235 (0.2564)  rmse_m_mask: 0.3264 (0.3813)  normalized_mse_mask: 0.0138 (0.0247)  rmse_m_all: 10.3757 (8.0023)  actual_mask_ratio: 0.0717 (0.0712)  actual_prediction_mask_ratio: 0.2268 (0.2345)  ignored_patch_ratio: 0.0000 (0.0026)  time: 0.1140  data: 0.0001  max mem: 1904
[16:54:19.712462] Epoch: [5]  [180/759]  eta: 0:01:07  lr: 0.000010  loss: 0.0201 (0.0267)  mae_m_mask: 0.2554 (0.2599)  rmse_m_mask: 0.3592 (0.3888)  normalized_mse_mask: 0.0201 (0.0267)  rmse_m_all: 4.1315 (7.8381)  actual_mask_ratio: 0.0718 (0.0713)  actual_prediction_mask_ratio: 0.2398 (0.2348)  ignored_patch_ratio: 0.0000 (0.0025)  time: 0.1149  data: 0.0001  max mem: 1904
[16:54:22.022038] Epoch: [5]  [200/759]  eta: 0:01:05  lr: 0.000010  loss: 0.0101 (0.0262)  mae_m_mask: 0.2082 (0.2571)  rmse_m_mask: 0.2966 (0.3843)  normalized_mse_mask: 0.0101 (0.0262)  rmse_m_all: 6.5242 (7.7998)  actual_mask_ratio: 0.0748 (0.0716)  actual_prediction_mask_ratio: 0.2381 (0.2352)  ignored_patch_ratio: 0.0000 (0.0025)  time: 0.1154  data: 0.0001  max mem: 1904
[16:54:24.308099] Epoch: [5]  [220/759]  eta: 0:01:02  lr: 0.000010  loss: 0.0215 (0.0265)  mae_m_mask: 0.2269 (0.2572)  rmse_m_mask: 0.3162 (0.3833)  normalized_mse_mask: 0.0215 (0.0265)  rmse_m_all: 7.1200 (7.7115)  actual_mask_ratio: 0.0709 (0.0716)  actual_prediction_mask_ratio: 0.2285 (0.2347)  ignored_patch_ratio: 0.0000 (0.0025)  time: 0.1143  data: 0.0001  max mem: 1904
[16:54:26.597555] Epoch: [5]  [240/759]  eta: 0:01:00  lr: 0.000010  loss: 0.0164 (0.0274)  mae_m_mask: 0.2383 (0.2560)  rmse_m_mask: 0.3469 (0.3806)  normalized_mse_mask: 0.0164 (0.0274)  rmse_m_all: 6.3165 (7.6657)  actual_mask_ratio: 0.0737 (0.0716)  actual_prediction_mask_ratio: 0.2319 (0.2343)  ignored_patch_ratio: 0.0000 (0.0028)  time: 0.1144  data: 0.0001  max mem: 1904
[16:54:29.049807] Epoch: [5]  [260/759]  eta: 0:00:58  lr: 0.000010  loss: 0.0134 (0.0276)  mae_m_mask: 0.2392 (0.2549)  rmse_m_mask: 0.3500 (0.3790)  normalized_mse_mask: 0.0134 (0.0276)  rmse_m_all: 6.8363 (7.6961)  actual_mask_ratio: 0.0709 (0.0716)  actual_prediction_mask_ratio: 0.2404 (0.2343)  ignored_patch_ratio: 0.0000 (0.0026)  time: 0.1226  data: 0.0189  max mem: 1904
[16:54:33.307947] Epoch: [5]  [280/759]  eta: 0:00:59  lr: 0.000010  loss: 0.0120 (0.0274)  mae_m_mask: 0.2303 (0.2538)  rmse_m_mask: 0.3003 (0.3772)  normalized_mse_mask: 0.0120 (0.0274)  rmse_m_all: 8.8990 (7.7447)  actual_mask_ratio: 0.0697 (0.0715)  actual_prediction_mask_ratio: 0.2260 (0.2339)  ignored_patch_ratio: 0.0000 (0.0026)  time: 0.2129  data: 0.1426  max mem: 1904
[16:54:35.621499] Epoch: [5]  [300/759]  eta: 0:00:56  lr: 0.000010  loss: 0.0151 (0.0276)  mae_m_mask: 0.1983 (0.2516)  rmse_m_mask: 0.2849 (0.3736)  normalized_mse_mask: 0.0151 (0.0276)  rmse_m_all: 5.7601 (7.6507)  actual_mask_ratio: 0.0731 (0.0715)  actual_prediction_mask_ratio: 0.2392 (0.2340)  ignored_patch_ratio: 0.0000 (0.0027)  time: 0.1156  data: 0.0001  max mem: 1904
[16:54:37.904576] Epoch: [5]  [320/759]  eta: 0:00:53  lr: 0.000010  loss: 0.0092 (0.0275)  mae_m_mask: 0.2011 (0.2505)  rmse_m_mask: 0.2823 (0.3714)  normalized_mse_mask: 0.0092 (0.0275)  rmse_m_all: 6.1077 (7.5578)  actual_mask_ratio: 0.0736 (0.0716)  actual_prediction_mask_ratio: 0.2466 (0.2346)  ignored_patch_ratio: 0.0000 (0.0025)  time: 0.1141  data: 0.0001  max mem: 1904
[16:54:40.194796] Epoch: [5]  [340/759]  eta: 0:00:51  lr: 0.000010  loss: 0.0148 (0.0272)  mae_m_mask: 0.2381 (0.2497)  rmse_m_mask: 0.3432 (0.3694)  normalized_mse_mask: 0.0148 (0.0272)  rmse_m_all: 6.2598 (7.5609)  actual_mask_ratio: 0.0697 (0.0715)  actual_prediction_mask_ratio: 0.2342 (0.2343)  ignored_patch_ratio: 0.0000 (0.0027)  time: 0.1145  data: 0.0001  max mem: 1904
[16:54:42.498445] Epoch: [5]  [360/759]  eta: 0:00:48  lr: 0.000010  loss: 0.0150 (0.0272)  mae_m_mask: 0.1761 (0.2466)  rmse_m_mask: 0.2557 (0.3647)  normalized_mse_mask: 0.0150 (0.0272)  rmse_m_all: 4.3993 (7.4307)  actual_mask_ratio: 0.0716 (0.0715)  actual_prediction_mask_ratio: 0.2330 (0.2343)  ignored_patch_ratio: 0.0000 (0.0027)  time: 0.1152  data: 0.0001  max mem: 1904
[16:54:44.783878] Epoch: [5]  [380/759]  eta: 0:00:45  lr: 0.000010  loss: 0.0086 (0.0271)  mae_m_mask: 0.2107 (0.2468)  rmse_m_mask: 0.3112 (0.3647)  normalized_mse_mask: 0.0086 (0.0271)  rmse_m_all: 9.1096 (7.5485)  actual_mask_ratio: 0.0731 (0.0715)  actual_prediction_mask_ratio: 0.2387 (0.2344)  ignored_patch_ratio: 0.0000 (0.0026)  time: 0.1142  data: 0.0001  max mem: 1904
[16:54:47.081278] Epoch: [5]  [400/759]  eta: 0:00:43  lr: 0.000010  loss: 0.0188 (0.0271)  mae_m_mask: 0.2208 (0.2466)  rmse_m_mask: 0.3177 (0.3642)  normalized_mse_mask: 0.0188 (0.0271)  rmse_m_all: 5.6863 (7.4693)  actual_mask_ratio: 0.0714 (0.0715)  actual_prediction_mask_ratio: 0.2341 (0.2343)  ignored_patch_ratio: 0.0000 (0.0027)  time: 0.1148  data: 0.0001  max mem: 1904
[16:54:49.390992] Epoch: [5]  [420/759]  eta: 0:00:40  lr: 0.000010  loss: 0.0062 (0.0263)  mae_m_mask: 0.2066 (0.2456)  rmse_m_mask: 0.3185 (0.3625)  normalized_mse_mask: 0.0062 (0.0263)  rmse_m_all: 7.8848 (7.5399)  actual_mask_ratio: 0.0726 (0.0715)  actual_prediction_mask_ratio: 0.2296 (0.2342)  ignored_patch_ratio: 0.0000 (0.0025)  time: 0.1155  data: 0.0001  max mem: 1904
[16:54:51.706082] Epoch: [5]  [440/759]  eta: 0:00:38  lr: 0.000010  loss: 0.0185 (0.0266)  mae_m_mask: 0.2508 (0.2470)  rmse_m_mask: 0.3621 (0.3643)  normalized_mse_mask: 0.0185 (0.0266)  rmse_m_all: 6.6116 (7.5413)  actual_mask_ratio: 0.0686 (0.0714)  actual_prediction_mask_ratio: 0.2398 (0.2342)  ignored_patch_ratio: 0.0000 (0.0026)  time: 0.1157  data: 0.0001  max mem: 1904
[16:54:54.025263] Epoch: [5]  [460/759]  eta: 0:00:35  lr: 0.000010  loss: 0.0256 (0.0269)  mae_m_mask: 0.2262 (0.2470)  rmse_m_mask: 0.3650 (0.3645)  normalized_mse_mask: 0.0256 (0.0269)  rmse_m_all: 7.2213 (7.5258)  actual_mask_ratio: 0.0714 (0.0715)  actual_prediction_mask_ratio: 0.2449 (0.2343)  ignored_patch_ratio: 0.0000 (0.0025)  time: 0.1159  data: 0.0001  max mem: 1904
[16:54:56.325113] Epoch: [5]  [480/759]  eta: 0:00:33  lr: 0.000010  loss: 0.0117 (0.0267)  mae_m_mask: 0.2035 (0.2462)  rmse_m_mask: 0.2988 (0.3633)  normalized_mse_mask: 0.0117 (0.0267)  rmse_m_all: 5.6330 (7.4632)  actual_mask_ratio: 0.0743 (0.0715)  actual_prediction_mask_ratio: 0.2370 (0.2345)  ignored_patch_ratio: 0.0000 (0.0024)  time: 0.1150  data: 0.0001  max mem: 1904
[16:54:58.625566] Epoch: [5]  [500/759]  eta: 0:00:31  lr: 0.000010  loss: 0.0142 (0.0273)  mae_m_mask: 0.2573 (0.2476)  rmse_m_mask: 0.3429 (0.3655)  normalized_mse_mask: 0.0142 (0.0273)  rmse_m_all: 7.7404 (7.4863)  actual_mask_ratio: 0.0720 (0.0715)  actual_prediction_mask_ratio: 0.2482 (0.2347)  ignored_patch_ratio: 0.0000 (0.0024)  time: 0.1150  data: 0.0001  max mem: 1904
[16:55:00.911570] Epoch: [5]  [520/759]  eta: 0:00:28  lr: 0.000010  loss: 0.0161 (0.0273)  mae_m_mask: 0.2280 (0.2476)  rmse_m_mask: 0.3387 (0.3652)  normalized_mse_mask: 0.0161 (0.0273)  rmse_m_all: 7.2411 (7.5017)  actual_mask_ratio: 0.0722 (0.0716)  actual_prediction_mask_ratio: 0.2302 (0.2348)  ignored_patch_ratio: 0.0000 (0.0024)  time: 0.1143  data: 0.0001  max mem: 1904
[16:55:03.219456] Epoch: [5]  [540/759]  eta: 0:00:26  lr: 0.000010  loss: 0.0185 (0.0275)  mae_m_mask: 0.2237 (0.2475)  rmse_m_mask: 0.3114 (0.3649)  normalized_mse_mask: 0.0185 (0.0275)  rmse_m_all: 5.8511 (7.5025)  actual_mask_ratio: 0.0709 (0.0716)  actual_prediction_mask_ratio: 0.2288 (0.2348)  ignored_patch_ratio: 0.0000 (0.0024)  time: 0.1154  data: 0.0001  max mem: 1904
[16:55:05.540982] Epoch: [5]  [560/759]  eta: 0:00:23  lr: 0.000010  loss: 0.0143 (0.0273)  mae_m_mask: 0.1768 (0.2463)  rmse_m_mask: 0.2608 (0.3630)  normalized_mse_mask: 0.0143 (0.0273)  rmse_m_all: 6.5931 (7.4867)  actual_mask_ratio: 0.0714 (0.0717)  actual_prediction_mask_ratio: 0.2409 (0.2350)  ignored_patch_ratio: 0.0000 (0.0023)  time: 0.1160  data: 0.0001  max mem: 1904
[16:55:07.861613] Epoch: [5]  [580/759]  eta: 0:00:21  lr: 0.000010  loss: 0.0120 (0.0270)  mae_m_mask: 0.2221 (0.2468)  rmse_m_mask: 0.3270 (0.3636)  normalized_mse_mask: 0.0120 (0.0270)  rmse_m_all: 8.7300 (7.5572)  actual_mask_ratio: 0.0703 (0.0716)  actual_prediction_mask_ratio: 0.2313 (0.2349)  ignored_patch_ratio: 0.0000 (0.0024)  time: 0.1160  data: 0.0001  max mem: 1904
[16:55:10.160402] Epoch: [5]  [600/759]  eta: 0:00:18  lr: 0.000010  loss: 0.0167 (0.0271)  mae_m_mask: 0.2798 (0.2476)  rmse_m_mask: 0.4451 (0.3650)  normalized_mse_mask: 0.0167 (0.0271)  rmse_m_all: 8.3646 (7.5847)  actual_mask_ratio: 0.0726 (0.0717)  actual_prediction_mask_ratio: 0.2341 (0.2351)  ignored_patch_ratio: 0.0000 (0.0024)  time: 0.1149  data: 0.0001  max mem: 1904
[16:55:12.471418] Epoch: [5]  [620/759]  eta: 0:00:16  lr: 0.000010  loss: 0.0113 (0.0271)  mae_m_mask: 0.1971 (0.2464)  rmse_m_mask: 0.2754 (0.3628)  normalized_mse_mask: 0.0113 (0.0271)  rmse_m_all: 4.9680 (7.5202)  actual_mask_ratio: 0.0726 (0.0716)  actual_prediction_mask_ratio: 0.2353 (0.2350)  ignored_patch_ratio: 0.0000 (0.0023)  time: 0.1155  data: 0.0001  max mem: 1904
[16:55:14.772730] Epoch: [5]  [640/759]  eta: 0:00:14  lr: 0.000010  loss: 0.0067 (0.0267)  mae_m_mask: 0.2035 (0.2459)  rmse_m_mask: 0.2919 (0.3616)  normalized_mse_mask: 0.0067 (0.0267)  rmse_m_all: 7.8867 (7.5470)  actual_mask_ratio: 0.0709 (0.0716)  actual_prediction_mask_ratio: 0.2426 (0.2350)  ignored_patch_ratio: 0.0000 (0.0023)  time: 0.1150  data: 0.0001  max mem: 1904
[16:55:17.084771] Epoch: [5]  [660/759]  eta: 0:00:11  lr: 0.000010  loss: 0.0226 (0.0270)  mae_m_mask: 0.2162 (0.2459)  rmse_m_mask: 0.2928 (0.3615)  normalized_mse_mask: 0.0226 (0.0270)  rmse_m_all: 5.1348 (7.5006)  actual_mask_ratio: 0.0720 (0.0716)  actual_prediction_mask_ratio: 0.2324 (0.2349)  ignored_patch_ratio: 0.0000 (0.0023)  time: 0.1156  data: 0.0001  max mem: 1904
[16:55:19.394646] Epoch: [5]  [680/759]  eta: 0:00:09  lr: 0.000010  loss: 0.0117 (0.0268)  mae_m_mask: 0.2335 (0.2462)  rmse_m_mask: 0.3039 (0.3617)  normalized_mse_mask: 0.0117 (0.0268)  rmse_m_all: 7.5011 (7.5075)  actual_mask_ratio: 0.0709 (0.0716)  actual_prediction_mask_ratio: 0.2302 (0.2348)  ignored_patch_ratio: 0.0000 (0.0023)  time: 0.1155  data: 0.0001  max mem: 1904
[16:55:21.706829] Epoch: [5]  [700/759]  eta: 0:00:06  lr: 0.000010  loss: 0.0201 (0.0267)  mae_m_mask: 0.2330 (0.2462)  rmse_m_mask: 0.3445 (0.3619)  normalized_mse_mask: 0.0201 (0.0267)  rmse_m_all: 8.3051 (7.5218)  actual_mask_ratio: 0.0699 (0.0716)  actual_prediction_mask_ratio: 0.2341 (0.2348)  ignored_patch_ratio: 0.0000 (0.0022)  time: 0.1156  data: 0.0001  max mem: 1904
[16:55:24.001780] Epoch: [5]  [720/759]  eta: 0:00:04  lr: 0.000010  loss: 0.0195 (0.0267)  mae_m_mask: 0.2408 (0.2458)  rmse_m_mask: 0.3326 (0.3612)  normalized_mse_mask: 0.0195 (0.0267)  rmse_m_all: 7.8334 (7.5287)  actual_mask_ratio: 0.0748 (0.0716)  actual_prediction_mask_ratio: 0.2387 (0.2350)  ignored_patch_ratio: 0.0000 (0.0022)  time: 0.1147  data: 0.0001  max mem: 1904
[16:55:26.291043] Epoch: [5]  [740/759]  eta: 0:00:02  lr: 0.000010  loss: 0.0127 (0.0267)  mae_m_mask: 0.2071 (0.2460)  rmse_m_mask: 0.2654 (0.3612)  normalized_mse_mask: 0.0127 (0.0267)  rmse_m_all: 7.3160 (7.5275)  actual_mask_ratio: 0.0735 (0.0717)  actual_prediction_mask_ratio: 0.2438 (0.2351)  ignored_patch_ratio: 0.0000 (0.0022)  time: 0.1144  data: 0.0001  max mem: 1904
[16:55:28.366642] Epoch: [5]  [758/759]  eta: 0:00:00  lr: 0.000010  loss: 0.0154 (0.0265)  mae_m_mask: 0.2295 (0.2464)  rmse_m_mask: 0.3178 (0.3616)  normalized_mse_mask: 0.0154 (0.0265)  rmse_m_all: 6.4248 (7.5079)  actual_mask_ratio: 0.0726 (0.0717)  actual_prediction_mask_ratio: 0.2307 (0.2352)  ignored_patch_ratio: 0.0000 (0.0022)  time: 0.1152  data: 0.0001  max mem: 1904
[16:55:28.388775] Epoch: [5] Total time: 0:01:29 (0.1182 s / it)
[16:55:28.389186] Averaged stats: {'lr': 9.948683404901783e-06, 'loss': 0.026274587035117473, 'mae_m_mask': 0.24306761424975679, 'rmse_m_mask': 0.38328146099389016, 'normalized_mse_mask': 0.026274587035117473, 'rmse_m_all': 7.507914767434945, 'actual_mask_ratio': 0.07173145454921741, 'actual_prediction_mask_ratio': 0.2351642598119492, 'ignored_patch_ratio': 0.002177197628498706, 'supervised_pixel_count': 14692600.0}
[16:55:28.563038] Val: [5]  [  0/533]  eta: 0:01:31  loss: 0.0100 (0.0100)  mae_m_mask: 0.9444 (0.9444)  rmse_m_mask: 1.1429 (1.1429)  normalized_mse_mask: 0.0100 (0.0100)  rmse_m_all: 14.1791 (14.1791)  actual_mask_ratio: 0.0787 (0.0787)  actual_prediction_mask_ratio: 0.2431 (0.2431)  ignored_patch_ratio: 0.0488 (0.0488)  time: 0.1716  data: 0.0908  max mem: 1904
[16:55:32.937030] Val: [5]  [ 50/533]  eta: 0:00:43  loss: 0.0014 (0.0039)  mae_m_mask: 0.6263 (0.7430)  rmse_m_mask: 0.7911 (0.8659)  normalized_mse_mask: 0.0014 (0.0039)  rmse_m_all: 13.5057 (14.3342)  actual_mask_ratio: 0.0694 (0.0693)  actual_prediction_mask_ratio: 0.2120 (0.2147)  ignored_patch_ratio: 0.0527 (0.0550)  time: 0.0879  data: 0.0001  max mem: 1904
[16:55:37.294028] Val: [5]  [100/533]  eta: 0:00:38  loss: 0.0004 (0.0023)  mae_m_mask: 0.5190 (0.6943)  rmse_m_mask: 0.6705 (0.8261)  normalized_mse_mask: 0.0004 (0.0023)  rmse_m_all: 18.1807 (15.9996)  actual_mask_ratio: 0.0645 (0.0686)  actual_prediction_mask_ratio: 0.2076 (0.2139)  ignored_patch_ratio: 0.0550 (0.0538)  time: 0.0872  data: 0.0001  max mem: 1904
[16:55:41.623965] Val: [5]  [150/533]  eta: 0:00:33  loss: 0.0007 (0.0019)  mae_m_mask: 0.4310 (0.6639)  rmse_m_mask: 0.5843 (0.7936)  normalized_mse_mask: 0.0007 (0.0019)  rmse_m_all: 11.5541 (15.9716)  actual_mask_ratio: 0.0707 (0.0688)  actual_prediction_mask_ratio: 0.2326 (0.2153)  ignored_patch_ratio: 0.0488 (0.0542)  time: 0.0869  data: 0.0001  max mem: 1904
[16:55:45.954225] Val: [5]  [200/533]  eta: 0:00:29  loss: 0.0010 (0.0018)  mae_m_mask: 0.7027 (0.6652)  rmse_m_mask: 0.8035 (0.7925)  normalized_mse_mask: 0.0010 (0.0018)  rmse_m_all: 14.3875 (15.4362)  actual_mask_ratio: 0.0760 (0.0695)  actual_prediction_mask_ratio: 0.2427 (0.2204)  ignored_patch_ratio: 0.0000 (0.0447)  time: 0.0863  data: 0.0001  max mem: 1904
[16:55:50.323774] Val: [5]  [250/533]  eta: 0:00:24  loss: 0.0009 (0.0018)  mae_m_mask: 0.8734 (0.7452)  rmse_m_mask: 1.0147 (0.8779)  normalized_mse_mask: 0.0009 (0.0018)  rmse_m_all: 15.0234 (15.8134)  actual_mask_ratio: 0.0725 (0.0702)  actual_prediction_mask_ratio: 0.2314 (0.2225)  ignored_patch_ratio: 0.0306 (0.0393)  time: 0.0866  data: 0.0001  max mem: 1904
[16:55:54.632158] Val: [5]  [300/533]  eta: 0:00:20  loss: 0.0004 (0.0017)  mae_m_mask: 0.7673 (0.7876)  rmse_m_mask: 0.9092 (0.9254)  normalized_mse_mask: 0.0004 (0.0017)  rmse_m_all: 23.9411 (16.9271)  actual_mask_ratio: 0.0700 (0.0704)  actual_prediction_mask_ratio: 0.2121 (0.2229)  ignored_patch_ratio: 0.0516 (0.0394)  time: 0.0855  data: 0.0001  max mem: 1904
[16:55:59.072213] Val: [5]  [350/533]  eta: 0:00:15  loss: 0.0006 (0.0016)  mae_m_mask: 0.6913 (0.7826)  rmse_m_mask: 0.8479 (0.9207)  normalized_mse_mask: 0.0006 (0.0016)  rmse_m_all: 20.1156 (17.1324)  actual_mask_ratio: 0.0698 (0.0705)  actual_prediction_mask_ratio: 0.2170 (0.2230)  ignored_patch_ratio: 0.0391 (0.0384)  time: 0.0885  data: 0.0001  max mem: 1904
[16:56:03.458251] Val: [5]  [400/533]  eta: 0:00:11  loss: 0.0008 (0.0015)  mae_m_mask: 0.6438 (0.7994)  rmse_m_mask: 0.8032 (0.9393)  normalized_mse_mask: 0.0008 (0.0015)  rmse_m_all: 19.3882 (17.5239)  actual_mask_ratio: 0.0683 (0.0702)  actual_prediction_mask_ratio: 0.2164 (0.2218)  ignored_patch_ratio: 0.0476 (0.0400)  time: 0.0885  data: 0.0001  max mem: 1904
[16:56:07.679794] Val: [5]  [450/533]  eta: 0:00:07  loss: 0.0009 (0.0016)  mae_m_mask: 0.8593 (0.8215)  rmse_m_mask: 1.0288 (0.9685)  normalized_mse_mask: 0.0009 (0.0016)  rmse_m_all: 17.4140 (17.5387)  actual_mask_ratio: 0.0670 (0.0702)  actual_prediction_mask_ratio: 0.2143 (0.2217)  ignored_patch_ratio: 0.0612 (0.0412)  time: 0.0852  data: 0.0001  max mem: 1904
[16:56:11.963076] Val: [5]  [500/533]  eta: 0:00:02  loss: 0.0003 (0.0015)  mae_m_mask: 0.5111 (0.8056)  rmse_m_mask: 0.6101 (0.9509)  normalized_mse_mask: 0.0003 (0.0015)  rmse_m_all: 16.7845 (17.5873)  actual_mask_ratio: 0.0673 (0.0700)  actual_prediction_mask_ratio: 0.2116 (0.2212)  ignored_patch_ratio: 0.0573 (0.0425)  time: 0.0851  data: 0.0001  max mem: 1904
[16:56:14.697947] Val: [5]  [532/533]  eta: 0:00:00  loss: 0.0006 (0.0016)  mae_m_mask: 0.7417 (0.8004)  rmse_m_mask: 0.8478 (0.9449)  normalized_mse_mask: 0.0006 (0.0016)  rmse_m_all: 18.2036 (17.6432)  actual_mask_ratio: 0.0666 (0.0699)  actual_prediction_mask_ratio: 0.2121 (0.2208)  ignored_patch_ratio: 0.0550 (0.0432)  time: 0.0848  data: 0.0001  max mem: 1904
[16:56:14.742484] Val: [5] Total time: 0:00:46 (0.0870 s / it)
[16:56:14.745012] val stats: {'loss': 0.0015465212401094542, 'mae_m_mask': 0.7879237769107506, 'rmse_m_mask': 1.045268715130319, 'normalized_mse_mask': 0.0015465212401094542, 'rmse_m_all': 17.64317675737234, 'actual_mask_ratio': 0.06990061117437499, 'actual_prediction_mask_ratio': 0.22084709342156744, 'ignored_patch_ratio': 0.04319662906886489, 'supervised_pixel_count': 11054205.0}
[16:56:18.381255] log_dir: /tank/data/SFS/xinyis/data/bathymetry/MAE-Topography/Downstream_Task_Bathy/cross_validation_v5_Stage2NormMSE_MeterSelect/runs/holdout_CA_D004Stage2NormMSE_MeterSelect_D001NoDataSafe/train_stage2_normMSE_meterSelect_CA_KlamathRiver_TopoBathy_2018_D18_fromStage1Best_e120_lr1e-5_b4_acc4/tb
[16:56:18.567812] Epoch: [6]  [  0/759]  eta: 0:02:21  lr: 0.000010  loss: 0.0224 (0.0224)  mae_m_mask: 0.2285 (0.2285)  rmse_m_mask: 0.3000 (0.3000)  normalized_mse_mask: 0.0224 (0.0224)  rmse_m_all: 3.0453 (3.0453)  actual_mask_ratio: 0.0762 (0.0762)  actual_prediction_mask_ratio: 0.2572 (0.2572)  ignored_patch_ratio: 0.0102 (0.0102)  time: 0.1860  data: 0.0812  max mem: 1904
[16:56:20.786988] Epoch: [6]  [ 20/759]  eta: 0:01:24  lr: 0.000010  loss: 0.0124 (0.0191)  mae_m_mask: 0.2623 (0.2719)  rmse_m_mask: 0.4246 (0.4003)  normalized_mse_mask: 0.0124 (0.0191)  rmse_m_all: 7.0129 (7.6446)  actual_mask_ratio: 0.0737 (0.0725)  actual_prediction_mask_ratio: 0.2398 (0.2409)  ignored_patch_ratio: 0.0000 (0.0011)  time: 0.1109  data: 0.0001  max mem: 1904
[16:56:23.003088] Epoch: [6]  [ 40/759]  eta: 0:01:21  lr: 0.000010  loss: 0.0111 (0.0199)  mae_m_mask: 0.2010 (0.2455)  rmse_m_mask: 0.2938 (0.3580)  normalized_mse_mask: 0.0111 (0.0199)  rmse_m_all: 7.6013 (7.9546)  actual_mask_ratio: 0.0709 (0.0714)  actual_prediction_mask_ratio: 0.2268 (0.2344)  ignored_patch_ratio: 0.0000 (0.0009)  time: 0.1108  data: 0.0001  max mem: 1904
[16:56:25.207125] Epoch: [6]  [ 60/759]  eta: 0:01:18  lr: 0.000010  loss: 0.0095 (0.0188)  mae_m_mask: 0.2459 (0.2500)  rmse_m_mask: 0.3335 (0.3626)  normalized_mse_mask: 0.0095 (0.0188)  rmse_m_all: 9.5844 (8.1565)  actual_mask_ratio: 0.0697 (0.0714)  actual_prediction_mask_ratio: 0.2341 (0.2342)  ignored_patch_ratio: 0.0000 (0.0020)  time: 0.1102  data: 0.0001  max mem: 1904
[16:56:27.342558] Epoch: [6]  [ 80/759]  eta: 0:01:15  lr: 0.000010  loss: 0.0169 (0.0210)  mae_m_mask: 0.2016 (0.2463)  rmse_m_mask: 0.2814 (0.3631)  normalized_mse_mask: 0.0169 (0.0210)  rmse_m_all: 4.6817 (7.6261)  actual_mask_ratio: 0.0731 (0.0718)  actual_prediction_mask_ratio: 0.2432 (0.2368)  ignored_patch_ratio: 0.0000 (0.0016)  time: 0.1067  data: 0.0001  max mem: 1904
[16:56:29.440899] Epoch: [6]  [100/759]  eta: 0:01:12  lr: 0.000010  loss: 0.0159 (0.0209)  mae_m_mask: 0.2211 (0.2410)  rmse_m_mask: 0.3250 (0.3552)  normalized_mse_mask: 0.0159 (0.0209)  rmse_m_all: 5.6998 (7.4042)  actual_mask_ratio: 0.0748 (0.0722)  actual_prediction_mask_ratio: 0.2460 (0.2377)  ignored_patch_ratio: 0.0000 (0.0019)  time: 0.1049  data: 0.0001  max mem: 1904
[16:56:31.858506] Epoch: [6]  [120/759]  eta: 0:01:11  lr: 0.000010  loss: 0.0196 (0.0229)  mae_m_mask: 0.1940 (0.2347)  rmse_m_mask: 0.2685 (0.3430)  normalized_mse_mask: 0.0196 (0.0229)  rmse_m_all: 6.1348 (7.2215)  actual_mask_ratio: 0.0731 (0.0723)  actual_prediction_mask_ratio: 0.2280 (0.2373)  ignored_patch_ratio: 0.0000 (0.0017)  time: 0.1208  data: 0.0495  max mem: 1904
[16:56:33.341901] Epoch: [6]  [140/759]  eta: 0:01:05  lr: 0.000010  loss: 0.0053 (0.0215)  mae_m_mask: 0.2599 (0.2425)  rmse_m_mask: 0.3944 (0.3525)  normalized_mse_mask: 0.0053 (0.0215)  rmse_m_all: 6.6667 (7.3475)  actual_mask_ratio: 0.0697 (0.0720)  actual_prediction_mask_ratio: 0.2358 (0.2373)  ignored_patch_ratio: 0.0000 (0.0021)  time: 0.0741  data: 0.0001  max mem: 1904
[16:56:36.383193] Epoch: [6]  [160/759]  eta: 0:01:06  lr: 0.000010  loss: 0.0124 (0.0212)  mae_m_mask: 0.2565 (0.2450)  rmse_m_mask: 0.3539 (0.3550)  normalized_mse_mask: 0.0124 (0.0212)  rmse_m_all: 7.5899 (7.4171)  actual_mask_ratio: 0.0680 (0.0718)  actual_prediction_mask_ratio: 0.2262 (0.2361)  ignored_patch_ratio: 0.0000 (0.0024)  time: 0.1520  data: 0.0529  max mem: 1904
[16:56:38.260048] Epoch: [6]  [180/759]  eta: 0:01:03  lr: 0.000010  loss: 0.0174 (0.0227)  mae_m_mask: 0.2577 (0.2471)  rmse_m_mask: 0.3572 (0.3584)  normalized_mse_mask: 0.0174 (0.0227)  rmse_m_all: 9.5978 (7.5926)  actual_mask_ratio: 0.0731 (0.0718)  actual_prediction_mask_ratio: 0.2413 (0.2361)  ignored_patch_ratio: 0.0000 (0.0022)  time: 0.0938  data: 0.0001  max mem: 1904
[16:56:40.593942] Epoch: [6]  [200/759]  eta: 0:01:01  lr: 0.000010  loss: 0.0232 (0.0230)  mae_m_mask: 0.2101 (0.2425)  rmse_m_mask: 0.2828 (0.3517)  normalized_mse_mask: 0.0232 (0.0230)  rmse_m_all: 5.5939 (7.4689)  actual_mask_ratio: 0.0709 (0.0716)  actual_prediction_mask_ratio: 0.2341 (0.2358)  ignored_patch_ratio: 0.0000 (0.0022)  time: 0.1167  data: 0.0001  max mem: 1904
[16:56:42.919403] Epoch: [6]  [220/759]  eta: 0:00:59  lr: 0.000010  loss: 0.0279 (0.0248)  mae_m_mask: 0.2177 (0.2437)  rmse_m_mask: 0.3086 (0.3531)  normalized_mse_mask: 0.0279 (0.0248)  rmse_m_all: 5.3720 (7.5141)  actual_mask_ratio: 0.0721 (0.0717)  actual_prediction_mask_ratio: 0.2313 (0.2360)  ignored_patch_ratio: 0.0000 (0.0022)  time: 0.1162  data: 0.0001  max mem: 1904
[16:56:45.244568] Epoch: [6]  [240/759]  eta: 0:00:57  lr: 0.000010  loss: 0.0147 (0.0256)  mae_m_mask: 0.2399 (0.2445)  rmse_m_mask: 0.3522 (0.3561)  normalized_mse_mask: 0.0147 (0.0256)  rmse_m_all: 8.3777 (7.4633)  actual_mask_ratio: 0.0726 (0.0719)  actual_prediction_mask_ratio: 0.2336 (0.2364)  ignored_patch_ratio: 0.0000 (0.0022)  time: 0.1162  data: 0.0001  max mem: 1904
[16:56:47.574701] Epoch: [6]  [260/759]  eta: 0:00:55  lr: 0.000010  loss: 0.0151 (0.0256)  mae_m_mask: 0.2142 (0.2418)  rmse_m_mask: 0.2938 (0.3523)  normalized_mse_mask: 0.0151 (0.0256)  rmse_m_all: 5.9848 (7.4066)  actual_mask_ratio: 0.0731 (0.0719)  actual_prediction_mask_ratio: 0.2319 (0.2362)  ignored_patch_ratio: 0.0000 (0.0022)  time: 0.1165  data: 0.0001  max mem: 1904
[16:56:49.908791] Epoch: [6]  [280/759]  eta: 0:00:53  lr: 0.000010  loss: 0.0118 (0.0252)  mae_m_mask: 0.2387 (0.2417)  rmse_m_mask: 0.3604 (0.3523)  normalized_mse_mask: 0.0118 (0.0252)  rmse_m_all: 7.7867 (7.5024)  actual_mask_ratio: 0.0720 (0.0720)  actual_prediction_mask_ratio: 0.2324 (0.2361)  ignored_patch_ratio: 0.0000 (0.0021)  time: 0.1167  data: 0.0001  max mem: 1904
[16:56:52.238158] Epoch: [6]  [300/759]  eta: 0:00:51  lr: 0.000010  loss: 0.0232 (0.0252)  mae_m_mask: 0.2095 (0.2424)  rmse_m_mask: 0.3127 (0.3545)  normalized_mse_mask: 0.0232 (0.0252)  rmse_m_all: 5.7478 (7.4614)  actual_mask_ratio: 0.0686 (0.0719)  actual_prediction_mask_ratio: 0.2353 (0.2359)  ignored_patch_ratio: 0.0000 (0.0023)  time: 0.1164  data: 0.0001  max mem: 1904
[16:56:54.569247] Epoch: [6]  [320/759]  eta: 0:00:49  lr: 0.000010  loss: 0.0132 (0.0253)  mae_m_mask: 0.2496 (0.2437)  rmse_m_mask: 0.4118 (0.3570)  normalized_mse_mask: 0.0132 (0.0253)  rmse_m_all: 7.3456 (7.5101)  actual_mask_ratio: 0.0754 (0.0720)  actual_prediction_mask_ratio: 0.2477 (0.2364)  ignored_patch_ratio: 0.0000 (0.0022)  time: 0.1165  data: 0.0001  max mem: 1904
[16:56:56.899901] Epoch: [6]  [340/759]  eta: 0:00:47  lr: 0.000010  loss: 0.0150 (0.0251)  mae_m_mask: 0.2806 (0.2461)  rmse_m_mask: 0.3811 (0.3594)  normalized_mse_mask: 0.0150 (0.0251)  rmse_m_all: 8.0615 (7.5855)  actual_mask_ratio: 0.0737 (0.0720)  actual_prediction_mask_ratio: 0.2409 (0.2362)  ignored_patch_ratio: 0.0000 (0.0022)  time: 0.1165  data: 0.0001  max mem: 1904
[16:56:59.229169] Epoch: [6]  [360/759]  eta: 0:00:45  lr: 0.000010  loss: 0.0158 (0.0256)  mae_m_mask: 0.2007 (0.2457)  rmse_m_mask: 0.2845 (0.3581)  normalized_mse_mask: 0.0158 (0.0256)  rmse_m_all: 5.8351 (7.5732)  actual_mask_ratio: 0.0703 (0.0718)  actual_prediction_mask_ratio: 0.2319 (0.2360)  ignored_patch_ratio: 0.0000 (0.0021)  time: 0.1164  data: 0.0001  max mem: 1904
[16:57:01.557102] Epoch: [6]  [380/759]  eta: 0:00:42  lr: 0.000010  loss: 0.0083 (0.0252)  mae_m_mask: 0.2358 (0.2450)  rmse_m_mask: 0.3506 (0.3573)  normalized_mse_mask: 0.0083 (0.0252)  rmse_m_all: 7.4674 (7.6025)  actual_mask_ratio: 0.0731 (0.0719)  actual_prediction_mask_ratio: 0.2398 (0.2362)  ignored_patch_ratio: 0.0000 (0.0021)  time: 0.1164  data: 0.0001  max mem: 1904
[16:57:03.888025] Epoch: [6]  [400/759]  eta: 0:00:40  lr: 0.000010  loss: 0.0112 (0.0254)  mae_m_mask: 0.2162 (0.2458)  rmse_m_mask: 0.3463 (0.3588)  normalized_mse_mask: 0.0112 (0.0254)  rmse_m_all: 8.7505 (7.6550)  actual_mask_ratio: 0.0686 (0.0718)  actual_prediction_mask_ratio: 0.2330 (0.2359)  ignored_patch_ratio: 0.0000 (0.0021)  time: 0.1165  data: 0.0001  max mem: 1904
[16:57:06.212145] Epoch: [6]  [420/759]  eta: 0:00:38  lr: 0.000010  loss: 0.0202 (0.0266)  mae_m_mask: 0.2066 (0.2451)  rmse_m_mask: 0.2857 (0.3574)  normalized_mse_mask: 0.0202 (0.0266)  rmse_m_all: 6.1118 (7.6330)  actual_mask_ratio: 0.0722 (0.0718)  actual_prediction_mask_ratio: 0.2359 (0.2359)  ignored_patch_ratio: 0.0000 (0.0021)  time: 0.1162  data: 0.0001  max mem: 1904
[16:57:08.539948] Epoch: [6]  [440/759]  eta: 0:00:36  lr: 0.000010  loss: 0.0140 (0.0263)  mae_m_mask: 0.2678 (0.2460)  rmse_m_mask: 0.3957 (0.3595)  normalized_mse_mask: 0.0140 (0.0263)  rmse_m_all: 6.4950 (7.5921)  actual_mask_ratio: 0.0737 (0.0719)  actual_prediction_mask_ratio: 0.2370 (0.2361)  ignored_patch_ratio: 0.0000 (0.0021)  time: 0.1164  data: 0.0001  max mem: 1904
[16:57:10.872809] Epoch: [6]  [460/759]  eta: 0:00:34  lr: 0.000010  loss: 0.0092 (0.0259)  mae_m_mask: 0.2353 (0.2452)  rmse_m_mask: 0.3551 (0.3584)  normalized_mse_mask: 0.0092 (0.0259)  rmse_m_all: 7.2804 (7.5983)  actual_mask_ratio: 0.0731 (0.0719)  actual_prediction_mask_ratio: 0.2303 (0.2359)  ignored_patch_ratio: 0.0000 (0.0020)  time: 0.1166  data: 0.0001  max mem: 1904
[16:57:13.202214] Epoch: [6]  [480/759]  eta: 0:00:31  lr: 0.000010  loss: 0.0156 (0.0257)  mae_m_mask: 0.2379 (0.2452)  rmse_m_mask: 0.3351 (0.3584)  normalized_mse_mask: 0.0156 (0.0257)  rmse_m_all: 7.1993 (7.5583)  actual_mask_ratio: 0.0714 (0.0719)  actual_prediction_mask_ratio: 0.2472 (0.2361)  ignored_patch_ratio: 0.0000 (0.0020)  time: 0.1164  data: 0.0001  max mem: 1904
[16:57:15.537764] Epoch: [6]  [500/759]  eta: 0:00:29  lr: 0.000010  loss: 0.0115 (0.0255)  mae_m_mask: 0.2331 (0.2456)  rmse_m_mask: 0.3470 (0.3587)  normalized_mse_mask: 0.0115 (0.0255)  rmse_m_all: 7.2694 (7.5590)  actual_mask_ratio: 0.0713 (0.0719)  actual_prediction_mask_ratio: 0.2341 (0.2359)  ignored_patch_ratio: 0.0000 (0.0019)  time: 0.1167  data: 0.0001  max mem: 1904
[16:57:17.864916] Epoch: [6]  [520/759]  eta: 0:00:27  lr: 0.000010  loss: 0.0236 (0.0257)  mae_m_mask: 0.2211 (0.2453)  rmse_m_mask: 0.3133 (0.3583)  normalized_mse_mask: 0.0236 (0.0257)  rmse_m_all: 8.4630 (7.5661)  actual_mask_ratio: 0.0697 (0.0719)  actual_prediction_mask_ratio: 0.2375 (0.2357)  ignored_patch_ratio: 0.0000 (0.0019)  time: 0.1163  data: 0.0001  max mem: 1904
[16:57:20.192401] Epoch: [6]  [540/759]  eta: 0:00:25  lr: 0.000010  loss: 0.0207 (0.0262)  mae_m_mask: 0.2122 (0.2443)  rmse_m_mask: 0.3160 (0.3570)  normalized_mse_mask: 0.0207 (0.0262)  rmse_m_all: 4.4127 (7.5024)  actual_mask_ratio: 0.0726 (0.0719)  actual_prediction_mask_ratio: 0.2307 (0.2356)  ignored_patch_ratio: 0.0000 (0.0019)  time: 0.1163  data: 0.0001  max mem: 1904
[16:57:22.525012] Epoch: [6]  [560/759]  eta: 0:00:22  lr: 0.000010  loss: 0.0136 (0.0263)  mae_m_mask: 0.2253 (0.2441)  rmse_m_mask: 0.3429 (0.3569)  normalized_mse_mask: 0.0136 (0.0263)  rmse_m_all: 8.4919 (7.5233)  actual_mask_ratio: 0.0720 (0.0719)  actual_prediction_mask_ratio: 0.2438 (0.2359)  ignored_patch_ratio: 0.0000 (0.0019)  time: 0.1166  data: 0.0001  max mem: 1904
[16:57:24.853342] Epoch: [6]  [580/759]  eta: 0:00:20  lr: 0.000010  loss: 0.0113 (0.0261)  mae_m_mask: 0.2117 (0.2444)  rmse_m_mask: 0.2971 (0.3576)  normalized_mse_mask: 0.0113 (0.0261)  rmse_m_all: 6.5399 (7.5096)  actual_mask_ratio: 0.0731 (0.0719)  actual_prediction_mask_ratio: 0.2404 (0.2360)  ignored_patch_ratio: 0.0000 (0.0019)  time: 0.1164  data: 0.0001  max mem: 1904
[16:57:27.176169] Epoch: [6]  [600/759]  eta: 0:00:18  lr: 0.000010  loss: 0.0344 (0.0267)  mae_m_mask: 0.2341 (0.2453)  rmse_m_mask: 0.3563 (0.3595)  normalized_mse_mask: 0.0344 (0.0267)  rmse_m_all: 4.7418 (7.4597)  actual_mask_ratio: 0.0731 (0.0719)  actual_prediction_mask_ratio: 0.2381 (0.2359)  ignored_patch_ratio: 0.0000 (0.0019)  time: 0.1161  data: 0.0001  max mem: 1904
[16:57:29.504541] Epoch: [6]  [620/759]  eta: 0:00:15  lr: 0.000010  loss: 0.0199 (0.0271)  mae_m_mask: 0.2415 (0.2460)  rmse_m_mask: 0.3647 (0.3608)  normalized_mse_mask: 0.0199 (0.0271)  rmse_m_all: 6.1803 (7.4747)  actual_mask_ratio: 0.0686 (0.0718)  actual_prediction_mask_ratio: 0.2279 (0.2358)  ignored_patch_ratio: 0.0000 (0.0019)  time: 0.1164  data: 0.0001  max mem: 1904
[16:57:31.833572] Epoch: [6]  [640/759]  eta: 0:00:13  lr: 0.000010  loss: 0.0211 (0.0272)  mae_m_mask: 0.2243 (0.2460)  rmse_m_mask: 0.3276 (0.3614)  normalized_mse_mask: 0.0211 (0.0272)  rmse_m_all: 6.1472 (7.4662)  actual_mask_ratio: 0.0731 (0.0718)  actual_prediction_mask_ratio: 0.2268 (0.2357)  ignored_patch_ratio: 0.0000 (0.0020)  time: 0.1164  data: 0.0001  max mem: 1904
[16:57:34.167208] Epoch: [6]  [660/759]  eta: 0:00:11  lr: 0.000010  loss: 0.0161 (0.0273)  mae_m_mask: 0.2370 (0.2461)  rmse_m_mask: 0.3521 (0.3617)  normalized_mse_mask: 0.0161 (0.0273)  rmse_m_all: 6.1829 (7.4922)  actual_mask_ratio: 0.0692 (0.0718)  actual_prediction_mask_ratio: 0.2234 (0.2355)  ignored_patch_ratio: 0.0000 (0.0020)  time: 0.1167  data: 0.0001  max mem: 1904
[16:57:36.499475] Epoch: [6]  [680/759]  eta: 0:00:09  lr: 0.000010  loss: 0.0046 (0.0272)  mae_m_mask: 0.2067 (0.2455)  rmse_m_mask: 0.2885 (0.3608)  normalized_mse_mask: 0.0046 (0.0272)  rmse_m_all: 6.8574 (7.4789)  actual_mask_ratio: 0.0731 (0.0719)  actual_prediction_mask_ratio: 0.2341 (0.2356)  ignored_patch_ratio: 0.0000 (0.0020)  time: 0.1166  data: 0.0001  max mem: 1904
[16:57:38.833450] Epoch: [6]  [700/759]  eta: 0:00:06  lr: 0.000010  loss: 0.0104 (0.0271)  mae_m_mask: 0.2146 (0.2451)  rmse_m_mask: 0.3482 (0.3602)  normalized_mse_mask: 0.0104 (0.0271)  rmse_m_all: 7.8838 (7.4986)  actual_mask_ratio: 0.0720 (0.0719)  actual_prediction_mask_ratio: 0.2353 (0.2356)  ignored_patch_ratio: 0.0000 (0.0020)  time: 0.1167  data: 0.0001  max mem: 1904
[16:57:41.166612] Epoch: [6]  [720/759]  eta: 0:00:04  lr: 0.000010  loss: 0.0082 (0.0267)  mae_m_mask: 0.2340 (0.2453)  rmse_m_mask: 0.3483 (0.3606)  normalized_mse_mask: 0.0082 (0.0267)  rmse_m_all: 7.6336 (7.5138)  actual_mask_ratio: 0.0680 (0.0719)  actual_prediction_mask_ratio: 0.2343 (0.2356)  ignored_patch_ratio: 0.0000 (0.0020)  time: 0.1166  data: 0.0001  max mem: 1904
[16:57:43.495547] Epoch: [6]  [740/759]  eta: 0:00:02  lr: 0.000010  loss: 0.0118 (0.0267)  mae_m_mask: 0.2082 (0.2449)  rmse_m_mask: 0.3236 (0.3607)  normalized_mse_mask: 0.0118 (0.0267)  rmse_m_all: 5.3376 (7.4879)  actual_mask_ratio: 0.0689 (0.0718)  actual_prediction_mask_ratio: 0.2313 (0.2354)  ignored_patch_ratio: 0.0000 (0.0022)  time: 0.1164  data: 0.0001  max mem: 1904
[16:57:45.586107] Epoch: [6]  [758/759]  eta: 0:00:00  lr: 0.000010  loss: 0.0153 (0.0267)  mae_m_mask: 0.1722 (0.2443)  rmse_m_mask: 0.2520 (0.3595)  normalized_mse_mask: 0.0153 (0.0267)  rmse_m_all: 7.1362 (7.4862)  actual_mask_ratio: 0.0669 (0.0717)  actual_prediction_mask_ratio: 0.2245 (0.2352)  ignored_patch_ratio: 0.0000 (0.0022)  time: 0.1165  data: 0.0001  max mem: 1904
[16:57:45.615166] Epoch: [6] Total time: 0:01:27 (0.1149 s / it)
[16:57:45.618635] Averaged stats: {'lr': 9.928420932014947e-06, 'loss': 0.025872772856738623, 'mae_m_mask': 0.24314648287348709, 'rmse_m_mask': 0.38348713683209346, 'normalized_mse_mask': 0.025872772856738623, 'rmse_m_all': 7.48618737047683, 'actual_mask_ratio': 0.07173116866386298, 'actual_prediction_mask_ratio': 0.2351679099289325, 'ignored_patch_ratio': 0.0021771977070291996, 'supervised_pixel_count': 14692863.0}
[16:57:45.776404] Val: [6]  [  0/533]  eta: 0:01:22  loss: 0.0102 (0.0102)  mae_m_mask: 0.9912 (0.9912)  rmse_m_mask: 1.1822 (1.1822)  normalized_mse_mask: 0.0102 (0.0102)  rmse_m_all: 14.1130 (14.1130)  actual_mask_ratio: 0.0787 (0.0787)  actual_prediction_mask_ratio: 0.2431 (0.2431)  ignored_patch_ratio: 0.0488 (0.0488)  time: 0.1552  data: 0.0730  max mem: 1904
[16:57:50.192740] Val: [6]  [ 50/533]  eta: 0:00:43  loss: 0.0015 (0.0039)  mae_m_mask: 0.6577 (0.7582)  rmse_m_mask: 0.8375 (0.8832)  normalized_mse_mask: 0.0015 (0.0039)  rmse_m_all: 13.4418 (14.2800)  actual_mask_ratio: 0.0694 (0.0693)  actual_prediction_mask_ratio: 0.2120 (0.2147)  ignored_patch_ratio: 0.0527 (0.0550)  time: 0.0881  data: 0.0001  max mem: 1904
[16:57:54.618803] Val: [6]  [100/533]  eta: 0:00:38  loss: 0.0004 (0.0023)  mae_m_mask: 0.5139 (0.7086)  rmse_m_mask: 0.6574 (0.8417)  normalized_mse_mask: 0.0004 (0.0023)  rmse_m_all: 18.1442 (15.9387)  actual_mask_ratio: 0.0645 (0.0686)  actual_prediction_mask_ratio: 0.2076 (0.2139)  ignored_patch_ratio: 0.0550 (0.0538)  time: 0.0883  data: 0.0001  max mem: 1904
[16:57:58.974602] Val: [6]  [150/533]  eta: 0:00:33  loss: 0.0008 (0.0019)  mae_m_mask: 0.4308 (0.6763)  rmse_m_mask: 0.5471 (0.8074)  normalized_mse_mask: 0.0008 (0.0019)  rmse_m_all: 11.5121 (15.9078)  actual_mask_ratio: 0.0707 (0.0688)  actual_prediction_mask_ratio: 0.2326 (0.2153)  ignored_patch_ratio: 0.0488 (0.0542)  time: 0.0874  data: 0.0001  max mem: 1904
[16:58:03.376618] Val: [6]  [200/533]  eta: 0:00:29  loss: 0.0010 (0.0018)  mae_m_mask: 0.6809 (0.6698)  rmse_m_mask: 0.7789 (0.7980)  normalized_mse_mask: 0.0010 (0.0018)  rmse_m_all: 14.2972 (15.3746)  actual_mask_ratio: 0.0760 (0.0695)  actual_prediction_mask_ratio: 0.2427 (0.2204)  ignored_patch_ratio: 0.0000 (0.0447)  time: 0.0881  data: 0.0001  max mem: 1904
[16:58:07.722071] Val: [6]  [250/533]  eta: 0:00:24  loss: 0.0009 (0.0018)  mae_m_mask: 0.9560 (0.7431)  rmse_m_mask: 1.1557 (0.8769)  normalized_mse_mask: 0.0009 (0.0018)  rmse_m_all: 14.9526 (15.7490)  actual_mask_ratio: 0.0725 (0.0702)  actual_prediction_mask_ratio: 0.2314 (0.2225)  ignored_patch_ratio: 0.0306 (0.0393)  time: 0.0860  data: 0.0001  max mem: 1904
[16:58:12.096426] Val: [6]  [300/533]  eta: 0:00:20  loss: 0.0004 (0.0017)  mae_m_mask: 0.7864 (0.7927)  rmse_m_mask: 0.8990 (0.9324)  normalized_mse_mask: 0.0004 (0.0017)  rmse_m_all: 23.8145 (16.8555)  actual_mask_ratio: 0.0700 (0.0704)  actual_prediction_mask_ratio: 0.2121 (0.2229)  ignored_patch_ratio: 0.0516 (0.0394)  time: 0.0874  data: 0.0001  max mem: 1904
[16:58:16.520967] Val: [6]  [350/533]  eta: 0:00:16  loss: 0.0006 (0.0016)  mae_m_mask: 0.6977 (0.7865)  rmse_m_mask: 0.8959 (0.9266)  normalized_mse_mask: 0.0006 (0.0016)  rmse_m_all: 20.0042 (17.0588)  actual_mask_ratio: 0.0698 (0.0705)  actual_prediction_mask_ratio: 0.2170 (0.2230)  ignored_patch_ratio: 0.0391 (0.0384)  time: 0.0883  data: 0.0001  max mem: 1904
[16:58:20.889401] Val: [6]  [400/533]  eta: 0:00:11  loss: 0.0009 (0.0015)  mae_m_mask: 0.6721 (0.8088)  rmse_m_mask: 0.8378 (0.9509)  normalized_mse_mask: 0.0009 (0.0015)  rmse_m_all: 19.3095 (17.4486)  actual_mask_ratio: 0.0683 (0.0702)  actual_prediction_mask_ratio: 0.2164 (0.2218)  ignored_patch_ratio: 0.0476 (0.0400)  time: 0.0878  data: 0.0001  max mem: 1904
[16:58:25.242205] Val: [6]  [450/533]  eta: 0:00:07  loss: 0.0010 (0.0016)  mae_m_mask: 0.9868 (0.8365)  rmse_m_mask: 1.0956 (0.9859)  normalized_mse_mask: 0.0010 (0.0016)  rmse_m_all: 17.3325 (17.4633)  actual_mask_ratio: 0.0670 (0.0702)  actual_prediction_mask_ratio: 0.2143 (0.2217)  ignored_patch_ratio: 0.0612 (0.0412)  time: 0.0859  data: 0.0001  max mem: 1904
[16:58:29.561714] Val: [6]  [500/533]  eta: 0:00:02  loss: 0.0003 (0.0016)  mae_m_mask: 0.5519 (0.8208)  rmse_m_mask: 0.6181 (0.9684)  normalized_mse_mask: 0.0003 (0.0016)  rmse_m_all: 16.7097 (17.5126)  actual_mask_ratio: 0.0673 (0.0700)  actual_prediction_mask_ratio: 0.2116 (0.2212)  ignored_patch_ratio: 0.0573 (0.0425)  time: 0.0854  data: 0.0001  max mem: 1904
[16:58:32.264997] Val: [6]  [532/533]  eta: 0:00:00  loss: 0.0006 (0.0016)  mae_m_mask: 0.7217 (0.8164)  rmse_m_mask: 0.8695 (0.9633)  normalized_mse_mask: 0.0006 (0.0016)  rmse_m_all: 18.1390 (17.5684)  actual_mask_ratio: 0.0666 (0.0699)  actual_prediction_mask_ratio: 0.2121 (0.2208)  ignored_patch_ratio: 0.0550 (0.0432)  time: 0.0839  data: 0.0001  max mem: 1904
[16:58:32.294244] Val: [6] Total time: 0:00:46 (0.0876 s / it)
[16:58:32.294715] val stats: {'loss': 0.0015725666145584188, 'mae_m_mask': 0.8012780297216364, 'rmse_m_mask': 1.066606172097597, 'normalized_mse_mask': 0.0015725666145584188, 'rmse_m_all': 17.568432605736252, 'actual_mask_ratio': 0.06990061117437499, 'actual_prediction_mask_ratio': 0.22084709342156744, 'ignored_patch_ratio': 0.04319662906886489, 'supervised_pixel_count': 11054205.0}
[16:58:36.282839] log_dir: /tank/data/SFS/xinyis/data/bathymetry/MAE-Topography/Downstream_Task_Bathy/cross_validation_v5_Stage2NormMSE_MeterSelect/runs/holdout_CA_D004Stage2NormMSE_MeterSelect_D001NoDataSafe/train_stage2_normMSE_meterSelect_CA_KlamathRiver_TopoBathy_2018_D18_fromStage1Best_e120_lr1e-5_b4_acc4/tb
[16:58:36.467833] Epoch: [7]  [  0/759]  eta: 0:02:20  lr: 0.000010  loss: 0.0309 (0.0309)  mae_m_mask: 0.3557 (0.3557)  rmse_m_mask: 0.5759 (0.5759)  normalized_mse_mask: 0.0309 (0.0309)  rmse_m_all: 14.4243 (14.4243)  actual_mask_ratio: 0.0744 (0.0744)  actual_prediction_mask_ratio: 0.2311 (0.2311)  ignored_patch_ratio: 0.0091 (0.0091)  time: 0.1845  data: 0.0762  max mem: 1904
[16:58:38.697163] Epoch: [7]  [ 20/759]  eta: 0:01:24  lr: 0.000010  loss: 0.0256 (0.0348)  mae_m_mask: 0.2403 (0.2628)  rmse_m_mask: 0.3680 (0.4050)  normalized_mse_mask: 0.0256 (0.0348)  rmse_m_all: 5.4503 (6.7078)  actual_mask_ratio: 0.0686 (0.0712)  actual_prediction_mask_ratio: 0.2375 (0.2360)  ignored_patch_ratio: 0.0000 (0.0029)  time: 0.1114  data: 0.0001  max mem: 1904
[16:58:40.910222] Epoch: [7]  [ 40/759]  eta: 0:01:21  lr: 0.000010  loss: 0.0082 (0.0249)  mae_m_mask: 0.2802 (0.2841)  rmse_m_mask: 0.3829 (0.4151)  normalized_mse_mask: 0.0082 (0.0249)  rmse_m_all: 10.4457 (8.4183)  actual_mask_ratio: 0.0704 (0.0713)  actual_prediction_mask_ratio: 0.2307 (0.2337)  ignored_patch_ratio: 0.0000 (0.0017)  time: 0.1106  data: 0.0001  max mem: 1904
[16:58:43.089690] Epoch: [7]  [ 60/759]  eta: 0:01:17  lr: 0.000010  loss: 0.0212 (0.0244)  mae_m_mask: 0.2239 (0.2701)  rmse_m_mask: 0.2945 (0.3916)  normalized_mse_mask: 0.0212 (0.0244)  rmse_m_all: 5.3457 (7.9157)  actual_mask_ratio: 0.0771 (0.0726)  actual_prediction_mask_ratio: 0.2438 (0.2360)  ignored_patch_ratio: 0.0000 (0.0023)  time: 0.1089  data: 0.0001  max mem: 1904
[16:58:45.211202] Epoch: [7]  [ 80/759]  eta: 0:01:14  lr: 0.000010  loss: 0.0217 (0.0249)  mae_m_mask: 0.2198 (0.2651)  rmse_m_mask: 0.3073 (0.3894)  normalized_mse_mask: 0.0217 (0.0249)  rmse_m_all: 5.5329 (7.4637)  actual_mask_ratio: 0.0748 (0.0729)  actual_prediction_mask_ratio: 0.2415 (0.2367)  ignored_patch_ratio: 0.0000 (0.0018)  time: 0.1060  data: 0.0001  max mem: 1904
[16:58:47.365123] Epoch: [7]  [100/759]  eta: 0:01:12  lr: 0.000010  loss: 0.0125 (0.0248)  mae_m_mask: 0.2265 (0.2657)  rmse_m_mask: 0.3107 (0.3866)  normalized_mse_mask: 0.0125 (0.0248)  rmse_m_all: 7.1118 (7.6023)  actual_mask_ratio: 0.0727 (0.0727)  actual_prediction_mask_ratio: 0.2353 (0.2364)  ignored_patch_ratio: 0.0000 (0.0019)  time: 0.1077  data: 0.0001  max mem: 1904
[16:58:49.501946] Epoch: [7]  [120/759]  eta: 0:01:09  lr: 0.000010  loss: 0.0139 (0.0237)  mae_m_mask: 0.2208 (0.2618)  rmse_m_mask: 0.3058 (0.3825)  normalized_mse_mask: 0.0139 (0.0237)  rmse_m_all: 8.7232 (7.8622)  actual_mask_ratio: 0.0699 (0.0723)  actual_prediction_mask_ratio: 0.2302 (0.2351)  ignored_patch_ratio: 0.0000 (0.0020)  time: 0.1068  data: 0.0001  max mem: 1904
[16:58:51.669511] Epoch: [7]  [140/759]  eta: 0:01:07  lr: 0.000010  loss: 0.0093 (0.0232)  mae_m_mask: 0.2236 (0.2577)  rmse_m_mask: 0.3150 (0.3777)  normalized_mse_mask: 0.0093 (0.0232)  rmse_m_all: 7.6127 (7.8016)  actual_mask_ratio: 0.0720 (0.0722)  actual_prediction_mask_ratio: 0.2336 (0.2349)  ignored_patch_ratio: 0.0000 (0.0022)  time: 0.1083  data: 0.0001  max mem: 1904
[16:58:53.746814] Epoch: [7]  [160/759]  eta: 0:01:04  lr: 0.000010  loss: 0.0198 (0.0230)  mae_m_mask: 0.2053 (0.2549)  rmse_m_mask: 0.3113 (0.3735)  normalized_mse_mask: 0.0198 (0.0230)  rmse_m_all: 6.0217 (7.6062)  actual_mask_ratio: 0.0743 (0.0725)  actual_prediction_mask_ratio: 0.2500 (0.2363)  ignored_patch_ratio: 0.0000 (0.0025)  time: 0.1038  data: 0.0001  max mem: 1904
[16:58:55.879077] Epoch: [7]  [180/759]  eta: 0:01:02  lr: 0.000010  loss: 0.0093 (0.0218)  mae_m_mask: 0.2015 (0.2540)  rmse_m_mask: 0.3318 (0.3723)  normalized_mse_mask: 0.0093 (0.0218)  rmse_m_all: 8.1750 (7.6837)  actual_mask_ratio: 0.0743 (0.0724)  actual_prediction_mask_ratio: 0.2313 (0.2360)  ignored_patch_ratio: 0.0000 (0.0024)  time: 0.1066  data: 0.0392  max mem: 1904
[16:58:57.710769] Epoch: [7]  [200/759]  eta: 0:00:59  lr: 0.000010  loss: 0.0216 (0.0243)  mae_m_mask: 0.2602 (0.2550)  rmse_m_mask: 0.3656 (0.3752)  normalized_mse_mask: 0.0216 (0.0243)  rmse_m_all: 6.1492 (7.6449)  actual_mask_ratio: 0.0669 (0.0721)  actual_prediction_mask_ratio: 0.2370 (0.2357)  ignored_patch_ratio: 0.0000 (0.0024)  time: 0.0916  data: 0.0134  max mem: 1904
[16:58:59.732124] Epoch: [7]  [220/759]  eta: 0:00:57  lr: 0.000010  loss: 0.0124 (0.0236)  mae_m_mask: 0.2107 (0.2539)  rmse_m_mask: 0.2878 (0.3742)  normalized_mse_mask: 0.0124 (0.0236)  rmse_m_all: 6.7842 (7.5762)  actual_mask_ratio: 0.0703 (0.0720)  actual_prediction_mask_ratio: 0.2339 (0.2353)  ignored_patch_ratio: 0.0000 (0.0023)  time: 0.1010  data: 0.0001  max mem: 1904
[16:59:02.153782] Epoch: [7]  [240/759]  eta: 0:00:55  lr: 0.000010  loss: 0.0150 (0.0246)  mae_m_mask: 0.2607 (0.2554)  rmse_m_mask: 0.3671 (0.3751)  normalized_mse_mask: 0.0150 (0.0246)  rmse_m_all: 7.6872 (7.6993)  actual_mask_ratio: 0.0682 (0.0717)  actual_prediction_mask_ratio: 0.2251 (0.2345)  ignored_patch_ratio: 0.0000 (0.0025)  time: 0.1211  data: 0.0490  max mem: 1904
[16:59:04.259360] Epoch: [7]  [260/759]  eta: 0:00:53  lr: 0.000010  loss: 0.0303 (0.0254)  mae_m_mask: 0.2248 (0.2540)  rmse_m_mask: 0.3334 (0.3732)  normalized_mse_mask: 0.0303 (0.0254)  rmse_m_all: 5.9523 (7.6741)  actual_mask_ratio: 0.0731 (0.0719)  actual_prediction_mask_ratio: 0.2353 (0.2348)  ignored_patch_ratio: 0.0000 (0.0023)  time: 0.1052  data: 0.0001  max mem: 1904
[16:59:06.576680] Epoch: [7]  [280/759]  eta: 0:00:51  lr: 0.000010  loss: 0.0178 (0.0257)  mae_m_mask: 0.2026 (0.2517)  rmse_m_mask: 0.2760 (0.3697)  normalized_mse_mask: 0.0178 (0.0257)  rmse_m_all: 7.9114 (7.7035)  actual_mask_ratio: 0.0714 (0.0719)  actual_prediction_mask_ratio: 0.2336 (0.2349)  ignored_patch_ratio: 0.0000 (0.0023)  time: 0.1158  data: 0.0001  max mem: 1904
[16:59:08.898582] Epoch: [7]  [300/759]  eta: 0:00:49  lr: 0.000010  loss: 0.0160 (0.0255)  mae_m_mask: 0.1899 (0.2493)  rmse_m_mask: 0.2828 (0.3670)  normalized_mse_mask: 0.0160 (0.0255)  rmse_m_all: 7.3061 (7.6974)  actual_mask_ratio: 0.0737 (0.0719)  actual_prediction_mask_ratio: 0.2375 (0.2351)  ignored_patch_ratio: 0.0000 (0.0023)  time: 0.1161  data: 0.0001  max mem: 1904
[16:59:11.201843] Epoch: [7]  [320/759]  eta: 0:00:47  lr: 0.000010  loss: 0.0106 (0.0258)  mae_m_mask: 0.2059 (0.2476)  rmse_m_mask: 0.2835 (0.3650)  normalized_mse_mask: 0.0106 (0.0258)  rmse_m_all: 6.8515 (7.6111)  actual_mask_ratio: 0.0726 (0.0720)  actual_prediction_mask_ratio: 0.2443 (0.2358)  ignored_patch_ratio: 0.0000 (0.0022)  time: 0.1151  data: 0.0001  max mem: 1904
[16:59:13.482930] Epoch: [7]  [340/759]  eta: 0:00:45  lr: 0.000010  loss: 0.0123 (0.0257)  mae_m_mask: 0.1750 (0.2446)  rmse_m_mask: 0.2454 (0.3598)  normalized_mse_mask: 0.0123 (0.0257)  rmse_m_all: 7.0275 (7.6037)  actual_mask_ratio: 0.0714 (0.0720)  actual_prediction_mask_ratio: 0.2307 (0.2359)  ignored_patch_ratio: 0.0000 (0.0023)  time: 0.1140  data: 0.0001  max mem: 1904
[16:59:15.792833] Epoch: [7]  [360/759]  eta: 0:00:43  lr: 0.000010  loss: 0.0121 (0.0264)  mae_m_mask: 0.2736 (0.2468)  rmse_m_mask: 0.3892 (0.3623)  normalized_mse_mask: 0.0121 (0.0264)  rmse_m_all: 6.4962 (7.6354)  actual_mask_ratio: 0.0726 (0.0719)  actual_prediction_mask_ratio: 0.2365 (0.2357)  ignored_patch_ratio: 0.0000 (0.0022)  time: 0.1155  data: 0.0001  max mem: 1904
[16:59:18.100094] Epoch: [7]  [380/759]  eta: 0:00:41  lr: 0.000010  loss: 0.0148 (0.0264)  mae_m_mask: 0.2331 (0.2471)  rmse_m_mask: 0.3174 (0.3618)  normalized_mse_mask: 0.0148 (0.0264)  rmse_m_all: 6.2818 (7.5937)  actual_mask_ratio: 0.0709 (0.0720)  actual_prediction_mask_ratio: 0.2353 (0.2356)  ignored_patch_ratio: 0.0000 (0.0023)  time: 0.1153  data: 0.0001  max mem: 1904
[16:59:20.410425] Epoch: [7]  [400/759]  eta: 0:00:39  lr: 0.000010  loss: 0.0207 (0.0261)  mae_m_mask: 0.2135 (0.2457)  rmse_m_mask: 0.2993 (0.3599)  normalized_mse_mask: 0.0207 (0.0261)  rmse_m_all: 6.8793 (7.5900)  actual_mask_ratio: 0.0714 (0.0719)  actual_prediction_mask_ratio: 0.2319 (0.2355)  ignored_patch_ratio: 0.0000 (0.0023)  time: 0.1155  data: 0.0001  max mem: 1904
[16:59:22.705860] Epoch: [7]  [420/759]  eta: 0:00:37  lr: 0.000010  loss: 0.0264 (0.0262)  mae_m_mask: 0.2069 (0.2454)  rmse_m_mask: 0.2848 (0.3601)  normalized_mse_mask: 0.0264 (0.0262)  rmse_m_all: 6.3692 (7.5532)  actual_mask_ratio: 0.0748 (0.0720)  actual_prediction_mask_ratio: 0.2449 (0.2358)  ignored_patch_ratio: 0.0000 (0.0023)  time: 0.1147  data: 0.0001  max mem: 1904
[16:59:25.026200] Epoch: [7]  [440/759]  eta: 0:00:35  lr: 0.000010  loss: 0.0105 (0.0263)  mae_m_mask: 0.2322 (0.2467)  rmse_m_mask: 0.4096 (0.3622)  normalized_mse_mask: 0.0105 (0.0263)  rmse_m_all: 7.0268 (7.6106)  actual_mask_ratio: 0.0726 (0.0720)  actual_prediction_mask_ratio: 0.2341 (0.2354)  ignored_patch_ratio: 0.0000 (0.0022)  time: 0.1160  data: 0.0001  max mem: 1904
[16:59:27.346023] Epoch: [7]  [460/759]  eta: 0:00:33  lr: 0.000010  loss: 0.0100 (0.0260)  mae_m_mask: 0.2196 (0.2458)  rmse_m_mask: 0.3227 (0.3608)  normalized_mse_mask: 0.0100 (0.0260)  rmse_m_all: 7.8297 (7.5890)  actual_mask_ratio: 0.0731 (0.0721)  actual_prediction_mask_ratio: 0.2347 (0.2357)  ignored_patch_ratio: 0.0000 (0.0021)  time: 0.1160  data: 0.0001  max mem: 1904
[16:59:29.638256] Epoch: [7]  [480/759]  eta: 0:00:30  lr: 0.000010  loss: 0.0159 (0.0261)  mae_m_mask: 0.2046 (0.2449)  rmse_m_mask: 0.3155 (0.3594)  normalized_mse_mask: 0.0159 (0.0261)  rmse_m_all: 5.5762 (7.5506)  actual_mask_ratio: 0.0703 (0.0721)  actual_prediction_mask_ratio: 0.2296 (0.2354)  ignored_patch_ratio: 0.0000 (0.0020)  time: 0.1146  data: 0.0001  max mem: 1904
[16:59:31.929578] Epoch: [7]  [500/759]  eta: 0:00:28  lr: 0.000010  loss: 0.0124 (0.0261)  mae_m_mask: 0.1927 (0.2438)  rmse_m_mask: 0.2616 (0.3575)  normalized_mse_mask: 0.0124 (0.0261)  rmse_m_all: 7.4032 (7.5396)  actual_mask_ratio: 0.0709 (0.0720)  actual_prediction_mask_ratio: 0.2347 (0.2354)  ignored_patch_ratio: 0.0000 (0.0020)  time: 0.1145  data: 0.0001  max mem: 1904
[16:59:34.230659] Epoch: [7]  [520/759]  eta: 0:00:26  lr: 0.000010  loss: 0.0145 (0.0259)  mae_m_mask: 0.2406 (0.2437)  rmse_m_mask: 0.3280 (0.3582)  normalized_mse_mask: 0.0145 (0.0259)  rmse_m_all: 8.6513 (7.5725)  actual_mask_ratio: 0.0686 (0.0719)  actual_prediction_mask_ratio: 0.2262 (0.2351)  ignored_patch_ratio: 0.0000 (0.0020)  time: 0.1150  data: 0.0001  max mem: 1904
[16:59:36.545416] Epoch: [7]  [540/759]  eta: 0:00:24  lr: 0.000010  loss: 0.0195 (0.0259)  mae_m_mask: 0.2314 (0.2436)  rmse_m_mask: 0.3368 (0.3579)  normalized_mse_mask: 0.0195 (0.0259)  rmse_m_all: 5.8539 (7.5477)  actual_mask_ratio: 0.0692 (0.0718)  actual_prediction_mask_ratio: 0.2262 (0.2350)  ignored_patch_ratio: 0.0000 (0.0020)  time: 0.1157  data: 0.0001  max mem: 1904
[16:59:38.858355] Epoch: [7]  [560/759]  eta: 0:00:22  lr: 0.000010  loss: 0.0096 (0.0255)  mae_m_mask: 0.2192 (0.2430)  rmse_m_mask: 0.2812 (0.3572)  normalized_mse_mask: 0.0096 (0.0255)  rmse_m_all: 6.4186 (7.5071)  actual_mask_ratio: 0.0697 (0.0717)  actual_prediction_mask_ratio: 0.2319 (0.2348)  ignored_patch_ratio: 0.0000 (0.0021)  time: 0.1156  data: 0.0001  max mem: 1904
[16:59:41.172809] Epoch: [7]  [580/759]  eta: 0:00:19  lr: 0.000010  loss: 0.0169 (0.0253)  mae_m_mask: 0.2059 (0.2425)  rmse_m_mask: 0.3059 (0.3564)  normalized_mse_mask: 0.0169 (0.0253)  rmse_m_all: 6.3143 (7.4785)  actual_mask_ratio: 0.0760 (0.0718)  actual_prediction_mask_ratio: 0.2460 (0.2351)  ignored_patch_ratio: 0.0000 (0.0021)  time: 0.1157  data: 0.0001  max mem: 1904
[16:59:43.492713] Epoch: [7]  [600/759]  eta: 0:00:17  lr: 0.000010  loss: 0.0181 (0.0252)  mae_m_mask: 0.2187 (0.2424)  rmse_m_mask: 0.3049 (0.3565)  normalized_mse_mask: 0.0181 (0.0252)  rmse_m_all: 4.3576 (7.4237)  actual_mask_ratio: 0.0692 (0.0717)  actual_prediction_mask_ratio: 0.2375 (0.2352)  ignored_patch_ratio: 0.0000 (0.0023)  time: 0.1159  data: 0.0001  max mem: 1904
[16:59:45.787320] Epoch: [7]  [620/759]  eta: 0:00:15  lr: 0.000010  loss: 0.0182 (0.0252)  mae_m_mask: 0.2361 (0.2428)  rmse_m_mask: 0.3148 (0.3570)  normalized_mse_mask: 0.0182 (0.0252)  rmse_m_all: 6.5443 (7.4134)  actual_mask_ratio: 0.0714 (0.0718)  actual_prediction_mask_ratio: 0.2423 (0.2351)  ignored_patch_ratio: 0.0000 (0.0023)  time: 0.1147  data: 0.0001  max mem: 1904
[16:59:48.097656] Epoch: [7]  [640/759]  eta: 0:00:13  lr: 0.000010  loss: 0.0203 (0.0251)  mae_m_mask: 0.2234 (0.2433)  rmse_m_mask: 0.3106 (0.3577)  normalized_mse_mask: 0.0203 (0.0251)  rmse_m_all: 7.5115 (7.4014)  actual_mask_ratio: 0.0709 (0.0718)  actual_prediction_mask_ratio: 0.2432 (0.2353)  ignored_patch_ratio: 0.0000 (0.0023)  time: 0.1155  data: 0.0001  max mem: 1904
[16:59:50.409972] Epoch: [7]  [660/759]  eta: 0:00:11  lr: 0.000010  loss: 0.0149 (0.0251)  mae_m_mask: 0.2323 (0.2430)  rmse_m_mask: 0.3147 (0.3570)  normalized_mse_mask: 0.0149 (0.0251)  rmse_m_all: 6.1689 (7.3958)  actual_mask_ratio: 0.0731 (0.0718)  actual_prediction_mask_ratio: 0.2358 (0.2353)  ignored_patch_ratio: 0.0000 (0.0022)  time: 0.1156  data: 0.0001  max mem: 1904
[16:59:52.722011] Epoch: [7]  [680/759]  eta: 0:00:08  lr: 0.000010  loss: 0.0187 (0.0253)  mae_m_mask: 0.2461 (0.2439)  rmse_m_mask: 0.3567 (0.3587)  normalized_mse_mask: 0.0187 (0.0253)  rmse_m_all: 5.4630 (7.3709)  actual_mask_ratio: 0.0743 (0.0719)  actual_prediction_mask_ratio: 0.2489 (0.2356)  ignored_patch_ratio: 0.0000 (0.0022)  time: 0.1156  data: 0.0001  max mem: 1904
[16:59:55.034513] Epoch: [7]  [700/759]  eta: 0:00:06  lr: 0.000010  loss: 0.0185 (0.0258)  mae_m_mask: 0.2640 (0.2449)  rmse_m_mask: 0.3699 (0.3605)  normalized_mse_mask: 0.0185 (0.0258)  rmse_m_all: 8.3872 (7.4376)  actual_mask_ratio: 0.0709 (0.0718)  actual_prediction_mask_ratio: 0.2358 (0.2356)  ignored_patch_ratio: 0.0000 (0.0021)  time: 0.1156  data: 0.0001  max mem: 1904
[16:59:57.325492] Epoch: [7]  [720/759]  eta: 0:00:04  lr: 0.000010  loss: 0.0228 (0.0258)  mae_m_mask: 0.2067 (0.2443)  rmse_m_mask: 0.3049 (0.3596)  normalized_mse_mask: 0.0228 (0.0258)  rmse_m_all: 7.7845 (7.4355)  actual_mask_ratio: 0.0714 (0.0719)  actual_prediction_mask_ratio: 0.2294 (0.2355)  ignored_patch_ratio: 0.0000 (0.0021)  time: 0.1145  data: 0.0001  max mem: 1904
[16:59:59.633552] Epoch: [7]  [740/759]  eta: 0:00:02  lr: 0.000010  loss: 0.0080 (0.0254)  mae_m_mask: 0.2209 (0.2439)  rmse_m_mask: 0.2952 (0.3590)  normalized_mse_mask: 0.0080 (0.0254)  rmse_m_all: 7.3307 (7.4437)  actual_mask_ratio: 0.0703 (0.0718)  actual_prediction_mask_ratio: 0.2326 (0.2354)  ignored_patch_ratio: 0.0000 (0.0021)  time: 0.1154  data: 0.0001  max mem: 1904
[17:00:01.685561] Epoch: [7]  [758/759]  eta: 0:00:00  lr: 0.000010  loss: 0.0247 (0.0254)  mae_m_mask: 0.2389 (0.2439)  rmse_m_mask: 0.3244 (0.3585)  normalized_mse_mask: 0.0247 (0.0254)  rmse_m_all: 9.4296 (7.4716)  actual_mask_ratio: 0.0692 (0.0717)  actual_prediction_mask_ratio: 0.2228 (0.2351)  ignored_patch_ratio: 0.0000 (0.0022)  time: 0.1142  data: 0.0001  max mem: 1904
[17:00:01.716021] Epoch: [7] Total time: 0:01:25 (0.1126 s / it)
[17:00:01.719152] Averaged stats: {'lr': 9.9048150331039e-06, 'loss': 0.025263363541875836, 'mae_m_mask': 0.24266782204751347, 'rmse_m_mask': 0.3819632846613247, 'normalized_mse_mask': 0.025263363541875836, 'rmse_m_all': 7.471601883963006, 'actual_mask_ratio': 0.07173237347869849, 'actual_prediction_mask_ratio': 0.23514687675339746, 'ignored_patch_ratio': 0.002177197628498706, 'supervised_pixel_count': 14693332.0}
[17:00:01.887334] Val: [7]  [  0/533]  eta: 0:01:28  loss: 0.0107 (0.0107)  mae_m_mask: 1.0011 (1.0011)  rmse_m_mask: 1.2008 (1.2008)  normalized_mse_mask: 0.0107 (0.0107)  rmse_m_all: 14.1065 (14.1065)  actual_mask_ratio: 0.0787 (0.0787)  actual_prediction_mask_ratio: 0.2431 (0.2431)  ignored_patch_ratio: 0.0488 (0.0488)  time: 0.1658  data: 0.0840  max mem: 1904
[17:00:06.259064] Val: [7]  [ 50/533]  eta: 0:00:42  loss: 0.0015 (0.0038)  mae_m_mask: 0.6469 (0.7560)  rmse_m_mask: 0.8234 (0.8785)  normalized_mse_mask: 0.0015 (0.0038)  rmse_m_all: 13.4514 (14.2849)  actual_mask_ratio: 0.0694 (0.0693)  actual_prediction_mask_ratio: 0.2120 (0.2147)  ignored_patch_ratio: 0.0527 (0.0550)  time: 0.0870  data: 0.0001  max mem: 1904
[17:00:10.630982] Val: [7]  [100/533]  eta: 0:00:38  loss: 0.0004 (0.0023)  mae_m_mask: 0.5465 (0.7062)  rmse_m_mask: 0.6656 (0.8370)  normalized_mse_mask: 0.0004 (0.0023)  rmse_m_all: 18.1278 (15.9424)  actual_mask_ratio: 0.0645 (0.0686)  actual_prediction_mask_ratio: 0.2076 (0.2139)  ignored_patch_ratio: 0.0550 (0.0538)  time: 0.0882  data: 0.0001  max mem: 1904
[17:00:14.983770] Val: [7]  [150/533]  eta: 0:00:33  loss: 0.0006 (0.0018)  mae_m_mask: 0.4321 (0.6733)  rmse_m_mask: 0.5505 (0.8031)  normalized_mse_mask: 0.0006 (0.0018)  rmse_m_all: 11.4772 (15.9083)  actual_mask_ratio: 0.0707 (0.0688)  actual_prediction_mask_ratio: 0.2326 (0.2153)  ignored_patch_ratio: 0.0488 (0.0542)  time: 0.0872  data: 0.0001  max mem: 1904
[17:00:19.496928] Val: [7]  [200/533]  eta: 0:00:29  loss: 0.0010 (0.0017)  mae_m_mask: 0.6740 (0.6655)  rmse_m_mask: 0.8172 (0.7927)  normalized_mse_mask: 0.0010 (0.0017)  rmse_m_all: 14.2917 (15.3736)  actual_mask_ratio: 0.0760 (0.0695)  actual_prediction_mask_ratio: 0.2427 (0.2204)  ignored_patch_ratio: 0.0000 (0.0447)  time: 0.0964  data: 0.0085  max mem: 1904
[17:00:23.975387] Val: [7]  [250/533]  eta: 0:00:25  loss: 0.0010 (0.0017)  mae_m_mask: 1.0234 (0.7340)  rmse_m_mask: 1.1508 (0.8669)  normalized_mse_mask: 0.0010 (0.0017)  rmse_m_all: 14.9273 (15.7441)  actual_mask_ratio: 0.0725 (0.0702)  actual_prediction_mask_ratio: 0.2314 (0.2225)  ignored_patch_ratio: 0.0306 (0.0393)  time: 0.0900  data: 0.0001  max mem: 1904
[17:00:28.364314] Val: [7]  [300/533]  eta: 0:00:20  loss: 0.0003 (0.0016)  mae_m_mask: 0.7572 (0.7899)  rmse_m_mask: 0.8639 (0.9284)  normalized_mse_mask: 0.0003 (0.0016)  rmse_m_all: 23.7741 (16.8481)  actual_mask_ratio: 0.0700 (0.0704)  actual_prediction_mask_ratio: 0.2121 (0.2229)  ignored_patch_ratio: 0.0516 (0.0394)  time: 0.0873  data: 0.0001  max mem: 1904
[17:00:32.780545] Val: [7]  [350/533]  eta: 0:00:16  loss: 0.0007 (0.0016)  mae_m_mask: 0.7494 (0.7859)  rmse_m_mask: 0.9201 (0.9247)  normalized_mse_mask: 0.0007 (0.0016)  rmse_m_all: 19.9969 (17.0513)  actual_mask_ratio: 0.0698 (0.0705)  actual_prediction_mask_ratio: 0.2170 (0.2230)  ignored_patch_ratio: 0.0391 (0.0384)  time: 0.0890  data: 0.0001  max mem: 1904
[17:00:37.212069] Val: [7]  [400/533]  eta: 0:00:11  loss: 0.0008 (0.0015)  mae_m_mask: 0.6796 (0.8093)  rmse_m_mask: 0.8110 (0.9500)  normalized_mse_mask: 0.0008 (0.0015)  rmse_m_all: 19.2138 (17.4397)  actual_mask_ratio: 0.0683 (0.0702)  actual_prediction_mask_ratio: 0.2164 (0.2218)  ignored_patch_ratio: 0.0476 (0.0400)  time: 0.0884  data: 0.0001  max mem: 1904
[17:00:41.614016] Val: [7]  [450/533]  eta: 0:00:07  loss: 0.0012 (0.0017)  mae_m_mask: 0.9606 (0.8411)  rmse_m_mask: 1.1529 (0.9891)  normalized_mse_mask: 0.0012 (0.0017)  rmse_m_all: 17.2951 (17.4538)  actual_mask_ratio: 0.0670 (0.0702)  actual_prediction_mask_ratio: 0.2143 (0.2217)  ignored_patch_ratio: 0.0612 (0.0412)  time: 0.0885  data: 0.0001  max mem: 1904
[17:00:46.205952] Val: [7]  [500/533]  eta: 0:00:02  loss: 0.0004 (0.0016)  mae_m_mask: 0.5440 (0.8252)  rmse_m_mask: 0.6578 (0.9713)  normalized_mse_mask: 0.0004 (0.0016)  rmse_m_all: 16.7175 (17.5040)  actual_mask_ratio: 0.0673 (0.0700)  actual_prediction_mask_ratio: 0.2116 (0.2212)  ignored_patch_ratio: 0.0573 (0.0425)  time: 0.0899  data: 0.0001  max mem: 1904
[17:00:48.971394] Val: [7]  [532/533]  eta: 0:00:00  loss: 0.0006 (0.0016)  mae_m_mask: 0.7136 (0.8218)  rmse_m_mask: 0.8661 (0.9672)  normalized_mse_mask: 0.0006 (0.0016)  rmse_m_all: 18.1185 (17.5600)  actual_mask_ratio: 0.0666 (0.0699)  actual_prediction_mask_ratio: 0.2121 (0.2208)  ignored_patch_ratio: 0.0550 (0.0432)  time: 0.0847  data: 0.0001  max mem: 1904
[17:00:49.000610] Val: [7] Total time: 0:00:47 (0.0887 s / it)
[17:00:49.001015] val stats: {'loss': 0.0015925394112050388, 'mae_m_mask': 0.8055677695824731, 'rmse_m_mask': 1.0762504507881425, 'normalized_mse_mask': 0.0015925394112050388, 'rmse_m_all': 17.56002770713749, 'actual_mask_ratio': 0.06990061117437499, 'actual_prediction_mask_ratio': 0.22084709342156744, 'ignored_patch_ratio': 0.04319662906886489, 'supervised_pixel_count': 11054205.0}
[17:00:53.225896] log_dir: /tank/data/SFS/xinyis/data/bathymetry/MAE-Topography/Downstream_Task_Bathy/cross_validation_v5_Stage2NormMSE_MeterSelect/runs/holdout_CA_D004Stage2NormMSE_MeterSelect_D001NoDataSafe/train_stage2_normMSE_meterSelect_CA_KlamathRiver_TopoBathy_2018_D18_fromStage1Best_e120_lr1e-5_b4_acc4/tb
[17:00:53.418512] Epoch: [8]  [  0/759]  eta: 0:02:25  lr: 0.000010  loss: 0.0142 (0.0142)  mae_m_mask: 0.1880 (0.1880)  rmse_m_mask: 0.3243 (0.3243)  normalized_mse_mask: 0.0142 (0.0142)  rmse_m_all: 6.4380 (6.4380)  actual_mask_ratio: 0.0675 (0.0675)  actual_prediction_mask_ratio: 0.2262 (0.2262)  ignored_patch_ratio: 0.0000 (0.0000)  time: 0.1920  data: 0.0800  max mem: 1904
[17:00:55.687973] Epoch: [8]  [ 20/759]  eta: 0:01:26  lr: 0.000010  loss: 0.0168 (0.0254)  mae_m_mask: 0.2222 (0.2361)  rmse_m_mask: 0.3400 (0.3497)  normalized_mse_mask: 0.0168 (0.0254)  rmse_m_all: 7.1039 (7.1270)  actual_mask_ratio: 0.0743 (0.0721)  actual_prediction_mask_ratio: 0.2392 (0.2361)  ignored_patch_ratio: 0.0000 (0.0005)  time: 0.1134  data: 0.0019  max mem: 1904
[17:00:57.872701] Epoch: [8]  [ 40/759]  eta: 0:01:21  lr: 0.000010  loss: 0.0126 (0.0258)  mae_m_mask: 0.2085 (0.2324)  rmse_m_mask: 0.2889 (0.3517)  normalized_mse_mask: 0.0126 (0.0258)  rmse_m_all: 5.5772 (6.7301)  actual_mask_ratio: 0.0720 (0.0714)  actual_prediction_mask_ratio: 0.2302 (0.2345)  ignored_patch_ratio: 0.0000 (0.0008)  time: 0.1092  data: 0.0001  max mem: 1904
[17:01:00.309347] Epoch: [8]  [ 60/759]  eta: 0:01:21  lr: 0.000010  loss: 0.0099 (0.0231)  mae_m_mask: 0.2242 (0.2302)  rmse_m_mask: 0.3274 (0.3474)  normalized_mse_mask: 0.0099 (0.0231)  rmse_m_all: 7.1247 (7.0792)  actual_mask_ratio: 0.0743 (0.0722)  actual_prediction_mask_ratio: 0.2421 (0.2367)  ignored_patch_ratio: 0.0000 (0.0006)  time: 0.1218  data: 0.0092  max mem: 1904
[17:01:02.556457] Epoch: [8]  [ 80/759]  eta: 0:01:18  lr: 0.000010  loss: 0.0063 (0.0216)  mae_m_mask: 0.2196 (0.2349)  rmse_m_mask: 0.3009 (0.3482)  normalized_mse_mask: 0.0063 (0.0216)  rmse_m_all: 9.2764 (7.4489)  actual_mask_ratio: 0.0714 (0.0718)  actual_prediction_mask_ratio: 0.2296 (0.2357)  ignored_patch_ratio: 0.0000 (0.0011)  time: 0.1123  data: 0.0001  max mem: 1904
[17:01:04.800483] Epoch: [8]  [100/759]  eta: 0:01:15  lr: 0.000010  loss: 0.0161 (0.0230)  mae_m_mask: 0.1959 (0.2299)  rmse_m_mask: 0.2693 (0.3383)  normalized_mse_mask: 0.0161 (0.0230)  rmse_m_all: 5.3830 (7.2919)  actual_mask_ratio: 0.0714 (0.0721)  actual_prediction_mask_ratio: 0.2330 (0.2355)  ignored_patch_ratio: 0.0000 (0.0008)  time: 0.1122  data: 0.0001  max mem: 1904
[17:01:07.046944] Epoch: [8]  [120/759]  eta: 0:01:12  lr: 0.000010  loss: 0.0139 (0.0230)  mae_m_mask: 0.2270 (0.2318)  rmse_m_mask: 0.3232 (0.3455)  normalized_mse_mask: 0.0139 (0.0230)  rmse_m_all: 6.8733 (7.3385)  actual_mask_ratio: 0.0731 (0.0721)  actual_prediction_mask_ratio: 0.2347 (0.2360)  ignored_patch_ratio: 0.0000 (0.0007)  time: 0.1123  data: 0.0001  max mem: 1904
[17:01:09.234416] Epoch: [8]  [140/759]  eta: 0:01:10  lr: 0.000010  loss: 0.0158 (0.0240)  mae_m_mask: 0.2425 (0.2347)  rmse_m_mask: 0.3357 (0.3481)  normalized_mse_mask: 0.0158 (0.0240)  rmse_m_all: 8.1951 (7.4371)  actual_mask_ratio: 0.0714 (0.0721)  actual_prediction_mask_ratio: 0.2347 (0.2364)  ignored_patch_ratio: 0.0000 (0.0013)  time: 0.1093  data: 0.0001  max mem: 1904
[17:01:11.432746] Epoch: [8]  [160/759]  eta: 0:01:07  lr: 0.000010  loss: 0.0211 (0.0242)  mae_m_mask: 0.2071 (0.2346)  rmse_m_mask: 0.3201 (0.3476)  normalized_mse_mask: 0.0211 (0.0242)  rmse_m_all: 7.0587 (7.4151)  actual_mask_ratio: 0.0703 (0.0720)  actual_prediction_mask_ratio: 0.2285 (0.2361)  ignored_patch_ratio: 0.0000 (0.0013)  time: 0.1099  data: 0.0001  max mem: 1904
[17:01:13.660380] Epoch: [8]  [180/759]  eta: 0:01:05  lr: 0.000010  loss: 0.0182 (0.0236)  mae_m_mask: 0.2571 (0.2383)  rmse_m_mask: 0.3786 (0.3540)  normalized_mse_mask: 0.0182 (0.0236)  rmse_m_all: 8.9830 (7.5244)  actual_mask_ratio: 0.0680 (0.0717)  actual_prediction_mask_ratio: 0.2370 (0.2355)  ignored_patch_ratio: 0.0000 (0.0012)  time: 0.1113  data: 0.0001  max mem: 1904
[17:01:15.851788] Epoch: [8]  [200/759]  eta: 0:01:02  lr: 0.000010  loss: 0.0193 (0.0244)  mae_m_mask: 0.2343 (0.2400)  rmse_m_mask: 0.3583 (0.3579)  normalized_mse_mask: 0.0193 (0.0244)  rmse_m_all: 6.7648 (7.4721)  actual_mask_ratio: 0.0737 (0.0719)  actual_prediction_mask_ratio: 0.2370 (0.2358)  ignored_patch_ratio: 0.0000 (0.0012)  time: 0.1095  data: 0.0001  max mem: 1904
[17:01:18.045547] Epoch: [8]  [220/759]  eta: 0:01:00  lr: 0.000010  loss: 0.0150 (0.0256)  mae_m_mask: 0.2387 (0.2410)  rmse_m_mask: 0.3477 (0.3595)  normalized_mse_mask: 0.0150 (0.0256)  rmse_m_all: 5.8825 (7.4414)  actual_mask_ratio: 0.0737 (0.0720)  actual_prediction_mask_ratio: 0.2409 (0.2358)  ignored_patch_ratio: 0.0000 (0.0011)  time: 0.1096  data: 0.0001  max mem: 1904
[17:01:19.765269] Epoch: [8]  [240/759]  eta: 0:00:57  lr: 0.000010  loss: 0.0145 (0.0254)  mae_m_mask: 0.2237 (0.2426)  rmse_m_mask: 0.3181 (0.3599)  normalized_mse_mask: 0.0145 (0.0254)  rmse_m_all: 6.6772 (7.4848)  actual_mask_ratio: 0.0709 (0.0720)  actual_prediction_mask_ratio: 0.2409 (0.2356)  ignored_patch_ratio: 0.0000 (0.0015)  time: 0.0859  data: 0.0001  max mem: 1904
[17:01:22.436944] Epoch: [8]  [260/759]  eta: 0:00:55  lr: 0.000010  loss: 0.0225 (0.0255)  mae_m_mask: 0.2334 (0.2438)  rmse_m_mask: 0.3536 (0.3619)  normalized_mse_mask: 0.0225 (0.0255)  rmse_m_all: 7.1829 (7.4977)  actual_mask_ratio: 0.0697 (0.0719)  actual_prediction_mask_ratio: 0.2355 (0.2357)  ignored_patch_ratio: 0.0000 (0.0016)  time: 0.1335  data: 0.0543  max mem: 1904
[17:01:24.549449] Epoch: [8]  [280/759]  eta: 0:00:53  lr: 0.000010  loss: 0.0091 (0.0249)  mae_m_mask: 0.2283 (0.2440)  rmse_m_mask: 0.3164 (0.3629)  normalized_mse_mask: 0.0091 (0.0249)  rmse_m_all: 7.6598 (7.4906)  actual_mask_ratio: 0.0731 (0.0720)  actual_prediction_mask_ratio: 0.2460 (0.2362)  ignored_patch_ratio: 0.0000 (0.0016)  time: 0.1056  data: 0.0001  max mem: 1904
[17:01:26.244274] Epoch: [8]  [300/759]  eta: 0:00:50  lr: 0.000010  loss: 0.0134 (0.0249)  mae_m_mask: 0.2127 (0.2436)  rmse_m_mask: 0.3372 (0.3628)  normalized_mse_mask: 0.0134 (0.0249)  rmse_m_all: 5.5194 (7.4326)  actual_mask_ratio: 0.0731 (0.0721)  actual_prediction_mask_ratio: 0.2438 (0.2365)  ignored_patch_ratio: 0.0000 (0.0016)  time: 0.0847  data: 0.0001  max mem: 1904
[17:01:29.154349] Epoch: [8]  [320/759]  eta: 0:00:49  lr: 0.000010  loss: 0.0118 (0.0249)  mae_m_mask: 0.1655 (0.2405)  rmse_m_mask: 0.2492 (0.3582)  normalized_mse_mask: 0.0118 (0.0249)  rmse_m_all: 6.6516 (7.4247)  actual_mask_ratio: 0.0690 (0.0720)  actual_prediction_mask_ratio: 0.2330 (0.2360)  ignored_patch_ratio: 0.0000 (0.0019)  time: 0.1455  data: 0.0484  max mem: 1904
[17:01:31.346022] Epoch: [8]  [340/759]  eta: 0:00:46  lr: 0.000010  loss: 0.0059 (0.0243)  mae_m_mask: 0.2086 (0.2394)  rmse_m_mask: 0.3338 (0.3563)  normalized_mse_mask: 0.0059 (0.0243)  rmse_m_all: 7.1297 (7.4734)  actual_mask_ratio: 0.0726 (0.0720)  actual_prediction_mask_ratio: 0.2341 (0.2359)  ignored_patch_ratio: 0.0000 (0.0020)  time: 0.1095  data: 0.0001  max mem: 1904
[17:01:33.648579] Epoch: [8]  [360/759]  eta: 0:00:44  lr: 0.000010  loss: 0.0302 (0.0256)  mae_m_mask: 0.2320 (0.2399)  rmse_m_mask: 0.3432 (0.3570)  normalized_mse_mask: 0.0302 (0.0256)  rmse_m_all: 4.3321 (7.4088)  actual_mask_ratio: 0.0709 (0.0721)  actual_prediction_mask_ratio: 0.2409 (0.2361)  ignored_patch_ratio: 0.0000 (0.0020)  time: 0.1151  data: 0.0001  max mem: 1904
[17:01:35.962189] Epoch: [8]  [380/759]  eta: 0:00:42  lr: 0.000010  loss: 0.0137 (0.0254)  mae_m_mask: 0.2395 (0.2402)  rmse_m_mask: 0.3135 (0.3566)  normalized_mse_mask: 0.0137 (0.0254)  rmse_m_all: 6.0121 (7.4204)  actual_mask_ratio: 0.0720 (0.0721)  actual_prediction_mask_ratio: 0.2347 (0.2359)  ignored_patch_ratio: 0.0000 (0.0019)  time: 0.1156  data: 0.0001  max mem: 1904
[17:01:38.301240] Epoch: [8]  [400/759]  eta: 0:00:40  lr: 0.000010  loss: 0.0216 (0.0255)  mae_m_mask: 0.2325 (0.2410)  rmse_m_mask: 0.3457 (0.3573)  normalized_mse_mask: 0.0216 (0.0255)  rmse_m_all: 7.7244 (7.4518)  actual_mask_ratio: 0.0703 (0.0720)  actual_prediction_mask_ratio: 0.2313 (0.2358)  ignored_patch_ratio: 0.0000 (0.0018)  time: 0.1169  data: 0.0001  max mem: 1904
[17:01:40.639712] Epoch: [8]  [420/759]  eta: 0:00:38  lr: 0.000010  loss: 0.0173 (0.0255)  mae_m_mask: 0.2277 (0.2416)  rmse_m_mask: 0.3372 (0.3578)  normalized_mse_mask: 0.0173 (0.0255)  rmse_m_all: 6.9196 (7.4507)  actual_mask_ratio: 0.0697 (0.0719)  actual_prediction_mask_ratio: 0.2273 (0.2355)  ignored_patch_ratio: 0.0000 (0.0019)  time: 0.1169  data: 0.0001  max mem: 1904
[17:01:42.975678] Epoch: [8]  [440/759]  eta: 0:00:35  lr: 0.000010  loss: 0.0122 (0.0253)  mae_m_mask: 0.2176 (0.2412)  rmse_m_mask: 0.2917 (0.3564)  normalized_mse_mask: 0.0122 (0.0253)  rmse_m_all: 6.9856 (7.4692)  actual_mask_ratio: 0.0721 (0.0719)  actual_prediction_mask_ratio: 0.2341 (0.2353)  ignored_patch_ratio: 0.0000 (0.0019)  time: 0.1168  data: 0.0001  max mem: 1904
[17:01:45.318033] Epoch: [8]  [460/759]  eta: 0:00:33  lr: 0.000010  loss: 0.0147 (0.0259)  mae_m_mask: 0.2375 (0.2411)  rmse_m_mask: 0.3250 (0.3561)  normalized_mse_mask: 0.0147 (0.0259)  rmse_m_all: 5.7720 (7.4410)  actual_mask_ratio: 0.0686 (0.0718)  actual_prediction_mask_ratio: 0.2275 (0.2350)  ignored_patch_ratio: 0.0000 (0.0021)  time: 0.1171  data: 0.0001  max mem: 1904
[17:01:47.657829] Epoch: [8]  [480/759]  eta: 0:00:31  lr: 0.000010  loss: 0.0192 (0.0256)  mae_m_mask: 0.2579 (0.2415)  rmse_m_mask: 0.3705 (0.3566)  normalized_mse_mask: 0.0192 (0.0256)  rmse_m_all: 7.2869 (7.4749)  actual_mask_ratio: 0.0726 (0.0718)  actual_prediction_mask_ratio: 0.2330 (0.2350)  ignored_patch_ratio: 0.0000 (0.0021)  time: 0.1169  data: 0.0001  max mem: 1904
[17:01:49.976831] Epoch: [8]  [500/759]  eta: 0:00:29  lr: 0.000010  loss: 0.0176 (0.0258)  mae_m_mask: 0.2537 (0.2428)  rmse_m_mask: 0.3639 (0.3579)  normalized_mse_mask: 0.0176 (0.0258)  rmse_m_all: 7.9982 (7.5235)  actual_mask_ratio: 0.0733 (0.0718)  actual_prediction_mask_ratio: 0.2432 (0.2350)  ignored_patch_ratio: 0.0000 (0.0020)  time: 0.1159  data: 0.0001  max mem: 1904
[17:01:52.291718] Epoch: [8]  [520/759]  eta: 0:00:27  lr: 0.000010  loss: 0.0113 (0.0262)  mae_m_mask: 0.2565 (0.2438)  rmse_m_mask: 0.3676 (0.3587)  normalized_mse_mask: 0.0113 (0.0262)  rmse_m_all: 5.6054 (7.4880)  actual_mask_ratio: 0.0743 (0.0719)  actual_prediction_mask_ratio: 0.2421 (0.2352)  ignored_patch_ratio: 0.0000 (0.0019)  time: 0.1157  data: 0.0001  max mem: 1904
[17:01:54.612391] Epoch: [8]  [540/759]  eta: 0:00:24  lr: 0.000010  loss: 0.0147 (0.0260)  mae_m_mask: 0.2411 (0.2445)  rmse_m_mask: 0.3617 (0.3597)  normalized_mse_mask: 0.0147 (0.0260)  rmse_m_all: 8.2923 (7.5107)  actual_mask_ratio: 0.0720 (0.0719)  actual_prediction_mask_ratio: 0.2414 (0.2352)  ignored_patch_ratio: 0.0000 (0.0019)  time: 0.1160  data: 0.0001  max mem: 1904
[17:01:56.930024] Epoch: [8]  [560/759]  eta: 0:00:22  lr: 0.000010  loss: 0.0157 (0.0261)  mae_m_mask: 0.2295 (0.2444)  rmse_m_mask: 0.3188 (0.3599)  normalized_mse_mask: 0.0157 (0.0261)  rmse_m_all: 5.2633 (7.4899)  actual_mask_ratio: 0.0720 (0.0719)  actual_prediction_mask_ratio: 0.2330 (0.2351)  ignored_patch_ratio: 0.0000 (0.0020)  time: 0.1158  data: 0.0001  max mem: 1904
[17:01:59.244233] Epoch: [8]  [580/759]  eta: 0:00:20  lr: 0.000010  loss: 0.0216 (0.0264)  mae_m_mask: 0.2203 (0.2450)  rmse_m_mask: 0.3454 (0.3608)  normalized_mse_mask: 0.0216 (0.0264)  rmse_m_all: 6.1875 (7.4658)  actual_mask_ratio: 0.0703 (0.0719)  actual_prediction_mask_ratio: 0.2273 (0.2350)  ignored_patch_ratio: 0.0000 (0.0020)  time: 0.1157  data: 0.0001  max mem: 1904
[17:02:01.568144] Epoch: [8]  [600/759]  eta: 0:00:18  lr: 0.000010  loss: 0.0154 (0.0263)  mae_m_mask: 0.2739 (0.2467)  rmse_m_mask: 0.4409 (0.3634)  normalized_mse_mask: 0.0154 (0.0263)  rmse_m_all: 5.2749 (7.4687)  actual_mask_ratio: 0.0680 (0.0718)  actual_prediction_mask_ratio: 0.2273 (0.2347)  ignored_patch_ratio: 0.0000 (0.0020)  time: 0.1161  data: 0.0001  max mem: 1904
[17:02:03.877991] Epoch: [8]  [620/759]  eta: 0:00:15  lr: 0.000010  loss: 0.0172 (0.0266)  mae_m_mask: 0.2281 (0.2459)  rmse_m_mask: 0.3273 (0.3620)  normalized_mse_mask: 0.0172 (0.0266)  rmse_m_all: 5.8339 (7.4291)  actual_mask_ratio: 0.0709 (0.0718)  actual_prediction_mask_ratio: 0.2370 (0.2347)  ignored_patch_ratio: 0.0000 (0.0023)  time: 0.1154  data: 0.0001  max mem: 1904
[17:02:06.190942] Epoch: [8]  [640/759]  eta: 0:00:13  lr: 0.000010  loss: 0.0107 (0.0265)  mae_m_mask: 0.2463 (0.2468)  rmse_m_mask: 0.3576 (0.3640)  normalized_mse_mask: 0.0107 (0.0265)  rmse_m_all: 9.5084 (7.5050)  actual_mask_ratio: 0.0703 (0.0717)  actual_prediction_mask_ratio: 0.2251 (0.2346)  ignored_patch_ratio: 0.0000 (0.0023)  time: 0.1156  data: 0.0001  max mem: 1904
[17:02:08.511443] Epoch: [8]  [660/759]  eta: 0:00:11  lr: 0.000010  loss: 0.0173 (0.0265)  mae_m_mask: 0.2070 (0.2461)  rmse_m_mask: 0.3115 (0.3628)  normalized_mse_mask: 0.0173 (0.0265)  rmse_m_all: 6.4583 (7.4862)  actual_mask_ratio: 0.0748 (0.0718)  actual_prediction_mask_ratio: 0.2472 (0.2351)  ignored_patch_ratio: 0.0000 (0.0022)  time: 0.1160  data: 0.0001  max mem: 1904
[17:02:10.829312] Epoch: [8]  [680/759]  eta: 0:00:08  lr: 0.000010  loss: 0.0170 (0.0264)  mae_m_mask: 0.2334 (0.2459)  rmse_m_mask: 0.3607 (0.3626)  normalized_mse_mask: 0.0170 (0.0264)  rmse_m_all: 7.4298 (7.4684)  actual_mask_ratio: 0.0703 (0.0718)  actual_prediction_mask_ratio: 0.2375 (0.2350)  ignored_patch_ratio: 0.0000 (0.0022)  time: 0.1158  data: 0.0001  max mem: 1904
[17:02:13.147855] Epoch: [8]  [700/759]  eta: 0:00:06  lr: 0.000010  loss: 0.0137 (0.0262)  mae_m_mask: 0.1936 (0.2446)  rmse_m_mask: 0.2796 (0.3613)  normalized_mse_mask: 0.0137 (0.0262)  rmse_m_all: 6.8464 (7.4475)  actual_mask_ratio: 0.0692 (0.0717)  actual_prediction_mask_ratio: 0.2307 (0.2349)  ignored_patch_ratio: 0.0000 (0.0022)  time: 0.1159  data: 0.0001  max mem: 1904
[17:02:15.465436] Epoch: [8]  [720/759]  eta: 0:00:04  lr: 0.000010  loss: 0.0187 (0.0262)  mae_m_mask: 0.2616 (0.2448)  rmse_m_mask: 0.3570 (0.3614)  normalized_mse_mask: 0.0187 (0.0262)  rmse_m_all: 8.3041 (7.4942)  actual_mask_ratio: 0.0737 (0.0718)  actual_prediction_mask_ratio: 0.2426 (0.2350)  ignored_patch_ratio: 0.0000 (0.0022)  time: 0.1158  data: 0.0001  max mem: 1904
[17:02:17.779174] Epoch: [8]  [740/759]  eta: 0:00:02  lr: 0.000010  loss: 0.0067 (0.0260)  mae_m_mask: 0.1995 (0.2447)  rmse_m_mask: 0.3085 (0.3611)  normalized_mse_mask: 0.0067 (0.0260)  rmse_m_all: 6.0709 (7.4842)  actual_mask_ratio: 0.0726 (0.0718)  actual_prediction_mask_ratio: 0.2404 (0.2352)  ignored_patch_ratio: 0.0000 (0.0022)  time: 0.1156  data: 0.0001  max mem: 1904
[17:02:19.867738] Epoch: [8]  [758/759]  eta: 0:00:00  lr: 0.000010  loss: 0.0060 (0.0258)  mae_m_mask: 0.1966 (0.2437)  rmse_m_mask: 0.2939 (0.3594)  normalized_mse_mask: 0.0060 (0.0258)  rmse_m_all: 6.9912 (7.4800)  actual_mask_ratio: 0.0686 (0.0717)  actual_prediction_mask_ratio: 0.2358 (0.2352)  ignored_patch_ratio: 0.0000 (0.0022)  time: 0.1159  data: 0.0001  max mem: 1904
[17:02:19.983323] Epoch: [8] Total time: 0:01:26 (0.1143 s / it)
[17:02:19.985804] Averaged stats: {'lr': 9.877881886472577e-06, 'loss': 0.025321369843391766, 'mae_m_mask': 0.24125175770160898, 'rmse_m_mask': 0.3800409811944398, 'normalized_mse_mask': 0.025321369843391766, 'rmse_m_all': 7.479999041761491, 'actual_mask_ratio': 0.07173880941095874, 'actual_prediction_mask_ratio': 0.23517393366935538, 'ignored_patch_ratio': 0.0021771977070291996, 'supervised_pixel_count': 14701583.0}
[17:02:20.171480] Val: [8]  [  0/533]  eta: 0:01:37  loss: 0.0097 (0.0097)  mae_m_mask: 0.9176 (0.9176)  rmse_m_mask: 1.1247 (1.1247)  normalized_mse_mask: 0.0097 (0.0097)  rmse_m_all: 14.0584 (14.0584)  actual_mask_ratio: 0.0787 (0.0787)  actual_prediction_mask_ratio: 0.2431 (0.2431)  ignored_patch_ratio: 0.0488 (0.0488)  time: 0.1831  data: 0.0938  max mem: 1904
[17:02:24.609361] Val: [8]  [ 50/533]  eta: 0:00:43  loss: 0.0013 (0.0038)  mae_m_mask: 0.6477 (0.7171)  rmse_m_mask: 0.8101 (0.8389)  normalized_mse_mask: 0.0013 (0.0038)  rmse_m_all: 13.4054 (14.2662)  actual_mask_ratio: 0.0694 (0.0693)  actual_prediction_mask_ratio: 0.2120 (0.2147)  ignored_patch_ratio: 0.0527 (0.0550)  time: 0.0884  data: 0.0001  max mem: 1904
[17:02:29.053836] Val: [8]  [100/533]  eta: 0:00:38  loss: 0.0005 (0.0023)  mae_m_mask: 0.5257 (0.6802)  rmse_m_mask: 0.6827 (0.8097)  normalized_mse_mask: 0.0005 (0.0023)  rmse_m_all: 18.1045 (15.9219)  actual_mask_ratio: 0.0645 (0.0686)  actual_prediction_mask_ratio: 0.2076 (0.2139)  ignored_patch_ratio: 0.0550 (0.0538)  time: 0.0884  data: 0.0001  max mem: 1904
[17:02:33.424770] Val: [8]  [150/533]  eta: 0:00:34  loss: 0.0007 (0.0018)  mae_m_mask: 0.4292 (0.6527)  rmse_m_mask: 0.5659 (0.7803)  normalized_mse_mask: 0.0007 (0.0018)  rmse_m_all: 11.4813 (15.8871)  actual_mask_ratio: 0.0707 (0.0688)  actual_prediction_mask_ratio: 0.2326 (0.2153)  ignored_patch_ratio: 0.0488 (0.0542)  time: 0.0871  data: 0.0001  max mem: 1904
[17:02:37.782732] Val: [8]  [200/533]  eta: 0:00:29  loss: 0.0012 (0.0018)  mae_m_mask: 0.7603 (0.6619)  rmse_m_mask: 0.8655 (0.7881)  normalized_mse_mask: 0.0012 (0.0018)  rmse_m_all: 14.2554 (15.3527)  actual_mask_ratio: 0.0760 (0.0695)  actual_prediction_mask_ratio: 0.2427 (0.2204)  ignored_patch_ratio: 0.0000 (0.0447)  time: 0.0872  data: 0.0001  max mem: 1904
[17:02:42.159958] Val: [8]  [250/533]  eta: 0:00:24  loss: 0.0009 (0.0018)  mae_m_mask: 0.9185 (0.7457)  rmse_m_mask: 1.0510 (0.8779)  normalized_mse_mask: 0.0009 (0.0018)  rmse_m_all: 14.9225 (15.7230)  actual_mask_ratio: 0.0725 (0.0702)  actual_prediction_mask_ratio: 0.2314 (0.2225)  ignored_patch_ratio: 0.0306 (0.0393)  time: 0.0878  data: 0.0001  max mem: 1904
[17:02:46.524102] Val: [8]  [300/533]  eta: 0:00:20  loss: 0.0004 (0.0017)  mae_m_mask: 0.7831 (0.7897)  rmse_m_mask: 0.9276 (0.9263)  normalized_mse_mask: 0.0004 (0.0017)  rmse_m_all: 23.7422 (16.8243)  actual_mask_ratio: 0.0700 (0.0704)  actual_prediction_mask_ratio: 0.2121 (0.2229)  ignored_patch_ratio: 0.0516 (0.0394)  time: 0.0876  data: 0.0001  max mem: 1904
[17:02:50.877145] Val: [8]  [350/533]  eta: 0:00:16  loss: 0.0005 (0.0016)  mae_m_mask: 0.6762 (0.7853)  rmse_m_mask: 0.8469 (0.9220)  normalized_mse_mask: 0.0005 (0.0016)  rmse_m_all: 19.9355 (17.0259)  actual_mask_ratio: 0.0698 (0.0705)  actual_prediction_mask_ratio: 0.2170 (0.2230)  ignored_patch_ratio: 0.0391 (0.0384)  time: 0.0864  data: 0.0001  max mem: 1904
[17:02:55.334580] Val: [8]  [400/533]  eta: 0:00:11  loss: 0.0008 (0.0015)  mae_m_mask: 0.6702 (0.7993)  rmse_m_mask: 0.8431 (0.9375)  normalized_mse_mask: 0.0008 (0.0015)  rmse_m_all: 19.1966 (17.4141)  actual_mask_ratio: 0.0683 (0.0702)  actual_prediction_mask_ratio: 0.2164 (0.2218)  ignored_patch_ratio: 0.0476 (0.0400)  time: 0.0884  data: 0.0001  max mem: 1904
[17:02:59.661130] Val: [8]  [450/533]  eta: 0:00:07  loss: 0.0009 (0.0016)  mae_m_mask: 0.8885 (0.8214)  rmse_m_mask: 1.0206 (0.9663)  normalized_mse_mask: 0.0009 (0.0016)  rmse_m_all: 17.2625 (17.4273)  actual_mask_ratio: 0.0670 (0.0702)  actual_prediction_mask_ratio: 0.2143 (0.2217)  ignored_patch_ratio: 0.0612 (0.0412)  time: 0.0862  data: 0.0001  max mem: 1904
[17:03:04.090513] Val: [8]  [500/533]  eta: 0:00:02  loss: 0.0003 (0.0015)  mae_m_mask: 0.5154 (0.8043)  rmse_m_mask: 0.5950 (0.9477)  normalized_mse_mask: 0.0003 (0.0015)  rmse_m_all: 16.6929 (17.4772)  actual_mask_ratio: 0.0673 (0.0700)  actual_prediction_mask_ratio: 0.2116 (0.2212)  ignored_patch_ratio: 0.0573 (0.0425)  time: 0.0887  data: 0.0001  max mem: 1904
[17:03:06.952988] Val: [8]  [532/533]  eta: 0:00:00  loss: 0.0006 (0.0016)  mae_m_mask: 0.7022 (0.7986)  rmse_m_mask: 0.8119 (0.9413)  normalized_mse_mask: 0.0006 (0.0016)  rmse_m_all: 18.0978 (17.5333)  actual_mask_ratio: 0.0666 (0.0699)  actual_prediction_mask_ratio: 0.2121 (0.2208)  ignored_patch_ratio: 0.0550 (0.0432)  time: 0.0889  data: 0.0001  max mem: 1904
[17:03:07.063892] Val: [8] Total time: 0:00:47 (0.0883 s / it)
[17:03:07.065063] val stats: {'loss': 0.001546042444758761, 'mae_m_mask': 0.7873849733363627, 'rmse_m_mask': 1.0475553816233356, 'normalized_mse_mask': 0.001546042444758761, 'rmse_m_all': 17.53332996547334, 'actual_mask_ratio': 0.06990061117437499, 'actual_prediction_mask_ratio': 0.22084709342156744, 'ignored_patch_ratio': 0.04319662906886489, 'supervised_pixel_count': 11054205.0}
[17:03:14.023941] [BEST] New best val_mae_m_mask=0.787385 at epoch=8
[17:03:14.900020] log_dir: /tank/data/SFS/xinyis/data/bathymetry/MAE-Topography/Downstream_Task_Bathy/cross_validation_v5_Stage2NormMSE_MeterSelect/runs/holdout_CA_D004Stage2NormMSE_MeterSelect_D001NoDataSafe/train_stage2_normMSE_meterSelect_CA_KlamathRiver_TopoBathy_2018_D18_fromStage1Best_e120_lr1e-5_b4_acc4/tb
[17:03:15.081150] Epoch: [9]  [  0/759]  eta: 0:02:17  lr: 0.000010  loss: 0.0264 (0.0264)  mae_m_mask: 0.1823 (0.1823)  rmse_m_mask: 0.2535 (0.2535)  normalized_mse_mask: 0.0264 (0.0264)  rmse_m_all: 2.9586 (2.9586)  actual_mask_ratio: 0.0643 (0.0643)  actual_prediction_mask_ratio: 0.1942 (0.1942)  ignored_patch_ratio: 0.0573 (0.0573)  time: 0.1805  data: 0.0783  max mem: 1904
[17:03:17.311018] Epoch: [9]  [ 20/759]  eta: 0:01:24  lr: 0.000010  loss: 0.0201 (0.0340)  mae_m_mask: 0.2357 (0.2273)  rmse_m_mask: 0.3359 (0.3306)  normalized_mse_mask: 0.0201 (0.0340)  rmse_m_all: 6.9285 (7.9171)  actual_mask_ratio: 0.0709 (0.0718)  actual_prediction_mask_ratio: 0.2245 (0.2313)  ignored_patch_ratio: 0.0000 (0.0032)  time: 0.1114  data: 0.0001  max mem: 1904
[17:03:19.541318] Epoch: [9]  [ 40/759]  eta: 0:01:21  lr: 0.000010  loss: 0.0181 (0.0351)  mae_m_mask: 0.2452 (0.2532)  rmse_m_mask: 0.3193 (0.3675)  normalized_mse_mask: 0.0181 (0.0351)  rmse_m_all: 6.1499 (7.5030)  actual_mask_ratio: 0.0720 (0.0719)  actual_prediction_mask_ratio: 0.2426 (0.2375)  ignored_patch_ratio: 0.0000 (0.0026)  time: 0.1115  data: 0.0001  max mem: 1904
[17:03:21.780444] Epoch: [9]  [ 60/759]  eta: 0:01:18  lr: 0.000010  loss: 0.0113 (0.0320)  mae_m_mask: 0.2079 (0.2491)  rmse_m_mask: 0.3208 (0.3701)  normalized_mse_mask: 0.0113 (0.0320)  rmse_m_all: 5.8951 (7.0902)  actual_mask_ratio: 0.0731 (0.0720)  actual_prediction_mask_ratio: 0.2296 (0.2369)  ignored_patch_ratio: 0.0000 (0.0022)  time: 0.1119  data: 0.0002  max mem: 1904
[17:03:24.016992] Epoch: [9]  [ 80/759]  eta: 0:01:16  lr: 0.000010  loss: 0.0132 (0.0305)  mae_m_mask: 0.2235 (0.2447)  rmse_m_mask: 0.3229 (0.3649)  normalized_mse_mask: 0.0132 (0.0305)  rmse_m_all: 6.4920 (7.1903)  actual_mask_ratio: 0.0720 (0.0722)  actual_prediction_mask_ratio: 0.2353 (0.2365)  ignored_patch_ratio: 0.0000 (0.0017)  time: 0.1118  data: 0.0002  max mem: 1904
[17:03:26.262365] Epoch: [9]  [100/759]  eta: 0:01:14  lr: 0.000010  loss: 0.0139 (0.0287)  mae_m_mask: 0.1931 (0.2427)  rmse_m_mask: 0.2868 (0.3604)  normalized_mse_mask: 0.0139 (0.0287)  rmse_m_all: 5.5096 (6.9439)  actual_mask_ratio: 0.0743 (0.0729)  actual_prediction_mask_ratio: 0.2443 (0.2376)  ignored_patch_ratio: 0.0000 (0.0015)  time: 0.1122  data: 0.0001  max mem: 1904
[17:03:28.487073] Epoch: [9]  [120/759]  eta: 0:01:11  lr: 0.000010  loss: 0.0102 (0.0281)  mae_m_mask: 0.1889 (0.2398)  rmse_m_mask: 0.2653 (0.3542)  normalized_mse_mask: 0.0102 (0.0281)  rmse_m_all: 6.9893 (7.0288)  actual_mask_ratio: 0.0720 (0.0726)  actual_prediction_mask_ratio: 0.2409 (0.2376)  ignored_patch_ratio: 0.0000 (0.0017)  time: 0.1112  data: 0.0002  max mem: 1904
[17:03:30.738922] Epoch: [9]  [140/759]  eta: 0:01:09  lr: 0.000010  loss: 0.0151 (0.0303)  mae_m_mask: 0.1956 (0.2402)  rmse_m_mask: 0.2628 (0.3526)  normalized_mse_mask: 0.0151 (0.0303)  rmse_m_all: 5.8167 (7.0124)  actual_mask_ratio: 0.0714 (0.0725)  actual_prediction_mask_ratio: 0.2324 (0.2375)  ignored_patch_ratio: 0.0000 (0.0015)  time: 0.1125  data: 0.0001  max mem: 1904
[17:03:32.979476] Epoch: [9]  [160/759]  eta: 0:01:07  lr: 0.000010  loss: 0.0136 (0.0301)  mae_m_mask: 0.2168 (0.2406)  rmse_m_mask: 0.3111 (0.3527)  normalized_mse_mask: 0.0136 (0.0301)  rmse_m_all: 7.0958 (7.0375)  actual_mask_ratio: 0.0709 (0.0722)  actual_prediction_mask_ratio: 0.2273 (0.2364)  ignored_patch_ratio: 0.0000 (0.0016)  time: 0.1120  data: 0.0002  max mem: 1904
[17:03:35.079011] Epoch: [9]  [180/759]  eta: 0:01:04  lr: 0.000010  loss: 0.0142 (0.0291)  mae_m_mask: 0.2148 (0.2414)  rmse_m_mask: 0.3242 (0.3549)  normalized_mse_mask: 0.0142 (0.0291)  rmse_m_all: 5.9049 (7.1271)  actual_mask_ratio: 0.0726 (0.0722)  actual_prediction_mask_ratio: 0.2404 (0.2367)  ignored_patch_ratio: 0.0000 (0.0014)  time: 0.1049  data: 0.0001  max mem: 1904
[17:03:37.235957] Epoch: [9]  [200/759]  eta: 0:01:02  lr: 0.000010  loss: 0.0100 (0.0283)  mae_m_mask: 0.2504 (0.2434)  rmse_m_mask: 0.3838 (0.3597)  normalized_mse_mask: 0.0100 (0.0283)  rmse_m_all: 7.3931 (7.1827)  actual_mask_ratio: 0.0697 (0.0720)  actual_prediction_mask_ratio: 0.2319 (0.2359)  ignored_patch_ratio: 0.0000 (0.0016)  time: 0.1078  data: 0.0001  max mem: 1904
[17:03:39.402165] Epoch: [9]  [220/759]  eta: 0:00:59  lr: 0.000010  loss: 0.0139 (0.0280)  mae_m_mask: 0.2353 (0.2435)  rmse_m_mask: 0.3519 (0.3607)  normalized_mse_mask: 0.0139 (0.0280)  rmse_m_all: 4.8965 (7.1290)  actual_mask_ratio: 0.0686 (0.0718)  actual_prediction_mask_ratio: 0.2285 (0.2353)  ignored_patch_ratio: 0.0000 (0.0019)  time: 0.1083  data: 0.0001  max mem: 1904
[17:03:41.632070] Epoch: [9]  [240/759]  eta: 0:00:57  lr: 0.000010  loss: 0.0108 (0.0276)  mae_m_mask: 0.2217 (0.2415)  rmse_m_mask: 0.3406 (0.3573)  normalized_mse_mask: 0.0108 (0.0276)  rmse_m_all: 6.1302 (7.1088)  actual_mask_ratio: 0.0743 (0.0719)  actual_prediction_mask_ratio: 0.2443 (0.2355)  ignored_patch_ratio: 0.0000 (0.0020)  time: 0.1115  data: 0.0001  max mem: 1904
[17:03:43.527587] Epoch: [9]  [260/759]  eta: 0:00:54  lr: 0.000010  loss: 0.0211 (0.0277)  mae_m_mask: 0.1983 (0.2406)  rmse_m_mask: 0.2752 (0.3568)  normalized_mse_mask: 0.0211 (0.0277)  rmse_m_all: 5.9270 (7.0889)  actual_mask_ratio: 0.0743 (0.0720)  actual_prediction_mask_ratio: 0.2341 (0.2358)  ignored_patch_ratio: 0.0000 (0.0020)  time: 0.0947  data: 0.0001  max mem: 1904
[17:03:46.340121] Epoch: [9]  [280/759]  eta: 0:00:53  lr: 0.000010  loss: 0.0187 (0.0285)  mae_m_mask: 0.2222 (0.2413)  rmse_m_mask: 0.2893 (0.3567)  normalized_mse_mask: 0.0187 (0.0285)  rmse_m_all: 7.6140 (7.1157)  actual_mask_ratio: 0.0675 (0.0717)  actual_prediction_mask_ratio: 0.2262 (0.2354)  ignored_patch_ratio: 0.0000 (0.0022)  time: 0.1406  data: 0.0681  max mem: 1904
[17:03:48.326183] Epoch: [9]  [300/759]  eta: 0:00:50  lr: 0.000010  loss: 0.0143 (0.0282)  mae_m_mask: 0.2240 (0.2423)  rmse_m_mask: 0.3349 (0.3588)  normalized_mse_mask: 0.0143 (0.0282)  rmse_m_all: 7.4659 (7.1580)  actual_mask_ratio: 0.0686 (0.0717)  actual_prediction_mask_ratio: 0.2404 (0.2353)  ignored_patch_ratio: 0.0000 (0.0024)  time: 0.0993  data: 0.0001  max mem: 1904
[17:03:50.573174] Epoch: [9]  [320/759]  eta: 0:00:48  lr: 0.000010  loss: 0.0161 (0.0282)  mae_m_mask: 0.2384 (0.2418)  rmse_m_mask: 0.3312 (0.3589)  normalized_mse_mask: 0.0161 (0.0282)  rmse_m_all: 5.8876 (7.1614)  actual_mask_ratio: 0.0720 (0.0717)  actual_prediction_mask_ratio: 0.2421 (0.2356)  ignored_patch_ratio: 0.0000 (0.0022)  time: 0.1123  data: 0.0001  max mem: 1904
[17:03:52.463186] Epoch: [9]  [340/759]  eta: 0:00:46  lr: 0.000010  loss: 0.0097 (0.0279)  mae_m_mask: 0.2333 (0.2419)  rmse_m_mask: 0.3443 (0.3593)  normalized_mse_mask: 0.0097 (0.0279)  rmse_m_all: 6.6656 (7.1412)  actual_mask_ratio: 0.0714 (0.0718)  actual_prediction_mask_ratio: 0.2381 (0.2356)  ignored_patch_ratio: 0.0000 (0.0021)  time: 0.0945  data: 0.0056  max mem: 1904
[17:03:55.510150] Epoch: [9]  [360/759]  eta: 0:00:44  lr: 0.000010  loss: 0.0123 (0.0276)  mae_m_mask: 0.2432 (0.2422)  rmse_m_mask: 0.3260 (0.3592)  normalized_mse_mask: 0.0123 (0.0276)  rmse_m_all: 8.8904 (7.1470)  actual_mask_ratio: 0.0720 (0.0716)  actual_prediction_mask_ratio: 0.2276 (0.2352)  ignored_patch_ratio: 0.0000 (0.0021)  time: 0.1523  data: 0.0776  max mem: 1904
[17:03:57.737054] Epoch: [9]  [380/759]  eta: 0:00:42  lr: 0.000010  loss: 0.0181 (0.0273)  mae_m_mask: 0.1804 (0.2404)  rmse_m_mask: 0.2763 (0.3560)  normalized_mse_mask: 0.0181 (0.0273)  rmse_m_all: 5.1329 (7.0626)  actual_mask_ratio: 0.0692 (0.0715)  actual_prediction_mask_ratio: 0.2256 (0.2349)  ignored_patch_ratio: 0.0000 (0.0022)  time: 0.1113  data: 0.0003  max mem: 1904
[17:04:00.073249] Epoch: [9]  [400/759]  eta: 0:00:40  lr: 0.000010  loss: 0.0091 (0.0266)  mae_m_mask: 0.2147 (0.2413)  rmse_m_mask: 0.3297 (0.3569)  normalized_mse_mask: 0.0091 (0.0266)  rmse_m_all: 7.8329 (7.1448)  actual_mask_ratio: 0.0726 (0.0715)  actual_prediction_mask_ratio: 0.2370 (0.2349)  ignored_patch_ratio: 0.0000 (0.0023)  time: 0.1168  data: 0.0001  max mem: 1904
[17:04:02.416112] Epoch: [9]  [420/759]  eta: 0:00:38  lr: 0.000010  loss: 0.0121 (0.0264)  mae_m_mask: 0.2276 (0.2410)  rmse_m_mask: 0.3166 (0.3561)  normalized_mse_mask: 0.0121 (0.0264)  rmse_m_all: 7.7796 (7.2298)  actual_mask_ratio: 0.0714 (0.0715)  actual_prediction_mask_ratio: 0.2273 (0.2347)  ignored_patch_ratio: 0.0000 (0.0022)  time: 0.1171  data: 0.0001  max mem: 1904
[17:04:04.755981] Epoch: [9]  [440/759]  eta: 0:00:36  lr: 0.000010  loss: 0.0123 (0.0258)  mae_m_mask: 0.2558 (0.2419)  rmse_m_mask: 0.3414 (0.3575)  normalized_mse_mask: 0.0123 (0.0258)  rmse_m_all: 6.7937 (7.2788)  actual_mask_ratio: 0.0696 (0.0715)  actual_prediction_mask_ratio: 0.2302 (0.2346)  ignored_patch_ratio: 0.0000 (0.0021)  time: 0.1169  data: 0.0001  max mem: 1904
[17:04:07.098062] Epoch: [9]  [460/759]  eta: 0:00:33  lr: 0.000010  loss: 0.0236 (0.0259)  mae_m_mask: 0.2495 (0.2422)  rmse_m_mask: 0.3497 (0.3574)  normalized_mse_mask: 0.0236 (0.0259)  rmse_m_all: 5.5126 (7.2457)  actual_mask_ratio: 0.0748 (0.0716)  actual_prediction_mask_ratio: 0.2377 (0.2350)  ignored_patch_ratio: 0.0000 (0.0021)  time: 0.1171  data: 0.0002  max mem: 1904
[17:04:09.434429] Epoch: [9]  [480/759]  eta: 0:00:31  lr: 0.000010  loss: 0.0218 (0.0260)  mae_m_mask: 0.2049 (0.2412)  rmse_m_mask: 0.2904 (0.3560)  normalized_mse_mask: 0.0218 (0.0260)  rmse_m_all: 4.6464 (7.1981)  actual_mask_ratio: 0.0692 (0.0716)  actual_prediction_mask_ratio: 0.2302 (0.2349)  ignored_patch_ratio: 0.0000 (0.0022)  time: 0.1168  data: 0.0001  max mem: 1904
[17:04:11.774900] Epoch: [9]  [500/759]  eta: 0:00:29  lr: 0.000010  loss: 0.0091 (0.0260)  mae_m_mask: 0.2275 (0.2422)  rmse_m_mask: 0.3443 (0.3578)  normalized_mse_mask: 0.0091 (0.0260)  rmse_m_all: 7.7284 (7.2312)  actual_mask_ratio: 0.0726 (0.0717)  actual_prediction_mask_ratio: 0.2438 (0.2352)  ignored_patch_ratio: 0.0000 (0.0021)  time: 0.1170  data: 0.0001  max mem: 1904
[17:04:14.113765] Epoch: [9]  [520/759]  eta: 0:00:27  lr: 0.000010  loss: 0.0076 (0.0256)  mae_m_mask: 0.2455 (0.2424)  rmse_m_mask: 0.3372 (0.3574)  normalized_mse_mask: 0.0076 (0.0256)  rmse_m_all: 8.3788 (7.2822)  actual_mask_ratio: 0.0697 (0.0716)  actual_prediction_mask_ratio: 0.2307 (0.2350)  ignored_patch_ratio: 0.0000 (0.0022)  time: 0.1169  data: 0.0001  max mem: 1904
[17:04:16.453629] Epoch: [9]  [540/759]  eta: 0:00:24  lr: 0.000010  loss: 0.0292 (0.0260)  mae_m_mask: 0.2408 (0.2431)  rmse_m_mask: 0.3574 (0.3593)  normalized_mse_mask: 0.0292 (0.0260)  rmse_m_all: 8.5919 (7.3220)  actual_mask_ratio: 0.0737 (0.0717)  actual_prediction_mask_ratio: 0.2369 (0.2351)  ignored_patch_ratio: 0.0000 (0.0022)  time: 0.1170  data: 0.0001  max mem: 1904
[17:04:18.799820] Epoch: [9]  [560/759]  eta: 0:00:22  lr: 0.000010  loss: 0.0153 (0.0259)  mae_m_mask: 0.2277 (0.2431)  rmse_m_mask: 0.3327 (0.3592)  normalized_mse_mask: 0.0153 (0.0259)  rmse_m_all: 6.6582 (7.3337)  actual_mask_ratio: 0.0687 (0.0716)  actual_prediction_mask_ratio: 0.2273 (0.2349)  ignored_patch_ratio: 0.0000 (0.0022)  time: 0.1173  data: 0.0001  max mem: 1904
[17:04:21.144165] Epoch: [9]  [580/759]  eta: 0:00:20  lr: 0.000010  loss: 0.0111 (0.0257)  mae_m_mask: 0.2142 (0.2424)  rmse_m_mask: 0.3042 (0.3577)  normalized_mse_mask: 0.0111 (0.0257)  rmse_m_all: 5.5556 (7.3227)  actual_mask_ratio: 0.0748 (0.0717)  actual_prediction_mask_ratio: 0.2302 (0.2352)  ignored_patch_ratio: 0.0000 (0.0022)  time: 0.1172  data: 0.0001  max mem: 1904
[17:04:23.493037] Epoch: [9]  [600/759]  eta: 0:00:18  lr: 0.000010  loss: 0.0105 (0.0255)  mae_m_mask: 0.2230 (0.2418)  rmse_m_mask: 0.3069 (0.3565)  normalized_mse_mask: 0.0105 (0.0255)  rmse_m_all: 6.9431 (7.3103)  actual_mask_ratio: 0.0714 (0.0717)  actual_prediction_mask_ratio: 0.2341 (0.2351)  ignored_patch_ratio: 0.0000 (0.0021)  time: 0.1174  data: 0.0001  max mem: 1904
[17:04:25.836329] Epoch: [9]  [620/759]  eta: 0:00:15  lr: 0.000010  loss: 0.0178 (0.0256)  mae_m_mask: 0.2204 (0.2423)  rmse_m_mask: 0.3102 (0.3572)  normalized_mse_mask: 0.0178 (0.0256)  rmse_m_all: 7.9835 (7.3404)  actual_mask_ratio: 0.0731 (0.0718)  actual_prediction_mask_ratio: 0.2404 (0.2354)  ignored_patch_ratio: 0.0000 (0.0021)  time: 0.1171  data: 0.0001  max mem: 1904
[17:04:28.181176] Epoch: [9]  [640/759]  eta: 0:00:13  lr: 0.000010  loss: 0.0174 (0.0254)  mae_m_mask: 0.1729 (0.2412)  rmse_m_mask: 0.2656 (0.3552)  normalized_mse_mask: 0.0174 (0.0254)  rmse_m_all: 5.1506 (7.2927)  actual_mask_ratio: 0.0714 (0.0718)  actual_prediction_mask_ratio: 0.2387 (0.2354)  ignored_patch_ratio: 0.0000 (0.0021)  time: 0.1172  data: 0.0001  max mem: 1904
[17:04:30.521210] Epoch: [9]  [660/759]  eta: 0:00:11  lr: 0.000010  loss: 0.0224 (0.0256)  mae_m_mask: 0.2128 (0.2405)  rmse_m_mask: 0.2936 (0.3537)  normalized_mse_mask: 0.0224 (0.0256)  rmse_m_all: 6.5173 (7.3006)  actual_mask_ratio: 0.0702 (0.0718)  actual_prediction_mask_ratio: 0.2319 (0.2355)  ignored_patch_ratio: 0.0000 (0.0021)  time: 0.1170  data: 0.0001  max mem: 1904
[17:04:32.858140] Epoch: [9]  [680/759]  eta: 0:00:09  lr: 0.000010  loss: 0.0116 (0.0256)  mae_m_mask: 0.2020 (0.2399)  rmse_m_mask: 0.2852 (0.3525)  normalized_mse_mask: 0.0116 (0.0256)  rmse_m_all: 8.2323 (7.3420)  actual_mask_ratio: 0.0730 (0.0719)  actual_prediction_mask_ratio: 0.2429 (0.2356)  ignored_patch_ratio: 0.0000 (0.0021)  time: 0.1168  data: 0.0001  max mem: 1904
[17:04:35.202786] Epoch: [9]  [700/759]  eta: 0:00:06  lr: 0.000010  loss: 0.0259 (0.0260)  mae_m_mask: 0.2370 (0.2403)  rmse_m_mask: 0.3309 (0.3532)  normalized_mse_mask: 0.0259 (0.0260)  rmse_m_all: 8.0989 (7.3607)  actual_mask_ratio: 0.0697 (0.0718)  actual_prediction_mask_ratio: 0.2324 (0.2355)  ignored_patch_ratio: 0.0000 (0.0021)  time: 0.1172  data: 0.0001  max mem: 1904
[17:04:37.545158] Epoch: [9]  [720/759]  eta: 0:00:04  lr: 0.000010  loss: 0.0205 (0.0261)  mae_m_mask: 0.2622 (0.2406)  rmse_m_mask: 0.3632 (0.3532)  normalized_mse_mask: 0.0205 (0.0261)  rmse_m_all: 8.6441 (7.3796)  actual_mask_ratio: 0.0720 (0.0718)  actual_prediction_mask_ratio: 0.2271 (0.2352)  ignored_patch_ratio: 0.0000 (0.0021)  time: 0.1171  data: 0.0001  max mem: 1904
[17:04:39.891329] Epoch: [9]  [740/759]  eta: 0:00:02  lr: 0.000010  loss: 0.0163 (0.0260)  mae_m_mask: 0.2714 (0.2414)  rmse_m_mask: 0.4241 (0.3547)  normalized_mse_mask: 0.0163 (0.0260)  rmse_m_all: 7.4737 (7.4194)  actual_mask_ratio: 0.0731 (0.0718)  actual_prediction_mask_ratio: 0.2370 (0.2351)  ignored_patch_ratio: 0.0000 (0.0021)  time: 0.1173  data: 0.0001  max mem: 1904
[17:04:41.998102] Epoch: [9]  [758/759]  eta: 0:00:00  lr: 0.000010  loss: 0.0161 (0.0259)  mae_m_mask: 0.2103 (0.2415)  rmse_m_mask: 0.3043 (0.3549)  normalized_mse_mask: 0.0161 (0.0259)  rmse_m_all: 7.1383 (7.4339)  actual_mask_ratio: 0.0692 (0.0717)  actual_prediction_mask_ratio: 0.2365 (0.2351)  ignored_patch_ratio: 0.0000 (0.0022)  time: 0.1173  data: 0.0001  max mem: 1904
[17:04:42.020629] Epoch: [9] Total time: 0:01:27 (0.1148 s / it)
[17:04:42.023571] Averaged stats: {'lr': 9.847639950754331e-06, 'loss': 0.02529219369392466, 'mae_m_mask': 0.24035677271269437, 'rmse_m_mask': 0.38034490422223033, 'normalized_mse_mask': 0.02529219369392466, 'rmse_m_all': 7.433861652146215, 'actual_mask_ratio': 0.07173517876462975, 'actual_prediction_mask_ratio': 0.235134083743309, 'ignored_patch_ratio': 0.0021771975499682117, 'supervised_pixel_count': 14695594.0}
[17:04:42.212427] Val: [9]  [  0/533]  eta: 0:01:39  loss: 0.0105 (0.0105)  mae_m_mask: 1.0025 (1.0025)  rmse_m_mask: 1.1963 (1.1963)  normalized_mse_mask: 0.0105 (0.0105)  rmse_m_all: 14.0145 (14.0145)  actual_mask_ratio: 0.0787 (0.0787)  actual_prediction_mask_ratio: 0.2431 (0.2431)  ignored_patch_ratio: 0.0488 (0.0488)  time: 0.1862  data: 0.0953  max mem: 1904
[17:04:46.547037] Val: [9]  [ 50/533]  eta: 0:00:42  loss: 0.0016 (0.0040)  mae_m_mask: 0.6513 (0.7634)  rmse_m_mask: 0.8251 (0.8847)  normalized_mse_mask: 0.0016 (0.0040)  rmse_m_all: 13.3927 (14.2335)  actual_mask_ratio: 0.0694 (0.0693)  actual_prediction_mask_ratio: 0.2120 (0.2147)  ignored_patch_ratio: 0.0527 (0.0550)  time: 0.0874  data: 0.0001  max mem: 1904
[17:04:50.898188] Val: [9]  [100/533]  eta: 0:00:38  loss: 0.0004 (0.0024)  mae_m_mask: 0.5511 (0.7110)  rmse_m_mask: 0.6705 (0.8403)  normalized_mse_mask: 0.0004 (0.0024)  rmse_m_all: 18.0586 (15.8822)  actual_mask_ratio: 0.0645 (0.0686)  actual_prediction_mask_ratio: 0.2076 (0.2139)  ignored_patch_ratio: 0.0550 (0.0538)  time: 0.0873  data: 0.0001  max mem: 1904
[17:04:55.386659] Val: [9]  [150/533]  eta: 0:00:33  loss: 0.0007 (0.0019)  mae_m_mask: 0.4228 (0.6792)  rmse_m_mask: 0.5532 (0.8078)  normalized_mse_mask: 0.0007 (0.0019)  rmse_m_all: 11.4609 (15.8448)  actual_mask_ratio: 0.0707 (0.0688)  actual_prediction_mask_ratio: 0.2326 (0.2153)  ignored_patch_ratio: 0.0488 (0.0542)  time: 0.0937  data: 0.0001  max mem: 1904
[17:05:00.070779] Val: [9]  [200/533]  eta: 0:00:29  loss: 0.0010 (0.0018)  mae_m_mask: 0.6927 (0.6697)  rmse_m_mask: 0.7976 (0.7958)  normalized_mse_mask: 0.0010 (0.0018)  rmse_m_all: 14.1996 (15.3126)  actual_mask_ratio: 0.0760 (0.0695)  actual_prediction_mask_ratio: 0.2427 (0.2204)  ignored_patch_ratio: 0.0000 (0.0447)  time: 0.0929  data: 0.0001  max mem: 1904
[17:05:04.825359] Val: [9]  [250/533]  eta: 0:00:25  loss: 0.0010 (0.0017)  mae_m_mask: 1.0139 (0.7379)  rmse_m_mask: 1.1501 (0.8701)  normalized_mse_mask: 0.0010 (0.0017)  rmse_m_all: 14.8561 (15.6793)  actual_mask_ratio: 0.0725 (0.0702)  actual_prediction_mask_ratio: 0.2314 (0.2225)  ignored_patch_ratio: 0.0306 (0.0393)  time: 0.0949  data: 0.0001  max mem: 1904
[17:05:09.435292] Val: [9]  [300/533]  eta: 0:00:21  loss: 0.0004 (0.0017)  mae_m_mask: 0.7634 (0.7940)  rmse_m_mask: 0.9052 (0.9319)  normalized_mse_mask: 0.0004 (0.0017)  rmse_m_all: 23.6807 (16.7756)  actual_mask_ratio: 0.0700 (0.0704)  actual_prediction_mask_ratio: 0.2121 (0.2229)  ignored_patch_ratio: 0.0516 (0.0394)  time: 0.0941  data: 0.0001  max mem: 1904
[17:05:14.083461] Val: [9]  [350/533]  eta: 0:00:16  loss: 0.0007 (0.0016)  mae_m_mask: 0.7630 (0.7889)  rmse_m_mask: 0.9296 (0.9270)  normalized_mse_mask: 0.0007 (0.0016)  rmse_m_all: 19.8738 (16.9772)  actual_mask_ratio: 0.0698 (0.0705)  actual_prediction_mask_ratio: 0.2170 (0.2230)  ignored_patch_ratio: 0.0391 (0.0384)  time: 0.0913  data: 0.0001  max mem: 1904
[17:05:18.762870] Val: [9]  [400/533]  eta: 0:00:12  loss: 0.0008 (0.0015)  mae_m_mask: 0.6850 (0.8139)  rmse_m_mask: 0.8238 (0.9541)  normalized_mse_mask: 0.0008 (0.0015)  rmse_m_all: 19.1018 (17.3634)  actual_mask_ratio: 0.0683 (0.0702)  actual_prediction_mask_ratio: 0.2164 (0.2218)  ignored_patch_ratio: 0.0476 (0.0400)  time: 0.0924  data: 0.0001  max mem: 1904
[17:05:23.456018] Val: [9]  [450/533]  eta: 0:00:07  loss: 0.0011 (0.0017)  mae_m_mask: 0.9730 (0.8445)  rmse_m_mask: 1.1920 (0.9919)  normalized_mse_mask: 0.0011 (0.0017)  rmse_m_all: 17.1854 (17.3767)  actual_mask_ratio: 0.0670 (0.0702)  actual_prediction_mask_ratio: 0.2143 (0.2217)  ignored_patch_ratio: 0.0612 (0.0412)  time: 0.0926  data: 0.0001  max mem: 1904
[17:05:28.025439] Val: [9]  [500/533]  eta: 0:00:03  loss: 0.0003 (0.0016)  mae_m_mask: 0.5413 (0.8283)  rmse_m_mask: 0.6541 (0.9738)  normalized_mse_mask: 0.0003 (0.0016)  rmse_m_all: 16.6675 (17.4279)  actual_mask_ratio: 0.0673 (0.0700)  actual_prediction_mask_ratio: 0.2116 (0.2212)  ignored_patch_ratio: 0.0573 (0.0425)  time: 0.0916  data: 0.0001  max mem: 1904
[17:05:30.918172] Val: [9]  [532/533]  eta: 0:00:00  loss: 0.0007 (0.0016)  mae_m_mask: 0.7206 (0.8247)  rmse_m_mask: 0.8852 (0.9695)  normalized_mse_mask: 0.0007 (0.0016)  rmse_m_all: 18.0697 (17.4835)  actual_mask_ratio: 0.0666 (0.0699)  actual_prediction_mask_ratio: 0.2121 (0.2208)  ignored_patch_ratio: 0.0550 (0.0432)  time: 0.0880  data: 0.0001  max mem: 1904
[17:05:30.941672] Val: [9] Total time: 0:00:48 (0.0918 s / it)
[17:05:30.942463] val stats: {'loss': 0.0016009928515425067, 'mae_m_mask': 0.8075127517358991, 'rmse_m_mask': 1.0785387178945505, 'normalized_mse_mask': 0.0016009928515425067, 'rmse_m_all': 17.4835340600971, 'actual_mask_ratio': 0.06990061117437499, 'actual_prediction_mask_ratio': 0.22084709342156744, 'ignored_patch_ratio': 0.04319662906886489, 'supervised_pixel_count': 11054205.0}
[17:05:34.885268] log_dir: /tank/data/SFS/xinyis/data/bathymetry/MAE-Topography/Downstream_Task_Bathy/cross_validation_v5_Stage2NormMSE_MeterSelect/runs/holdout_CA_D004Stage2NormMSE_MeterSelect_D001NoDataSafe/train_stage2_normMSE_meterSelect_CA_KlamathRiver_TopoBathy_2018_D18_fromStage1Best_e120_lr1e-5_b4_acc4/tb
[17:05:35.068583] Epoch: [10]  [  0/759]  eta: 0:02:18  lr: 0.000010  loss: 0.0084 (0.0084)  mae_m_mask: 0.1990 (0.1990)  rmse_m_mask: 0.3381 (0.3381)  normalized_mse_mask: 0.0084 (0.0084)  rmse_m_all: 12.0427 (12.0427)  actual_mask_ratio: 0.0777 (0.0777)  actual_prediction_mask_ratio: 0.2426 (0.2426)  ignored_patch_ratio: 0.0000 (0.0000)  time: 0.1827  data: 0.0764  max mem: 1904
[17:05:37.362660] Epoch: [10]  [ 20/759]  eta: 0:01:27  lr: 0.000010  loss: 0.0136 (0.0195)  mae_m_mask: 0.2032 (0.2111)  rmse_m_mask: 0.2709 (0.3012)  normalized_mse_mask: 0.0136 (0.0195)  rmse_m_all: 4.6779 (6.0273)  actual_mask_ratio: 0.0720 (0.0729)  actual_prediction_mask_ratio: 0.2341 (0.2376)  ignored_patch_ratio: 0.0000 (0.0009)  time: 0.1147  data: 0.0001  max mem: 1904
[17:05:39.673345] Epoch: [10]  [ 40/759]  eta: 0:01:23  lr: 0.000010  loss: 0.0134 (0.0194)  mae_m_mask: 0.2286 (0.2178)  rmse_m_mask: 0.3424 (0.3157)  normalized_mse_mask: 0.0134 (0.0194)  rmse_m_all: 6.0849 (6.9377)  actual_mask_ratio: 0.0754 (0.0728)  actual_prediction_mask_ratio: 0.2307 (0.2350)  ignored_patch_ratio: 0.0000 (0.0007)  time: 0.1155  data: 0.0001  max mem: 1904
[17:05:41.910115] Epoch: [10]  [ 60/759]  eta: 0:01:20  lr: 0.000010  loss: 0.0115 (0.0198)  mae_m_mask: 0.2158 (0.2232)  rmse_m_mask: 0.3180 (0.3256)  normalized_mse_mask: 0.0115 (0.0198)  rmse_m_all: 5.2172 (7.0113)  actual_mask_ratio: 0.0697 (0.0720)  actual_prediction_mask_ratio: 0.2307 (0.2328)  ignored_patch_ratio: 0.0000 (0.0017)  time: 0.1118  data: 0.0001  max mem: 1904
[17:05:44.084329] Epoch: [10]  [ 80/759]  eta: 0:01:17  lr: 0.000010  loss: 0.0098 (0.0186)  mae_m_mask: 0.2253 (0.2275)  rmse_m_mask: 0.3098 (0.3304)  normalized_mse_mask: 0.0098 (0.0186)  rmse_m_all: 8.6533 (7.3130)  actual_mask_ratio: 0.0714 (0.0720)  actual_prediction_mask_ratio: 0.2415 (0.2337)  ignored_patch_ratio: 0.0000 (0.0019)  time: 0.1087  data: 0.0002  max mem: 1904
[17:05:46.282975] Epoch: [10]  [100/759]  eta: 0:01:14  lr: 0.000010  loss: 0.0217 (0.0208)  mae_m_mask: 0.2627 (0.2341)  rmse_m_mask: 0.3765 (0.3462)  normalized_mse_mask: 0.0217 (0.0208)  rmse_m_all: 6.7470 (7.2276)  actual_mask_ratio: 0.0737 (0.0721)  actual_prediction_mask_ratio: 0.2387 (0.2356)  ignored_patch_ratio: 0.0000 (0.0018)  time: 0.1099  data: 0.0001  max mem: 1904
[17:05:48.473893] Epoch: [10]  [120/759]  eta: 0:01:11  lr: 0.000010  loss: 0.0215 (0.0213)  mae_m_mask: 0.2191 (0.2340)  rmse_m_mask: 0.3316 (0.3453)  normalized_mse_mask: 0.0215 (0.0213)  rmse_m_all: 4.4371 (7.0568)  actual_mask_ratio: 0.0716 (0.0722)  actual_prediction_mask_ratio: 0.2426 (0.2373)  ignored_patch_ratio: 0.0000 (0.0016)  time: 0.1095  data: 0.0001  max mem: 1904
[17:05:50.704989] Epoch: [10]  [140/759]  eta: 0:01:09  lr: 0.000010  loss: 0.0317 (0.0245)  mae_m_mask: 0.2070 (0.2351)  rmse_m_mask: 0.2768 (0.3461)  normalized_mse_mask: 0.0317 (0.0245)  rmse_m_all: 5.1336 (6.8478)  actual_mask_ratio: 0.0697 (0.0719)  actual_prediction_mask_ratio: 0.2296 (0.2364)  ignored_patch_ratio: 0.0000 (0.0020)  time: 0.1115  data: 0.0002  max mem: 1904
[17:05:52.893357] Epoch: [10]  [160/759]  eta: 0:01:06  lr: 0.000010  loss: 0.0139 (0.0241)  mae_m_mask: 0.2337 (0.2385)  rmse_m_mask: 0.3371 (0.3514)  normalized_mse_mask: 0.0139 (0.0241)  rmse_m_all: 6.2135 (6.9082)  actual_mask_ratio: 0.0720 (0.0719)  actual_prediction_mask_ratio: 0.2234 (0.2358)  ignored_patch_ratio: 0.0000 (0.0019)  time: 0.1094  data: 0.0001  max mem: 1904
[17:05:55.096985] Epoch: [10]  [180/759]  eta: 0:01:04  lr: 0.000010  loss: 0.0139 (0.0240)  mae_m_mask: 0.2510 (0.2406)  rmse_m_mask: 0.3698 (0.3566)  normalized_mse_mask: 0.0139 (0.0240)  rmse_m_all: 7.3811 (7.0313)  actual_mask_ratio: 0.0737 (0.0720)  actual_prediction_mask_ratio: 0.2392 (0.2357)  ignored_patch_ratio: 0.0000 (0.0019)  time: 0.1101  data: 0.0001  max mem: 1904
[17:05:57.294431] Epoch: [10]  [200/759]  eta: 0:01:02  lr: 0.000010  loss: 0.0234 (0.0249)  mae_m_mask: 0.2062 (0.2371)  rmse_m_mask: 0.2840 (0.3508)  normalized_mse_mask: 0.0234 (0.0249)  rmse_m_all: 4.8914 (6.9020)  actual_mask_ratio: 0.0686 (0.0716)  actual_prediction_mask_ratio: 0.2234 (0.2346)  ignored_patch_ratio: 0.0000 (0.0021)  time: 0.1098  data: 0.0002  max mem: 1904
[17:05:59.492705] Epoch: [10]  [220/759]  eta: 0:00:59  lr: 0.000010  loss: 0.0106 (0.0248)  mae_m_mask: 0.2237 (0.2368)  rmse_m_mask: 0.3121 (0.3496)  normalized_mse_mask: 0.0106 (0.0248)  rmse_m_all: 8.8053 (7.0611)  actual_mask_ratio: 0.0709 (0.0715)  actual_prediction_mask_ratio: 0.2353 (0.2344)  ignored_patch_ratio: 0.0000 (0.0020)  time: 0.1099  data: 0.0001  max mem: 1904
[17:06:01.592351] Epoch: [10]  [240/759]  eta: 0:00:57  lr: 0.000010  loss: 0.0102 (0.0240)  mae_m_mask: 0.2135 (0.2365)  rmse_m_mask: 0.3163 (0.3494)  normalized_mse_mask: 0.0102 (0.0240)  rmse_m_all: 5.9419 (7.0715)  actual_mask_ratio: 0.0765 (0.0719)  actual_prediction_mask_ratio: 0.2455 (0.2355)  ignored_patch_ratio: 0.0000 (0.0019)  time: 0.1049  data: 0.0001  max mem: 1904
[17:06:03.838700] Epoch: [10]  [260/759]  eta: 0:00:55  lr: 0.000010  loss: 0.0156 (0.0241)  mae_m_mask: 0.2011 (0.2360)  rmse_m_mask: 0.2698 (0.3485)  normalized_mse_mask: 0.0156 (0.0241)  rmse_m_all: 8.8424 (7.1674)  actual_mask_ratio: 0.0720 (0.0719)  actual_prediction_mask_ratio: 0.2319 (0.2353)  ignored_patch_ratio: 0.0000 (0.0019)  time: 0.1123  data: 0.0002  max mem: 1904
[17:06:06.044802] Epoch: [10]  [280/759]  eta: 0:00:53  lr: 0.000010  loss: 0.0054 (0.0237)  mae_m_mask: 0.2259 (0.2360)  rmse_m_mask: 0.3241 (0.3490)  normalized_mse_mask: 0.0054 (0.0237)  rmse_m_all: 6.6892 (7.1969)  actual_mask_ratio: 0.0680 (0.0716)  actual_prediction_mask_ratio: 0.2319 (0.2349)  ignored_patch_ratio: 0.0000 (0.0020)  time: 0.1103  data: 0.0001  max mem: 1904
[17:06:08.117854] Epoch: [10]  [300/759]  eta: 0:00:50  lr: 0.000010  loss: 0.0222 (0.0241)  mae_m_mask: 0.2502 (0.2362)  rmse_m_mask: 0.3459 (0.3489)  normalized_mse_mask: 0.0222 (0.0241)  rmse_m_all: 6.4551 (7.1685)  actual_mask_ratio: 0.0709 (0.0715)  actual_prediction_mask_ratio: 0.2319 (0.2348)  ignored_patch_ratio: 0.0000 (0.0019)  time: 0.1036  data: 0.0001  max mem: 1904
[17:06:10.632807] Epoch: [10]  [320/759]  eta: 0:00:48  lr: 0.000010  loss: 0.0082 (0.0240)  mae_m_mask: 0.2337 (0.2373)  rmse_m_mask: 0.3364 (0.3503)  normalized_mse_mask: 0.0082 (0.0240)  rmse_m_all: 7.4129 (7.2331)  actual_mask_ratio: 0.0748 (0.0718)  actual_prediction_mask_ratio: 0.2452 (0.2354)  ignored_patch_ratio: 0.0000 (0.0019)  time: 0.1257  data: 0.0487  max mem: 1904
[17:06:12.768804] Epoch: [10]  [340/759]  eta: 0:00:46  lr: 0.000010  loss: 0.0091 (0.0235)  mae_m_mask: 0.2022 (0.2358)  rmse_m_mask: 0.2770 (0.3472)  normalized_mse_mask: 0.0091 (0.0235)  rmse_m_all: 6.2617 (7.1957)  actual_mask_ratio: 0.0680 (0.0717)  actual_prediction_mask_ratio: 0.2336 (0.2353)  ignored_patch_ratio: 0.0000 (0.0018)  time: 0.1068  data: 0.0001  max mem: 1904
[17:06:15.050922] Epoch: [10]  [360/759]  eta: 0:00:44  lr: 0.000010  loss: 0.0095 (0.0231)  mae_m_mask: 0.2327 (0.2363)  rmse_m_mask: 0.3255 (0.3485)  normalized_mse_mask: 0.0095 (0.0231)  rmse_m_all: 9.3728 (7.3437)  actual_mask_ratio: 0.0692 (0.0716)  actual_prediction_mask_ratio: 0.2319 (0.2348)  ignored_patch_ratio: 0.0000 (0.0019)  time: 0.1141  data: 0.0001  max mem: 1904
[17:06:16.793648] Epoch: [10]  [380/759]  eta: 0:00:41  lr: 0.000010  loss: 0.0088 (0.0231)  mae_m_mask: 0.2155 (0.2373)  rmse_m_mask: 0.3146 (0.3494)  normalized_mse_mask: 0.0088 (0.0231)  rmse_m_all: 8.2865 (7.4114)  actual_mask_ratio: 0.0714 (0.0716)  actual_prediction_mask_ratio: 0.2330 (0.2348)  ignored_patch_ratio: 0.0000 (0.0019)  time: 0.0871  data: 0.0001  max mem: 1904
[17:06:19.661828] Epoch: [10]  [400/759]  eta: 0:00:40  lr: 0.000010  loss: 0.0190 (0.0231)  mae_m_mask: 0.1968 (0.2359)  rmse_m_mask: 0.2710 (0.3470)  normalized_mse_mask: 0.0190 (0.0231)  rmse_m_all: 6.9922 (7.3913)  actual_mask_ratio: 0.0669 (0.0715)  actual_prediction_mask_ratio: 0.2290 (0.2347)  ignored_patch_ratio: 0.0000 (0.0020)  time: 0.1434  data: 0.0531  max mem: 1904
[17:06:21.893390] Epoch: [10]  [420/759]  eta: 0:00:37  lr: 0.000010  loss: 0.0182 (0.0230)  mae_m_mask: 0.2384 (0.2364)  rmse_m_mask: 0.3568 (0.3476)  normalized_mse_mask: 0.0182 (0.0230)  rmse_m_all: 7.0235 (7.4149)  actual_mask_ratio: 0.0714 (0.0714)  actual_prediction_mask_ratio: 0.2358 (0.2346)  ignored_patch_ratio: 0.0000 (0.0020)  time: 0.1115  data: 0.0001  max mem: 1904
[17:06:24.217319] Epoch: [10]  [440/759]  eta: 0:00:35  lr: 0.000010  loss: 0.0081 (0.0234)  mae_m_mask: 0.2113 (0.2354)  rmse_m_mask: 0.2908 (0.3461)  normalized_mse_mask: 0.0081 (0.0234)  rmse_m_all: 6.0121 (7.4103)  actual_mask_ratio: 0.0703 (0.0714)  actual_prediction_mask_ratio: 0.2313 (0.2345)  ignored_patch_ratio: 0.0000 (0.0021)  time: 0.1161  data: 0.0001  max mem: 1904
[17:06:26.532597] Epoch: [10]  [460/759]  eta: 0:00:33  lr: 0.000010  loss: 0.0190 (0.0237)  mae_m_mask: 0.1926 (0.2349)  rmse_m_mask: 0.2827 (0.3456)  normalized_mse_mask: 0.0190 (0.0237)  rmse_m_all: 5.8313 (7.3431)  actual_mask_ratio: 0.0760 (0.0715)  actual_prediction_mask_ratio: 0.2443 (0.2349)  ignored_patch_ratio: 0.0000 (0.0021)  time: 0.1157  data: 0.0001  max mem: 1904
[17:06:28.822953] Epoch: [10]  [480/759]  eta: 0:00:31  lr: 0.000010  loss: 0.0182 (0.0242)  mae_m_mask: 0.2363 (0.2349)  rmse_m_mask: 0.3167 (0.3451)  normalized_mse_mask: 0.0182 (0.0242)  rmse_m_all: 7.8709 (7.3403)  actual_mask_ratio: 0.0760 (0.0716)  actual_prediction_mask_ratio: 0.2392 (0.2353)  ignored_patch_ratio: 0.0000 (0.0021)  time: 0.1145  data: 0.0001  max mem: 1904
[17:06:31.120938] Epoch: [10]  [500/759]  eta: 0:00:29  lr: 0.000010  loss: 0.0148 (0.0242)  mae_m_mask: 0.2752 (0.2366)  rmse_m_mask: 0.3933 (0.3492)  normalized_mse_mask: 0.0148 (0.0242)  rmse_m_all: 5.7257 (7.3450)  actual_mask_ratio: 0.0675 (0.0716)  actual_prediction_mask_ratio: 0.2234 (0.2349)  ignored_patch_ratio: 0.0000 (0.0022)  time: 0.1148  data: 0.0001  max mem: 1904
[17:06:33.422983] Epoch: [10]  [520/759]  eta: 0:00:26  lr: 0.000010  loss: 0.0153 (0.0241)  mae_m_mask: 0.2324 (0.2369)  rmse_m_mask: 0.3412 (0.3493)  normalized_mse_mask: 0.0153 (0.0241)  rmse_m_all: 6.9853 (7.3501)  actual_mask_ratio: 0.0748 (0.0717)  actual_prediction_mask_ratio: 0.2382 (0.2352)  ignored_patch_ratio: 0.0000 (0.0021)  time: 0.1151  data: 0.0001  max mem: 1904
[17:06:35.752024] Epoch: [10]  [540/759]  eta: 0:00:24  lr: 0.000010  loss: 0.0197 (0.0247)  mae_m_mask: 0.2194 (0.2369)  rmse_m_mask: 0.3266 (0.3496)  normalized_mse_mask: 0.0197 (0.0247)  rmse_m_all: 7.0164 (7.3573)  actual_mask_ratio: 0.0743 (0.0718)  actual_prediction_mask_ratio: 0.2336 (0.2353)  ignored_patch_ratio: 0.0000 (0.0021)  time: 0.1164  data: 0.0001  max mem: 1904
[17:06:38.057269] Epoch: [10]  [560/759]  eta: 0:00:22  lr: 0.000010  loss: 0.0176 (0.0252)  mae_m_mask: 0.2353 (0.2372)  rmse_m_mask: 0.3329 (0.3509)  normalized_mse_mask: 0.0176 (0.0252)  rmse_m_all: 6.3864 (7.3225)  actual_mask_ratio: 0.0714 (0.0718)  actual_prediction_mask_ratio: 0.2375 (0.2354)  ignored_patch_ratio: 0.0000 (0.0021)  time: 0.1152  data: 0.0001  max mem: 1904
[17:06:40.369447] Epoch: [10]  [580/759]  eta: 0:00:20  lr: 0.000010  loss: 0.0097 (0.0252)  mae_m_mask: 0.2258 (0.2375)  rmse_m_mask: 0.3187 (0.3512)  normalized_mse_mask: 0.0097 (0.0252)  rmse_m_all: 6.2558 (7.3401)  actual_mask_ratio: 0.0686 (0.0718)  actual_prediction_mask_ratio: 0.2183 (0.2350)  ignored_patch_ratio: 0.0000 (0.0021)  time: 0.1156  data: 0.0001  max mem: 1904
[17:06:42.657884] Epoch: [10]  [600/759]  eta: 0:00:17  lr: 0.000010  loss: 0.0097 (0.0249)  mae_m_mask: 0.2356 (0.2375)  rmse_m_mask: 0.3028 (0.3513)  normalized_mse_mask: 0.0097 (0.0249)  rmse_m_all: 7.3937 (7.3473)  actual_mask_ratio: 0.0697 (0.0717)  actual_prediction_mask_ratio: 0.2387 (0.2351)  ignored_patch_ratio: 0.0000 (0.0022)  time: 0.1144  data: 0.0001  max mem: 1904
[17:06:44.969181] Epoch: [10]  [620/759]  eta: 0:00:15  lr: 0.000010  loss: 0.0140 (0.0247)  mae_m_mask: 0.2289 (0.2373)  rmse_m_mask: 0.3300 (0.3514)  normalized_mse_mask: 0.0140 (0.0247)  rmse_m_all: 6.0323 (7.3406)  actual_mask_ratio: 0.0726 (0.0717)  actual_prediction_mask_ratio: 0.2324 (0.2351)  ignored_patch_ratio: 0.0000 (0.0021)  time: 0.1155  data: 0.0001  max mem: 1904
[17:06:47.276127] Epoch: [10]  [640/759]  eta: 0:00:13  lr: 0.000010  loss: 0.0093 (0.0246)  mae_m_mask: 0.2356 (0.2371)  rmse_m_mask: 0.3229 (0.3508)  normalized_mse_mask: 0.0093 (0.0246)  rmse_m_all: 7.7486 (7.3731)  actual_mask_ratio: 0.0726 (0.0717)  actual_prediction_mask_ratio: 0.2369 (0.2351)  ignored_patch_ratio: 0.0000 (0.0021)  time: 0.1153  data: 0.0001  max mem: 1904
[17:06:49.585872] Epoch: [10]  [660/759]  eta: 0:00:11  lr: 0.000010  loss: 0.0285 (0.0251)  mae_m_mask: 0.2173 (0.2369)  rmse_m_mask: 0.3105 (0.3500)  normalized_mse_mask: 0.0285 (0.0251)  rmse_m_all: 6.6452 (7.3570)  actual_mask_ratio: 0.0727 (0.0718)  actual_prediction_mask_ratio: 0.2387 (0.2353)  ignored_patch_ratio: 0.0000 (0.0020)  time: 0.1154  data: 0.0001  max mem: 1904
[17:06:51.881915] Epoch: [10]  [680/759]  eta: 0:00:08  lr: 0.000010  loss: 0.0142 (0.0251)  mae_m_mask: 0.2117 (0.2372)  rmse_m_mask: 0.3345 (0.3508)  normalized_mse_mask: 0.0142 (0.0251)  rmse_m_all: 7.7416 (7.3876)  actual_mask_ratio: 0.0714 (0.0718)  actual_prediction_mask_ratio: 0.2273 (0.2351)  ignored_patch_ratio: 0.0000 (0.0021)  time: 0.1148  data: 0.0001  max mem: 1904
[17:06:54.175061] Epoch: [10]  [700/759]  eta: 0:00:06  lr: 0.000010  loss: 0.0226 (0.0251)  mae_m_mask: 0.2623 (0.2384)  rmse_m_mask: 0.3996 (0.3530)  normalized_mse_mask: 0.0226 (0.0251)  rmse_m_all: 6.2787 (7.3736)  actual_mask_ratio: 0.0697 (0.0718)  actual_prediction_mask_ratio: 0.2290 (0.2351)  ignored_patch_ratio: 0.0000 (0.0020)  time: 0.1146  data: 0.0001  max mem: 1904
[17:06:56.479142] Epoch: [10]  [720/759]  eta: 0:00:04  lr: 0.000010  loss: 0.0263 (0.0255)  mae_m_mask: 0.2450 (0.2390)  rmse_m_mask: 0.3556 (0.3537)  normalized_mse_mask: 0.0263 (0.0255)  rmse_m_all: 5.3657 (7.3526)  actual_mask_ratio: 0.0709 (0.0717)  actual_prediction_mask_ratio: 0.2421 (0.2352)  ignored_patch_ratio: 0.0000 (0.0021)  time: 0.1152  data: 0.0001  max mem: 1904
[17:06:58.783253] Epoch: [10]  [740/759]  eta: 0:00:02  lr: 0.000010  loss: 0.0081 (0.0251)  mae_m_mask: 0.2373 (0.2391)  rmse_m_mask: 0.3737 (0.3539)  normalized_mse_mask: 0.0081 (0.0251)  rmse_m_all: 8.6844 (7.3711)  actual_mask_ratio: 0.0726 (0.0717)  actual_prediction_mask_ratio: 0.2404 (0.2352)  ignored_patch_ratio: 0.0000 (0.0022)  time: 0.1152  data: 0.0001  max mem: 1904
[17:07:00.877010] Epoch: [10]  [758/759]  eta: 0:00:00  lr: 0.000010  loss: 0.0084 (0.0249)  mae_m_mask: 0.2407 (0.2396)  rmse_m_mask: 0.3549 (0.3545)  normalized_mse_mask: 0.0084 (0.0249)  rmse_m_all: 6.6493 (7.3796)  actual_mask_ratio: 0.0726 (0.0717)  actual_prediction_mask_ratio: 0.2364 (0.2352)  ignored_patch_ratio: 0.0000 (0.0022)  time: 0.1170  data: 0.0001  max mem: 1904
[17:07:00.950255] Epoch: [10] Total time: 0:01:26 (0.1134 s / it)
[17:07:00.952562] Averaged stats: {'lr': 9.81410995226134e-06, 'loss': 0.02434855701999886, 'mae_m_mask': 0.2380924072693822, 'rmse_m_mask': 0.3761640089106209, 'normalized_mse_mask': 0.02434855701999886, 'rmse_m_all': 7.37961414460294, 'actual_mask_ratio': 0.07174115998569841, 'actual_prediction_mask_ratio': 0.23518628015505624, 'ignored_patch_ratio': 0.002177197628498706, 'supervised_pixel_count': 14695865.0}
[17:07:01.171033] Val: [10]  [  0/533]  eta: 0:01:55  loss: 0.0107 (0.0107)  mae_m_mask: 1.0346 (1.0346)  rmse_m_mask: 1.2254 (1.2254)  normalized_mse_mask: 0.0107 (0.0107)  rmse_m_all: 13.9688 (13.9688)  actual_mask_ratio: 0.0787 (0.0787)  actual_prediction_mask_ratio: 0.2431 (0.2431)  ignored_patch_ratio: 0.0488 (0.0488)  time: 0.2159  data: 0.1349  max mem: 1904
[17:07:05.625371] Val: [10]  [ 50/533]  eta: 0:00:44  loss: 0.0017 (0.0040)  mae_m_mask: 0.6992 (0.7968)  rmse_m_mask: 0.8885 (0.9226)  normalized_mse_mask: 0.0017 (0.0040)  rmse_m_all: 13.3224 (14.1856)  actual_mask_ratio: 0.0694 (0.0693)  actual_prediction_mask_ratio: 0.2120 (0.2147)  ignored_patch_ratio: 0.0527 (0.0550)  time: 0.0884  data: 0.0001  max mem: 1904
[17:07:10.032011] Val: [10]  [100/533]  eta: 0:00:38  loss: 0.0004 (0.0024)  mae_m_mask: 0.5589 (0.7367)  rmse_m_mask: 0.6823 (0.8701)  normalized_mse_mask: 0.0004 (0.0024)  rmse_m_all: 17.9679 (15.8281)  actual_mask_ratio: 0.0645 (0.0686)  actual_prediction_mask_ratio: 0.2076 (0.2139)  ignored_patch_ratio: 0.0550 (0.0538)  time: 0.0882  data: 0.0001  max mem: 1904
[17:07:14.381486] Val: [10]  [150/533]  eta: 0:00:34  loss: 0.0007 (0.0019)  mae_m_mask: 0.4319 (0.7012)  rmse_m_mask: 0.5386 (0.8329)  normalized_mse_mask: 0.0007 (0.0019)  rmse_m_all: 11.4311 (15.7906)  actual_mask_ratio: 0.0707 (0.0688)  actual_prediction_mask_ratio: 0.2326 (0.2153)  ignored_patch_ratio: 0.0488 (0.0542)  time: 0.0867  data: 0.0001  max mem: 1904
[17:07:19.021483] Val: [10]  [200/533]  eta: 0:00:29  loss: 0.0010 (0.0018)  mae_m_mask: 0.6827 (0.6818)  rmse_m_mask: 0.7684 (0.8106)  normalized_mse_mask: 0.0010 (0.0018)  rmse_m_all: 14.1847 (15.2605)  actual_mask_ratio: 0.0760 (0.0695)  actual_prediction_mask_ratio: 0.2427 (0.2204)  ignored_patch_ratio: 0.0000 (0.0447)  time: 0.0987  data: 0.0116  max mem: 1904
[17:07:23.350862] Val: [10]  [250/533]  eta: 0:00:25  loss: 0.0011 (0.0017)  mae_m_mask: 0.9739 (0.7456)  rmse_m_mask: 1.1430 (0.8801)  normalized_mse_mask: 0.0011 (0.0017)  rmse_m_all: 14.7863 (15.6262)  actual_mask_ratio: 0.0725 (0.0702)  actual_prediction_mask_ratio: 0.2314 (0.2225)  ignored_patch_ratio: 0.0306 (0.0393)  time: 0.0858  data: 0.0001  max mem: 1904
[17:07:27.783478] Val: [10]  [300/533]  eta: 0:00:20  loss: 0.0004 (0.0017)  mae_m_mask: 0.7181 (0.8019)  rmse_m_mask: 0.8688 (0.9417)  normalized_mse_mask: 0.0004 (0.0017)  rmse_m_all: 23.6190 (16.7193)  actual_mask_ratio: 0.0700 (0.0704)  actual_prediction_mask_ratio: 0.2121 (0.2229)  ignored_patch_ratio: 0.0516 (0.0394)  time: 0.0881  data: 0.0001  max mem: 1904
[17:07:32.176115] Val: [10]  [350/533]  eta: 0:00:16  loss: 0.0007 (0.0016)  mae_m_mask: 0.7735 (0.7943)  rmse_m_mask: 0.9246 (0.9339)  normalized_mse_mask: 0.0007 (0.0016)  rmse_m_all: 19.8324 (16.9212)  actual_mask_ratio: 0.0698 (0.0705)  actual_prediction_mask_ratio: 0.2170 (0.2230)  ignored_patch_ratio: 0.0391 (0.0384)  time: 0.0880  data: 0.0001  max mem: 1904
[17:07:36.542933] Val: [10]  [400/533]  eta: 0:00:11  loss: 0.0009 (0.0015)  mae_m_mask: 0.7266 (0.8213)  rmse_m_mask: 0.8644 (0.9629)  normalized_mse_mask: 0.0009 (0.0015)  rmse_m_all: 19.0846 (17.3063)  actual_mask_ratio: 0.0683 (0.0702)  actual_prediction_mask_ratio: 0.2164 (0.2218)  ignored_patch_ratio: 0.0476 (0.0400)  time: 0.0860  data: 0.0001  max mem: 1904
[17:07:40.909986] Val: [10]  [450/533]  eta: 0:00:07  loss: 0.0012 (0.0017)  mae_m_mask: 0.9731 (0.8545)  rmse_m_mask: 1.1871 (1.0035)  normalized_mse_mask: 0.0012 (0.0017)  rmse_m_all: 17.1390 (17.3198)  actual_mask_ratio: 0.0670 (0.0702)  actual_prediction_mask_ratio: 0.2143 (0.2217)  ignored_patch_ratio: 0.0612 (0.0412)  time: 0.0867  data: 0.0001  max mem: 1904
[17:07:45.265653] Val: [10]  [500/533]  eta: 0:00:02  loss: 0.0003 (0.0016)  mae_m_mask: 0.5774 (0.8398)  rmse_m_mask: 0.7001 (0.9871)  normalized_mse_mask: 0.0003 (0.0016)  rmse_m_all: 16.6027 (17.3703)  actual_mask_ratio: 0.0673 (0.0700)  actual_prediction_mask_ratio: 0.2116 (0.2212)  ignored_patch_ratio: 0.0573 (0.0425)  time: 0.0871  data: 0.0001  max mem: 1904
[17:07:48.061981] Val: [10]  [532/533]  eta: 0:00:00  loss: 0.0007 (0.0016)  mae_m_mask: 0.7299 (0.8356)  rmse_m_mask: 0.9084 (0.9821)  normalized_mse_mask: 0.0007 (0.0016)  rmse_m_all: 17.9964 (17.4260)  actual_mask_ratio: 0.0666 (0.0699)  actual_prediction_mask_ratio: 0.2121 (0.2208)  ignored_patch_ratio: 0.0550 (0.0432)  time: 0.0862  data: 0.0001  max mem: 1904
[17:07:48.096198] Val: [10] Total time: 0:00:47 (0.0884 s / it)
[17:07:48.099610] val stats: {'loss': 0.0016151821597604774, 'mae_m_mask': 0.8167405116521199, 'rmse_m_mask': 1.0897612736891245, 'normalized_mse_mask': 0.0016151821597604774, 'rmse_m_all': 17.425953200789376, 'actual_mask_ratio': 0.06990061117437499, 'actual_prediction_mask_ratio': 0.22084709342156744, 'ignored_patch_ratio': 0.04319662906886489, 'supervised_pixel_count': 11054205.0}
[17:07:52.184439] log_dir: /tank/data/SFS/xinyis/data/bathymetry/MAE-Topography/Downstream_Task_Bathy/cross_validation_v5_Stage2NormMSE_MeterSelect/runs/holdout_CA_D004Stage2NormMSE_MeterSelect_D001NoDataSafe/train_stage2_normMSE_meterSelect_CA_KlamathRiver_TopoBathy_2018_D18_fromStage1Best_e120_lr1e-5_b4_acc4/tb
[17:07:52.385961] Epoch: [11]  [  0/759]  eta: 0:02:32  lr: 0.000010  loss: 0.0174 (0.0174)  mae_m_mask: 0.2466 (0.2466)  rmse_m_mask: 0.3292 (0.3292)  normalized_mse_mask: 0.0174 (0.0174)  rmse_m_all: 10.0568 (10.0568)  actual_mask_ratio: 0.0731 (0.0731)  actual_prediction_mask_ratio: 0.2273 (0.2273)  ignored_patch_ratio: 0.0000 (0.0000)  time: 0.2009  data: 0.0816  max mem: 1904
[17:07:54.703484] Epoch: [11]  [ 20/759]  eta: 0:01:28  lr: 0.000010  loss: 0.0096 (0.0183)  mae_m_mask: 0.2235 (0.2358)  rmse_m_mask: 0.3118 (0.3425)  normalized_mse_mask: 0.0096 (0.0183)  rmse_m_all: 6.7292 (7.9839)  actual_mask_ratio: 0.0731 (0.0720)  actual_prediction_mask_ratio: 0.2381 (0.2353)  ignored_patch_ratio: 0.0000 (0.0013)  time: 0.1158  data: 0.0001  max mem: 1904
[17:07:57.024120] Epoch: [11]  [ 40/759]  eta: 0:01:24  lr: 0.000010  loss: 0.0127 (0.0188)  mae_m_mask: 0.1941 (0.2275)  rmse_m_mask: 0.2950 (0.3319)  normalized_mse_mask: 0.0127 (0.0188)  rmse_m_all: 4.7291 (7.2902)  actual_mask_ratio: 0.0680 (0.0718)  actual_prediction_mask_ratio: 0.2304 (0.2346)  ignored_patch_ratio: 0.0000 (0.0025)  time: 0.1160  data: 0.0001  max mem: 1904
[17:07:59.335552] Epoch: [11]  [ 60/759]  eta: 0:01:21  lr: 0.000010  loss: 0.0152 (0.0195)  mae_m_mask: 0.2320 (0.2347)  rmse_m_mask: 0.3504 (0.3454)  normalized_mse_mask: 0.0152 (0.0195)  rmse_m_all: 6.7291 (7.5393)  actual_mask_ratio: 0.0748 (0.0726)  actual_prediction_mask_ratio: 0.2387 (0.2373)  ignored_patch_ratio: 0.0000 (0.0020)  time: 0.1155  data: 0.0001  max mem: 1904
[17:08:01.641065] Epoch: [11]  [ 80/759]  eta: 0:01:19  lr: 0.000010  loss: 0.0105 (0.0190)  mae_m_mask: 0.2018 (0.2308)  rmse_m_mask: 0.3049 (0.3400)  normalized_mse_mask: 0.0105 (0.0190)  rmse_m_all: 5.3482 (7.3913)  actual_mask_ratio: 0.0709 (0.0721)  actual_prediction_mask_ratio: 0.2296 (0.2358)  ignored_patch_ratio: 0.0000 (0.0016)  time: 0.1152  data: 0.0001  max mem: 1904
[17:08:03.955468] Epoch: [11]  [100/759]  eta: 0:01:16  lr: 0.000010  loss: 0.0110 (0.0191)  mae_m_mask: 0.2112 (0.2311)  rmse_m_mask: 0.2900 (0.3422)  normalized_mse_mask: 0.0110 (0.0191)  rmse_m_all: 5.0374 (7.2835)  actual_mask_ratio: 0.0703 (0.0717)  actual_prediction_mask_ratio: 0.2268 (0.2336)  ignored_patch_ratio: 0.0000 (0.0018)  time: 0.1157  data: 0.0001  max mem: 1904
[17:08:06.278409] Epoch: [11]  [120/759]  eta: 0:01:14  lr: 0.000010  loss: 0.0132 (0.0194)  mae_m_mask: 0.2236 (0.2336)  rmse_m_mask: 0.3370 (0.3454)  normalized_mse_mask: 0.0132 (0.0194)  rmse_m_all: 9.1184 (7.5619)  actual_mask_ratio: 0.0714 (0.0718)  actual_prediction_mask_ratio: 0.2375 (0.2340)  ignored_patch_ratio: 0.0000 (0.0015)  time: 0.1161  data: 0.0001  max mem: 1904
[17:08:08.550387] Epoch: [11]  [140/759]  eta: 0:01:11  lr: 0.000010  loss: 0.0212 (0.0224)  mae_m_mask: 0.2246 (0.2319)  rmse_m_mask: 0.3271 (0.3449)  normalized_mse_mask: 0.0212 (0.0224)  rmse_m_all: 7.0141 (7.6025)  actual_mask_ratio: 0.0729 (0.0719)  actual_prediction_mask_ratio: 0.2398 (0.2345)  ignored_patch_ratio: 0.0000 (0.0014)  time: 0.1136  data: 0.0001  max mem: 1904
[17:08:10.786085] Epoch: [11]  [160/759]  eta: 0:01:09  lr: 0.000010  loss: 0.0143 (0.0236)  mae_m_mask: 0.2443 (0.2354)  rmse_m_mask: 0.3302 (0.3481)  normalized_mse_mask: 0.0143 (0.0236)  rmse_m_all: 7.5477 (7.6407)  actual_mask_ratio: 0.0731 (0.0718)  actual_prediction_mask_ratio: 0.2353 (0.2341)  ignored_patch_ratio: 0.0000 (0.0021)  time: 0.1117  data: 0.0001  max mem: 1904
[17:08:12.993863] Epoch: [11]  [180/759]  eta: 0:01:06  lr: 0.000010  loss: 0.0218 (0.0254)  mae_m_mask: 0.2230 (0.2387)  rmse_m_mask: 0.3373 (0.3521)  normalized_mse_mask: 0.0218 (0.0254)  rmse_m_all: 8.2865 (7.7555)  actual_mask_ratio: 0.0680 (0.0716)  actual_prediction_mask_ratio: 0.2245 (0.2332)  ignored_patch_ratio: 0.0000 (0.0022)  time: 0.1103  data: 0.0001  max mem: 1904
[17:08:15.234536] Epoch: [11]  [200/759]  eta: 0:01:04  lr: 0.000010  loss: 0.0155 (0.0260)  mae_m_mask: 0.1867 (0.2361)  rmse_m_mask: 0.2619 (0.3480)  normalized_mse_mask: 0.0155 (0.0260)  rmse_m_all: 7.2638 (7.6728)  actual_mask_ratio: 0.0731 (0.0716)  actual_prediction_mask_ratio: 0.2341 (0.2336)  ignored_patch_ratio: 0.0000 (0.0021)  time: 0.1120  data: 0.0002  max mem: 1904
[17:08:17.465704] Epoch: [11]  [220/759]  eta: 0:01:01  lr: 0.000010  loss: 0.0065 (0.0254)  mae_m_mask: 0.1897 (0.2346)  rmse_m_mask: 0.2779 (0.3456)  normalized_mse_mask: 0.0065 (0.0254)  rmse_m_all: 5.6958 (7.5930)  actual_mask_ratio: 0.0709 (0.0716)  actual_prediction_mask_ratio: 0.2290 (0.2334)  ignored_patch_ratio: 0.0000 (0.0022)  time: 0.1115  data: 0.0001  max mem: 1904
[17:08:19.704637] Epoch: [11]  [240/759]  eta: 0:00:59  lr: 0.000010  loss: 0.0168 (0.0251)  mae_m_mask: 0.2157 (0.2340)  rmse_m_mask: 0.3061 (0.3457)  normalized_mse_mask: 0.0168 (0.0251)  rmse_m_all: 8.2297 (7.6776)  actual_mask_ratio: 0.0669 (0.0714)  actual_prediction_mask_ratio: 0.2234 (0.2327)  ignored_patch_ratio: 0.0000 (0.0026)  time: 0.1119  data: 0.0001  max mem: 1904
[17:08:21.942091] Epoch: [11]  [260/759]  eta: 0:00:56  lr: 0.000010  loss: 0.0128 (0.0245)  mae_m_mask: 0.2343 (0.2349)  rmse_m_mask: 0.3109 (0.3474)  normalized_mse_mask: 0.0128 (0.0245)  rmse_m_all: 8.1161 (7.6741)  actual_mask_ratio: 0.0697 (0.0713)  actual_prediction_mask_ratio: 0.2336 (0.2324)  ignored_patch_ratio: 0.0000 (0.0026)  time: 0.1118  data: 0.0002  max mem: 1904
[17:08:24.157640] Epoch: [11]  [280/759]  eta: 0:00:54  lr: 0.000010  loss: 0.0158 (0.0244)  mae_m_mask: 0.2269 (0.2357)  rmse_m_mask: 0.2989 (0.3491)  normalized_mse_mask: 0.0158 (0.0244)  rmse_m_all: 7.0600 (7.6057)  actual_mask_ratio: 0.0754 (0.0716)  actual_prediction_mask_ratio: 0.2404 (0.2331)  ignored_patch_ratio: 0.0000 (0.0025)  time: 0.1107  data: 0.0002  max mem: 1904
[17:08:26.339014] Epoch: [11]  [300/759]  eta: 0:00:52  lr: 0.000010  loss: 0.0083 (0.0240)  mae_m_mask: 0.2037 (0.2354)  rmse_m_mask: 0.2754 (0.3492)  normalized_mse_mask: 0.0083 (0.0240)  rmse_m_all: 7.1659 (7.6128)  actual_mask_ratio: 0.0720 (0.0717)  actual_prediction_mask_ratio: 0.2364 (0.2331)  ignored_patch_ratio: 0.0000 (0.0024)  time: 0.1090  data: 0.0001  max mem: 1904
[17:08:28.545391] Epoch: [11]  [320/759]  eta: 0:00:49  lr: 0.000010  loss: 0.0145 (0.0237)  mae_m_mask: 0.2325 (0.2367)  rmse_m_mask: 0.3621 (0.3508)  normalized_mse_mask: 0.0145 (0.0237)  rmse_m_all: 7.2262 (7.6147)  actual_mask_ratio: 0.0731 (0.0718)  actual_prediction_mask_ratio: 0.2347 (0.2332)  ignored_patch_ratio: 0.0000 (0.0023)  time: 0.1103  data: 0.0001  max mem: 1904
[17:08:30.806862] Epoch: [11]  [340/759]  eta: 0:00:47  lr: 0.000010  loss: 0.0118 (0.0238)  mae_m_mask: 0.2760 (0.2382)  rmse_m_mask: 0.3881 (0.3529)  normalized_mse_mask: 0.0118 (0.0238)  rmse_m_all: 7.7955 (7.6849)  actual_mask_ratio: 0.0709 (0.0717)  actual_prediction_mask_ratio: 0.2409 (0.2334)  ignored_patch_ratio: 0.0000 (0.0023)  time: 0.1130  data: 0.0001  max mem: 1904
[17:08:32.925962] Epoch: [11]  [360/759]  eta: 0:00:45  lr: 0.000010  loss: 0.0216 (0.0240)  mae_m_mask: 0.2348 (0.2388)  rmse_m_mask: 0.3720 (0.3548)  normalized_mse_mask: 0.0216 (0.0240)  rmse_m_all: 6.1330 (7.5981)  actual_mask_ratio: 0.0703 (0.0717)  actual_prediction_mask_ratio: 0.2309 (0.2331)  ignored_patch_ratio: 0.0000 (0.0026)  time: 0.1059  data: 0.0001  max mem: 1904
[17:08:35.908377] Epoch: [11]  [380/759]  eta: 0:00:43  lr: 0.000010  loss: 0.0168 (0.0239)  mae_m_mask: 0.2065 (0.2382)  rmse_m_mask: 0.3382 (0.3533)  normalized_mse_mask: 0.0168 (0.0239)  rmse_m_all: 7.2731 (7.5765)  actual_mask_ratio: 0.0724 (0.0717)  actual_prediction_mask_ratio: 0.2398 (0.2332)  ignored_patch_ratio: 0.0000 (0.0025)  time: 0.1491  data: 0.0480  max mem: 1904
[17:08:37.918128] Epoch: [11]  [400/759]  eta: 0:00:40  lr: 0.000010  loss: 0.0123 (0.0240)  mae_m_mask: 0.2354 (0.2392)  rmse_m_mask: 0.3422 (0.3552)  normalized_mse_mask: 0.0123 (0.0240)  rmse_m_all: 5.9151 (7.5479)  actual_mask_ratio: 0.0720 (0.0716)  actual_prediction_mask_ratio: 0.2343 (0.2334)  ignored_patch_ratio: 0.0000 (0.0025)  time: 0.1004  data: 0.0001  max mem: 1904
[17:08:39.902387] Epoch: [11]  [420/759]  eta: 0:00:38  lr: 0.000010  loss: 0.0247 (0.0243)  mae_m_mask: 0.2397 (0.2408)  rmse_m_mask: 0.3737 (0.3573)  normalized_mse_mask: 0.0247 (0.0243)  rmse_m_all: 6.0302 (7.5274)  actual_mask_ratio: 0.0754 (0.0718)  actual_prediction_mask_ratio: 0.2438 (0.2339)  ignored_patch_ratio: 0.0000 (0.0024)  time: 0.0992  data: 0.0001  max mem: 1904
[17:08:42.347239] Epoch: [11]  [440/759]  eta: 0:00:36  lr: 0.000010  loss: 0.0176 (0.0243)  mae_m_mask: 0.2571 (0.2416)  rmse_m_mask: 0.3772 (0.3580)  normalized_mse_mask: 0.0176 (0.0243)  rmse_m_all: 9.5759 (7.5938)  actual_mask_ratio: 0.0743 (0.0718)  actual_prediction_mask_ratio: 0.2443 (0.2341)  ignored_patch_ratio: 0.0000 (0.0024)  time: 0.1222  data: 0.0504  max mem: 1904
[17:08:44.341930] Epoch: [11]  [460/759]  eta: 0:00:33  lr: 0.000010  loss: 0.0188 (0.0243)  mae_m_mask: 0.1791 (0.2392)  rmse_m_mask: 0.2681 (0.3547)  normalized_mse_mask: 0.0188 (0.0243)  rmse_m_all: 6.1058 (7.5214)  actual_mask_ratio: 0.0709 (0.0718)  actual_prediction_mask_ratio: 0.2375 (0.2342)  ignored_patch_ratio: 0.0000 (0.0023)  time: 0.0997  data: 0.0001  max mem: 1904
[17:08:46.659882] Epoch: [11]  [480/759]  eta: 0:00:31  lr: 0.000010  loss: 0.0185 (0.0244)  mae_m_mask: 0.2505 (0.2403)  rmse_m_mask: 0.3455 (0.3567)  normalized_mse_mask: 0.0185 (0.0244)  rmse_m_all: 6.1134 (7.5284)  actual_mask_ratio: 0.0703 (0.0718)  actual_prediction_mask_ratio: 0.2290 (0.2340)  ignored_patch_ratio: 0.0000 (0.0023)  time: 0.1159  data: 0.0001  max mem: 1904
[17:08:48.995688] Epoch: [11]  [500/759]  eta: 0:00:29  lr: 0.000010  loss: 0.0122 (0.0240)  mae_m_mask: 0.2067 (0.2397)  rmse_m_mask: 0.3151 (0.3558)  normalized_mse_mask: 0.0122 (0.0240)  rmse_m_all: 5.4463 (7.4771)  actual_mask_ratio: 0.0720 (0.0718)  actual_prediction_mask_ratio: 0.2404 (0.2342)  ignored_patch_ratio: 0.0000 (0.0022)  time: 0.1167  data: 0.0001  max mem: 1904
[17:08:51.312403] Epoch: [11]  [520/759]  eta: 0:00:27  lr: 0.000010  loss: 0.0138 (0.0253)  mae_m_mask: 0.2319 (0.2401)  rmse_m_mask: 0.3025 (0.3559)  normalized_mse_mask: 0.0138 (0.0253)  rmse_m_all: 7.3976 (7.4565)  actual_mask_ratio: 0.0709 (0.0718)  actual_prediction_mask_ratio: 0.2409 (0.2345)  ignored_patch_ratio: 0.0000 (0.0021)  time: 0.1158  data: 0.0001  max mem: 1904
[17:08:53.624875] Epoch: [11]  [540/759]  eta: 0:00:24  lr: 0.000010  loss: 0.0140 (0.0256)  mae_m_mask: 0.2045 (0.2389)  rmse_m_mask: 0.2743 (0.3534)  normalized_mse_mask: 0.0140 (0.0256)  rmse_m_all: 5.4184 (7.4399)  actual_mask_ratio: 0.0731 (0.0719)  actual_prediction_mask_ratio: 0.2387 (0.2346)  ignored_patch_ratio: 0.0000 (0.0020)  time: 0.1156  data: 0.0001  max mem: 1904
[17:08:55.939434] Epoch: [11]  [560/759]  eta: 0:00:22  lr: 0.000010  loss: 0.0254 (0.0256)  mae_m_mask: 0.2163 (0.2391)  rmse_m_mask: 0.3049 (0.3534)  normalized_mse_mask: 0.0254 (0.0256)  rmse_m_all: 4.5177 (7.4169)  actual_mask_ratio: 0.0692 (0.0719)  actual_prediction_mask_ratio: 0.2387 (0.2345)  ignored_patch_ratio: 0.0000 (0.0021)  time: 0.1157  data: 0.0001  max mem: 1904
[17:08:58.252126] Epoch: [11]  [580/759]  eta: 0:00:20  lr: 0.000010  loss: 0.0110 (0.0255)  mae_m_mask: 0.2513 (0.2397)  rmse_m_mask: 0.3793 (0.3545)  normalized_mse_mask: 0.0110 (0.0255)  rmse_m_all: 6.7585 (7.4168)  actual_mask_ratio: 0.0714 (0.0719)  actual_prediction_mask_ratio: 0.2319 (0.2345)  ignored_patch_ratio: 0.0000 (0.0021)  time: 0.1156  data: 0.0001  max mem: 1904
[17:09:00.567564] Epoch: [11]  [600/759]  eta: 0:00:18  lr: 0.000010  loss: 0.0140 (0.0253)  mae_m_mask: 0.2667 (0.2409)  rmse_m_mask: 0.3914 (0.3560)  normalized_mse_mask: 0.0140 (0.0253)  rmse_m_all: 7.3374 (7.4353)  actual_mask_ratio: 0.0692 (0.0718)  actual_prediction_mask_ratio: 0.2398 (0.2347)  ignored_patch_ratio: 0.0000 (0.0020)  time: 0.1157  data: 0.0001  max mem: 1904
[17:09:02.885785] Epoch: [11]  [620/759]  eta: 0:00:15  lr: 0.000010  loss: 0.0176 (0.0252)  mae_m_mask: 0.2434 (0.2409)  rmse_m_mask: 0.3601 (0.3561)  normalized_mse_mask: 0.0176 (0.0252)  rmse_m_all: 9.4959 (7.4889)  actual_mask_ratio: 0.0703 (0.0717)  actual_prediction_mask_ratio: 0.2222 (0.2345)  ignored_patch_ratio: 0.0000 (0.0021)  time: 0.1159  data: 0.0001  max mem: 1904
[17:09:05.191175] Epoch: [11]  [640/759]  eta: 0:00:13  lr: 0.000010  loss: 0.0123 (0.0250)  mae_m_mask: 0.2063 (0.2407)  rmse_m_mask: 0.3302 (0.3558)  normalized_mse_mask: 0.0123 (0.0250)  rmse_m_all: 7.5534 (7.4998)  actual_mask_ratio: 0.0704 (0.0717)  actual_prediction_mask_ratio: 0.2336 (0.2344)  ignored_patch_ratio: 0.0000 (0.0022)  time: 0.1152  data: 0.0001  max mem: 1904
[17:09:07.528562] Epoch: [11]  [660/759]  eta: 0:00:11  lr: 0.000010  loss: 0.0111 (0.0250)  mae_m_mask: 0.2541 (0.2420)  rmse_m_mask: 0.4248 (0.3577)  normalized_mse_mask: 0.0111 (0.0250)  rmse_m_all: 8.7037 (7.5419)  actual_mask_ratio: 0.0686 (0.0716)  actual_prediction_mask_ratio: 0.2358 (0.2344)  ignored_patch_ratio: 0.0000 (0.0021)  time: 0.1168  data: 0.0001  max mem: 1904
[17:09:09.865299] Epoch: [11]  [680/759]  eta: 0:00:09  lr: 0.000010  loss: 0.0197 (0.0248)  mae_m_mask: 0.2064 (0.2413)  rmse_m_mask: 0.2840 (0.3563)  normalized_mse_mask: 0.0197 (0.0248)  rmse_m_all: 6.8317 (7.5016)  actual_mask_ratio: 0.0743 (0.0717)  actual_prediction_mask_ratio: 0.2415 (0.2347)  ignored_patch_ratio: 0.0000 (0.0021)  time: 0.1168  data: 0.0001  max mem: 1904
[17:09:12.203736] Epoch: [11]  [700/759]  eta: 0:00:06  lr: 0.000010  loss: 0.0145 (0.0249)  mae_m_mask: 0.2478 (0.2415)  rmse_m_mask: 0.3475 (0.3565)  normalized_mse_mask: 0.0145 (0.0249)  rmse_m_all: 8.2022 (7.5136)  actual_mask_ratio: 0.0743 (0.0718)  actual_prediction_mask_ratio: 0.2460 (0.2348)  ignored_patch_ratio: 0.0000 (0.0021)  time: 0.1169  data: 0.0001  max mem: 1904
[17:09:14.541671] Epoch: [11]  [720/759]  eta: 0:00:04  lr: 0.000010  loss: 0.0064 (0.0247)  mae_m_mask: 0.2601 (0.2419)  rmse_m_mask: 0.3738 (0.3573)  normalized_mse_mask: 0.0064 (0.0247)  rmse_m_all: 4.7772 (7.4804)  actual_mask_ratio: 0.0714 (0.0718)  actual_prediction_mask_ratio: 0.2381 (0.2350)  ignored_patch_ratio: 0.0000 (0.0021)  time: 0.1169  data: 0.0001  max mem: 1904
[17:09:16.879636] Epoch: [11]  [740/759]  eta: 0:00:02  lr: 0.000010  loss: 0.0134 (0.0247)  mae_m_mask: 0.2210 (0.2417)  rmse_m_mask: 0.3130 (0.3570)  normalized_mse_mask: 0.0134 (0.0247)  rmse_m_all: 5.4088 (7.4655)  actual_mask_ratio: 0.0715 (0.0717)  actual_prediction_mask_ratio: 0.2370 (0.2351)  ignored_patch_ratio: 0.0000 (0.0022)  time: 0.1169  data: 0.0001  max mem: 1904
[17:09:18.983274] Epoch: [11]  [758/759]  eta: 0:00:00  lr: 0.000010  loss: 0.0086 (0.0248)  mae_m_mask: 0.2287 (0.2418)  rmse_m_mask: 0.3177 (0.3576)  normalized_mse_mask: 0.0086 (0.0248)  rmse_m_all: 5.8948 (7.4747)  actual_mask_ratio: 0.0686 (0.0717)  actual_prediction_mask_ratio: 0.2336 (0.2352)  ignored_patch_ratio: 0.0000 (0.0022)  time: 0.1167  data: 0.0001  max mem: 1904
[17:09:19.012681] Epoch: [11] Total time: 0:01:26 (0.1144 s / it)
[17:09:19.016297] Averaged stats: {'lr': 9.777314870779603e-06, 'loss': 0.024505673333350058, 'mae_m_mask': 0.23938467433603808, 'rmse_m_mask': 0.3794353948696167, 'normalized_mse_mask': 0.024505673333350058, 'rmse_m_all': 7.47469441747791, 'actual_mask_ratio': 0.07173490695095816, 'actual_prediction_mask_ratio': 0.23515601375671558, 'ignored_patch_ratio': 0.0021771975499682117, 'supervised_pixel_count': 14697866.0}
[17:09:19.220395] Val: [11]  [  0/533]  eta: 0:01:47  loss: 0.0111 (0.0111)  mae_m_mask: 1.0643 (1.0643)  rmse_m_mask: 1.2612 (1.2612)  normalized_mse_mask: 0.0111 (0.0111)  rmse_m_all: 13.8341 (13.8341)  actual_mask_ratio: 0.0787 (0.0787)  actual_prediction_mask_ratio: 0.2431 (0.2431)  ignored_patch_ratio: 0.0488 (0.0488)  time: 0.2012  data: 0.0900  max mem: 1904
[17:09:23.704625] Val: [11]  [ 50/533]  eta: 0:00:44  loss: 0.0019 (0.0040)  mae_m_mask: 0.7374 (0.8203)  rmse_m_mask: 0.9048 (0.9473)  normalized_mse_mask: 0.0019 (0.0040)  rmse_m_all: 13.2260 (14.0653)  actual_mask_ratio: 0.0694 (0.0693)  actual_prediction_mask_ratio: 0.2120 (0.2147)  ignored_patch_ratio: 0.0527 (0.0550)  time: 0.0885  data: 0.0001  max mem: 1904
[17:09:28.035643] Val: [11]  [100/533]  eta: 0:00:38  loss: 0.0004 (0.0025)  mae_m_mask: 0.6027 (0.7572)  rmse_m_mask: 0.7078 (0.8912)  normalized_mse_mask: 0.0004 (0.0025)  rmse_m_all: 17.8187 (15.6865)  actual_mask_ratio: 0.0645 (0.0686)  actual_prediction_mask_ratio: 0.2076 (0.2139)  ignored_patch_ratio: 0.0550 (0.0538)  time: 0.0872  data: 0.0001  max mem: 1904
[17:09:32.403604] Val: [11]  [150/533]  eta: 0:00:33  loss: 0.0006 (0.0020)  mae_m_mask: 0.4247 (0.7191)  rmse_m_mask: 0.5464 (0.8521)  normalized_mse_mask: 0.0006 (0.0020)  rmse_m_all: 11.3507 (15.6465)  actual_mask_ratio: 0.0707 (0.0688)  actual_prediction_mask_ratio: 0.2326 (0.2153)  ignored_patch_ratio: 0.0488 (0.0542)  time: 0.0868  data: 0.0001  max mem: 1904
[17:09:36.758493] Val: [11]  [200/533]  eta: 0:00:29  loss: 0.0009 (0.0018)  mae_m_mask: 0.6318 (0.6906)  rmse_m_mask: 0.7196 (0.8202)  normalized_mse_mask: 0.0009 (0.0018)  rmse_m_all: 14.0678 (15.1232)  actual_mask_ratio: 0.0760 (0.0695)  actual_prediction_mask_ratio: 0.2427 (0.2204)  ignored_patch_ratio: 0.0000 (0.0447)  time: 0.0869  data: 0.0001  max mem: 1904
[17:09:41.167121] Val: [11]  [250/533]  eta: 0:00:24  loss: 0.0011 (0.0017)  mae_m_mask: 0.8965 (0.7441)  rmse_m_mask: 1.1816 (0.8796)  normalized_mse_mask: 0.0011 (0.0017)  rmse_m_all: 14.6620 (15.4858)  actual_mask_ratio: 0.0725 (0.0702)  actual_prediction_mask_ratio: 0.2314 (0.2225)  ignored_patch_ratio: 0.0306 (0.0393)  time: 0.0876  data: 0.0001  max mem: 1904
[17:09:45.532252] Val: [11]  [300/533]  eta: 0:00:20  loss: 0.0006 (0.0017)  mae_m_mask: 0.7375 (0.8117)  rmse_m_mask: 0.8682 (0.9532)  normalized_mse_mask: 0.0006 (0.0017)  rmse_m_all: 23.3844 (16.5668)  actual_mask_ratio: 0.0700 (0.0704)  actual_prediction_mask_ratio: 0.2121 (0.2229)  ignored_patch_ratio: 0.0516 (0.0394)  time: 0.0883  data: 0.0001  max mem: 1904
[17:09:49.937210] Val: [11]  [350/533]  eta: 0:00:16  loss: 0.0008 (0.0016)  mae_m_mask: 0.7875 (0.8067)  rmse_m_mask: 0.9744 (0.9479)  normalized_mse_mask: 0.0008 (0.0016)  rmse_m_all: 19.6106 (16.7652)  actual_mask_ratio: 0.0698 (0.0705)  actual_prediction_mask_ratio: 0.2170 (0.2230)  ignored_patch_ratio: 0.0391 (0.0384)  time: 0.0883  data: 0.0001  max mem: 1904
[17:09:54.356124] Val: [11]  [400/533]  eta: 0:00:11  loss: 0.0009 (0.0016)  mae_m_mask: 0.8295 (0.8407)  rmse_m_mask: 0.9819 (0.9846)  normalized_mse_mask: 0.0009 (0.0016)  rmse_m_all: 18.9260 (17.1455)  actual_mask_ratio: 0.0683 (0.0702)  actual_prediction_mask_ratio: 0.2164 (0.2218)  ignored_patch_ratio: 0.0476 (0.0400)  time: 0.0882  data: 0.0001  max mem: 1904
[17:09:58.833423] Val: [11]  [450/533]  eta: 0:00:07  loss: 0.0013 (0.0018)  mae_m_mask: 1.0367 (0.8792)  rmse_m_mask: 1.3182 (1.0306)  normalized_mse_mask: 0.0013 (0.0018)  rmse_m_all: 17.0034 (17.1581)  actual_mask_ratio: 0.0670 (0.0702)  actual_prediction_mask_ratio: 0.2143 (0.2217)  ignored_patch_ratio: 0.0612 (0.0412)  time: 0.0897  data: 0.0001  max mem: 1904
[17:10:03.913759] Val: [11]  [500/533]  eta: 0:00:02  loss: 0.0004 (0.0017)  mae_m_mask: 0.6052 (0.8647)  rmse_m_mask: 0.7449 (1.0142)  normalized_mse_mask: 0.0004 (0.0017)  rmse_m_all: 16.4322 (17.2079)  actual_mask_ratio: 0.0673 (0.0700)  actual_prediction_mask_ratio: 0.2116 (0.2212)  ignored_patch_ratio: 0.0573 (0.0425)  time: 0.1226  data: 0.0409  max mem: 1904
[17:10:08.891237] Val: [11]  [532/533]  eta: 0:00:00  loss: 0.0008 (0.0017)  mae_m_mask: 0.7514 (0.8623)  rmse_m_mask: 0.9402 (1.0111)  normalized_mse_mask: 0.0008 (0.0017)  rmse_m_all: 17.8324 (17.2625)  actual_mask_ratio: 0.0666 (0.0699)  actual_prediction_mask_ratio: 0.2121 (0.2208)  ignored_patch_ratio: 0.0550 (0.0432)  time: 0.1123  data: 0.0313  max mem: 1904
[17:10:08.946472] Val: [11] Total time: 0:00:49 (0.0937 s / it)
[17:10:08.947465] val stats: {'loss': 0.0016736295763570693, 'mae_m_mask': 0.8403219695807183, 'rmse_m_mask': 1.1240388224774909, 'normalized_mse_mask': 0.0016736295763570693, 'rmse_m_all': 17.26252858902679, 'actual_mask_ratio': 0.06990061117437499, 'actual_prediction_mask_ratio': 0.22084709342156744, 'ignored_patch_ratio': 0.04319662906886489, 'supervised_pixel_count': 11054205.0}
[17:10:13.894288] log_dir: /tank/data/SFS/xinyis/data/bathymetry/MAE-Topography/Downstream_Task_Bathy/cross_validation_v5_Stage2NormMSE_MeterSelect/runs/holdout_CA_D004Stage2NormMSE_MeterSelect_D001NoDataSafe/train_stage2_normMSE_meterSelect_CA_KlamathRiver_TopoBathy_2018_D18_fromStage1Best_e120_lr1e-5_b4_acc4/tb
[17:10:14.090807] Epoch: [12]  [  0/759]  eta: 0:02:28  lr: 0.000010  loss: 0.0067 (0.0067)  mae_m_mask: 0.1715 (0.1715)  rmse_m_mask: 0.2453 (0.2453)  normalized_mse_mask: 0.0067 (0.0067)  rmse_m_all: 12.6865 (12.6865)  actual_mask_ratio: 0.0737 (0.0737)  actual_prediction_mask_ratio: 0.2381 (0.2381)  ignored_patch_ratio: 0.0000 (0.0000)  time: 0.1958  data: 0.0811  max mem: 1904
[17:10:16.398302] Epoch: [12]  [ 20/759]  eta: 0:01:28  lr: 0.000010  loss: 0.0101 (0.0145)  mae_m_mask: 0.2464 (0.2844)  rmse_m_mask: 0.3905 (0.4383)  normalized_mse_mask: 0.0101 (0.0145)  rmse_m_all: 7.6744 (7.8899)  actual_mask_ratio: 0.0709 (0.0717)  actual_prediction_mask_ratio: 0.2279 (0.2248)  ignored_patch_ratio: 0.0000 (0.0024)  time: 0.1153  data: 0.0001  max mem: 1904
[17:10:18.710516] Epoch: [12]  [ 40/759]  eta: 0:01:24  lr: 0.000010  loss: 0.0105 (0.0168)  mae_m_mask: 0.2165 (0.2636)  rmse_m_mask: 0.3071 (0.4056)  normalized_mse_mask: 0.0105 (0.0168)  rmse_m_all: 7.0682 (7.6666)  actual_mask_ratio: 0.0703 (0.0714)  actual_prediction_mask_ratio: 0.2415 (0.2321)  ignored_patch_ratio: 0.0000 (0.0012)  time: 0.1156  data: 0.0001  max mem: 1904
[17:10:21.010834] Epoch: [12]  [ 60/759]  eta: 0:01:21  lr: 0.000010  loss: 0.0141 (0.0199)  mae_m_mask: 0.2041 (0.2496)  rmse_m_mask: 0.2879 (0.3743)  normalized_mse_mask: 0.0141 (0.0199)  rmse_m_all: 5.0045 (7.0799)  actual_mask_ratio: 0.0724 (0.0719)  actual_prediction_mask_ratio: 0.2387 (0.2341)  ignored_patch_ratio: 0.0000 (0.0009)  time: 0.1150  data: 0.0001  max mem: 1904
[17:10:23.330007] Epoch: [12]  [ 80/759]  eta: 0:01:19  lr: 0.000010  loss: 0.0144 (0.0199)  mae_m_mask: 0.2520 (0.2515)  rmse_m_mask: 0.3427 (0.3715)  normalized_mse_mask: 0.0144 (0.0199)  rmse_m_all: 6.8351 (7.1041)  actual_mask_ratio: 0.0686 (0.0712)  actual_prediction_mask_ratio: 0.2375 (0.2340)  ignored_patch_ratio: 0.0000 (0.0009)  time: 0.1159  data: 0.0001  max mem: 1904
[17:10:25.625768] Epoch: [12]  [100/759]  eta: 0:01:16  lr: 0.000010  loss: 0.0097 (0.0195)  mae_m_mask: 0.2272 (0.2496)  rmse_m_mask: 0.3157 (0.3666)  normalized_mse_mask: 0.0097 (0.0195)  rmse_m_all: 6.8330 (7.1690)  actual_mask_ratio: 0.0726 (0.0717)  actual_prediction_mask_ratio: 0.2353 (0.2347)  ignored_patch_ratio: 0.0000 (0.0015)  time: 0.1148  data: 0.0001  max mem: 1904
[17:10:27.932402] Epoch: [12]  [120/759]  eta: 0:01:14  lr: 0.000010  loss: 0.0110 (0.0198)  mae_m_mask: 0.2266 (0.2477)  rmse_m_mask: 0.3256 (0.3658)  normalized_mse_mask: 0.0110 (0.0198)  rmse_m_all: 6.8994 (7.1638)  actual_mask_ratio: 0.0732 (0.0721)  actual_prediction_mask_ratio: 0.2422 (0.2359)  ignored_patch_ratio: 0.0000 (0.0018)  time: 0.1153  data: 0.0001  max mem: 1904
[17:10:30.249925] Epoch: [12]  [140/759]  eta: 0:01:11  lr: 0.000010  loss: 0.0085 (0.0198)  mae_m_mask: 0.2814 (0.2513)  rmse_m_mask: 0.4221 (0.3692)  normalized_mse_mask: 0.0085 (0.0198)  rmse_m_all: 8.9699 (7.4925)  actual_mask_ratio: 0.0697 (0.0719)  actual_prediction_mask_ratio: 0.2269 (0.2350)  ignored_patch_ratio: 0.0000 (0.0018)  time: 0.1158  data: 0.0001  max mem: 1904
[17:10:32.632274] Epoch: [12]  [160/759]  eta: 0:01:09  lr: 0.000010  loss: 0.0067 (0.0198)  mae_m_mask: 0.1981 (0.2488)  rmse_m_mask: 0.2629 (0.3644)  normalized_mse_mask: 0.0067 (0.0198)  rmse_m_all: 6.4657 (7.4859)  actual_mask_ratio: 0.0703 (0.0718)  actual_prediction_mask_ratio: 0.2319 (0.2345)  ignored_patch_ratio: 0.0000 (0.0017)  time: 0.1191  data: 0.0042  max mem: 1904
[17:10:34.853175] Epoch: [12]  [180/759]  eta: 0:01:07  lr: 0.000010  loss: 0.0088 (0.0206)  mae_m_mask: 0.2279 (0.2468)  rmse_m_mask: 0.3566 (0.3622)  normalized_mse_mask: 0.0088 (0.0206)  rmse_m_all: 6.8359 (7.4830)  actual_mask_ratio: 0.0726 (0.0718)  actual_prediction_mask_ratio: 0.2432 (0.2347)  ignored_patch_ratio: 0.0000 (0.0019)  time: 0.1110  data: 0.0011  max mem: 1904
[17:10:37.061834] Epoch: [12]  [200/759]  eta: 0:01:04  lr: 0.000010  loss: 0.0192 (0.0211)  mae_m_mask: 0.2237 (0.2458)  rmse_m_mask: 0.3493 (0.3622)  normalized_mse_mask: 0.0192 (0.0211)  rmse_m_all: 6.2918 (7.4538)  actual_mask_ratio: 0.0697 (0.0717)  actual_prediction_mask_ratio: 0.2353 (0.2347)  ignored_patch_ratio: 0.0000 (0.0018)  time: 0.1104  data: 0.0001  max mem: 1904
[17:10:39.650596] Epoch: [12]  [220/759]  eta: 0:01:02  lr: 0.000010  loss: 0.0123 (0.0221)  mae_m_mask: 0.2300 (0.2458)  rmse_m_mask: 0.3171 (0.3626)  normalized_mse_mask: 0.0123 (0.0221)  rmse_m_all: 5.6712 (7.3953)  actual_mask_ratio: 0.0771 (0.0721)  actual_prediction_mask_ratio: 0.2523 (0.2357)  ignored_patch_ratio: 0.0000 (0.0018)  time: 0.1294  data: 0.0192  max mem: 1904
[17:10:41.904864] Epoch: [12]  [240/759]  eta: 0:01:00  lr: 0.000010  loss: 0.0187 (0.0220)  mae_m_mask: 0.1961 (0.2434)  rmse_m_mask: 0.2744 (0.3592)  normalized_mse_mask: 0.0187 (0.0220)  rmse_m_all: 6.4016 (7.3621)  actual_mask_ratio: 0.0703 (0.0720)  actual_prediction_mask_ratio: 0.2292 (0.2354)  ignored_patch_ratio: 0.0000 (0.0020)  time: 0.1127  data: 0.0001  max mem: 1904
[17:10:44.140514] Epoch: [12]  [260/759]  eta: 0:00:57  lr: 0.000010  loss: 0.0120 (0.0220)  mae_m_mask: 0.2257 (0.2423)  rmse_m_mask: 0.3154 (0.3570)  normalized_mse_mask: 0.0120 (0.0220)  rmse_m_all: 7.3477 (7.4209)  actual_mask_ratio: 0.0703 (0.0720)  actual_prediction_mask_ratio: 0.2330 (0.2351)  ignored_patch_ratio: 0.0000 (0.0020)  time: 0.1118  data: 0.0001  max mem: 1904
[17:10:46.385102] Epoch: [12]  [280/759]  eta: 0:00:55  lr: 0.000010  loss: 0.0165 (0.0225)  mae_m_mask: 0.2188 (0.2421)  rmse_m_mask: 0.3098 (0.3566)  normalized_mse_mask: 0.0165 (0.0225)  rmse_m_all: 7.3733 (7.5273)  actual_mask_ratio: 0.0726 (0.0720)  actual_prediction_mask_ratio: 0.2381 (0.2349)  ignored_patch_ratio: 0.0000 (0.0021)  time: 0.1122  data: 0.0001  max mem: 1904
[17:10:48.629841] Epoch: [12]  [300/759]  eta: 0:00:52  lr: 0.000010  loss: 0.0145 (0.0232)  mae_m_mask: 0.2724 (0.2441)  rmse_m_mask: 0.4020 (0.3595)  normalized_mse_mask: 0.0145 (0.0232)  rmse_m_all: 6.2228 (7.4888)  actual_mask_ratio: 0.0686 (0.0718)  actual_prediction_mask_ratio: 0.2337 (0.2346)  ignored_patch_ratio: 0.0000 (0.0024)  time: 0.1122  data: 0.0001  max mem: 1904
[17:10:50.890016] Epoch: [12]  [320/759]  eta: 0:00:50  lr: 0.000010  loss: 0.0042 (0.0227)  mae_m_mask: 0.2664 (0.2457)  rmse_m_mask: 0.3974 (0.3617)  normalized_mse_mask: 0.0042 (0.0227)  rmse_m_all: 10.5532 (7.6390)  actual_mask_ratio: 0.0697 (0.0717)  actual_prediction_mask_ratio: 0.2246 (0.2340)  ignored_patch_ratio: 0.0000 (0.0023)  time: 0.1130  data: 0.0001  max mem: 1904
[17:10:53.022651] Epoch: [12]  [340/759]  eta: 0:00:48  lr: 0.000010  loss: 0.0121 (0.0229)  mae_m_mask: 0.2038 (0.2432)  rmse_m_mask: 0.3028 (0.3584)  normalized_mse_mask: 0.0121 (0.0229)  rmse_m_all: 6.2696 (7.5869)  actual_mask_ratio: 0.0743 (0.0718)  actual_prediction_mask_ratio: 0.2472 (0.2346)  ignored_patch_ratio: 0.0000 (0.0022)  time: 0.1066  data: 0.0001  max mem: 1904
[17:10:55.255564] Epoch: [12]  [360/759]  eta: 0:00:45  lr: 0.000010  loss: 0.0201 (0.0231)  mae_m_mask: 0.2317 (0.2434)  rmse_m_mask: 0.3445 (0.3583)  normalized_mse_mask: 0.0201 (0.0231)  rmse_m_all: 8.1096 (7.6661)  actual_mask_ratio: 0.0689 (0.0717)  actual_prediction_mask_ratio: 0.2296 (0.2344)  ignored_patch_ratio: 0.0000 (0.0023)  time: 0.1116  data: 0.0001  max mem: 1904
[17:10:57.449215] Epoch: [12]  [380/759]  eta: 0:00:43  lr: 0.000010  loss: 0.0229 (0.0231)  mae_m_mask: 0.2280 (0.2441)  rmse_m_mask: 0.3225 (0.3598)  normalized_mse_mask: 0.0229 (0.0231)  rmse_m_all: 7.9723 (7.6940)  actual_mask_ratio: 0.0737 (0.0717)  actual_prediction_mask_ratio: 0.2302 (0.2344)  ignored_patch_ratio: 0.0000 (0.0022)  time: 0.1096  data: 0.0001  max mem: 1904
[17:10:59.636375] Epoch: [12]  [400/759]  eta: 0:00:40  lr: 0.000010  loss: 0.0205 (0.0229)  mae_m_mask: 0.2239 (0.2443)  rmse_m_mask: 0.3147 (0.3603)  normalized_mse_mask: 0.0205 (0.0229)  rmse_m_all: 7.1192 (7.6844)  actual_mask_ratio: 0.0669 (0.0715)  actual_prediction_mask_ratio: 0.2310 (0.2342)  ignored_patch_ratio: 0.0000 (0.0022)  time: 0.1093  data: 0.0001  max mem: 1904
[17:11:01.734568] Epoch: [12]  [420/759]  eta: 0:00:38  lr: 0.000010  loss: 0.0137 (0.0232)  mae_m_mask: 0.2418 (0.2446)  rmse_m_mask: 0.3418 (0.3604)  normalized_mse_mask: 0.0137 (0.0232)  rmse_m_all: 7.0450 (7.6429)  actual_mask_ratio: 0.0705 (0.0716)  actual_prediction_mask_ratio: 0.2344 (0.2343)  ignored_patch_ratio: 0.0000 (0.0022)  time: 0.1049  data: 0.0202  max mem: 1904
[17:11:04.278249] Epoch: [12]  [440/759]  eta: 0:00:36  lr: 0.000010  loss: 0.0120 (0.0228)  mae_m_mask: 0.2311 (0.2442)  rmse_m_mask: 0.3569 (0.3604)  normalized_mse_mask: 0.0120 (0.0228)  rmse_m_all: 7.4617 (7.6800)  actual_mask_ratio: 0.0714 (0.0716)  actual_prediction_mask_ratio: 0.2381 (0.2345)  ignored_patch_ratio: 0.0000 (0.0023)  time: 0.1272  data: 0.0318  max mem: 1904
[17:11:06.457823] Epoch: [12]  [460/759]  eta: 0:00:34  lr: 0.000010  loss: 0.0142 (0.0225)  mae_m_mask: 0.2330 (0.2450)  rmse_m_mask: 0.3298 (0.3620)  normalized_mse_mask: 0.0142 (0.0225)  rmse_m_all: 7.0012 (7.6373)  actual_mask_ratio: 0.0748 (0.0717)  actual_prediction_mask_ratio: 0.2378 (0.2348)  ignored_patch_ratio: 0.0000 (0.0023)  time: 0.1089  data: 0.0001  max mem: 1904
[17:11:08.547041] Epoch: [12]  [480/759]  eta: 0:00:31  lr: 0.000010  loss: 0.0250 (0.0236)  mae_m_mask: 0.2326 (0.2445)  rmse_m_mask: 0.3505 (0.3614)  normalized_mse_mask: 0.0250 (0.0236)  rmse_m_all: 6.3351 (7.6213)  actual_mask_ratio: 0.0726 (0.0717)  actual_prediction_mask_ratio: 0.2353 (0.2348)  ignored_patch_ratio: 0.0000 (0.0022)  time: 0.1044  data: 0.0001  max mem: 1904
[17:11:11.038073] Epoch: [12]  [500/759]  eta: 0:00:29  lr: 0.000010  loss: 0.0204 (0.0240)  mae_m_mask: 0.2477 (0.2443)  rmse_m_mask: 0.3592 (0.3610)  normalized_mse_mask: 0.0204 (0.0240)  rmse_m_all: 6.6553 (7.6289)  actual_mask_ratio: 0.0731 (0.0717)  actual_prediction_mask_ratio: 0.2330 (0.2348)  ignored_patch_ratio: 0.0000 (0.0021)  time: 0.1245  data: 0.0515  max mem: 1904
[17:11:13.158717] Epoch: [12]  [520/759]  eta: 0:00:27  lr: 0.000010  loss: 0.0088 (0.0238)  mae_m_mask: 0.2283 (0.2437)  rmse_m_mask: 0.3173 (0.3599)  normalized_mse_mask: 0.0088 (0.0238)  rmse_m_all: 6.2239 (7.6204)  actual_mask_ratio: 0.0709 (0.0717)  actual_prediction_mask_ratio: 0.2438 (0.2351)  ignored_patch_ratio: 0.0000 (0.0021)  time: 0.1060  data: 0.0001  max mem: 1904
[17:11:15.483764] Epoch: [12]  [540/759]  eta: 0:00:24  lr: 0.000010  loss: 0.0126 (0.0237)  mae_m_mask: 0.1938 (0.2416)  rmse_m_mask: 0.2596 (0.3565)  normalized_mse_mask: 0.0126 (0.0237)  rmse_m_all: 6.7459 (7.6008)  actual_mask_ratio: 0.0709 (0.0717)  actual_prediction_mask_ratio: 0.2324 (0.2351)  ignored_patch_ratio: 0.0000 (0.0021)  time: 0.1162  data: 0.0001  max mem: 1904
[17:11:17.811399] Epoch: [12]  [560/759]  eta: 0:00:22  lr: 0.000010  loss: 0.0217 (0.0239)  mae_m_mask: 0.2265 (0.2415)  rmse_m_mask: 0.3082 (0.3561)  normalized_mse_mask: 0.0217 (0.0239)  rmse_m_all: 7.5048 (7.5995)  actual_mask_ratio: 0.0720 (0.0717)  actual_prediction_mask_ratio: 0.2375 (0.2350)  ignored_patch_ratio: 0.0000 (0.0021)  time: 0.1163  data: 0.0001  max mem: 1904
[17:11:20.141177] Epoch: [12]  [580/759]  eta: 0:00:20  lr: 0.000010  loss: 0.0165 (0.0239)  mae_m_mask: 0.2325 (0.2412)  rmse_m_mask: 0.3532 (0.3561)  normalized_mse_mask: 0.0165 (0.0239)  rmse_m_all: 4.6143 (7.5653)  actual_mask_ratio: 0.0760 (0.0717)  actual_prediction_mask_ratio: 0.2392 (0.2351)  ignored_patch_ratio: 0.0000 (0.0022)  time: 0.1165  data: 0.0001  max mem: 1904
[17:11:22.466994] Epoch: [12]  [600/759]  eta: 0:00:18  lr: 0.000010  loss: 0.0127 (0.0237)  mae_m_mask: 0.2455 (0.2416)  rmse_m_mask: 0.3188 (0.3564)  normalized_mse_mask: 0.0127 (0.0237)  rmse_m_all: 5.8959 (7.5501)  actual_mask_ratio: 0.0726 (0.0717)  actual_prediction_mask_ratio: 0.2313 (0.2351)  ignored_patch_ratio: 0.0000 (0.0021)  time: 0.1163  data: 0.0001  max mem: 1904
[17:11:24.795473] Epoch: [12]  [620/759]  eta: 0:00:15  lr: 0.000010  loss: 0.0180 (0.0239)  mae_m_mask: 0.2174 (0.2406)  rmse_m_mask: 0.3094 (0.3549)  normalized_mse_mask: 0.0180 (0.0239)  rmse_m_all: 3.5594 (7.4854)  actual_mask_ratio: 0.0731 (0.0717)  actual_prediction_mask_ratio: 0.2375 (0.2351)  ignored_patch_ratio: 0.0000 (0.0021)  time: 0.1164  data: 0.0001  max mem: 1904
[17:11:27.126292] Epoch: [12]  [640/759]  eta: 0:00:13  lr: 0.000010  loss: 0.0187 (0.0240)  mae_m_mask: 0.2354 (0.2407)  rmse_m_mask: 0.3234 (0.3545)  normalized_mse_mask: 0.0187 (0.0240)  rmse_m_all: 5.6245 (7.4540)  actual_mask_ratio: 0.0691 (0.0717)  actual_prediction_mask_ratio: 0.2381 (0.2352)  ignored_patch_ratio: 0.0000 (0.0021)  time: 0.1165  data: 0.0001  max mem: 1904
[17:11:29.456769] Epoch: [12]  [660/759]  eta: 0:00:11  lr: 0.000010  loss: 0.0233 (0.0245)  mae_m_mask: 0.2362 (0.2416)  rmse_m_mask: 0.3493 (0.3555)  normalized_mse_mask: 0.0233 (0.0245)  rmse_m_all: 5.5519 (7.4293)  actual_mask_ratio: 0.0731 (0.0718)  actual_prediction_mask_ratio: 0.2433 (0.2353)  ignored_patch_ratio: 0.0000 (0.0021)  time: 0.1165  data: 0.0001  max mem: 1904
[17:11:31.787795] Epoch: [12]  [680/759]  eta: 0:00:09  lr: 0.000010  loss: 0.0146 (0.0245)  mae_m_mask: 0.1974 (0.2406)  rmse_m_mask: 0.2818 (0.3542)  normalized_mse_mask: 0.0146 (0.0245)  rmse_m_all: 6.8198 (7.4070)  actual_mask_ratio: 0.0731 (0.0718)  actual_prediction_mask_ratio: 0.2353 (0.2354)  ignored_patch_ratio: 0.0000 (0.0021)  time: 0.1165  data: 0.0001  max mem: 1904
[17:11:34.112469] Epoch: [12]  [700/759]  eta: 0:00:06  lr: 0.000010  loss: 0.0179 (0.0246)  mae_m_mask: 0.2308 (0.2409)  rmse_m_mask: 0.3385 (0.3548)  normalized_mse_mask: 0.0179 (0.0246)  rmse_m_all: 6.5066 (7.4171)  actual_mask_ratio: 0.0711 (0.0718)  actual_prediction_mask_ratio: 0.2341 (0.2354)  ignored_patch_ratio: 0.0000 (0.0021)  time: 0.1162  data: 0.0001  max mem: 1904
[17:11:36.445359] Epoch: [12]  [720/759]  eta: 0:00:04  lr: 0.000010  loss: 0.0154 (0.0245)  mae_m_mask: 0.2115 (0.2404)  rmse_m_mask: 0.2766 (0.3542)  normalized_mse_mask: 0.0154 (0.0245)  rmse_m_all: 5.0284 (7.3898)  actual_mask_ratio: 0.0731 (0.0718)  actual_prediction_mask_ratio: 0.2390 (0.2353)  ignored_patch_ratio: 0.0000 (0.0022)  time: 0.1166  data: 0.0001  max mem: 1904
[17:11:38.775527] Epoch: [12]  [740/759]  eta: 0:00:02  lr: 0.000010  loss: 0.0123 (0.0244)  mae_m_mask: 0.2271 (0.2406)  rmse_m_mask: 0.3132 (0.3545)  normalized_mse_mask: 0.0123 (0.0244)  rmse_m_all: 7.4030 (7.3825)  actual_mask_ratio: 0.0709 (0.0718)  actual_prediction_mask_ratio: 0.2330 (0.2354)  ignored_patch_ratio: 0.0000 (0.0022)  time: 0.1165  data: 0.0001  max mem: 1904
[17:11:40.867782] Epoch: [12]  [758/759]  eta: 0:00:00  lr: 0.000010  loss: 0.0139 (0.0243)  mae_m_mask: 0.2270 (0.2404)  rmse_m_mask: 0.3159 (0.3545)  normalized_mse_mask: 0.0139 (0.0243)  rmse_m_all: 8.1022 (7.4016)  actual_mask_ratio: 0.0702 (0.0717)  actual_prediction_mask_ratio: 0.2307 (0.2352)  ignored_patch_ratio: 0.0000 (0.0022)  time: 0.1163  data: 0.0001  max mem: 1904
[17:11:40.933549] Epoch: [12] Total time: 0:01:27 (0.1147 s / it)
[17:11:40.936681] Averaged stats: {'lr': 9.7372799238201e-06, 'loss': 0.024097279745815443, 'mae_m_mask': 0.2390092308607219, 'rmse_m_mask': 0.3781879098604427, 'normalized_mse_mask': 0.024097279745815443, 'rmse_m_all': 7.4015758712929385, 'actual_mask_ratio': 0.07173948848867918, 'actual_prediction_mask_ratio': 0.23519863162744345, 'ignored_patch_ratio': 0.002177197471437718, 'supervised_pixel_count': 14695888.0}
[17:11:41.107472] Val: [12]  [  0/533]  eta: 0:01:29  loss: 0.0109 (0.0109)  mae_m_mask: 1.0294 (1.0294)  rmse_m_mask: 1.2248 (1.2248)  normalized_mse_mask: 0.0109 (0.0109)  rmse_m_all: 13.8447 (13.8447)  actual_mask_ratio: 0.0787 (0.0787)  actual_prediction_mask_ratio: 0.2431 (0.2431)  ignored_patch_ratio: 0.0488 (0.0488)  time: 0.1682  data: 0.0811  max mem: 1904
[17:11:45.540794] Val: [12]  [ 50/533]  eta: 0:00:43  loss: 0.0018 (0.0039)  mae_m_mask: 0.7017 (0.7940)  rmse_m_mask: 0.8726 (0.9179)  normalized_mse_mask: 0.0018 (0.0039)  rmse_m_all: 13.2413 (14.0731)  actual_mask_ratio: 0.0694 (0.0693)  actual_prediction_mask_ratio: 0.2120 (0.2147)  ignored_patch_ratio: 0.0527 (0.0550)  time: 0.0884  data: 0.0001  max mem: 1904
[17:11:49.972107] Val: [12]  [100/533]  eta: 0:00:38  loss: 0.0004 (0.0024)  mae_m_mask: 0.5923 (0.7340)  rmse_m_mask: 0.7039 (0.8654)  normalized_mse_mask: 0.0004 (0.0024)  rmse_m_all: 17.8469 (15.6945)  actual_mask_ratio: 0.0645 (0.0686)  actual_prediction_mask_ratio: 0.2076 (0.2139)  ignored_patch_ratio: 0.0550 (0.0538)  time: 0.0869  data: 0.0001  max mem: 1904
[17:11:54.279014] Val: [12]  [150/533]  eta: 0:00:33  loss: 0.0006 (0.0019)  mae_m_mask: 0.4215 (0.6993)  rmse_m_mask: 0.5383 (0.8298)  normalized_mse_mask: 0.0006 (0.0019)  rmse_m_all: 11.3676 (15.6546)  actual_mask_ratio: 0.0707 (0.0688)  actual_prediction_mask_ratio: 0.2326 (0.2153)  ignored_patch_ratio: 0.0488 (0.0542)  time: 0.0855  data: 0.0001  max mem: 1904
[17:11:58.634423] Val: [12]  [200/533]  eta: 0:00:29  loss: 0.0010 (0.0018)  mae_m_mask: 0.6859 (0.6808)  rmse_m_mask: 0.7503 (0.8083)  normalized_mse_mask: 0.0010 (0.0018)  rmse_m_all: 14.0567 (15.1327)  actual_mask_ratio: 0.0760 (0.0695)  actual_prediction_mask_ratio: 0.2427 (0.2204)  ignored_patch_ratio: 0.0000 (0.0447)  time: 0.0872  data: 0.0001  max mem: 1904
[17:12:03.019620] Val: [12]  [250/533]  eta: 0:00:24  loss: 0.0011 (0.0017)  mae_m_mask: 0.9795 (0.7433)  rmse_m_mask: 1.1607 (0.8764)  normalized_mse_mask: 0.0011 (0.0017)  rmse_m_all: 14.6861 (15.4961)  actual_mask_ratio: 0.0725 (0.0702)  actual_prediction_mask_ratio: 0.2314 (0.2225)  ignored_patch_ratio: 0.0306 (0.0393)  time: 0.0869  data: 0.0001  max mem: 1904
[17:12:07.436967] Val: [12]  [300/533]  eta: 0:00:20  loss: 0.0004 (0.0017)  mae_m_mask: 0.7099 (0.8050)  rmse_m_mask: 0.8781 (0.9436)  normalized_mse_mask: 0.0004 (0.0017)  rmse_m_all: 23.4145 (16.5782)  actual_mask_ratio: 0.0700 (0.0704)  actual_prediction_mask_ratio: 0.2121 (0.2229)  ignored_patch_ratio: 0.0516 (0.0394)  time: 0.0893  data: 0.0001  max mem: 1904
[17:12:11.918440] Val: [12]  [350/533]  eta: 0:00:16  loss: 0.0007 (0.0016)  mae_m_mask: 0.7696 (0.7982)  rmse_m_mask: 0.9364 (0.9367)  normalized_mse_mask: 0.0007 (0.0016)  rmse_m_all: 19.6563 (16.7782)  actual_mask_ratio: 0.0698 (0.0705)  actual_prediction_mask_ratio: 0.2170 (0.2230)  ignored_patch_ratio: 0.0391 (0.0384)  time: 0.0907  data: 0.0001  max mem: 1904
[17:12:16.311919] Val: [12]  [400/533]  eta: 0:00:11  loss: 0.0009 (0.0015)  mae_m_mask: 0.7740 (0.8278)  rmse_m_mask: 0.9195 (0.9686)  normalized_mse_mask: 0.0009 (0.0015)  rmse_m_all: 18.9347 (17.1597)  actual_mask_ratio: 0.0683 (0.0702)  actual_prediction_mask_ratio: 0.2164 (0.2218)  ignored_patch_ratio: 0.0476 (0.0400)  time: 0.0872  data: 0.0001  max mem: 1904
[17:12:20.633351] Val: [12]  [450/533]  eta: 0:00:07  loss: 0.0012 (0.0017)  mae_m_mask: 1.0017 (0.8618)  rmse_m_mask: 1.2708 (1.0103)  normalized_mse_mask: 0.0012 (0.0017)  rmse_m_all: 17.0279 (17.1738)  actual_mask_ratio: 0.0670 (0.0702)  actual_prediction_mask_ratio: 0.2143 (0.2217)  ignored_patch_ratio: 0.0612 (0.0412)  time: 0.0859  data: 0.0001  max mem: 1904
[17:12:25.014596] Val: [12]  [500/533]  eta: 0:00:02  loss: 0.0003 (0.0016)  mae_m_mask: 0.5808 (0.8468)  rmse_m_mask: 0.7085 (0.9935)  normalized_mse_mask: 0.0003 (0.0016)  rmse_m_all: 16.4704 (17.2242)  actual_mask_ratio: 0.0673 (0.0700)  actual_prediction_mask_ratio: 0.2116 (0.2212)  ignored_patch_ratio: 0.0573 (0.0425)  time: 0.0889  data: 0.0001  max mem: 1904
[17:12:27.764740] Val: [12]  [532/533]  eta: 0:00:00  loss: 0.0008 (0.0017)  mae_m_mask: 0.7361 (0.8434)  rmse_m_mask: 0.9206 (0.9895)  normalized_mse_mask: 0.0008 (0.0017)  rmse_m_all: 17.8651 (17.2788)  actual_mask_ratio: 0.0666 (0.0699)  actual_prediction_mask_ratio: 0.2121 (0.2208)  ignored_patch_ratio: 0.0550 (0.0432)  time: 0.0857  data: 0.0001  max mem: 1904
[17:12:27.785068] Val: [12] Total time: 0:00:46 (0.0879 s / it)
[17:12:27.789694] val stats: {'loss': 0.0016303650104628694, 'mae_m_mask': 0.8236066341489223, 'rmse_m_mask': 1.1007576058451798, 'normalized_mse_mask': 0.0016303650104628694, 'rmse_m_all': 17.278770034800775, 'actual_mask_ratio': 0.06990061117437499, 'actual_prediction_mask_ratio': 0.22084709342156744, 'ignored_patch_ratio': 0.04319662906886489, 'supervised_pixel_count': 11054205.0}
[17:12:31.801756] log_dir: /tank/data/SFS/xinyis/data/bathymetry/MAE-Topography/Downstream_Task_Bathy/cross_validation_v5_Stage2NormMSE_MeterSelect/runs/holdout_CA_D004Stage2NormMSE_MeterSelect_D001NoDataSafe/train_stage2_normMSE_meterSelect_CA_KlamathRiver_TopoBathy_2018_D18_fromStage1Best_e120_lr1e-5_b4_acc4/tb
[17:12:32.004566] Epoch: [13]  [  0/759]  eta: 0:02:33  lr: 0.000010  loss: 0.0225 (0.0225)  mae_m_mask: 0.1382 (0.1382)  rmse_m_mask: 0.2028 (0.2028)  normalized_mse_mask: 0.0225 (0.0225)  rmse_m_all: 7.7447 (7.7447)  actual_mask_ratio: 0.0737 (0.0737)  actual_prediction_mask_ratio: 0.2449 (0.2449)  ignored_patch_ratio: 0.0000 (0.0000)  time: 0.2022  data: 0.0826  max mem: 1904
[17:12:34.317909] Epoch: [13]  [ 20/759]  eta: 0:01:28  lr: 0.000010  loss: 0.0121 (0.0223)  mae_m_mask: 0.2274 (0.2232)  rmse_m_mask: 0.3178 (0.3150)  normalized_mse_mask: 0.0121 (0.0223)  rmse_m_all: 7.1139 (8.1182)  actual_mask_ratio: 0.0703 (0.0704)  actual_prediction_mask_ratio: 0.2313 (0.2331)  ignored_patch_ratio: 0.0000 (0.0034)  time: 0.1156  data: 0.0001  max mem: 1904
[17:12:36.601814] Epoch: [13]  [ 40/759]  eta: 0:01:24  lr: 0.000010  loss: 0.0121 (0.0233)  mae_m_mask: 0.2274 (0.2492)  rmse_m_mask: 0.3383 (0.3635)  normalized_mse_mask: 0.0121 (0.0233)  rmse_m_all: 6.1671 (7.6992)  actual_mask_ratio: 0.0692 (0.0709)  actual_prediction_mask_ratio: 0.2302 (0.2339)  ignored_patch_ratio: 0.0000 (0.0029)  time: 0.1142  data: 0.0001  max mem: 1904
[17:12:38.901887] Epoch: [13]  [ 60/759]  eta: 0:01:21  lr: 0.000010  loss: 0.0235 (0.0262)  mae_m_mask: 0.2236 (0.2436)  rmse_m_mask: 0.3303 (0.3569)  normalized_mse_mask: 0.0235 (0.0262)  rmse_m_all: 6.6255 (7.3015)  actual_mask_ratio: 0.0697 (0.0707)  actual_prediction_mask_ratio: 0.2285 (0.2324)  ignored_patch_ratio: 0.0000 (0.0050)  time: 0.1150  data: 0.0001  max mem: 1904
[17:12:41.212428] Epoch: [13]  [ 80/759]  eta: 0:01:18  lr: 0.000010  loss: 0.0084 (0.0274)  mae_m_mask: 0.2227 (0.2462)  rmse_m_mask: 0.3293 (0.3574)  normalized_mse_mask: 0.0084 (0.0274)  rmse_m_all: 7.1119 (7.4811)  actual_mask_ratio: 0.0731 (0.0713)  actual_prediction_mask_ratio: 0.2421 (0.2344)  ignored_patch_ratio: 0.0000 (0.0040)  time: 0.1155  data: 0.0001  max mem: 1904
[17:12:43.510909] Epoch: [13]  [100/759]  eta: 0:01:16  lr: 0.000010  loss: 0.0155 (0.0264)  mae_m_mask: 0.2411 (0.2463)  rmse_m_mask: 0.3220 (0.3584)  normalized_mse_mask: 0.0155 (0.0264)  rmse_m_all: 6.3472 (7.4024)  actual_mask_ratio: 0.0720 (0.0713)  actual_prediction_mask_ratio: 0.2285 (0.2338)  ignored_patch_ratio: 0.0000 (0.0040)  time: 0.1149  data: 0.0001  max mem: 1904
[17:12:45.826227] Epoch: [13]  [120/759]  eta: 0:01:14  lr: 0.000010  loss: 0.0108 (0.0257)  mae_m_mask: 0.2591 (0.2447)  rmse_m_mask: 0.3893 (0.3580)  normalized_mse_mask: 0.0108 (0.0257)  rmse_m_all: 8.4862 (7.5407)  actual_mask_ratio: 0.0703 (0.0711)  actual_prediction_mask_ratio: 0.2290 (0.2332)  ignored_patch_ratio: 0.0000 (0.0034)  time: 0.1157  data: 0.0001  max mem: 1904
[17:12:48.150480] Epoch: [13]  [140/759]  eta: 0:01:11  lr: 0.000010  loss: 0.0199 (0.0260)  mae_m_mask: 0.2524 (0.2471)  rmse_m_mask: 0.3574 (0.3602)  normalized_mse_mask: 0.0199 (0.0260)  rmse_m_all: 6.5588 (7.5689)  actual_mask_ratio: 0.0720 (0.0711)  actual_prediction_mask_ratio: 0.2319 (0.2333)  ignored_patch_ratio: 0.0000 (0.0031)  time: 0.1162  data: 0.0001  max mem: 1904
[17:12:50.450739] Epoch: [13]  [160/759]  eta: 0:01:09  lr: 0.000010  loss: 0.0151 (0.0264)  mae_m_mask: 0.2242 (0.2479)  rmse_m_mask: 0.3745 (0.3632)  normalized_mse_mask: 0.0151 (0.0264)  rmse_m_all: 5.6878 (7.4626)  actual_mask_ratio: 0.0697 (0.0711)  actual_prediction_mask_ratio: 0.2364 (0.2340)  ignored_patch_ratio: 0.0000 (0.0029)  time: 0.1150  data: 0.0001  max mem: 1904
[17:12:52.769688] Epoch: [13]  [180/759]  eta: 0:01:07  lr: 0.000010  loss: 0.0134 (0.0273)  mae_m_mask: 0.2278 (0.2456)  rmse_m_mask: 0.3309 (0.3598)  normalized_mse_mask: 0.0134 (0.0273)  rmse_m_all: 6.6523 (7.3683)  actual_mask_ratio: 0.0737 (0.0714)  actual_prediction_mask_ratio: 0.2426 (0.2352)  ignored_patch_ratio: 0.0000 (0.0027)  time: 0.1159  data: 0.0001  max mem: 1904
[17:12:55.081064] Epoch: [13]  [200/759]  eta: 0:01:04  lr: 0.000010  loss: 0.0123 (0.0269)  mae_m_mask: 0.2944 (0.2509)  rmse_m_mask: 0.4004 (0.3674)  normalized_mse_mask: 0.0123 (0.0269)  rmse_m_all: 7.3475 (7.4223)  actual_mask_ratio: 0.0733 (0.0715)  actual_prediction_mask_ratio: 0.2381 (0.2351)  ignored_patch_ratio: 0.0000 (0.0024)  time: 0.1155  data: 0.0001  max mem: 1904
[17:12:57.388926] Epoch: [13]  [220/759]  eta: 0:01:02  lr: 0.000010  loss: 0.0122 (0.0267)  mae_m_mask: 0.2416 (0.2518)  rmse_m_mask: 0.3669 (0.3695)  normalized_mse_mask: 0.0122 (0.0267)  rmse_m_all: 8.0550 (7.4493)  actual_mask_ratio: 0.0703 (0.0715)  actual_prediction_mask_ratio: 0.2370 (0.2355)  ignored_patch_ratio: 0.0000 (0.0022)  time: 0.1154  data: 0.0001  max mem: 1904
[17:12:59.566801] Epoch: [13]  [240/759]  eta: 0:00:59  lr: 0.000010  loss: 0.0088 (0.0258)  mae_m_mask: 0.2340 (0.2521)  rmse_m_mask: 0.3465 (0.3688)  normalized_mse_mask: 0.0088 (0.0258)  rmse_m_all: 7.3679 (7.4393)  actual_mask_ratio: 0.0726 (0.0715)  actual_prediction_mask_ratio: 0.2319 (0.2352)  ignored_patch_ratio: 0.0000 (0.0022)  time: 0.1089  data: 0.0001  max mem: 1904
[17:13:01.763974] Epoch: [13]  [260/759]  eta: 0:00:57  lr: 0.000010  loss: 0.0242 (0.0266)  mae_m_mask: 0.2370 (0.2546)  rmse_m_mask: 0.3465 (0.3718)  normalized_mse_mask: 0.0242 (0.0266)  rmse_m_all: 8.2478 (7.4662)  actual_mask_ratio: 0.0743 (0.0716)  actual_prediction_mask_ratio: 0.2381 (0.2354)  ignored_patch_ratio: 0.0000 (0.0022)  time: 0.1098  data: 0.0001  max mem: 1904
[17:13:04.004082] Epoch: [13]  [280/759]  eta: 0:00:54  lr: 0.000010  loss: 0.0166 (0.0259)  mae_m_mask: 0.2108 (0.2522)  rmse_m_mask: 0.3176 (0.3681)  normalized_mse_mask: 0.0166 (0.0259)  rmse_m_all: 6.9274 (7.4683)  actual_mask_ratio: 0.0680 (0.0715)  actual_prediction_mask_ratio: 0.2230 (0.2349)  ignored_patch_ratio: 0.0000 (0.0021)  time: 0.1120  data: 0.0001  max mem: 1904
[17:13:06.227902] Epoch: [13]  [300/759]  eta: 0:00:52  lr: 0.000010  loss: 0.0173 (0.0258)  mae_m_mask: 0.2147 (0.2501)  rmse_m_mask: 0.2919 (0.3659)  normalized_mse_mask: 0.0173 (0.0258)  rmse_m_all: 7.6896 (7.4352)  actual_mask_ratio: 0.0737 (0.0716)  actual_prediction_mask_ratio: 0.2432 (0.2352)  ignored_patch_ratio: 0.0000 (0.0021)  time: 0.1112  data: 0.0001  max mem: 1904
[17:13:08.488519] Epoch: [13]  [320/759]  eta: 0:00:50  lr: 0.000010  loss: 0.0129 (0.0252)  mae_m_mask: 0.2145 (0.2508)  rmse_m_mask: 0.3115 (0.3680)  normalized_mse_mask: 0.0129 (0.0252)  rmse_m_all: 5.9255 (7.4017)  actual_mask_ratio: 0.0697 (0.0714)  actual_prediction_mask_ratio: 0.2290 (0.2348)  ignored_patch_ratio: 0.0000 (0.0022)  time: 0.1130  data: 0.0001  max mem: 1904
[17:13:10.730792] Epoch: [13]  [340/759]  eta: 0:00:47  lr: 0.000010  loss: 0.0128 (0.0247)  mae_m_mask: 0.2405 (0.2505)  rmse_m_mask: 0.3434 (0.3670)  normalized_mse_mask: 0.0128 (0.0247)  rmse_m_all: 5.2887 (7.3256)  actual_mask_ratio: 0.0703 (0.0714)  actual_prediction_mask_ratio: 0.2319 (0.2348)  ignored_patch_ratio: 0.0000 (0.0022)  time: 0.1121  data: 0.0001  max mem: 1904
[17:13:12.970974] Epoch: [13]  [360/759]  eta: 0:00:45  lr: 0.000010  loss: 0.0121 (0.0249)  mae_m_mask: 0.2199 (0.2486)  rmse_m_mask: 0.3033 (0.3645)  normalized_mse_mask: 0.0121 (0.0249)  rmse_m_all: 6.3650 (7.2755)  actual_mask_ratio: 0.0703 (0.0713)  actual_prediction_mask_ratio: 0.2313 (0.2345)  ignored_patch_ratio: 0.0000 (0.0023)  time: 0.1120  data: 0.0001  max mem: 1904
[17:13:15.239370] Epoch: [13]  [380/759]  eta: 0:00:43  lr: 0.000010  loss: 0.0113 (0.0244)  mae_m_mask: 0.2213 (0.2478)  rmse_m_mask: 0.3278 (0.3633)  normalized_mse_mask: 0.0113 (0.0244)  rmse_m_all: 7.1202 (7.3150)  actual_mask_ratio: 0.0731 (0.0714)  actual_prediction_mask_ratio: 0.2370 (0.2346)  ignored_patch_ratio: 0.0000 (0.0022)  time: 0.1134  data: 0.0001  max mem: 1904
[17:13:17.524333] Epoch: [13]  [400/759]  eta: 0:00:40  lr: 0.000010  loss: 0.0156 (0.0243)  mae_m_mask: 0.2175 (0.2477)  rmse_m_mask: 0.3161 (0.3633)  normalized_mse_mask: 0.0156 (0.0243)  rmse_m_all: 8.5143 (7.3011)  actual_mask_ratio: 0.0703 (0.0714)  actual_prediction_mask_ratio: 0.2256 (0.2343)  ignored_patch_ratio: 0.0000 (0.0022)  time: 0.1102  data: 0.0001  max mem: 1904
[17:13:19.651045] Epoch: [13]  [420/759]  eta: 0:00:38  lr: 0.000010  loss: 0.0169 (0.0246)  mae_m_mask: 0.2465 (0.2475)  rmse_m_mask: 0.3530 (0.3631)  normalized_mse_mask: 0.0169 (0.0246)  rmse_m_all: 7.0325 (7.2744)  actual_mask_ratio: 0.0754 (0.0715)  actual_prediction_mask_ratio: 0.2438 (0.2345)  ignored_patch_ratio: 0.0000 (0.0022)  time: 0.1063  data: 0.0001  max mem: 1904
[17:13:21.839306] Epoch: [13]  [440/759]  eta: 0:00:36  lr: 0.000010  loss: 0.0089 (0.0243)  mae_m_mask: 0.1647 (0.2455)  rmse_m_mask: 0.2458 (0.3602)  normalized_mse_mask: 0.0089 (0.0243)  rmse_m_all: 7.4697 (7.2891)  actual_mask_ratio: 0.0743 (0.0716)  actual_prediction_mask_ratio: 0.2392 (0.2349)  ignored_patch_ratio: 0.0000 (0.0021)  time: 0.1094  data: 0.0001  max mem: 1904
[17:13:24.023962] Epoch: [13]  [460/759]  eta: 0:00:33  lr: 0.000010  loss: 0.0212 (0.0244)  mae_m_mask: 0.1877 (0.2441)  rmse_m_mask: 0.2718 (0.3581)  normalized_mse_mask: 0.0212 (0.0244)  rmse_m_all: 8.3619 (7.3345)  actual_mask_ratio: 0.0692 (0.0715)  actual_prediction_mask_ratio: 0.2262 (0.2347)  ignored_patch_ratio: 0.0000 (0.0020)  time: 0.1092  data: 0.0001  max mem: 1904
[17:13:26.275800] Epoch: [13]  [480/759]  eta: 0:00:31  lr: 0.000010  loss: 0.0199 (0.0244)  mae_m_mask: 0.2710 (0.2452)  rmse_m_mask: 0.4194 (0.3607)  normalized_mse_mask: 0.0199 (0.0244)  rmse_m_all: 6.3123 (7.3414)  actual_mask_ratio: 0.0720 (0.0716)  actual_prediction_mask_ratio: 0.2309 (0.2346)  ignored_patch_ratio: 0.0000 (0.0020)  time: 0.1126  data: 0.0333  max mem: 1904
[17:13:28.791840] Epoch: [13]  [500/759]  eta: 0:00:29  lr: 0.000010  loss: 0.0176 (0.0245)  mae_m_mask: 0.2082 (0.2446)  rmse_m_mask: 0.2946 (0.3602)  normalized_mse_mask: 0.0176 (0.0245)  rmse_m_all: 4.5788 (7.3340)  actual_mask_ratio: 0.0726 (0.0715)  actual_prediction_mask_ratio: 0.2370 (0.2344)  ignored_patch_ratio: 0.0000 (0.0020)  time: 0.1258  data: 0.0134  max mem: 1904
[17:13:31.016779] Epoch: [13]  [520/759]  eta: 0:00:27  lr: 0.000010  loss: 0.0184 (0.0245)  mae_m_mask: 0.2293 (0.2448)  rmse_m_mask: 0.3411 (0.3605)  normalized_mse_mask: 0.0184 (0.0245)  rmse_m_all: 5.9517 (7.3052)  actual_mask_ratio: 0.0703 (0.0715)  actual_prediction_mask_ratio: 0.2251 (0.2344)  ignored_patch_ratio: 0.0000 (0.0020)  time: 0.1112  data: 0.0001  max mem: 1904
[17:13:33.013277] Epoch: [13]  [540/759]  eta: 0:00:24  lr: 0.000010  loss: 0.0151 (0.0243)  mae_m_mask: 0.1802 (0.2437)  rmse_m_mask: 0.2541 (0.3588)  normalized_mse_mask: 0.0151 (0.0243)  rmse_m_all: 6.9787 (7.2785)  actual_mask_ratio: 0.0720 (0.0716)  actual_prediction_mask_ratio: 0.2347 (0.2344)  ignored_patch_ratio: 0.0000 (0.0020)  time: 0.0998  data: 0.0001  max mem: 1904
[17:13:35.630996] Epoch: [13]  [560/759]  eta: 0:00:22  lr: 0.000010  loss: 0.0126 (0.0241)  mae_m_mask: 0.2169 (0.2430)  rmse_m_mask: 0.3078 (0.3580)  normalized_mse_mask: 0.0126 (0.0241)  rmse_m_all: 7.9576 (7.2860)  actual_mask_ratio: 0.0743 (0.0716)  actual_prediction_mask_ratio: 0.2392 (0.2346)  ignored_patch_ratio: 0.0000 (0.0020)  time: 0.1308  data: 0.0495  max mem: 1904
[17:13:37.384849] Epoch: [13]  [580/759]  eta: 0:00:20  lr: 0.000010  loss: 0.0106 (0.0241)  mae_m_mask: 0.2054 (0.2427)  rmse_m_mask: 0.2737 (0.3577)  normalized_mse_mask: 0.0106 (0.0241)  rmse_m_all: 5.5041 (7.2890)  actual_mask_ratio: 0.0748 (0.0717)  actual_prediction_mask_ratio: 0.2401 (0.2348)  ignored_patch_ratio: 0.0000 (0.0020)  time: 0.0877  data: 0.0001  max mem: 1904
[17:13:39.668104] Epoch: [13]  [600/759]  eta: 0:00:17  lr: 0.000010  loss: 0.0142 (0.0239)  mae_m_mask: 0.2635 (0.2435)  rmse_m_mask: 0.3756 (0.3587)  normalized_mse_mask: 0.0142 (0.0239)  rmse_m_all: 7.1339 (7.3321)  actual_mask_ratio: 0.0731 (0.0718)  actual_prediction_mask_ratio: 0.2341 (0.2350)  ignored_patch_ratio: 0.0000 (0.0020)  time: 0.1141  data: 0.0001  max mem: 1904
[17:13:41.993140] Epoch: [13]  [620/759]  eta: 0:00:15  lr: 0.000010  loss: 0.0103 (0.0238)  mae_m_mask: 0.2400 (0.2434)  rmse_m_mask: 0.3431 (0.3583)  normalized_mse_mask: 0.0103 (0.0238)  rmse_m_all: 7.2818 (7.3466)  actual_mask_ratio: 0.0697 (0.0717)  actual_prediction_mask_ratio: 0.2324 (0.2348)  ignored_patch_ratio: 0.0000 (0.0021)  time: 0.1162  data: 0.0001  max mem: 1904
[17:13:44.278202] Epoch: [13]  [640/759]  eta: 0:00:13  lr: 0.000010  loss: 0.0198 (0.0237)  mae_m_mask: 0.2556 (0.2444)  rmse_m_mask: 0.3974 (0.3601)  normalized_mse_mask: 0.0198 (0.0237)  rmse_m_all: 8.3413 (7.3713)  actual_mask_ratio: 0.0731 (0.0718)  actual_prediction_mask_ratio: 0.2358 (0.2349)  ignored_patch_ratio: 0.0000 (0.0021)  time: 0.1142  data: 0.0001  max mem: 1904
[17:13:46.597715] Epoch: [13]  [660/759]  eta: 0:00:11  lr: 0.000010  loss: 0.0121 (0.0237)  mae_m_mask: 0.2299 (0.2447)  rmse_m_mask: 0.3412 (0.3600)  normalized_mse_mask: 0.0121 (0.0237)  rmse_m_all: 8.5006 (7.4244)  actual_mask_ratio: 0.0652 (0.0717)  actual_prediction_mask_ratio: 0.2392 (0.2348)  ignored_patch_ratio: 0.0000 (0.0021)  time: 0.1159  data: 0.0001  max mem: 1904
[17:13:48.925638] Epoch: [13]  [680/759]  eta: 0:00:08  lr: 0.000010  loss: 0.0109 (0.0243)  mae_m_mask: 0.2345 (0.2446)  rmse_m_mask: 0.3591 (0.3602)  normalized_mse_mask: 0.0109 (0.0243)  rmse_m_all: 7.2157 (7.4082)  actual_mask_ratio: 0.0726 (0.0717)  actual_prediction_mask_ratio: 0.2347 (0.2349)  ignored_patch_ratio: 0.0000 (0.0022)  time: 0.1164  data: 0.0001  max mem: 1904
[17:13:51.255284] Epoch: [13]  [700/759]  eta: 0:00:06  lr: 0.000010  loss: 0.0116 (0.0242)  mae_m_mask: 0.2028 (0.2438)  rmse_m_mask: 0.2969 (0.3587)  normalized_mse_mask: 0.0116 (0.0242)  rmse_m_all: 6.0529 (7.3898)  actual_mask_ratio: 0.0760 (0.0718)  actual_prediction_mask_ratio: 0.2455 (0.2351)  ignored_patch_ratio: 0.0000 (0.0021)  time: 0.1164  data: 0.0001  max mem: 1904
[17:13:53.585986] Epoch: [13]  [720/759]  eta: 0:00:04  lr: 0.000010  loss: 0.0144 (0.0241)  mae_m_mask: 0.2068 (0.2435)  rmse_m_mask: 0.2940 (0.3584)  normalized_mse_mask: 0.0144 (0.0241)  rmse_m_all: 7.1481 (7.4031)  actual_mask_ratio: 0.0714 (0.0718)  actual_prediction_mask_ratio: 0.2364 (0.2352)  ignored_patch_ratio: 0.0000 (0.0021)  time: 0.1165  data: 0.0001  max mem: 1904
[17:13:55.921245] Epoch: [13]  [740/759]  eta: 0:00:02  lr: 0.000010  loss: 0.0236 (0.0242)  mae_m_mask: 0.2081 (0.2432)  rmse_m_mask: 0.3147 (0.3582)  normalized_mse_mask: 0.0236 (0.0242)  rmse_m_all: 6.5016 (7.4149)  actual_mask_ratio: 0.0726 (0.0718)  actual_prediction_mask_ratio: 0.2364 (0.2351)  ignored_patch_ratio: 0.0000 (0.0022)  time: 0.1167  data: 0.0001  max mem: 1904
[17:13:58.018994] Epoch: [13]  [758/759]  eta: 0:00:00  lr: 0.000010  loss: 0.0184 (0.0242)  mae_m_mask: 0.1852 (0.2424)  rmse_m_mask: 0.2673 (0.3571)  normalized_mse_mask: 0.0184 (0.0242)  rmse_m_all: 5.2696 (7.3731)  actual_mask_ratio: 0.0697 (0.0717)  actual_prediction_mask_ratio: 0.2324 (0.2352)  ignored_patch_ratio: 0.0000 (0.0022)  time: 0.1164  data: 0.0001  max mem: 1904
[17:13:58.132442] Epoch: [13] Total time: 0:01:26 (0.1137 s / it)
[17:13:58.134303] Averaged stats: {'lr': 9.694032549335727e-06, 'loss': 0.02381946393891064, 'mae_m_mask': 0.24055614881097154, 'rmse_m_mask': 0.37918144035454515, 'normalized_mse_mask': 0.02381946393891064, 'rmse_m_all': 7.373069332286774, 'actual_mask_ratio': 0.07173343826384726, 'actual_prediction_mask_ratio': 0.23515895093461114, 'ignored_patch_ratio': 0.002177197471437718, 'supervised_pixel_count': 14701463.0}
[17:13:58.296959] Val: [13]  [  0/533]  eta: 0:01:25  loss: 0.0106 (0.0106)  mae_m_mask: 1.0222 (1.0222)  rmse_m_mask: 1.2124 (1.2124)  normalized_mse_mask: 0.0106 (0.0106)  rmse_m_all: 13.8491 (13.8491)  actual_mask_ratio: 0.0787 (0.0787)  actual_prediction_mask_ratio: 0.2431 (0.2431)  ignored_patch_ratio: 0.0488 (0.0488)  time: 0.1601  data: 0.0757  max mem: 1904
[17:14:02.708535] Val: [13]  [ 50/533]  eta: 0:00:43  loss: 0.0019 (0.0039)  mae_m_mask: 0.6857 (0.7900)  rmse_m_mask: 0.8440 (0.9122)  normalized_mse_mask: 0.0019 (0.0039)  rmse_m_all: 13.2384 (14.0798)  actual_mask_ratio: 0.0694 (0.0693)  actual_prediction_mask_ratio: 0.2120 (0.2147)  ignored_patch_ratio: 0.0527 (0.0550)  time: 0.0895  data: 0.0001  max mem: 1904
[17:14:07.162707] Val: [13]  [100/533]  eta: 0:00:38  loss: 0.0004 (0.0023)  mae_m_mask: 0.5912 (0.7289)  rmse_m_mask: 0.6941 (0.8584)  normalized_mse_mask: 0.0004 (0.0023)  rmse_m_all: 17.8589 (15.7006)  actual_mask_ratio: 0.0645 (0.0686)  actual_prediction_mask_ratio: 0.2076 (0.2139)  ignored_patch_ratio: 0.0550 (0.0538)  time: 0.0892  data: 0.0001  max mem: 1904
[17:14:11.556252] Val: [13]  [150/533]  eta: 0:00:34  loss: 0.0007 (0.0019)  mae_m_mask: 0.4135 (0.6952)  rmse_m_mask: 0.5527 (0.8246)  normalized_mse_mask: 0.0007 (0.0019)  rmse_m_all: 11.3730 (15.6613)  actual_mask_ratio: 0.0707 (0.0688)  actual_prediction_mask_ratio: 0.2326 (0.2153)  ignored_patch_ratio: 0.0488 (0.0542)  time: 0.0870  data: 0.0001  max mem: 1904
[17:14:15.948732] Val: [13]  [200/533]  eta: 0:00:29  loss: 0.0010 (0.0018)  mae_m_mask: 0.6824 (0.6792)  rmse_m_mask: 0.7515 (0.8062)  normalized_mse_mask: 0.0010 (0.0018)  rmse_m_all: 14.0767 (15.1384)  actual_mask_ratio: 0.0760 (0.0695)  actual_prediction_mask_ratio: 0.2427 (0.2204)  ignored_patch_ratio: 0.0000 (0.0447)  time: 0.0883  data: 0.0001  max mem: 1904
[17:14:20.340024] Val: [13]  [250/533]  eta: 0:00:25  loss: 0.0011 (0.0017)  mae_m_mask: 1.0040 (0.7429)  rmse_m_mask: 1.1371 (0.8759)  normalized_mse_mask: 0.0011 (0.0017)  rmse_m_all: 14.6783 (15.5017)  actual_mask_ratio: 0.0725 (0.0702)  actual_prediction_mask_ratio: 0.2314 (0.2225)  ignored_patch_ratio: 0.0306 (0.0393)  time: 0.0877  data: 0.0001  max mem: 1904
[17:14:24.843197] Val: [13]  [300/533]  eta: 0:00:20  loss: 0.0004 (0.0017)  mae_m_mask: 0.7614 (0.8054)  rmse_m_mask: 0.9312 (0.9440)  normalized_mse_mask: 0.0004 (0.0017)  rmse_m_all: 23.4538 (16.5850)  actual_mask_ratio: 0.0700 (0.0704)  actual_prediction_mask_ratio: 0.2121 (0.2229)  ignored_patch_ratio: 0.0516 (0.0394)  time: 0.0906  data: 0.0001  max mem: 1904
[17:14:29.315546] Val: [13]  [350/533]  eta: 0:00:16  loss: 0.0008 (0.0016)  mae_m_mask: 0.7749 (0.8010)  rmse_m_mask: 0.9116 (0.9394)  normalized_mse_mask: 0.0008 (0.0016)  rmse_m_all: 19.6735 (16.7856)  actual_mask_ratio: 0.0698 (0.0705)  actual_prediction_mask_ratio: 0.2170 (0.2230)  ignored_patch_ratio: 0.0391 (0.0384)  time: 0.0886  data: 0.0001  max mem: 1904
[17:14:33.776047] Val: [13]  [400/533]  eta: 0:00:11  loss: 0.0008 (0.0016)  mae_m_mask: 0.7365 (0.8283)  rmse_m_mask: 0.8820 (0.9693)  normalized_mse_mask: 0.0008 (0.0016)  rmse_m_all: 18.9184 (17.1666)  actual_mask_ratio: 0.0683 (0.0702)  actual_prediction_mask_ratio: 0.2164 (0.2218)  ignored_patch_ratio: 0.0476 (0.0400)  time: 0.0896  data: 0.0001  max mem: 1904
[17:14:38.159822] Val: [13]  [450/533]  eta: 0:00:07  loss: 0.0012 (0.0017)  mae_m_mask: 0.9798 (0.8622)  rmse_m_mask: 1.2516 (1.0105)  normalized_mse_mask: 0.0012 (0.0017)  rmse_m_all: 17.0287 (17.1808)  actual_mask_ratio: 0.0670 (0.0702)  actual_prediction_mask_ratio: 0.2143 (0.2217)  ignored_patch_ratio: 0.0612 (0.0412)  time: 0.0869  data: 0.0001  max mem: 1904
[17:14:42.550641] Val: [13]  [500/533]  eta: 0:00:02  loss: 0.0003 (0.0016)  mae_m_mask: 0.5811 (0.8473)  rmse_m_mask: 0.7447 (0.9939)  normalized_mse_mask: 0.0003 (0.0016)  rmse_m_all: 16.4669 (17.2307)  actual_mask_ratio: 0.0673 (0.0700)  actual_prediction_mask_ratio: 0.2116 (0.2212)  ignored_patch_ratio: 0.0573 (0.0425)  time: 0.0867  data: 0.0001  max mem: 1904
[17:14:45.328162] Val: [13]  [532/533]  eta: 0:00:00  loss: 0.0007 (0.0017)  mae_m_mask: 0.7170 (0.8440)  rmse_m_mask: 0.9226 (0.9900)  normalized_mse_mask: 0.0007 (0.0017)  rmse_m_all: 17.8917 (17.2857)  actual_mask_ratio: 0.0666 (0.0699)  actual_prediction_mask_ratio: 0.2121 (0.2208)  ignored_patch_ratio: 0.0550 (0.0432)  time: 0.0854  data: 0.0001  max mem: 1904
[17:14:45.454736] Val: [13] Total time: 0:00:47 (0.0888 s / it)
[17:14:45.455319] val stats: {'loss': 0.001637122441624976, 'mae_m_mask': 0.824995708271161, 'rmse_m_mask': 1.1017092978191732, 'normalized_mse_mask': 0.001637122441624976, 'rmse_m_all': 17.285706908796787, 'actual_mask_ratio': 0.06990061117437499, 'actual_prediction_mask_ratio': 0.22084709342156744, 'ignored_patch_ratio': 0.04319662906886489, 'supervised_pixel_count': 11054205.0}
[17:14:49.529632] log_dir: /tank/data/SFS/xinyis/data/bathymetry/MAE-Topography/Downstream_Task_Bathy/cross_validation_v5_Stage2NormMSE_MeterSelect/runs/holdout_CA_D004Stage2NormMSE_MeterSelect_D001NoDataSafe/train_stage2_normMSE_meterSelect_CA_KlamathRiver_TopoBathy_2018_D18_fromStage1Best_e120_lr1e-5_b4_acc4/tb
[17:14:49.716102] Epoch: [14]  [  0/759]  eta: 0:02:21  lr: 0.000010  loss: 0.0204 (0.0204)  mae_m_mask: 0.3448 (0.3448)  rmse_m_mask: 0.5080 (0.5080)  normalized_mse_mask: 0.0204 (0.0204)  rmse_m_all: 3.5985 (3.5985)  actual_mask_ratio: 0.0839 (0.0839)  actual_prediction_mask_ratio: 0.2534 (0.2534)  ignored_patch_ratio: 0.0000 (0.0000)  time: 0.1859  data: 0.0798  max mem: 1904
[17:14:52.025933] Epoch: [14]  [ 20/759]  eta: 0:01:27  lr: 0.000010  loss: 0.0146 (0.0238)  mae_m_mask: 0.1829 (0.2146)  rmse_m_mask: 0.2939 (0.3127)  normalized_mse_mask: 0.0146 (0.0238)  rmse_m_all: 6.2942 (7.3666)  actual_mask_ratio: 0.0754 (0.0744)  actual_prediction_mask_ratio: 0.2432 (0.2390)  ignored_patch_ratio: 0.0000 (0.0013)  time: 0.1155  data: 0.0001  max mem: 1904
[17:14:54.343953] Epoch: [14]  [ 40/759]  eta: 0:01:24  lr: 0.000010  loss: 0.0138 (0.0245)  mae_m_mask: 0.2412 (0.2200)  rmse_m_mask: 0.3163 (0.3184)  normalized_mse_mask: 0.0138 (0.0245)  rmse_m_all: 8.7670 (8.0859)  actual_mask_ratio: 0.0692 (0.0714)  actual_prediction_mask_ratio: 0.2273 (0.2349)  ignored_patch_ratio: 0.0000 (0.0017)  time: 0.1159  data: 0.0001  max mem: 1904
[17:14:56.637219] Epoch: [14]  [ 60/759]  eta: 0:01:21  lr: 0.000010  loss: 0.0080 (0.0206)  mae_m_mask: 0.2219 (0.2224)  rmse_m_mask: 0.3378 (0.3213)  normalized_mse_mask: 0.0080 (0.0206)  rmse_m_all: 6.6969 (7.9074)  actual_mask_ratio: 0.0698 (0.0717)  actual_prediction_mask_ratio: 0.2330 (0.2343)  ignored_patch_ratio: 0.0000 (0.0025)  time: 0.1146  data: 0.0001  max mem: 1904
[17:14:58.955095] Epoch: [14]  [ 80/759]  eta: 0:01:18  lr: 0.000010  loss: 0.0080 (0.0197)  mae_m_mask: 0.2443 (0.2258)  rmse_m_mask: 0.3359 (0.3280)  normalized_mse_mask: 0.0080 (0.0197)  rmse_m_all: 8.9828 (7.8823)  actual_mask_ratio: 0.0703 (0.0715)  actual_prediction_mask_ratio: 0.2336 (0.2334)  ignored_patch_ratio: 0.0000 (0.0031)  time: 0.1159  data: 0.0001  max mem: 1904
[17:15:01.240217] Epoch: [14]  [100/759]  eta: 0:01:16  lr: 0.000010  loss: 0.0193 (0.0205)  mae_m_mask: 0.1824 (0.2260)  rmse_m_mask: 0.2805 (0.3273)  normalized_mse_mask: 0.0193 (0.0205)  rmse_m_all: 4.2004 (7.3959)  actual_mask_ratio: 0.0726 (0.0720)  actual_prediction_mask_ratio: 0.2353 (0.2347)  ignored_patch_ratio: 0.0000 (0.0028)  time: 0.1142  data: 0.0001  max mem: 1904
[17:15:03.552048] Epoch: [14]  [120/759]  eta: 0:01:14  lr: 0.000010  loss: 0.0151 (0.0206)  mae_m_mask: 0.1970 (0.2268)  rmse_m_mask: 0.2833 (0.3296)  normalized_mse_mask: 0.0151 (0.0206)  rmse_m_all: 8.3020 (7.3933)  actual_mask_ratio: 0.0704 (0.0719)  actual_prediction_mask_ratio: 0.2324 (0.2341)  ignored_patch_ratio: 0.0000 (0.0027)  time: 0.1156  data: 0.0001  max mem: 1904
[17:15:05.854486] Epoch: [14]  [140/759]  eta: 0:01:11  lr: 0.000010  loss: 0.0121 (0.0212)  mae_m_mask: 0.1843 (0.2247)  rmse_m_mask: 0.2826 (0.3276)  normalized_mse_mask: 0.0121 (0.0212)  rmse_m_all: 4.9616 (7.1852)  actual_mask_ratio: 0.0737 (0.0722)  actual_prediction_mask_ratio: 0.2415 (0.2354)  ignored_patch_ratio: 0.0000 (0.0024)  time: 0.1151  data: 0.0001  max mem: 1904
[17:15:08.161100] Epoch: [14]  [160/759]  eta: 0:01:09  lr: 0.000010  loss: 0.0127 (0.0210)  mae_m_mask: 0.2125 (0.2249)  rmse_m_mask: 0.3064 (0.3272)  normalized_mse_mask: 0.0127 (0.0210)  rmse_m_all: 7.6640 (7.1943)  actual_mask_ratio: 0.0726 (0.0721)  actual_prediction_mask_ratio: 0.2364 (0.2351)  ignored_patch_ratio: 0.0000 (0.0025)  time: 0.1153  data: 0.0001  max mem: 1904
[17:15:10.463546] Epoch: [14]  [180/759]  eta: 0:01:06  lr: 0.000010  loss: 0.0103 (0.0208)  mae_m_mask: 0.2244 (0.2277)  rmse_m_mask: 0.3283 (0.3325)  normalized_mse_mask: 0.0103 (0.0208)  rmse_m_all: 8.1936 (7.3546)  actual_mask_ratio: 0.0692 (0.0720)  actual_prediction_mask_ratio: 0.2264 (0.2349)  ignored_patch_ratio: 0.0000 (0.0023)  time: 0.1151  data: 0.0001  max mem: 1904
[17:15:12.778154] Epoch: [14]  [200/759]  eta: 0:01:04  lr: 0.000010  loss: 0.0111 (0.0205)  mae_m_mask: 0.2430 (0.2306)  rmse_m_mask: 0.3470 (0.3373)  normalized_mse_mask: 0.0111 (0.0205)  rmse_m_all: 8.7559 (7.4068)  actual_mask_ratio: 0.0675 (0.0717)  actual_prediction_mask_ratio: 0.2262 (0.2345)  ignored_patch_ratio: 0.0000 (0.0026)  time: 0.1157  data: 0.0001  max mem: 1904
[17:15:15.078570] Epoch: [14]  [220/759]  eta: 0:01:02  lr: 0.000010  loss: 0.0099 (0.0202)  mae_m_mask: 0.2120 (0.2300)  rmse_m_mask: 0.2926 (0.3356)  normalized_mse_mask: 0.0099 (0.0202)  rmse_m_all: 6.2381 (7.3770)  actual_mask_ratio: 0.0692 (0.0715)  actual_prediction_mask_ratio: 0.2364 (0.2344)  ignored_patch_ratio: 0.0000 (0.0028)  time: 0.1150  data: 0.0001  max mem: 1904
[17:15:17.391288] Epoch: [14]  [240/759]  eta: 0:00:59  lr: 0.000010  loss: 0.0200 (0.0205)  mae_m_mask: 0.2007 (0.2301)  rmse_m_mask: 0.2875 (0.3371)  normalized_mse_mask: 0.0200 (0.0205)  rmse_m_all: 5.1804 (7.2764)  actual_mask_ratio: 0.0726 (0.0716)  actual_prediction_mask_ratio: 0.2455 (0.2352)  ignored_patch_ratio: 0.0000 (0.0027)  time: 0.1156  data: 0.0001  max mem: 1904
[17:15:19.705206] Epoch: [14]  [260/759]  eta: 0:00:57  lr: 0.000010  loss: 0.0219 (0.0212)  mae_m_mask: 0.2843 (0.2345)  rmse_m_mask: 0.3959 (0.3432)  normalized_mse_mask: 0.0219 (0.0212)  rmse_m_all: 9.2179 (7.4337)  actual_mask_ratio: 0.0692 (0.0715)  actual_prediction_mask_ratio: 0.2320 (0.2349)  ignored_patch_ratio: 0.0000 (0.0026)  time: 0.1157  data: 0.0001  max mem: 1904
[17:15:22.021111] Epoch: [14]  [280/759]  eta: 0:00:55  lr: 0.000010  loss: 0.0339 (0.0223)  mae_m_mask: 0.2113 (0.2339)  rmse_m_mask: 0.2924 (0.3421)  normalized_mse_mask: 0.0339 (0.0223)  rmse_m_all: 6.6870 (7.4565)  actual_mask_ratio: 0.0720 (0.0715)  actual_prediction_mask_ratio: 0.2396 (0.2353)  ignored_patch_ratio: 0.0000 (0.0026)  time: 0.1158  data: 0.0001  max mem: 1904
[17:15:24.234111] Epoch: [14]  [300/759]  eta: 0:00:52  lr: 0.000010  loss: 0.0132 (0.0232)  mae_m_mask: 0.2285 (0.2355)  rmse_m_mask: 0.3744 (0.3451)  normalized_mse_mask: 0.0132 (0.0232)  rmse_m_all: 7.7369 (7.4425)  actual_mask_ratio: 0.0748 (0.0716)  actual_prediction_mask_ratio: 0.2336 (0.2352)  ignored_patch_ratio: 0.0000 (0.0025)  time: 0.1106  data: 0.0001  max mem: 1904
[17:15:26.489167] Epoch: [14]  [320/759]  eta: 0:00:50  lr: 0.000010  loss: 0.0132 (0.0233)  mae_m_mask: 0.2185 (0.2359)  rmse_m_mask: 0.3074 (0.3449)  normalized_mse_mask: 0.0132 (0.0233)  rmse_m_all: 7.7430 (7.4647)  actual_mask_ratio: 0.0726 (0.0717)  actual_prediction_mask_ratio: 0.2392 (0.2354)  ignored_patch_ratio: 0.0000 (0.0025)  time: 0.1127  data: 0.0001  max mem: 1904
[17:15:28.754539] Epoch: [14]  [340/759]  eta: 0:00:48  lr: 0.000010  loss: 0.0124 (0.0234)  mae_m_mask: 0.2026 (0.2349)  rmse_m_mask: 0.3206 (0.3434)  normalized_mse_mask: 0.0124 (0.0234)  rmse_m_all: 5.6722 (7.4027)  actual_mask_ratio: 0.0686 (0.0717)  actual_prediction_mask_ratio: 0.2296 (0.2352)  ignored_patch_ratio: 0.0000 (0.0024)  time: 0.1132  data: 0.0001  max mem: 1904
[17:15:31.012606] Epoch: [14]  [360/759]  eta: 0:00:45  lr: 0.000010  loss: 0.0178 (0.0232)  mae_m_mask: 0.1921 (0.2342)  rmse_m_mask: 0.3034 (0.3421)  normalized_mse_mask: 0.0178 (0.0232)  rmse_m_all: 4.5040 (7.3242)  actual_mask_ratio: 0.0714 (0.0717)  actual_prediction_mask_ratio: 0.2409 (0.2352)  ignored_patch_ratio: 0.0000 (0.0024)  time: 0.1129  data: 0.0001  max mem: 1904
[17:15:33.268216] Epoch: [14]  [380/759]  eta: 0:00:43  lr: 0.000010  loss: 0.0145 (0.0231)  mae_m_mask: 0.2306 (0.2344)  rmse_m_mask: 0.3295 (0.3426)  normalized_mse_mask: 0.0145 (0.0231)  rmse_m_all: 8.2934 (7.3787)  actual_mask_ratio: 0.0734 (0.0718)  actual_prediction_mask_ratio: 0.2415 (0.2357)  ignored_patch_ratio: 0.0000 (0.0024)  time: 0.1128  data: 0.0001  max mem: 1904
[17:15:35.513496] Epoch: [14]  [400/759]  eta: 0:00:41  lr: 0.000010  loss: 0.0174 (0.0234)  mae_m_mask: 0.2331 (0.2347)  rmse_m_mask: 0.3465 (0.3437)  normalized_mse_mask: 0.0174 (0.0234)  rmse_m_all: 4.9354 (7.3073)  actual_mask_ratio: 0.0703 (0.0718)  actual_prediction_mask_ratio: 0.2330 (0.2356)  ignored_patch_ratio: 0.0000 (0.0023)  time: 0.1122  data: 0.0001  max mem: 1904
[17:15:37.749716] Epoch: [14]  [420/759]  eta: 0:00:38  lr: 0.000010  loss: 0.0111 (0.0231)  mae_m_mask: 0.2131 (0.2338)  rmse_m_mask: 0.3333 (0.3428)  normalized_mse_mask: 0.0111 (0.0231)  rmse_m_all: 6.0988 (7.2862)  actual_mask_ratio: 0.0718 (0.0717)  actual_prediction_mask_ratio: 0.2426 (0.2358)  ignored_patch_ratio: 0.0000 (0.0023)  time: 0.1118  data: 0.0001  max mem: 1904
[17:15:39.999472] Epoch: [14]  [440/759]  eta: 0:00:36  lr: 0.000010  loss: 0.0077 (0.0229)  mae_m_mask: 0.2157 (0.2350)  rmse_m_mask: 0.3474 (0.3443)  normalized_mse_mask: 0.0077 (0.0229)  rmse_m_all: 5.9441 (7.3194)  actual_mask_ratio: 0.0737 (0.0718)  actual_prediction_mask_ratio: 0.2313 (0.2357)  ignored_patch_ratio: 0.0000 (0.0023)  time: 0.1125  data: 0.0001  max mem: 1904
[17:15:42.104838] Epoch: [14]  [460/759]  eta: 0:00:34  lr: 0.000010  loss: 0.0259 (0.0233)  mae_m_mask: 0.2670 (0.2364)  rmse_m_mask: 0.3876 (0.3462)  normalized_mse_mask: 0.0259 (0.0233)  rmse_m_all: 6.3026 (7.3388)  actual_mask_ratio: 0.0709 (0.0718)  actual_prediction_mask_ratio: 0.2292 (0.2355)  ignored_patch_ratio: 0.0000 (0.0022)  time: 0.1052  data: 0.0001  max mem: 1904
[17:15:44.243196] Epoch: [14]  [480/759]  eta: 0:00:31  lr: 0.000010  loss: 0.0105 (0.0238)  mae_m_mask: 0.2266 (0.2361)  rmse_m_mask: 0.3408 (0.3460)  normalized_mse_mask: 0.0105 (0.0238)  rmse_m_all: 6.6473 (7.3205)  actual_mask_ratio: 0.0726 (0.0718)  actual_prediction_mask_ratio: 0.2415 (0.2356)  ignored_patch_ratio: 0.0000 (0.0022)  time: 0.1069  data: 0.0001  max mem: 1904
[17:15:46.417601] Epoch: [14]  [500/759]  eta: 0:00:29  lr: 0.000010  loss: 0.0137 (0.0235)  mae_m_mask: 0.2323 (0.2368)  rmse_m_mask: 0.3373 (0.3473)  normalized_mse_mask: 0.0137 (0.0235)  rmse_m_all: 8.1505 (7.3603)  actual_mask_ratio: 0.0726 (0.0718)  actual_prediction_mask_ratio: 0.2404 (0.2357)  ignored_patch_ratio: 0.0000 (0.0022)  time: 0.1087  data: 0.0001  max mem: 1904
[17:15:48.611528] Epoch: [14]  [520/759]  eta: 0:00:27  lr: 0.000010  loss: 0.0140 (0.0234)  mae_m_mask: 0.2219 (0.2369)  rmse_m_mask: 0.3175 (0.3474)  normalized_mse_mask: 0.0140 (0.0234)  rmse_m_all: 6.1720 (7.3338)  actual_mask_ratio: 0.0703 (0.0718)  actual_prediction_mask_ratio: 0.2384 (0.2356)  ignored_patch_ratio: 0.0000 (0.0023)  time: 0.1097  data: 0.0001  max mem: 1904
[17:15:51.095275] Epoch: [14]  [540/759]  eta: 0:00:24  lr: 0.000010  loss: 0.0087 (0.0233)  mae_m_mask: 0.2376 (0.2371)  rmse_m_mask: 0.3832 (0.3483)  normalized_mse_mask: 0.0087 (0.0233)  rmse_m_all: 7.6230 (7.3419)  actual_mask_ratio: 0.0726 (0.0718)  actual_prediction_mask_ratio: 0.2358 (0.2356)  ignored_patch_ratio: 0.0000 (0.0023)  time: 0.1242  data: 0.0496  max mem: 1904
[17:15:52.837966] Epoch: [14]  [560/759]  eta: 0:00:22  lr: 0.000010  loss: 0.0139 (0.0233)  mae_m_mask: 0.2321 (0.2367)  rmse_m_mask: 0.3410 (0.3479)  normalized_mse_mask: 0.0139 (0.0233)  rmse_m_all: 7.0026 (7.3238)  actual_mask_ratio: 0.0743 (0.0719)  actual_prediction_mask_ratio: 0.2421 (0.2358)  ignored_patch_ratio: 0.0000 (0.0022)  time: 0.0871  data: 0.0001  max mem: 1904
[17:15:55.049222] Epoch: [14]  [580/759]  eta: 0:00:20  lr: 0.000010  loss: 0.0183 (0.0234)  mae_m_mask: 0.2529 (0.2370)  rmse_m_mask: 0.3602 (0.3482)  normalized_mse_mask: 0.0183 (0.0234)  rmse_m_all: 6.5586 (7.3253)  actual_mask_ratio: 0.0743 (0.0719)  actual_prediction_mask_ratio: 0.2370 (0.2357)  ignored_patch_ratio: 0.0000 (0.0022)  time: 0.1105  data: 0.0001  max mem: 1904
[17:15:57.253212] Epoch: [14]  [600/759]  eta: 0:00:17  lr: 0.000010  loss: 0.0122 (0.0238)  mae_m_mask: 0.2475 (0.2379)  rmse_m_mask: 0.3724 (0.3492)  normalized_mse_mask: 0.0122 (0.0238)  rmse_m_all: 6.8213 (7.3289)  actual_mask_ratio: 0.0697 (0.0718)  actual_prediction_mask_ratio: 0.2319 (0.2356)  ignored_patch_ratio: 0.0000 (0.0023)  time: 0.1102  data: 0.0001  max mem: 1904
[17:15:58.955305] Epoch: [14]  [620/759]  eta: 0:00:15  lr: 0.000010  loss: 0.0066 (0.0237)  mae_m_mask: 0.2218 (0.2374)  rmse_m_mask: 0.3337 (0.3485)  normalized_mse_mask: 0.0066 (0.0237)  rmse_m_all: 6.5721 (7.3132)  actual_mask_ratio: 0.0760 (0.0719)  actual_prediction_mask_ratio: 0.2323 (0.2357)  ignored_patch_ratio: 0.0000 (0.0023)  time: 0.0851  data: 0.0043  max mem: 1904
[17:16:02.088231] Epoch: [14]  [640/759]  eta: 0:00:13  lr: 0.000010  loss: 0.0095 (0.0235)  mae_m_mask: 0.2350 (0.2386)  rmse_m_mask: 0.3541 (0.3507)  normalized_mse_mask: 0.0095 (0.0235)  rmse_m_all: 8.5539 (7.3582)  actual_mask_ratio: 0.0663 (0.0717)  actual_prediction_mask_ratio: 0.2217 (0.2354)  ignored_patch_ratio: 0.0000 (0.0023)  time: 0.1566  data: 0.0470  max mem: 1904
[17:16:04.379753] Epoch: [14]  [660/759]  eta: 0:00:11  lr: 0.000010  loss: 0.0238 (0.0238)  mae_m_mask: 0.2234 (0.2381)  rmse_m_mask: 0.3120 (0.3505)  normalized_mse_mask: 0.0238 (0.0238)  rmse_m_all: 6.8161 (7.3720)  actual_mask_ratio: 0.0692 (0.0717)  actual_prediction_mask_ratio: 0.2341 (0.2353)  ignored_patch_ratio: 0.0000 (0.0023)  time: 0.1145  data: 0.0001  max mem: 1904
[17:16:06.689428] Epoch: [14]  [680/759]  eta: 0:00:08  lr: 0.000010  loss: 0.0233 (0.0244)  mae_m_mask: 0.2125 (0.2384)  rmse_m_mask: 0.2968 (0.3509)  normalized_mse_mask: 0.0233 (0.0244)  rmse_m_all: 6.5250 (7.3522)  actual_mask_ratio: 0.0737 (0.0717)  actual_prediction_mask_ratio: 0.2421 (0.2355)  ignored_patch_ratio: 0.0000 (0.0022)  time: 0.1155  data: 0.0001  max mem: 1904
[17:16:08.998641] Epoch: [14]  [700/759]  eta: 0:00:06  lr: 0.000010  loss: 0.0137 (0.0243)  mae_m_mask: 0.2283 (0.2391)  rmse_m_mask: 0.3480 (0.3520)  normalized_mse_mask: 0.0137 (0.0243)  rmse_m_all: 8.0130 (7.3722)  actual_mask_ratio: 0.0720 (0.0718)  actual_prediction_mask_ratio: 0.2409 (0.2355)  ignored_patch_ratio: 0.0000 (0.0022)  time: 0.1154  data: 0.0001  max mem: 1904
[17:16:11.276597] Epoch: [14]  [720/759]  eta: 0:00:04  lr: 0.000010  loss: 0.0118 (0.0241)  mae_m_mask: 0.2019 (0.2387)  rmse_m_mask: 0.3200 (0.3518)  normalized_mse_mask: 0.0118 (0.0241)  rmse_m_all: 5.8796 (7.3461)  actual_mask_ratio: 0.0714 (0.0718)  actual_prediction_mask_ratio: 0.2364 (0.2354)  ignored_patch_ratio: 0.0000 (0.0021)  time: 0.1139  data: 0.0001  max mem: 1904
[17:16:13.577219] Epoch: [14]  [740/759]  eta: 0:00:02  lr: 0.000010  loss: 0.0137 (0.0239)  mae_m_mask: 0.2204 (0.2387)  rmse_m_mask: 0.3095 (0.3520)  normalized_mse_mask: 0.0137 (0.0239)  rmse_m_all: 7.6424 (7.3672)  actual_mask_ratio: 0.0697 (0.0717)  actual_prediction_mask_ratio: 0.2245 (0.2352)  ignored_patch_ratio: 0.0000 (0.0022)  time: 0.1150  data: 0.0001  max mem: 1904
[17:16:15.657083] Epoch: [14]  [758/759]  eta: 0:00:00  lr: 0.000010  loss: 0.0187 (0.0240)  mae_m_mask: 0.2755 (0.2395)  rmse_m_mask: 0.4071 (0.3528)  normalized_mse_mask: 0.0187 (0.0240)  rmse_m_all: 5.8965 (7.3484)  actual_mask_ratio: 0.0714 (0.0717)  actual_prediction_mask_ratio: 0.2307 (0.2352)  ignored_patch_ratio: 0.0000 (0.0022)  time: 0.1157  data: 0.0001  max mem: 1904
[17:16:15.686061] Epoch: [14] Total time: 0:01:26 (0.1135 s / it)
[17:16:15.686607] Averaged stats: {'lr': 9.647602386916638e-06, 'loss': 0.023549071185026298, 'mae_m_mask': 0.23717790882380319, 'rmse_m_mask': 0.37344233321558323, 'normalized_mse_mask': 0.023549071185026298, 'rmse_m_all': 7.348431101586665, 'actual_mask_ratio': 0.0717264691733403, 'actual_prediction_mask_ratio': 0.235161977146454, 'ignored_patch_ratio': 0.002177197628498706, 'supervised_pixel_count': 14698640.0}
[17:16:15.881415] Val: [14]  [  0/533]  eta: 0:01:42  loss: 0.0118 (0.0118)  mae_m_mask: 1.1969 (1.1969)  rmse_m_mask: 1.3632 (1.3632)  normalized_mse_mask: 0.0118 (0.0118)  rmse_m_all: 13.7388 (13.7388)  actual_mask_ratio: 0.0787 (0.0787)  actual_prediction_mask_ratio: 0.2431 (0.2431)  ignored_patch_ratio: 0.0488 (0.0488)  time: 0.1923  data: 0.0988  max mem: 1904
[17:16:20.238888] Val: [14]  [ 50/533]  eta: 0:00:43  loss: 0.0026 (0.0043)  mae_m_mask: 0.8077 (0.9114)  rmse_m_mask: 0.9966 (1.0406)  normalized_mse_mask: 0.0026 (0.0043)  rmse_m_all: 13.1724 (13.9919)  actual_mask_ratio: 0.0694 (0.0693)  actual_prediction_mask_ratio: 0.2120 (0.2147)  ignored_patch_ratio: 0.0527 (0.0550)  time: 0.0860  data: 0.0001  max mem: 1904
[17:16:24.635487] Val: [14]  [100/533]  eta: 0:00:38  loss: 0.0005 (0.0027)  mae_m_mask: 0.6936 (0.8348)  rmse_m_mask: 0.8397 (0.9720)  normalized_mse_mask: 0.0005 (0.0027)  rmse_m_all: 17.7353 (15.6001)  actual_mask_ratio: 0.0645 (0.0686)  actual_prediction_mask_ratio: 0.2076 (0.2139)  ignored_patch_ratio: 0.0550 (0.0538)  time: 0.0864  data: 0.0001  max mem: 1904
[17:16:28.981652] Val: [14]  [150/533]  eta: 0:00:33  loss: 0.0007 (0.0021)  mae_m_mask: 0.4053 (0.7963)  rmse_m_mask: 0.5143 (0.9324)  normalized_mse_mask: 0.0007 (0.0021)  rmse_m_all: 11.2669 (15.5549)  actual_mask_ratio: 0.0707 (0.0688)  actual_prediction_mask_ratio: 0.2326 (0.2153)  ignored_patch_ratio: 0.0488 (0.0542)  time: 0.0870  data: 0.0001  max mem: 1904
[17:16:33.354908] Val: [14]  [200/533]  eta: 0:00:29  loss: 0.0008 (0.0019)  mae_m_mask: 0.5644 (0.7419)  rmse_m_mask: 0.6870 (0.8743)  normalized_mse_mask: 0.0008 (0.0019)  rmse_m_all: 13.9423 (15.0337)  actual_mask_ratio: 0.0760 (0.0695)  actual_prediction_mask_ratio: 0.2427 (0.2204)  ignored_patch_ratio: 0.0000 (0.0447)  time: 0.0881  data: 0.0001  max mem: 1904
[17:16:37.685150] Val: [14]  [250/533]  eta: 0:00:24  loss: 0.0011 (0.0018)  mae_m_mask: 0.9546 (0.7801)  rmse_m_mask: 1.0949 (0.9183)  normalized_mse_mask: 0.0011 (0.0018)  rmse_m_all: 14.5580 (15.3899)  actual_mask_ratio: 0.0725 (0.0702)  actual_prediction_mask_ratio: 0.2314 (0.2225)  ignored_patch_ratio: 0.0306 (0.0393)  time: 0.0861  data: 0.0001  max mem: 1904
[17:16:42.111185] Val: [14]  [300/533]  eta: 0:00:20  loss: 0.0007 (0.0018)  mae_m_mask: 0.9301 (0.8640)  rmse_m_mask: 1.0859 (1.0085)  normalized_mse_mask: 0.0007 (0.0018)  rmse_m_all: 23.2651 (16.4613)  actual_mask_ratio: 0.0700 (0.0704)  actual_prediction_mask_ratio: 0.2121 (0.2229)  ignored_patch_ratio: 0.0516 (0.0394)  time: 0.0895  data: 0.0001  max mem: 1904
[17:16:46.413610] Val: [14]  [350/533]  eta: 0:00:16  loss: 0.0009 (0.0018)  mae_m_mask: 0.9148 (0.8565)  rmse_m_mask: 1.0696 (1.0010)  normalized_mse_mask: 0.0009 (0.0018)  rmse_m_all: 19.4808 (16.6583)  actual_mask_ratio: 0.0698 (0.0705)  actual_prediction_mask_ratio: 0.2170 (0.2230)  ignored_patch_ratio: 0.0391 (0.0384)  time: 0.0860  data: 0.0001  max mem: 1904
[17:16:50.732749] Val: [14]  [400/533]  eta: 0:00:11  loss: 0.0011 (0.0017)  mae_m_mask: 0.9958 (0.9019)  rmse_m_mask: 1.1284 (1.0497)  normalized_mse_mask: 0.0011 (0.0017)  rmse_m_all: 18.7446 (17.0352)  actual_mask_ratio: 0.0683 (0.0702)  actual_prediction_mask_ratio: 0.2164 (0.2218)  ignored_patch_ratio: 0.0476 (0.0400)  time: 0.0856  data: 0.0001  max mem: 1904
[17:16:55.123924] Val: [14]  [450/533]  eta: 0:00:07  loss: 0.0016 (0.0019)  mae_m_mask: 1.1711 (0.9487)  rmse_m_mask: 1.5243 (1.1040)  normalized_mse_mask: 0.0016 (0.0019)  rmse_m_all: 16.8813 (17.0491)  actual_mask_ratio: 0.0670 (0.0702)  actual_prediction_mask_ratio: 0.2143 (0.2217)  ignored_patch_ratio: 0.0612 (0.0412)  time: 0.0859  data: 0.0001  max mem: 1904
[17:16:59.451943] Val: [14]  [500/533]  eta: 0:00:02  loss: 0.0005 (0.0018)  mae_m_mask: 0.6653 (0.9353)  rmse_m_mask: 0.7970 (1.0887)  normalized_mse_mask: 0.0005 (0.0018)  rmse_m_all: 16.3652 (17.1009)  actual_mask_ratio: 0.0673 (0.0700)  actual_prediction_mask_ratio: 0.2116 (0.2212)  ignored_patch_ratio: 0.0573 (0.0425)  time: 0.0858  data: 0.0001  max mem: 1904
[17:17:02.175770] Val: [14]  [532/533]  eta: 0:00:00  loss: 0.0011 (0.0019)  mae_m_mask: 0.8641 (0.9347)  rmse_m_mask: 1.0442 (1.0874)  normalized_mse_mask: 0.0011 (0.0019)  rmse_m_all: 17.7555 (17.1553)  actual_mask_ratio: 0.0666 (0.0699)  actual_prediction_mask_ratio: 0.2121 (0.2208)  ignored_patch_ratio: 0.0550 (0.0432)  time: 0.0836  data: 0.0001  max mem: 1904
[17:17:02.213190] Val: [14] Total time: 0:00:46 (0.0873 s / it)
[17:17:02.214385] val stats: {'loss': 0.0018484763536783754, 'mae_m_mask': 0.9059726340401083, 'rmse_m_mask': 1.2072379745829218, 'normalized_mse_mask': 0.0018484763536783754, 'rmse_m_all': 17.15530698384398, 'actual_mask_ratio': 0.06990061117437499, 'actual_prediction_mask_ratio': 0.22084709342156744, 'ignored_patch_ratio': 0.04319662906886489, 'supervised_pixel_count': 11054205.0}
[17:17:06.270896] log_dir: /tank/data/SFS/xinyis/data/bathymetry/MAE-Topography/Downstream_Task_Bathy/cross_validation_v5_Stage2NormMSE_MeterSelect/runs/holdout_CA_D004Stage2NormMSE_MeterSelect_D001NoDataSafe/train_stage2_normMSE_meterSelect_CA_KlamathRiver_TopoBathy_2018_D18_fromStage1Best_e120_lr1e-5_b4_acc4/tb
[17:17:06.458315] Epoch: [15]  [  0/759]  eta: 0:02:21  lr: 0.000010  loss: 0.0007 (0.0007)  mae_m_mask: 0.3310 (0.3310)  rmse_m_mask: 0.4671 (0.4671)  normalized_mse_mask: 0.0007 (0.0007)  rmse_m_all: 9.7152 (9.7152)  actual_mask_ratio: 0.0731 (0.0731)  actual_prediction_mask_ratio: 0.2262 (0.2262)  ignored_patch_ratio: 0.0000 (0.0000)  time: 0.1868  data: 0.0755  max mem: 1904
[17:17:08.757328] Epoch: [15]  [ 20/759]  eta: 0:01:27  lr: 0.000010  loss: 0.0142 (0.0262)  mae_m_mask: 0.2875 (0.2954)  rmse_m_mask: 0.4501 (0.4630)  normalized_mse_mask: 0.0142 (0.0262)  rmse_m_all: 6.9607 (8.0585)  actual_mask_ratio: 0.0680 (0.0707)  actual_prediction_mask_ratio: 0.2382 (0.2333)  ignored_patch_ratio: 0.0000 (0.0037)  time: 0.1149  data: 0.0001  max mem: 1904
[17:17:11.038464] Epoch: [15]  [ 40/759]  eta: 0:01:23  lr: 0.000010  loss: 0.0193 (0.0245)  mae_m_mask: 0.2056 (0.2547)  rmse_m_mask: 0.3035 (0.3911)  normalized_mse_mask: 0.0193 (0.0245)  rmse_m_all: 5.1426 (7.1730)  actual_mask_ratio: 0.0697 (0.0705)  actual_prediction_mask_ratio: 0.2285 (0.2317)  ignored_patch_ratio: 0.0000 (0.0051)  time: 0.1140  data: 0.0001  max mem: 1904
[17:17:13.322624] Epoch: [15]  [ 60/759]  eta: 0:01:20  lr: 0.000010  loss: 0.0138 (0.0260)  mae_m_mask: 0.2549 (0.2570)  rmse_m_mask: 0.3678 (0.3909)  normalized_mse_mask: 0.0138 (0.0260)  rmse_m_all: 6.5540 (7.4876)  actual_mask_ratio: 0.0714 (0.0704)  actual_prediction_mask_ratio: 0.2324 (0.2318)  ignored_patch_ratio: 0.0000 (0.0041)  time: 0.1142  data: 0.0001  max mem: 1904
[17:17:15.629929] Epoch: [15]  [ 80/759]  eta: 0:01:18  lr: 0.000010  loss: 0.0101 (0.0248)  mae_m_mask: 0.2578 (0.2583)  rmse_m_mask: 0.4129 (0.3926)  normalized_mse_mask: 0.0101 (0.0248)  rmse_m_all: 6.3361 (7.5701)  actual_mask_ratio: 0.0692 (0.0701)  actual_prediction_mask_ratio: 0.2319 (0.2324)  ignored_patch_ratio: 0.0000 (0.0032)  time: 0.1153  data: 0.0001  max mem: 1904
[17:17:17.930068] Epoch: [15]  [100/759]  eta: 0:01:16  lr: 0.000010  loss: 0.0121 (0.0250)  mae_m_mask: 0.2491 (0.2586)  rmse_m_mask: 0.3625 (0.3896)  normalized_mse_mask: 0.0121 (0.0250)  rmse_m_all: 5.8209 (7.4317)  actual_mask_ratio: 0.0731 (0.0704)  actual_prediction_mask_ratio: 0.2313 (0.2333)  ignored_patch_ratio: 0.0000 (0.0034)  time: 0.1150  data: 0.0001  max mem: 1904
[17:17:20.243273] Epoch: [15]  [120/759]  eta: 0:01:13  lr: 0.000010  loss: 0.0169 (0.0253)  mae_m_mask: 0.2100 (0.2513)  rmse_m_mask: 0.2782 (0.3752)  normalized_mse_mask: 0.0169 (0.0253)  rmse_m_all: 5.2712 (7.1071)  actual_mask_ratio: 0.0731 (0.0710)  actual_prediction_mask_ratio: 0.2375 (0.2347)  ignored_patch_ratio: 0.0000 (0.0030)  time: 0.1156  data: 0.0001  max mem: 1904
[17:17:22.594428] Epoch: [15]  [140/759]  eta: 0:01:11  lr: 0.000010  loss: 0.0194 (0.0249)  mae_m_mask: 0.2053 (0.2486)  rmse_m_mask: 0.3188 (0.3707)  normalized_mse_mask: 0.0194 (0.0249)  rmse_m_all: 5.9656 (7.0311)  actual_mask_ratio: 0.0697 (0.0710)  actual_prediction_mask_ratio: 0.2285 (0.2340)  ignored_patch_ratio: 0.0000 (0.0032)  time: 0.1175  data: 0.0001  max mem: 1904
[17:17:24.924469] Epoch: [15]  [160/759]  eta: 0:01:09  lr: 0.000010  loss: 0.0100 (0.0242)  mae_m_mask: 0.1828 (0.2435)  rmse_m_mask: 0.2618 (0.3612)  normalized_mse_mask: 0.0100 (0.0242)  rmse_m_all: 6.2982 (7.0507)  actual_mask_ratio: 0.0726 (0.0711)  actual_prediction_mask_ratio: 0.2415 (0.2340)  ignored_patch_ratio: 0.0000 (0.0032)  time: 0.1165  data: 0.0001  max mem: 1904
[17:17:27.251720] Epoch: [15]  [180/759]  eta: 0:01:07  lr: 0.000010  loss: 0.0110 (0.0243)  mae_m_mask: 0.2176 (0.2439)  rmse_m_mask: 0.3426 (0.3608)  normalized_mse_mask: 0.0110 (0.0243)  rmse_m_all: 8.1169 (7.2207)  actual_mask_ratio: 0.0743 (0.0713)  actual_prediction_mask_ratio: 0.2426 (0.2350)  ignored_patch_ratio: 0.0000 (0.0030)  time: 0.1163  data: 0.0001  max mem: 1904
[17:17:29.580199] Epoch: [15]  [200/759]  eta: 0:01:04  lr: 0.000010  loss: 0.0101 (0.0249)  mae_m_mask: 0.2327 (0.2440)  rmse_m_mask: 0.3327 (0.3601)  normalized_mse_mask: 0.0101 (0.0249)  rmse_m_all: 7.0967 (7.2805)  actual_mask_ratio: 0.0703 (0.0713)  actual_prediction_mask_ratio: 0.2370 (0.2348)  ignored_patch_ratio: 0.0000 (0.0030)  time: 0.1164  data: 0.0001  max mem: 1904
[17:17:31.912446] Epoch: [15]  [220/759]  eta: 0:01:02  lr: 0.000010  loss: 0.0307 (0.0261)  mae_m_mask: 0.2218 (0.2433)  rmse_m_mask: 0.3220 (0.3581)  normalized_mse_mask: 0.0307 (0.0261)  rmse_m_all: 6.3818 (7.3108)  actual_mask_ratio: 0.0678 (0.0711)  actual_prediction_mask_ratio: 0.2222 (0.2339)  ignored_patch_ratio: 0.0000 (0.0029)  time: 0.1166  data: 0.0001  max mem: 1904
[17:17:34.239067] Epoch: [15]  [240/759]  eta: 0:01:00  lr: 0.000010  loss: 0.0131 (0.0256)  mae_m_mask: 0.2132 (0.2410)  rmse_m_mask: 0.2832 (0.3551)  normalized_mse_mask: 0.0131 (0.0256)  rmse_m_all: 7.1184 (7.3326)  actual_mask_ratio: 0.0731 (0.0712)  actual_prediction_mask_ratio: 0.2415 (0.2342)  ignored_patch_ratio: 0.0000 (0.0027)  time: 0.1163  data: 0.0001  max mem: 1904
[17:17:36.573754] Epoch: [15]  [260/759]  eta: 0:00:57  lr: 0.000010  loss: 0.0092 (0.0251)  mae_m_mask: 0.2422 (0.2419)  rmse_m_mask: 0.3489 (0.3565)  normalized_mse_mask: 0.0092 (0.0251)  rmse_m_all: 5.6817 (7.2712)  actual_mask_ratio: 0.0703 (0.0712)  actual_prediction_mask_ratio: 0.2268 (0.2339)  ignored_patch_ratio: 0.0000 (0.0028)  time: 0.1167  data: 0.0001  max mem: 1904
[17:17:38.904198] Epoch: [15]  [280/759]  eta: 0:00:55  lr: 0.000010  loss: 0.0100 (0.0245)  mae_m_mask: 0.2323 (0.2408)  rmse_m_mask: 0.3183 (0.3551)  normalized_mse_mask: 0.0100 (0.0245)  rmse_m_all: 5.3857 (7.2416)  actual_mask_ratio: 0.0743 (0.0713)  actual_prediction_mask_ratio: 0.2364 (0.2341)  ignored_patch_ratio: 0.0000 (0.0027)  time: 0.1165  data: 0.0001  max mem: 1904
[17:17:41.233994] Epoch: [15]  [300/759]  eta: 0:00:53  lr: 0.000010  loss: 0.0135 (0.0241)  mae_m_mask: 0.1974 (0.2386)  rmse_m_mask: 0.2783 (0.3523)  normalized_mse_mask: 0.0135 (0.0241)  rmse_m_all: 4.8354 (7.1382)  actual_mask_ratio: 0.0720 (0.0715)  actual_prediction_mask_ratio: 0.2347 (0.2344)  ignored_patch_ratio: 0.0000 (0.0026)  time: 0.1165  data: 0.0001  max mem: 1904
[17:17:43.563129] Epoch: [15]  [320/759]  eta: 0:00:50  lr: 0.000010  loss: 0.0134 (0.0239)  mae_m_mask: 0.2489 (0.2421)  rmse_m_mask: 0.3904 (0.3593)  normalized_mse_mask: 0.0134 (0.0239)  rmse_m_all: 7.1772 (7.1808)  actual_mask_ratio: 0.0714 (0.0715)  actual_prediction_mask_ratio: 0.2336 (0.2343)  ignored_patch_ratio: 0.0000 (0.0026)  time: 0.1164  data: 0.0001  max mem: 1904
[17:17:45.897311] Epoch: [15]  [340/759]  eta: 0:00:48  lr: 0.000010  loss: 0.0296 (0.0243)  mae_m_mask: 0.2476 (0.2438)  rmse_m_mask: 0.3672 (0.3609)  normalized_mse_mask: 0.0296 (0.0243)  rmse_m_all: 6.6088 (7.1863)  actual_mask_ratio: 0.0714 (0.0715)  actual_prediction_mask_ratio: 0.2443 (0.2346)  ignored_patch_ratio: 0.0000 (0.0025)  time: 0.1167  data: 0.0001  max mem: 1904
[17:17:48.162217] Epoch: [15]  [360/759]  eta: 0:00:46  lr: 0.000010  loss: 0.0097 (0.0243)  mae_m_mask: 0.2316 (0.2429)  rmse_m_mask: 0.3106 (0.3584)  normalized_mse_mask: 0.0097 (0.0243)  rmse_m_all: 5.6275 (7.2080)  actual_mask_ratio: 0.0737 (0.0716)  actual_prediction_mask_ratio: 0.2415 (0.2347)  ignored_patch_ratio: 0.0000 (0.0027)  time: 0.1132  data: 0.0001  max mem: 1904
[17:17:50.401959] Epoch: [15]  [380/759]  eta: 0:00:43  lr: 0.000010  loss: 0.0071 (0.0239)  mae_m_mask: 0.2427 (0.2433)  rmse_m_mask: 0.3455 (0.3588)  normalized_mse_mask: 0.0071 (0.0239)  rmse_m_all: 8.6001 (7.2502)  actual_mask_ratio: 0.0720 (0.0716)  actual_prediction_mask_ratio: 0.2449 (0.2349)  ignored_patch_ratio: 0.0000 (0.0027)  time: 0.1120  data: 0.0001  max mem: 1904
[17:17:52.651455] Epoch: [15]  [400/759]  eta: 0:00:41  lr: 0.000010  loss: 0.0119 (0.0237)  mae_m_mask: 0.2200 (0.2422)  rmse_m_mask: 0.3241 (0.3576)  normalized_mse_mask: 0.0119 (0.0237)  rmse_m_all: 6.6733 (7.2662)  actual_mask_ratio: 0.0703 (0.0716)  actual_prediction_mask_ratio: 0.2302 (0.2348)  ignored_patch_ratio: 0.0000 (0.0026)  time: 0.1124  data: 0.0001  max mem: 1904
[17:17:54.926569] Epoch: [15]  [420/759]  eta: 0:00:39  lr: 0.000010  loss: 0.0203 (0.0243)  mae_m_mask: 0.2121 (0.2427)  rmse_m_mask: 0.3228 (0.3593)  normalized_mse_mask: 0.0203 (0.0243)  rmse_m_all: 8.0809 (7.3444)  actual_mask_ratio: 0.0720 (0.0716)  actual_prediction_mask_ratio: 0.2358 (0.2349)  ignored_patch_ratio: 0.0000 (0.0025)  time: 0.1137  data: 0.0001  max mem: 1904
[17:17:57.201660] Epoch: [15]  [440/759]  eta: 0:00:36  lr: 0.000010  loss: 0.0186 (0.0247)  mae_m_mask: 0.2639 (0.2427)  rmse_m_mask: 0.3689 (0.3591)  normalized_mse_mask: 0.0186 (0.0247)  rmse_m_all: 6.0820 (7.3357)  actual_mask_ratio: 0.0720 (0.0717)  actual_prediction_mask_ratio: 0.2347 (0.2349)  ignored_patch_ratio: 0.0000 (0.0026)  time: 0.1137  data: 0.0001  max mem: 1904
[17:17:59.451131] Epoch: [15]  [460/759]  eta: 0:00:34  lr: 0.000010  loss: 0.0102 (0.0245)  mae_m_mask: 0.2037 (0.2426)  rmse_m_mask: 0.3048 (0.3586)  normalized_mse_mask: 0.0102 (0.0245)  rmse_m_all: 4.2287 (7.2858)  actual_mask_ratio: 0.0709 (0.0717)  actual_prediction_mask_ratio: 0.2353 (0.2350)  ignored_patch_ratio: 0.0000 (0.0026)  time: 0.1124  data: 0.0001  max mem: 1904
[17:18:01.690706] Epoch: [15]  [480/759]  eta: 0:00:32  lr: 0.000010  loss: 0.0225 (0.0248)  mae_m_mask: 0.2180 (0.2414)  rmse_m_mask: 0.2890 (0.3566)  normalized_mse_mask: 0.0225 (0.0248)  rmse_m_all: 6.5746 (7.2746)  actual_mask_ratio: 0.0720 (0.0717)  actual_prediction_mask_ratio: 0.2370 (0.2352)  ignored_patch_ratio: 0.0000 (0.0026)  time: 0.1119  data: 0.0001  max mem: 1904
[17:18:03.944607] Epoch: [15]  [500/759]  eta: 0:00:29  lr: 0.000010  loss: 0.0206 (0.0247)  mae_m_mask: 0.2111 (0.2409)  rmse_m_mask: 0.3144 (0.3557)  normalized_mse_mask: 0.0206 (0.0247)  rmse_m_all: 8.0132 (7.2905)  actual_mask_ratio: 0.0709 (0.0716)  actual_prediction_mask_ratio: 0.2341 (0.2350)  ignored_patch_ratio: 0.0000 (0.0026)  time: 0.1127  data: 0.0001  max mem: 1904
[17:18:06.217208] Epoch: [15]  [520/759]  eta: 0:00:27  lr: 0.000010  loss: 0.0196 (0.0252)  mae_m_mask: 0.2124 (0.2414)  rmse_m_mask: 0.3008 (0.3562)  normalized_mse_mask: 0.0196 (0.0252)  rmse_m_all: 6.2626 (7.2617)  actual_mask_ratio: 0.0703 (0.0715)  actual_prediction_mask_ratio: 0.2322 (0.2348)  ignored_patch_ratio: 0.0000 (0.0025)  time: 0.1136  data: 0.0001  max mem: 1904
[17:18:08.317061] Epoch: [15]  [540/759]  eta: 0:00:25  lr: 0.000010  loss: 0.0211 (0.0251)  mae_m_mask: 0.2486 (0.2421)  rmse_m_mask: 0.3593 (0.3572)  normalized_mse_mask: 0.0211 (0.0251)  rmse_m_all: 8.9299 (7.2935)  actual_mask_ratio: 0.0692 (0.0715)  actual_prediction_mask_ratio: 0.2188 (0.2346)  ignored_patch_ratio: 0.0000 (0.0025)  time: 0.1050  data: 0.0001  max mem: 1904
[17:18:10.491022] Epoch: [15]  [560/759]  eta: 0:00:22  lr: 0.000010  loss: 0.0077 (0.0248)  mae_m_mask: 0.2653 (0.2431)  rmse_m_mask: 0.3523 (0.3582)  normalized_mse_mask: 0.0077 (0.0248)  rmse_m_all: 6.6867 (7.3299)  actual_mask_ratio: 0.0710 (0.0714)  actual_prediction_mask_ratio: 0.2381 (0.2346)  ignored_patch_ratio: 0.0000 (0.0025)  time: 0.1087  data: 0.0001  max mem: 1904
[17:18:12.682998] Epoch: [15]  [580/759]  eta: 0:00:20  lr: 0.000010  loss: 0.0132 (0.0247)  mae_m_mask: 0.2096 (0.2427)  rmse_m_mask: 0.3141 (0.3577)  normalized_mse_mask: 0.0132 (0.0247)  rmse_m_all: 6.2746 (7.3325)  actual_mask_ratio: 0.0760 (0.0715)  actual_prediction_mask_ratio: 0.2466 (0.2349)  ignored_patch_ratio: 0.0000 (0.0025)  time: 0.1096  data: 0.0001  max mem: 1904
[17:18:14.403089] Epoch: [15]  [600/759]  eta: 0:00:18  lr: 0.000010  loss: 0.0079 (0.0246)  mae_m_mask: 0.1693 (0.2415)  rmse_m_mask: 0.2374 (0.3561)  normalized_mse_mask: 0.0079 (0.0246)  rmse_m_all: 7.4687 (7.3292)  actual_mask_ratio: 0.0709 (0.0715)  actual_prediction_mask_ratio: 0.2398 (0.2349)  ignored_patch_ratio: 0.0000 (0.0024)  time: 0.0860  data: 0.0001  max mem: 1904
[17:18:17.168277] Epoch: [15]  [620/759]  eta: 0:00:15  lr: 0.000010  loss: 0.0082 (0.0242)  mae_m_mask: 0.2292 (0.2412)  rmse_m_mask: 0.3149 (0.3553)  normalized_mse_mask: 0.0082 (0.0242)  rmse_m_all: 7.2481 (7.3500)  actual_mask_ratio: 0.0754 (0.0715)  actual_prediction_mask_ratio: 0.2387 (0.2350)  ignored_patch_ratio: 0.0000 (0.0024)  time: 0.1382  data: 0.0527  max mem: 1904
[17:18:19.407725] Epoch: [15]  [640/759]  eta: 0:00:13  lr: 0.000010  loss: 0.0108 (0.0242)  mae_m_mask: 0.2237 (0.2409)  rmse_m_mask: 0.3105 (0.3547)  normalized_mse_mask: 0.0108 (0.0242)  rmse_m_all: 7.3474 (7.3645)  actual_mask_ratio: 0.0709 (0.0716)  actual_prediction_mask_ratio: 0.2347 (0.2351)  ignored_patch_ratio: 0.0000 (0.0023)  time: 0.1119  data: 0.0001  max mem: 1904
[17:18:21.637994] Epoch: [15]  [660/759]  eta: 0:00:11  lr: 0.000010  loss: 0.0125 (0.0242)  mae_m_mask: 0.1705 (0.2397)  rmse_m_mask: 0.2367 (0.3523)  normalized_mse_mask: 0.0125 (0.0242)  rmse_m_all: 5.2615 (7.3387)  actual_mask_ratio: 0.0722 (0.0716)  actual_prediction_mask_ratio: 0.2387 (0.2351)  ignored_patch_ratio: 0.0000 (0.0023)  time: 0.1115  data: 0.0001  max mem: 1904
[17:18:23.832131] Epoch: [15]  [680/759]  eta: 0:00:08  lr: 0.000010  loss: 0.0141 (0.0241)  mae_m_mask: 0.2242 (0.2398)  rmse_m_mask: 0.3180 (0.3523)  normalized_mse_mask: 0.0141 (0.0241)  rmse_m_all: 7.4649 (7.3635)  actual_mask_ratio: 0.0714 (0.0717)  actual_prediction_mask_ratio: 0.2370 (0.2351)  ignored_patch_ratio: 0.0000 (0.0023)  time: 0.1097  data: 0.0001  max mem: 1904
[17:18:26.239038] Epoch: [15]  [700/759]  eta: 0:00:06  lr: 0.000010  loss: 0.0113 (0.0240)  mae_m_mask: 0.2195 (0.2394)  rmse_m_mask: 0.3356 (0.3515)  normalized_mse_mask: 0.0113 (0.0240)  rmse_m_all: 6.2230 (7.3423)  actual_mask_ratio: 0.0737 (0.0717)  actual_prediction_mask_ratio: 0.2364 (0.2352)  ignored_patch_ratio: 0.0000 (0.0022)  time: 0.1203  data: 0.0470  max mem: 1904
[17:18:28.037879] Epoch: [15]  [720/759]  eta: 0:00:04  lr: 0.000010  loss: 0.0126 (0.0238)  mae_m_mask: 0.2441 (0.2396)  rmse_m_mask: 0.3459 (0.3518)  normalized_mse_mask: 0.0126 (0.0238)  rmse_m_all: 8.1427 (7.3577)  actual_mask_ratio: 0.0714 (0.0717)  actual_prediction_mask_ratio: 0.2381 (0.2352)  ignored_patch_ratio: 0.0000 (0.0022)  time: 0.0899  data: 0.0001  max mem: 1904
[17:18:30.344567] Epoch: [15]  [740/759]  eta: 0:00:02  lr: 0.000010  loss: 0.0110 (0.0236)  mae_m_mask: 0.2100 (0.2401)  rmse_m_mask: 0.3073 (0.3529)  normalized_mse_mask: 0.0110 (0.0236)  rmse_m_all: 8.3221 (7.4007)  actual_mask_ratio: 0.0714 (0.0717)  actual_prediction_mask_ratio: 0.2336 (0.2351)  ignored_patch_ratio: 0.0000 (0.0022)  time: 0.1153  data: 0.0001  max mem: 1904
[17:18:32.411576] Epoch: [15]  [758/759]  eta: 0:00:00  lr: 0.000010  loss: 0.0095 (0.0238)  mae_m_mask: 0.2861 (0.2410)  rmse_m_mask: 0.4163 (0.3544)  normalized_mse_mask: 0.0095 (0.0238)  rmse_m_all: 7.6071 (7.4161)  actual_mask_ratio: 0.0720 (0.0717)  actual_prediction_mask_ratio: 0.2290 (0.2352)  ignored_patch_ratio: 0.0000 (0.0022)  time: 0.1148  data: 0.0001  max mem: 1904
[17:18:32.433500] Epoch: [15] Total time: 0:01:26 (0.1135 s / it)
[17:18:32.435027] Averaged stats: {'lr': 9.59802125747686e-06, 'loss': 0.023365754146777933, 'mae_m_mask': 0.23890670323699778, 'rmse_m_mask': 0.3764913159543215, 'normalized_mse_mask': 0.023365754146777933, 'rmse_m_all': 7.416110710193046, 'actual_mask_ratio': 0.0717424437629454, 'actual_prediction_mask_ratio': 0.23518415356891742, 'ignored_patch_ratio': 0.0021771977855596933, 'supervised_pixel_count': 14699718.0}
[17:18:32.595814] Val: [15]  [  0/533]  eta: 0:01:24  loss: 0.0108 (0.0108)  mae_m_mask: 1.0802 (1.0802)  rmse_m_mask: 1.2630 (1.2630)  normalized_mse_mask: 0.0108 (0.0108)  rmse_m_all: 13.8039 (13.8039)  actual_mask_ratio: 0.0787 (0.0787)  actual_prediction_mask_ratio: 0.2431 (0.2431)  ignored_patch_ratio: 0.0488 (0.0488)  time: 0.1584  data: 0.0758  max mem: 1904
[17:18:36.877526] Val: [15]  [ 50/533]  eta: 0:00:42  loss: 0.0020 (0.0040)  mae_m_mask: 0.7078 (0.8191)  rmse_m_mask: 0.8715 (0.9432)  normalized_mse_mask: 0.0020 (0.0040)  rmse_m_all: 13.2366 (14.0624)  actual_mask_ratio: 0.0694 (0.0693)  actual_prediction_mask_ratio: 0.2120 (0.2147)  ignored_patch_ratio: 0.0527 (0.0550)  time: 0.0858  data: 0.0001  max mem: 1904
[17:18:41.173628] Val: [15]  [100/533]  eta: 0:00:37  loss: 0.0004 (0.0024)  mae_m_mask: 0.5998 (0.7515)  rmse_m_mask: 0.7420 (0.8825)  normalized_mse_mask: 0.0004 (0.0024)  rmse_m_all: 17.8447 (15.6794)  actual_mask_ratio: 0.0645 (0.0686)  actual_prediction_mask_ratio: 0.2076 (0.2139)  ignored_patch_ratio: 0.0550 (0.0538)  time: 0.0843  data: 0.0001  max mem: 1904
[17:18:45.493000] Val: [15]  [150/533]  eta: 0:00:33  loss: 0.0006 (0.0019)  mae_m_mask: 0.4341 (0.7158)  rmse_m_mask: 0.5546 (0.8466)  normalized_mse_mask: 0.0006 (0.0019)  rmse_m_all: 11.3178 (15.6370)  actual_mask_ratio: 0.0707 (0.0688)  actual_prediction_mask_ratio: 0.2326 (0.2153)  ignored_patch_ratio: 0.0488 (0.0542)  time: 0.0859  data: 0.0001  max mem: 1904
[17:18:49.819489] Val: [15]  [200/533]  eta: 0:00:28  loss: 0.0010 (0.0018)  mae_m_mask: 0.6224 (0.6896)  rmse_m_mask: 0.7231 (0.8176)  normalized_mse_mask: 0.0010 (0.0018)  rmse_m_all: 14.0117 (15.1129)  actual_mask_ratio: 0.0760 (0.0695)  actual_prediction_mask_ratio: 0.2427 (0.2204)  ignored_patch_ratio: 0.0000 (0.0447)  time: 0.0865  data: 0.0001  max mem: 1904
[17:18:54.208108] Val: [15]  [250/533]  eta: 0:00:24  loss: 0.0011 (0.0017)  mae_m_mask: 0.9368 (0.7439)  rmse_m_mask: 1.1416 (0.8777)  normalized_mse_mask: 0.0011 (0.0017)  rmse_m_all: 14.6568 (15.4730)  actual_mask_ratio: 0.0725 (0.0702)  actual_prediction_mask_ratio: 0.2314 (0.2225)  ignored_patch_ratio: 0.0306 (0.0393)  time: 0.0868  data: 0.0001  max mem: 1904
[17:18:58.636298] Val: [15]  [300/533]  eta: 0:00:20  loss: 0.0005 (0.0017)  mae_m_mask: 0.7697 (0.8137)  rmse_m_mask: 0.9325 (0.9536)  normalized_mse_mask: 0.0005 (0.0017)  rmse_m_all: 23.3714 (16.5523)  actual_mask_ratio: 0.0700 (0.0704)  actual_prediction_mask_ratio: 0.2121 (0.2229)  ignored_patch_ratio: 0.0516 (0.0394)  time: 0.0895  data: 0.0001  max mem: 1904
[17:19:03.105351] Val: [15]  [350/533]  eta: 0:00:15  loss: 0.0008 (0.0016)  mae_m_mask: 0.8118 (0.8093)  rmse_m_mask: 0.9580 (0.9494)  normalized_mse_mask: 0.0008 (0.0016)  rmse_m_all: 19.6039 (16.7499)  actual_mask_ratio: 0.0698 (0.0705)  actual_prediction_mask_ratio: 0.2170 (0.2230)  ignored_patch_ratio: 0.0391 (0.0384)  time: 0.0894  data: 0.0001  max mem: 1904
[17:19:07.566585] Val: [15]  [400/533]  eta: 0:00:11  loss: 0.0009 (0.0016)  mae_m_mask: 0.8226 (0.8428)  rmse_m_mask: 0.9730 (0.9859)  normalized_mse_mask: 0.0009 (0.0016)  rmse_m_all: 18.8670 (17.1283)  actual_mask_ratio: 0.0683 (0.0702)  actual_prediction_mask_ratio: 0.2164 (0.2218)  ignored_patch_ratio: 0.0476 (0.0400)  time: 0.0889  data: 0.0001  max mem: 1904
[17:19:12.071245] Val: [15]  [450/533]  eta: 0:00:07  loss: 0.0013 (0.0018)  mae_m_mask: 1.0445 (0.8817)  rmse_m_mask: 1.3648 (1.0323)  normalized_mse_mask: 0.0013 (0.0018)  rmse_m_all: 16.9931 (17.1421)  actual_mask_ratio: 0.0670 (0.0702)  actual_prediction_mask_ratio: 0.2143 (0.2217)  ignored_patch_ratio: 0.0612 (0.0412)  time: 0.0933  data: 0.0001  max mem: 1904
[17:19:16.735319] Val: [15]  [500/533]  eta: 0:00:02  loss: 0.0004 (0.0017)  mae_m_mask: 0.5921 (0.8672)  rmse_m_mask: 0.7260 (1.0159)  normalized_mse_mask: 0.0004 (0.0017)  rmse_m_all: 16.4433 (17.1935)  actual_mask_ratio: 0.0673 (0.0700)  actual_prediction_mask_ratio: 0.2116 (0.2212)  ignored_patch_ratio: 0.0573 (0.0425)  time: 0.0932  data: 0.0001  max mem: 1904
[17:19:19.662152] Val: [15]  [532/533]  eta: 0:00:00  loss: 0.0008 (0.0017)  mae_m_mask: 0.7573 (0.8650)  rmse_m_mask: 0.9499 (1.0131)  normalized_mse_mask: 0.0008 (0.0017)  rmse_m_all: 17.8391 (17.2485)  actual_mask_ratio: 0.0666 (0.0699)  actual_prediction_mask_ratio: 0.2121 (0.2208)  ignored_patch_ratio: 0.0550 (0.0432)  time: 0.0903  data: 0.0001  max mem: 1904
[17:19:19.692128] Val: [15] Total time: 0:00:47 (0.0887 s / it)
[17:19:19.695123] val stats: {'loss': 0.0016834645476207174, 'mae_m_mask': 0.8430240506027316, 'rmse_m_mask': 1.1278319431002932, 'normalized_mse_mask': 0.0016834645476207174, 'rmse_m_all': 17.248489762336632, 'actual_mask_ratio': 0.06990061117437499, 'actual_prediction_mask_ratio': 0.22084709342156744, 'ignored_patch_ratio': 0.04319662906886489, 'supervised_pixel_count': 11054205.0}
[17:19:23.686582] log_dir: /tank/data/SFS/xinyis/data/bathymetry/MAE-Topography/Downstream_Task_Bathy/cross_validation_v5_Stage2NormMSE_MeterSelect/runs/holdout_CA_D004Stage2NormMSE_MeterSelect_D001NoDataSafe/train_stage2_normMSE_meterSelect_CA_KlamathRiver_TopoBathy_2018_D18_fromStage1Best_e120_lr1e-5_b4_acc4/tb
[17:19:23.868824] Epoch: [16]  [  0/759]  eta: 0:02:17  lr: 0.000010  loss: 0.0009 (0.0009)  mae_m_mask: 0.2611 (0.2611)  rmse_m_mask: 0.4720 (0.4720)  normalized_mse_mask: 0.0009 (0.0009)  rmse_m_all: 9.2371 (9.2371)  actual_mask_ratio: 0.0748 (0.0748)  actual_prediction_mask_ratio: 0.2443 (0.2443)  ignored_patch_ratio: 0.0000 (0.0000)  time: 0.1817  data: 0.0745  max mem: 1904
[17:19:26.184176] Epoch: [16]  [ 20/759]  eta: 0:01:27  lr: 0.000010  loss: 0.0068 (0.0174)  mae_m_mask: 0.2228 (0.2488)  rmse_m_mask: 0.3726 (0.3958)  normalized_mse_mask: 0.0068 (0.0174)  rmse_m_all: 8.6162 (9.0355)  actual_mask_ratio: 0.0692 (0.0694)  actual_prediction_mask_ratio: 0.2194 (0.2262)  ignored_patch_ratio: 0.0000 (0.0051)  time: 0.1153  data: 0.0001  max mem: 1904
[17:19:28.517156] Epoch: [16]  [ 40/759]  eta: 0:01:24  lr: 0.000010  loss: 0.0095 (0.0171)  mae_m_mask: 0.2342 (0.2575)  rmse_m_mask: 0.3291 (0.3861)  normalized_mse_mask: 0.0095 (0.0171)  rmse_m_all: 7.5840 (8.9005)  actual_mask_ratio: 0.0737 (0.0709)  actual_prediction_mask_ratio: 0.2330 (0.2318)  ignored_patch_ratio: 0.0000 (0.0029)  time: 0.1166  data: 0.0001  max mem: 1904
[17:19:30.799055] Epoch: [16]  [ 60/759]  eta: 0:01:21  lr: 0.000010  loss: 0.0097 (0.0172)  mae_m_mask: 0.2621 (0.2612)  rmse_m_mask: 0.3690 (0.3927)  normalized_mse_mask: 0.0097 (0.0172)  rmse_m_all: 6.8477 (8.3757)  actual_mask_ratio: 0.0726 (0.0714)  actual_prediction_mask_ratio: 0.2390 (0.2341)  ignored_patch_ratio: 0.0000 (0.0024)  time: 0.1141  data: 0.0001  max mem: 1904
[17:19:33.080392] Epoch: [16]  [ 80/759]  eta: 0:01:18  lr: 0.000010  loss: 0.0147 (0.0211)  mae_m_mask: 0.1856 (0.2527)  rmse_m_mask: 0.2668 (0.3763)  normalized_mse_mask: 0.0147 (0.0211)  rmse_m_all: 6.5972 (8.1145)  actual_mask_ratio: 0.0726 (0.0717)  actual_prediction_mask_ratio: 0.2409 (0.2362)  ignored_patch_ratio: 0.0000 (0.0022)  time: 0.1140  data: 0.0001  max mem: 1904
[17:19:35.421268] Epoch: [16]  [100/759]  eta: 0:01:16  lr: 0.000010  loss: 0.0126 (0.0227)  mae_m_mask: 0.2321 (0.2486)  rmse_m_mask: 0.3306 (0.3707)  normalized_mse_mask: 0.0126 (0.0227)  rmse_m_all: 4.2880 (7.7846)  actual_mask_ratio: 0.0731 (0.0720)  actual_prediction_mask_ratio: 0.2443 (0.2365)  ignored_patch_ratio: 0.0000 (0.0024)  time: 0.1170  data: 0.0001  max mem: 1904
[17:19:37.735568] Epoch: [16]  [120/759]  eta: 0:01:14  lr: 0.000010  loss: 0.0205 (0.0233)  mae_m_mask: 0.2586 (0.2534)  rmse_m_mask: 0.3920 (0.3794)  normalized_mse_mask: 0.0205 (0.0233)  rmse_m_all: 5.8641 (7.6170)  actual_mask_ratio: 0.0748 (0.0722)  actual_prediction_mask_ratio: 0.2415 (0.2369)  ignored_patch_ratio: 0.0000 (0.0025)  time: 0.1157  data: 0.0001  max mem: 1904
[17:19:40.049844] Epoch: [16]  [140/759]  eta: 0:01:11  lr: 0.000010  loss: 0.0088 (0.0224)  mae_m_mask: 0.2029 (0.2495)  rmse_m_mask: 0.2771 (0.3713)  normalized_mse_mask: 0.0088 (0.0224)  rmse_m_all: 6.5247 (7.7270)  actual_mask_ratio: 0.0686 (0.0718)  actual_prediction_mask_ratio: 0.2273 (0.2359)  ignored_patch_ratio: 0.0000 (0.0025)  time: 0.1157  data: 0.0001  max mem: 1904
[17:19:42.358027] Epoch: [16]  [160/759]  eta: 0:01:09  lr: 0.000010  loss: 0.0130 (0.0221)  mae_m_mask: 0.2018 (0.2444)  rmse_m_mask: 0.2966 (0.3625)  normalized_mse_mask: 0.0130 (0.0221)  rmse_m_all: 8.3380 (7.6927)  actual_mask_ratio: 0.0726 (0.0719)  actual_prediction_mask_ratio: 0.2370 (0.2365)  ignored_patch_ratio: 0.0000 (0.0025)  time: 0.1154  data: 0.0001  max mem: 1904
[17:19:44.638730] Epoch: [16]  [180/759]  eta: 0:01:06  lr: 0.000010  loss: 0.0108 (0.0223)  mae_m_mask: 0.2006 (0.2428)  rmse_m_mask: 0.2769 (0.3590)  normalized_mse_mask: 0.0108 (0.0223)  rmse_m_all: 6.9017 (7.6850)  actual_mask_ratio: 0.0737 (0.0722)  actual_prediction_mask_ratio: 0.2340 (0.2371)  ignored_patch_ratio: 0.0000 (0.0022)  time: 0.1140  data: 0.0001  max mem: 1904
[17:19:46.949240] Epoch: [16]  [200/759]  eta: 0:01:04  lr: 0.000010  loss: 0.0105 (0.0218)  mae_m_mask: 0.1621 (0.2367)  rmse_m_mask: 0.2160 (0.3490)  normalized_mse_mask: 0.0105 (0.0218)  rmse_m_all: 5.2764 (7.5513)  actual_mask_ratio: 0.0703 (0.0721)  actual_prediction_mask_ratio: 0.2336 (0.2365)  ignored_patch_ratio: 0.0000 (0.0025)  time: 0.1155  data: 0.0001  max mem: 1904
[17:19:49.251782] Epoch: [16]  [220/759]  eta: 0:01:02  lr: 0.000010  loss: 0.0202 (0.0222)  mae_m_mask: 0.2564 (0.2385)  rmse_m_mask: 0.3832 (0.3517)  normalized_mse_mask: 0.0202 (0.0222)  rmse_m_all: 5.8154 (7.4694)  actual_mask_ratio: 0.0703 (0.0721)  actual_prediction_mask_ratio: 0.2302 (0.2366)  ignored_patch_ratio: 0.0000 (0.0023)  time: 0.1151  data: 0.0001  max mem: 1904
[17:19:51.564675] Epoch: [16]  [240/759]  eta: 0:00:59  lr: 0.000010  loss: 0.0107 (0.0217)  mae_m_mask: 0.2442 (0.2384)  rmse_m_mask: 0.3272 (0.3516)  normalized_mse_mask: 0.0107 (0.0217)  rmse_m_all: 6.5870 (7.4929)  actual_mask_ratio: 0.0692 (0.0719)  actual_prediction_mask_ratio: 0.2307 (0.2358)  ignored_patch_ratio: 0.0000 (0.0023)  time: 0.1156  data: 0.0001  max mem: 1904
[17:19:53.885282] Epoch: [16]  [260/759]  eta: 0:00:57  lr: 0.000010  loss: 0.0193 (0.0219)  mae_m_mask: 0.1993 (0.2364)  rmse_m_mask: 0.3176 (0.3482)  normalized_mse_mask: 0.0193 (0.0219)  rmse_m_all: 6.2540 (7.4193)  actual_mask_ratio: 0.0714 (0.0718)  actual_prediction_mask_ratio: 0.2341 (0.2351)  ignored_patch_ratio: 0.0000 (0.0024)  time: 0.1160  data: 0.0001  max mem: 1904
[17:19:56.195598] Epoch: [16]  [280/759]  eta: 0:00:55  lr: 0.000010  loss: 0.0102 (0.0220)  mae_m_mask: 0.2154 (0.2363)  rmse_m_mask: 0.2927 (0.3474)  normalized_mse_mask: 0.0102 (0.0220)  rmse_m_all: 6.4211 (7.4144)  actual_mask_ratio: 0.0731 (0.0719)  actual_prediction_mask_ratio: 0.2409 (0.2353)  ignored_patch_ratio: 0.0000 (0.0024)  time: 0.1155  data: 0.0001  max mem: 1904
[17:19:58.506606] Epoch: [16]  [300/759]  eta: 0:00:53  lr: 0.000010  loss: 0.0100 (0.0223)  mae_m_mask: 0.2445 (0.2376)  rmse_m_mask: 0.3364 (0.3498)  normalized_mse_mask: 0.0100 (0.0223)  rmse_m_all: 10.1431 (7.5150)  actual_mask_ratio: 0.0697 (0.0719)  actual_prediction_mask_ratio: 0.2262 (0.2349)  ignored_patch_ratio: 0.0000 (0.0024)  time: 0.1155  data: 0.0001  max mem: 1904
[17:20:00.837007] Epoch: [16]  [320/759]  eta: 0:00:50  lr: 0.000010  loss: 0.0147 (0.0228)  mae_m_mask: 0.2018 (0.2364)  rmse_m_mask: 0.3014 (0.3480)  normalized_mse_mask: 0.0147 (0.0228)  rmse_m_all: 6.6786 (7.5195)  actual_mask_ratio: 0.0726 (0.0718)  actual_prediction_mask_ratio: 0.2370 (0.2349)  ignored_patch_ratio: 0.0000 (0.0025)  time: 0.1165  data: 0.0001  max mem: 1904
[17:20:03.147335] Epoch: [16]  [340/759]  eta: 0:00:48  lr: 0.000010  loss: 0.0148 (0.0229)  mae_m_mask: 0.2491 (0.2370)  rmse_m_mask: 0.3597 (0.3485)  normalized_mse_mask: 0.0148 (0.0229)  rmse_m_all: 7.6903 (7.5369)  actual_mask_ratio: 0.0737 (0.0718)  actual_prediction_mask_ratio: 0.2381 (0.2349)  ignored_patch_ratio: 0.0000 (0.0024)  time: 0.1155  data: 0.0001  max mem: 1904
[17:20:05.463531] Epoch: [16]  [360/759]  eta: 0:00:46  lr: 0.000010  loss: 0.0085 (0.0225)  mae_m_mask: 0.2293 (0.2381)  rmse_m_mask: 0.3261 (0.3503)  normalized_mse_mask: 0.0085 (0.0225)  rmse_m_all: 6.4958 (7.5125)  actual_mask_ratio: 0.0692 (0.0717)  actual_prediction_mask_ratio: 0.2245 (0.2345)  ignored_patch_ratio: 0.0000 (0.0027)  time: 0.1158  data: 0.0001  max mem: 1904
[17:20:07.795812] Epoch: [16]  [380/759]  eta: 0:00:43  lr: 0.000010  loss: 0.0170 (0.0229)  mae_m_mask: 0.2319 (0.2380)  rmse_m_mask: 0.3086 (0.3494)  normalized_mse_mask: 0.0170 (0.0229)  rmse_m_all: 6.0817 (7.4882)  actual_mask_ratio: 0.0737 (0.0719)  actual_prediction_mask_ratio: 0.2455 (0.2350)  ignored_patch_ratio: 0.0000 (0.0026)  time: 0.1166  data: 0.0001  max mem: 1904
[17:20:10.127785] Epoch: [16]  [400/759]  eta: 0:00:41  lr: 0.000010  loss: 0.0132 (0.0228)  mae_m_mask: 0.2246 (0.2368)  rmse_m_mask: 0.2952 (0.3480)  normalized_mse_mask: 0.0132 (0.0228)  rmse_m_all: 5.1038 (7.4118)  actual_mask_ratio: 0.0771 (0.0720)  actual_prediction_mask_ratio: 0.2432 (0.2354)  ignored_patch_ratio: 0.0000 (0.0027)  time: 0.1166  data: 0.0001  max mem: 1904
[17:20:12.378577] Epoch: [16]  [420/759]  eta: 0:00:39  lr: 0.000010  loss: 0.0127 (0.0227)  mae_m_mask: 0.2156 (0.2370)  rmse_m_mask: 0.3308 (0.3482)  normalized_mse_mask: 0.0127 (0.0227)  rmse_m_all: 6.8361 (7.4255)  actual_mask_ratio: 0.0743 (0.0720)  actual_prediction_mask_ratio: 0.2387 (0.2354)  ignored_patch_ratio: 0.0000 (0.0026)  time: 0.1125  data: 0.0001  max mem: 1904
[17:20:14.605825] Epoch: [16]  [440/759]  eta: 0:00:36  lr: 0.000010  loss: 0.0120 (0.0225)  mae_m_mask: 0.2117 (0.2368)  rmse_m_mask: 0.2862 (0.3482)  normalized_mse_mask: 0.0120 (0.0225)  rmse_m_all: 6.6492 (7.4216)  actual_mask_ratio: 0.0731 (0.0720)  actual_prediction_mask_ratio: 0.2415 (0.2357)  ignored_patch_ratio: 0.0000 (0.0025)  time: 0.1113  data: 0.0001  max mem: 1904
[17:20:16.847532] Epoch: [16]  [460/759]  eta: 0:00:34  lr: 0.000010  loss: 0.0194 (0.0228)  mae_m_mask: 0.2201 (0.2379)  rmse_m_mask: 0.3243 (0.3503)  normalized_mse_mask: 0.0194 (0.0228)  rmse_m_all: 6.3373 (7.3854)  actual_mask_ratio: 0.0714 (0.0720)  actual_prediction_mask_ratio: 0.2336 (0.2356)  ignored_patch_ratio: 0.0000 (0.0026)  time: 0.1120  data: 0.0001  max mem: 1904
[17:20:19.092334] Epoch: [16]  [480/759]  eta: 0:00:32  lr: 0.000010  loss: 0.0182 (0.0228)  mae_m_mask: 0.2551 (0.2397)  rmse_m_mask: 0.4059 (0.3529)  normalized_mse_mask: 0.0182 (0.0228)  rmse_m_all: 7.1492 (7.3775)  actual_mask_ratio: 0.0737 (0.0721)  actual_prediction_mask_ratio: 0.2387 (0.2358)  ignored_patch_ratio: 0.0000 (0.0026)  time: 0.1122  data: 0.0001  max mem: 1904
[17:20:21.340309] Epoch: [16]  [500/759]  eta: 0:00:29  lr: 0.000010  loss: 0.0155 (0.0235)  mae_m_mask: 0.2351 (0.2406)  rmse_m_mask: 0.3440 (0.3546)  normalized_mse_mask: 0.0155 (0.0235)  rmse_m_all: 7.6504 (7.4326)  actual_mask_ratio: 0.0709 (0.0720)  actual_prediction_mask_ratio: 0.2302 (0.2356)  ignored_patch_ratio: 0.0000 (0.0026)  time: 0.1124  data: 0.0001  max mem: 1904
[17:20:23.581215] Epoch: [16]  [520/759]  eta: 0:00:27  lr: 0.000010  loss: 0.0139 (0.0236)  mae_m_mask: 0.2018 (0.2394)  rmse_m_mask: 0.2765 (0.3525)  normalized_mse_mask: 0.0139 (0.0236)  rmse_m_all: 5.4510 (7.3567)  actual_mask_ratio: 0.0737 (0.0720)  actual_prediction_mask_ratio: 0.2392 (0.2358)  ignored_patch_ratio: 0.0000 (0.0025)  time: 0.1120  data: 0.0001  max mem: 1904
[17:20:25.820632] Epoch: [16]  [540/759]  eta: 0:00:25  lr: 0.000010  loss: 0.0170 (0.0234)  mae_m_mask: 0.2450 (0.2393)  rmse_m_mask: 0.3635 (0.3522)  normalized_mse_mask: 0.0170 (0.0234)  rmse_m_all: 6.0771 (7.3404)  actual_mask_ratio: 0.0720 (0.0720)  actual_prediction_mask_ratio: 0.2375 (0.2358)  ignored_patch_ratio: 0.0000 (0.0024)  time: 0.1119  data: 0.0001  max mem: 1904
[17:20:28.061266] Epoch: [16]  [560/759]  eta: 0:00:22  lr: 0.000010  loss: 0.0160 (0.0234)  mae_m_mask: 0.1938 (0.2388)  rmse_m_mask: 0.2906 (0.3514)  normalized_mse_mask: 0.0160 (0.0234)  rmse_m_all: 5.2036 (7.3009)  actual_mask_ratio: 0.0726 (0.0720)  actual_prediction_mask_ratio: 0.2296 (0.2357)  ignored_patch_ratio: 0.0000 (0.0024)  time: 0.1120  data: 0.0001  max mem: 1904
[17:20:30.307882] Epoch: [16]  [580/759]  eta: 0:00:20  lr: 0.000010  loss: 0.0144 (0.0233)  mae_m_mask: 0.1767 (0.2376)  rmse_m_mask: 0.2484 (0.3492)  normalized_mse_mask: 0.0144 (0.0233)  rmse_m_all: 5.9077 (7.2642)  actual_mask_ratio: 0.0697 (0.0719)  actual_prediction_mask_ratio: 0.2336 (0.2357)  ignored_patch_ratio: 0.0000 (0.0024)  time: 0.1123  data: 0.0001  max mem: 1904
[17:20:32.472813] Epoch: [16]  [600/759]  eta: 0:00:18  lr: 0.000010  loss: 0.0174 (0.0234)  mae_m_mask: 0.2030 (0.2376)  rmse_m_mask: 0.3109 (0.3490)  normalized_mse_mask: 0.0174 (0.0234)  rmse_m_all: 9.2884 (7.2893)  actual_mask_ratio: 0.0697 (0.0719)  actual_prediction_mask_ratio: 0.2271 (0.2355)  ignored_patch_ratio: 0.0000 (0.0023)  time: 0.1082  data: 0.0001  max mem: 1904
[17:20:34.614587] Epoch: [16]  [620/759]  eta: 0:00:15  lr: 0.000010  loss: 0.0173 (0.0235)  mae_m_mask: 0.2232 (0.2380)  rmse_m_mask: 0.3183 (0.3494)  normalized_mse_mask: 0.0173 (0.0235)  rmse_m_all: 8.6056 (7.3033)  actual_mask_ratio: 0.0693 (0.0718)  actual_prediction_mask_ratio: 0.2307 (0.2352)  ignored_patch_ratio: 0.0000 (0.0023)  time: 0.1071  data: 0.0001  max mem: 1904
[17:20:36.724729] Epoch: [16]  [640/759]  eta: 0:00:13  lr: 0.000010  loss: 0.0131 (0.0235)  mae_m_mask: 0.2465 (0.2389)  rmse_m_mask: 0.3814 (0.3510)  normalized_mse_mask: 0.0131 (0.0235)  rmse_m_all: 8.0217 (7.3087)  actual_mask_ratio: 0.0692 (0.0718)  actual_prediction_mask_ratio: 0.2262 (0.2352)  ignored_patch_ratio: 0.0000 (0.0022)  time: 0.1055  data: 0.0001  max mem: 1904
[17:20:39.364745] Epoch: [16]  [660/759]  eta: 0:00:11  lr: 0.000010  loss: 0.0135 (0.0235)  mae_m_mask: 0.2240 (0.2386)  rmse_m_mask: 0.3195 (0.3507)  normalized_mse_mask: 0.0135 (0.0235)  rmse_m_all: 6.8638 (7.3201)  actual_mask_ratio: 0.0703 (0.0718)  actual_prediction_mask_ratio: 0.2245 (0.2351)  ignored_patch_ratio: 0.0000 (0.0022)  time: 0.1320  data: 0.0556  max mem: 1904
[17:20:41.361062] Epoch: [16]  [680/759]  eta: 0:00:09  lr: 0.000010  loss: 0.0096 (0.0232)  mae_m_mask: 0.1754 (0.2384)  rmse_m_mask: 0.3355 (0.3503)  normalized_mse_mask: 0.0096 (0.0232)  rmse_m_all: 8.4924 (7.3651)  actual_mask_ratio: 0.0726 (0.0718)  actual_prediction_mask_ratio: 0.2302 (0.2349)  ignored_patch_ratio: 0.0000 (0.0022)  time: 0.0998  data: 0.0001  max mem: 1904
[17:20:43.586075] Epoch: [16]  [700/759]  eta: 0:00:06  lr: 0.000010  loss: 0.0097 (0.0230)  mae_m_mask: 0.2421 (0.2395)  rmse_m_mask: 0.3730 (0.3520)  normalized_mse_mask: 0.0097 (0.0230)  rmse_m_all: 8.5500 (7.4146)  actual_mask_ratio: 0.0718 (0.0718)  actual_prediction_mask_ratio: 0.2455 (0.2352)  ignored_patch_ratio: 0.0000 (0.0022)  time: 0.1112  data: 0.0001  max mem: 1904
[17:20:45.823202] Epoch: [16]  [720/759]  eta: 0:00:04  lr: 0.000010  loss: 0.0160 (0.0237)  mae_m_mask: 0.2065 (0.2396)  rmse_m_mask: 0.3059 (0.3520)  normalized_mse_mask: 0.0160 (0.0237)  rmse_m_all: 6.0969 (7.4014)  actual_mask_ratio: 0.0703 (0.0717)  actual_prediction_mask_ratio: 0.2330 (0.2350)  ignored_patch_ratio: 0.0000 (0.0023)  time: 0.1118  data: 0.0001  max mem: 1904
[17:20:48.042907] Epoch: [16]  [740/759]  eta: 0:00:02  lr: 0.000010  loss: 0.0096 (0.0235)  mae_m_mask: 0.2280 (0.2397)  rmse_m_mask: 0.3253 (0.3522)  normalized_mse_mask: 0.0096 (0.0235)  rmse_m_all: 5.7724 (7.3915)  actual_mask_ratio: 0.0737 (0.0718)  actual_prediction_mask_ratio: 0.2460 (0.2353)  ignored_patch_ratio: 0.0000 (0.0022)  time: 0.1109  data: 0.0001  max mem: 1904
[17:20:49.538185] Epoch: [16]  [758/759]  eta: 0:00:00  lr: 0.000010  loss: 0.0083 (0.0234)  mae_m_mask: 0.2014 (0.2394)  rmse_m_mask: 0.3036 (0.3518)  normalized_mse_mask: 0.0083 (0.0234)  rmse_m_all: 6.8760 (7.3920)  actual_mask_ratio: 0.0697 (0.0717)  actual_prediction_mask_ratio: 0.2313 (0.2352)  ignored_patch_ratio: 0.0000 (0.0022)  time: 0.0858  data: 0.0001  max mem: 1904
[17:20:49.585508] Epoch: [16] Total time: 0:01:25 (0.1132 s / it)
[17:20:49.585793] Averaged stats: {'lr': 9.54532314144597e-06, 'loss': 0.023022722678311864, 'mae_m_mask': 0.23631433946732341, 'rmse_m_mask': 0.3730937152623386, 'normalized_mse_mask': 0.023022722678311864, 'rmse_m_all': 7.391958878052878, 'actual_mask_ratio': 0.07173608909502174, 'actual_prediction_mask_ratio': 0.2351515336705762, 'ignored_patch_ratio': 0.002177197471437718, 'supervised_pixel_count': 14699611.0}
[17:20:50.154995] Val: [16]  [  0/533]  eta: 0:05:02  loss: 0.0106 (0.0106)  mae_m_mask: 1.0135 (1.0135)  rmse_m_mask: 1.2126 (1.2126)  normalized_mse_mask: 0.0106 (0.0106)  rmse_m_all: 13.9593 (13.9593)  actual_mask_ratio: 0.0787 (0.0787)  actual_prediction_mask_ratio: 0.2431 (0.2431)  ignored_patch_ratio: 0.0488 (0.0488)  time: 0.5671  data: 0.5386  max mem: 1904
[17:20:53.484419] Val: [16]  [ 50/533]  eta: 0:00:36  loss: 0.0015 (0.0037)  mae_m_mask: 0.6775 (0.7580)  rmse_m_mask: 0.8224 (0.8805)  normalized_mse_mask: 0.0015 (0.0037)  rmse_m_all: 13.3694 (14.2093)  actual_mask_ratio: 0.0694 (0.0693)  actual_prediction_mask_ratio: 0.2120 (0.2147)  ignored_patch_ratio: 0.0527 (0.0550)  time: 0.0746  data: 0.0001  max mem: 1904
[17:20:57.830941] Val: [16]  [100/533]  eta: 0:00:35  loss: 0.0004 (0.0022)  mae_m_mask: 0.5800 (0.7038)  rmse_m_mask: 0.6988 (0.8338)  normalized_mse_mask: 0.0004 (0.0022)  rmse_m_all: 18.0176 (15.8453)  actual_mask_ratio: 0.0645 (0.0686)  actual_prediction_mask_ratio: 0.2076 (0.2139)  ignored_patch_ratio: 0.0550 (0.0538)  time: 0.0861  data: 0.0001  max mem: 1904
[17:21:02.130902] Val: [16]  [150/533]  eta: 0:00:31  loss: 0.0006 (0.0018)  mae_m_mask: 0.4163 (0.6732)  rmse_m_mask: 0.5459 (0.8019)  normalized_mse_mask: 0.0006 (0.0018)  rmse_m_all: 11.4285 (15.8049)  actual_mask_ratio: 0.0707 (0.0688)  actual_prediction_mask_ratio: 0.2326 (0.2153)  ignored_patch_ratio: 0.0488 (0.0542)  time: 0.0850  data: 0.0001  max mem: 1904
[17:21:06.516172] Val: [16]  [200/533]  eta: 0:00:28  loss: 0.0011 (0.0017)  mae_m_mask: 0.7194 (0.6665)  rmse_m_mask: 0.7872 (0.7931)  normalized_mse_mask: 0.0011 (0.0017)  rmse_m_all: 14.1600 (15.2729)  actual_mask_ratio: 0.0760 (0.0695)  actual_prediction_mask_ratio: 0.2427 (0.2204)  ignored_patch_ratio: 0.0000 (0.0447)  time: 0.0862  data: 0.0001  max mem: 1904
[17:21:10.972576] Val: [16]  [250/533]  eta: 0:00:24  loss: 0.0010 (0.0017)  mae_m_mask: 1.0025 (0.7335)  rmse_m_mask: 1.1154 (0.8660)  normalized_mse_mask: 0.0010 (0.0017)  rmse_m_all: 14.8286 (15.6358)  actual_mask_ratio: 0.0725 (0.0702)  actual_prediction_mask_ratio: 0.2314 (0.2225)  ignored_patch_ratio: 0.0306 (0.0393)  time: 0.0881  data: 0.0001  max mem: 1904
[17:21:15.323031] Val: [16]  [300/533]  eta: 0:00:19  loss: 0.0004 (0.0017)  mae_m_mask: 0.7184 (0.7967)  rmse_m_mask: 0.8641 (0.9349)  normalized_mse_mask: 0.0004 (0.0017)  rmse_m_all: 23.6351 (16.7272)  actual_mask_ratio: 0.0700 (0.0704)  actual_prediction_mask_ratio: 0.2121 (0.2229)  ignored_patch_ratio: 0.0516 (0.0394)  time: 0.0859  data: 0.0001  max mem: 1904
[17:21:19.622076] Val: [16]  [350/533]  eta: 0:00:15  loss: 0.0007 (0.0016)  mae_m_mask: 0.7807 (0.7934)  rmse_m_mask: 0.9082 (0.9317)  normalized_mse_mask: 0.0007 (0.0016)  rmse_m_all: 19.8207 (16.9269)  actual_mask_ratio: 0.0698 (0.0705)  actual_prediction_mask_ratio: 0.2170 (0.2230)  ignored_patch_ratio: 0.0391 (0.0384)  time: 0.0867  data: 0.0001  max mem: 1904
[17:21:23.950163] Val: [16]  [400/533]  eta: 0:00:11  loss: 0.0008 (0.0015)  mae_m_mask: 0.7071 (0.8183)  rmse_m_mask: 0.8538 (0.9591)  normalized_mse_mask: 0.0008 (0.0015)  rmse_m_all: 19.0652 (17.3100)  actual_mask_ratio: 0.0683 (0.0702)  actual_prediction_mask_ratio: 0.2164 (0.2218)  ignored_patch_ratio: 0.0476 (0.0400)  time: 0.0860  data: 0.0001  max mem: 1904
[17:21:28.325414] Val: [16]  [450/533]  eta: 0:00:07  loss: 0.0011 (0.0017)  mae_m_mask: 1.0132 (0.8516)  rmse_m_mask: 1.2832 (0.9998)  normalized_mse_mask: 0.0011 (0.0017)  rmse_m_all: 17.1840 (17.3235)  actual_mask_ratio: 0.0670 (0.0702)  actual_prediction_mask_ratio: 0.2143 (0.2217)  ignored_patch_ratio: 0.0612 (0.0412)  time: 0.0873  data: 0.0001  max mem: 1904
[17:21:32.673600] Val: [16]  [500/533]  eta: 0:00:02  loss: 0.0003 (0.0016)  mae_m_mask: 0.5330 (0.8361)  rmse_m_mask: 0.6312 (0.9825)  normalized_mse_mask: 0.0003 (0.0016)  rmse_m_all: 16.6165 (17.3755)  actual_mask_ratio: 0.0673 (0.0700)  actual_prediction_mask_ratio: 0.2116 (0.2212)  ignored_patch_ratio: 0.0573 (0.0425)  time: 0.0871  data: 0.0001  max mem: 1904
[17:21:35.424334] Val: [16]  [532/533]  eta: 0:00:00  loss: 0.0007 (0.0016)  mae_m_mask: 0.7023 (0.8327)  rmse_m_mask: 0.8654 (0.9786)  normalized_mse_mask: 0.0007 (0.0016)  rmse_m_all: 18.0171 (17.4315)  actual_mask_ratio: 0.0666 (0.0699)  actual_prediction_mask_ratio: 0.2121 (0.2208)  ignored_patch_ratio: 0.0550 (0.0432)  time: 0.0862  data: 0.0001  max mem: 1904
[17:21:35.455790] Val: [16] Total time: 0:00:45 (0.0861 s / it)
[17:21:35.457043] val stats: {'loss': 0.0016084946445799754, 'mae_m_mask': 0.8153888636996269, 'rmse_m_mask': 1.0931945676199113, 'normalized_mse_mask': 0.0016084946445799754, 'rmse_m_all': 17.431502713942393, 'actual_mask_ratio': 0.06990061117437499, 'actual_prediction_mask_ratio': 0.22084709342156744, 'ignored_patch_ratio': 0.04319662906886489, 'supervised_pixel_count': 11054205.0}
[17:21:40.088458] log_dir: /tank/data/SFS/xinyis/data/bathymetry/MAE-Topography/Downstream_Task_Bathy/cross_validation_v5_Stage2NormMSE_MeterSelect/runs/holdout_CA_D004Stage2NormMSE_MeterSelect_D001NoDataSafe/train_stage2_normMSE_meterSelect_CA_KlamathRiver_TopoBathy_2018_D18_fromStage1Best_e120_lr1e-5_b4_acc4/tb
[17:21:40.282816] Epoch: [17]  [  0/759]  eta: 0:02:27  lr: 0.000010  loss: 0.0565 (0.0565)  mae_m_mask: 0.2323 (0.2323)  rmse_m_mask: 0.3462 (0.3462)  normalized_mse_mask: 0.0565 (0.0565)  rmse_m_all: 6.3720 (6.3720)  actual_mask_ratio: 0.0748 (0.0748)  actual_prediction_mask_ratio: 0.2545 (0.2545)  ignored_patch_ratio: 0.0000 (0.0000)  time: 0.1938  data: 0.0824  max mem: 1904
[17:21:42.572334] Epoch: [17]  [ 20/759]  eta: 0:01:27  lr: 0.000010  loss: 0.0140 (0.0250)  mae_m_mask: 0.1709 (0.1998)  rmse_m_mask: 0.2482 (0.2943)  normalized_mse_mask: 0.0140 (0.0250)  rmse_m_all: 7.2537 (7.6412)  actual_mask_ratio: 0.0731 (0.0725)  actual_prediction_mask_ratio: 0.2364 (0.2359)  ignored_patch_ratio: 0.0000 (0.0005)  time: 0.1144  data: 0.0001  max mem: 1904
[17:21:44.879173] Epoch: [17]  [ 40/759]  eta: 0:01:23  lr: 0.000010  loss: 0.0167 (0.0250)  mae_m_mask: 0.2084 (0.2173)  rmse_m_mask: 0.2966 (0.3201)  normalized_mse_mask: 0.0167 (0.0250)  rmse_m_all: 4.2359 (6.5376)  actual_mask_ratio: 0.0703 (0.0723)  actual_prediction_mask_ratio: 0.2319 (0.2363)  ignored_patch_ratio: 0.0000 (0.0005)  time: 0.1153  data: 0.0001  max mem: 1904
[17:21:47.197342] Epoch: [17]  [ 60/759]  eta: 0:01:21  lr: 0.000010  loss: 0.0196 (0.0252)  mae_m_mask: 0.2213 (0.2262)  rmse_m_mask: 0.3086 (0.3360)  normalized_mse_mask: 0.0196 (0.0252)  rmse_m_all: 5.5878 (6.6351)  actual_mask_ratio: 0.0703 (0.0717)  actual_prediction_mask_ratio: 0.2398 (0.2359)  ignored_patch_ratio: 0.0000 (0.0013)  time: 0.1159  data: 0.0001  max mem: 1904
[17:21:49.516071] Epoch: [17]  [ 80/759]  eta: 0:01:18  lr: 0.000010  loss: 0.0059 (0.0235)  mae_m_mask: 0.2251 (0.2317)  rmse_m_mask: 0.3594 (0.3427)  normalized_mse_mask: 0.0059 (0.0235)  rmse_m_all: 5.8880 (6.8639)  actual_mask_ratio: 0.0731 (0.0719)  actual_prediction_mask_ratio: 0.2409 (0.2367)  ignored_patch_ratio: 0.0000 (0.0012)  time: 0.1159  data: 0.0001  max mem: 1904
[17:21:51.862446] Epoch: [17]  [100/759]  eta: 0:01:16  lr: 0.000010  loss: 0.0152 (0.0238)  mae_m_mask: 0.2256 (0.2315)  rmse_m_mask: 0.3111 (0.3409)  normalized_mse_mask: 0.0152 (0.0238)  rmse_m_all: 6.2387 (6.8875)  actual_mask_ratio: 0.0709 (0.0719)  actual_prediction_mask_ratio: 0.2409 (0.2371)  ignored_patch_ratio: 0.0000 (0.0013)  time: 0.1173  data: 0.0001  max mem: 1904
[17:21:54.177401] Epoch: [17]  [120/759]  eta: 0:01:14  lr: 0.000010  loss: 0.0150 (0.0232)  mae_m_mask: 0.2367 (0.2332)  rmse_m_mask: 0.3520 (0.3451)  normalized_mse_mask: 0.0150 (0.0232)  rmse_m_all: 7.7966 (6.9038)  actual_mask_ratio: 0.0737 (0.0721)  actual_prediction_mask_ratio: 0.2392 (0.2370)  ignored_patch_ratio: 0.0000 (0.0017)  time: 0.1157  data: 0.0001  max mem: 1904
[17:21:56.468546] Epoch: [17]  [140/759]  eta: 0:01:11  lr: 0.000010  loss: 0.0122 (0.0237)  mae_m_mask: 0.2241 (0.2328)  rmse_m_mask: 0.3078 (0.3439)  normalized_mse_mask: 0.0122 (0.0237)  rmse_m_all: 6.8787 (7.1080)  actual_mask_ratio: 0.0752 (0.0723)  actual_prediction_mask_ratio: 0.2392 (0.2375)  ignored_patch_ratio: 0.0000 (0.0017)  time: 0.1145  data: 0.0001  max mem: 1904
[17:21:58.776658] Epoch: [17]  [160/759]  eta: 0:01:09  lr: 0.000010  loss: 0.0183 (0.0237)  mae_m_mask: 0.2208 (0.2343)  rmse_m_mask: 0.3546 (0.3465)  normalized_mse_mask: 0.0183 (0.0237)  rmse_m_all: 6.6061 (7.1772)  actual_mask_ratio: 0.0731 (0.0724)  actual_prediction_mask_ratio: 0.2438 (0.2375)  ignored_patch_ratio: 0.0000 (0.0018)  time: 0.1154  data: 0.0001  max mem: 1904
[17:22:01.081801] Epoch: [17]  [180/759]  eta: 0:01:07  lr: 0.000010  loss: 0.0181 (0.0241)  mae_m_mask: 0.2188 (0.2342)  rmse_m_mask: 0.3225 (0.3454)  normalized_mse_mask: 0.0181 (0.0241)  rmse_m_all: 5.1974 (7.0606)  actual_mask_ratio: 0.0714 (0.0724)  actual_prediction_mask_ratio: 0.2341 (0.2373)  ignored_patch_ratio: 0.0000 (0.0018)  time: 0.1152  data: 0.0001  max mem: 1904
[17:22:03.356307] Epoch: [17]  [200/759]  eta: 0:01:04  lr: 0.000010  loss: 0.0131 (0.0247)  mae_m_mask: 0.2239 (0.2348)  rmse_m_mask: 0.3138 (0.3460)  normalized_mse_mask: 0.0131 (0.0247)  rmse_m_all: 6.4791 (7.0820)  actual_mask_ratio: 0.0703 (0.0720)  actual_prediction_mask_ratio: 0.2258 (0.2362)  ignored_patch_ratio: 0.0000 (0.0021)  time: 0.1137  data: 0.0001  max mem: 1904
[17:22:05.622327] Epoch: [17]  [220/759]  eta: 0:01:02  lr: 0.000010  loss: 0.0150 (0.0243)  mae_m_mask: 0.2221 (0.2360)  rmse_m_mask: 0.3051 (0.3472)  normalized_mse_mask: 0.0150 (0.0243)  rmse_m_all: 6.6133 (7.0577)  actual_mask_ratio: 0.0703 (0.0719)  actual_prediction_mask_ratio: 0.2353 (0.2364)  ignored_patch_ratio: 0.0000 (0.0021)  time: 0.1133  data: 0.0001  max mem: 1904
[17:22:07.949201] Epoch: [17]  [240/759]  eta: 0:00:59  lr: 0.000010  loss: 0.0150 (0.0241)  mae_m_mask: 0.2428 (0.2368)  rmse_m_mask: 0.3445 (0.3487)  normalized_mse_mask: 0.0150 (0.0241)  rmse_m_all: 6.1163 (7.0971)  actual_mask_ratio: 0.0697 (0.0718)  actual_prediction_mask_ratio: 0.2239 (0.2363)  ignored_patch_ratio: 0.0000 (0.0019)  time: 0.1163  data: 0.0001  max mem: 1904
[17:22:10.280143] Epoch: [17]  [260/759]  eta: 0:00:57  lr: 0.000009  loss: 0.0142 (0.0236)  mae_m_mask: 0.1795 (0.2340)  rmse_m_mask: 0.2669 (0.3452)  normalized_mse_mask: 0.0142 (0.0236)  rmse_m_all: 5.1038 (7.0566)  actual_mask_ratio: 0.0715 (0.0719)  actual_prediction_mask_ratio: 0.2307 (0.2362)  ignored_patch_ratio: 0.0000 (0.0020)  time: 0.1165  data: 0.0001  max mem: 1904
[17:22:12.612779] Epoch: [17]  [280/759]  eta: 0:00:55  lr: 0.000009  loss: 0.0078 (0.0228)  mae_m_mask: 0.2442 (0.2368)  rmse_m_mask: 0.3446 (0.3499)  normalized_mse_mask: 0.0078 (0.0228)  rmse_m_all: 6.1968 (7.0373)  actual_mask_ratio: 0.0714 (0.0719)  actual_prediction_mask_ratio: 0.2415 (0.2363)  ignored_patch_ratio: 0.0000 (0.0020)  time: 0.1166  data: 0.0001  max mem: 1904
[17:22:14.944747] Epoch: [17]  [300/759]  eta: 0:00:53  lr: 0.000009  loss: 0.0143 (0.0227)  mae_m_mask: 0.2372 (0.2370)  rmse_m_mask: 0.3719 (0.3511)  normalized_mse_mask: 0.0143 (0.0227)  rmse_m_all: 7.1138 (7.0722)  actual_mask_ratio: 0.0726 (0.0719)  actual_prediction_mask_ratio: 0.2341 (0.2359)  ignored_patch_ratio: 0.0000 (0.0020)  time: 0.1166  data: 0.0001  max mem: 1904
[17:22:17.276950] Epoch: [17]  [320/759]  eta: 0:00:50  lr: 0.000009  loss: 0.0098 (0.0222)  mae_m_mask: 0.2198 (0.2369)  rmse_m_mask: 0.3356 (0.3500)  normalized_mse_mask: 0.0098 (0.0222)  rmse_m_all: 7.6645 (7.0774)  actual_mask_ratio: 0.0743 (0.0720)  actual_prediction_mask_ratio: 0.2375 (0.2362)  ignored_patch_ratio: 0.0000 (0.0019)  time: 0.1166  data: 0.0001  max mem: 1904
[17:22:19.607735] Epoch: [17]  [340/759]  eta: 0:00:48  lr: 0.000009  loss: 0.0133 (0.0226)  mae_m_mask: 0.2548 (0.2382)  rmse_m_mask: 0.3848 (0.3518)  normalized_mse_mask: 0.0133 (0.0226)  rmse_m_all: 6.8448 (7.1234)  actual_mask_ratio: 0.0731 (0.0721)  actual_prediction_mask_ratio: 0.2443 (0.2365)  ignored_patch_ratio: 0.0000 (0.0019)  time: 0.1165  data: 0.0001  max mem: 1904
[17:22:21.937283] Epoch: [17]  [360/759]  eta: 0:00:46  lr: 0.000009  loss: 0.0139 (0.0233)  mae_m_mask: 0.2454 (0.2385)  rmse_m_mask: 0.3704 (0.3522)  normalized_mse_mask: 0.0139 (0.0233)  rmse_m_all: 7.0118 (7.1285)  actual_mask_ratio: 0.0737 (0.0721)  actual_prediction_mask_ratio: 0.2375 (0.2366)  ignored_patch_ratio: 0.0000 (0.0018)  time: 0.1164  data: 0.0001  max mem: 1904
[17:22:24.251275] Epoch: [17]  [380/759]  eta: 0:00:43  lr: 0.000009  loss: 0.0115 (0.0232)  mae_m_mask: 0.2152 (0.2372)  rmse_m_mask: 0.3121 (0.3506)  normalized_mse_mask: 0.0115 (0.0232)  rmse_m_all: 7.7722 (7.1458)  actual_mask_ratio: 0.0704 (0.0720)  actual_prediction_mask_ratio: 0.2364 (0.2363)  ignored_patch_ratio: 0.0000 (0.0018)  time: 0.1157  data: 0.0001  max mem: 1904
[17:22:26.552504] Epoch: [17]  [400/759]  eta: 0:00:41  lr: 0.000009  loss: 0.0117 (0.0231)  mae_m_mask: 0.2416 (0.2372)  rmse_m_mask: 0.3414 (0.3501)  normalized_mse_mask: 0.0117 (0.0231)  rmse_m_all: 9.1354 (7.2172)  actual_mask_ratio: 0.0731 (0.0720)  actual_prediction_mask_ratio: 0.2353 (0.2364)  ignored_patch_ratio: 0.0000 (0.0017)  time: 0.1150  data: 0.0001  max mem: 1904
[17:22:28.882859] Epoch: [17]  [420/759]  eta: 0:00:39  lr: 0.000009  loss: 0.0202 (0.0235)  mae_m_mask: 0.2200 (0.2365)  rmse_m_mask: 0.3139 (0.3484)  normalized_mse_mask: 0.0202 (0.0235)  rmse_m_all: 6.1576 (7.2377)  actual_mask_ratio: 0.0731 (0.0721)  actual_prediction_mask_ratio: 0.2387 (0.2362)  ignored_patch_ratio: 0.0000 (0.0019)  time: 0.1165  data: 0.0001  max mem: 1904
[17:22:31.214246] Epoch: [17]  [440/759]  eta: 0:00:36  lr: 0.000009  loss: 0.0159 (0.0235)  mae_m_mask: 0.2025 (0.2365)  rmse_m_mask: 0.2821 (0.3490)  normalized_mse_mask: 0.0159 (0.0235)  rmse_m_all: 7.2495 (7.2962)  actual_mask_ratio: 0.0704 (0.0720)  actual_prediction_mask_ratio: 0.2279 (0.2360)  ignored_patch_ratio: 0.0000 (0.0018)  time: 0.1165  data: 0.0001  max mem: 1904
[17:22:33.549503] Epoch: [17]  [460/759]  eta: 0:00:34  lr: 0.000009  loss: 0.0095 (0.0234)  mae_m_mask: 0.2163 (0.2366)  rmse_m_mask: 0.3443 (0.3495)  normalized_mse_mask: 0.0095 (0.0234)  rmse_m_all: 7.0556 (7.2801)  actual_mask_ratio: 0.0731 (0.0720)  actual_prediction_mask_ratio: 0.2392 (0.2362)  ignored_patch_ratio: 0.0000 (0.0020)  time: 0.1167  data: 0.0001  max mem: 1904
[17:22:35.879834] Epoch: [17]  [480/759]  eta: 0:00:32  lr: 0.000009  loss: 0.0133 (0.0236)  mae_m_mask: 0.2310 (0.2377)  rmse_m_mask: 0.3648 (0.3511)  normalized_mse_mask: 0.0133 (0.0236)  rmse_m_all: 7.9452 (7.3600)  actual_mask_ratio: 0.0731 (0.0720)  actual_prediction_mask_ratio: 0.2251 (0.2360)  ignored_patch_ratio: 0.0000 (0.0021)  time: 0.1165  data: 0.0001  max mem: 1904
[17:22:38.080293] Epoch: [17]  [500/759]  eta: 0:00:29  lr: 0.000009  loss: 0.0185 (0.0237)  mae_m_mask: 0.2449 (0.2383)  rmse_m_mask: 0.3539 (0.3520)  normalized_mse_mask: 0.0185 (0.0237)  rmse_m_all: 6.3272 (7.3416)  actual_mask_ratio: 0.0726 (0.0721)  actual_prediction_mask_ratio: 0.2324 (0.2360)  ignored_patch_ratio: 0.0000 (0.0021)  time: 0.1100  data: 0.0001  max mem: 1904
[17:22:40.272558] Epoch: [17]  [520/759]  eta: 0:00:27  lr: 0.000009  loss: 0.0099 (0.0235)  mae_m_mask: 0.2169 (0.2385)  rmse_m_mask: 0.3064 (0.3520)  normalized_mse_mask: 0.0099 (0.0235)  rmse_m_all: 6.3615 (7.3425)  actual_mask_ratio: 0.0720 (0.0720)  actual_prediction_mask_ratio: 0.2319 (0.2359)  ignored_patch_ratio: 0.0000 (0.0021)  time: 0.1096  data: 0.0001  max mem: 1904
[17:22:42.469319] Epoch: [17]  [540/759]  eta: 0:00:25  lr: 0.000009  loss: 0.0185 (0.0235)  mae_m_mask: 0.1863 (0.2374)  rmse_m_mask: 0.2661 (0.3499)  normalized_mse_mask: 0.0185 (0.0235)  rmse_m_all: 8.3214 (7.3656)  actual_mask_ratio: 0.0743 (0.0721)  actual_prediction_mask_ratio: 0.2398 (0.2362)  ignored_patch_ratio: 0.0000 (0.0021)  time: 0.1098  data: 0.0001  max mem: 1904
[17:22:44.666283] Epoch: [17]  [560/759]  eta: 0:00:22  lr: 0.000009  loss: 0.0128 (0.0234)  mae_m_mask: 0.2192 (0.2380)  rmse_m_mask: 0.3298 (0.3521)  normalized_mse_mask: 0.0128 (0.0234)  rmse_m_all: 6.8753 (7.3917)  actual_mask_ratio: 0.0709 (0.0720)  actual_prediction_mask_ratio: 0.2309 (0.2360)  ignored_patch_ratio: 0.0000 (0.0021)  time: 0.1098  data: 0.0001  max mem: 1904
[17:22:46.864497] Epoch: [17]  [580/759]  eta: 0:00:20  lr: 0.000009  loss: 0.0134 (0.0233)  mae_m_mask: 0.2238 (0.2380)  rmse_m_mask: 0.3322 (0.3518)  normalized_mse_mask: 0.0134 (0.0233)  rmse_m_all: 9.7650 (7.4334)  actual_mask_ratio: 0.0703 (0.0720)  actual_prediction_mask_ratio: 0.2275 (0.2357)  ignored_patch_ratio: 0.0000 (0.0021)  time: 0.1099  data: 0.0001  max mem: 1904
[17:22:49.055456] Epoch: [17]  [600/759]  eta: 0:00:18  lr: 0.000009  loss: 0.0122 (0.0232)  mae_m_mask: 0.1990 (0.2374)  rmse_m_mask: 0.3235 (0.3508)  normalized_mse_mask: 0.0122 (0.0232)  rmse_m_all: 5.5381 (7.3978)  actual_mask_ratio: 0.0754 (0.0720)  actual_prediction_mask_ratio: 0.2415 (0.2357)  ignored_patch_ratio: 0.0000 (0.0022)  time: 0.1095  data: 0.0001  max mem: 1904
[17:22:51.253363] Epoch: [17]  [620/759]  eta: 0:00:15  lr: 0.000009  loss: 0.0186 (0.0232)  mae_m_mask: 0.2119 (0.2370)  rmse_m_mask: 0.3316 (0.3502)  normalized_mse_mask: 0.0186 (0.0232)  rmse_m_all: 7.6919 (7.4117)  actual_mask_ratio: 0.0722 (0.0720)  actual_prediction_mask_ratio: 0.2324 (0.2358)  ignored_patch_ratio: 0.0000 (0.0021)  time: 0.1099  data: 0.0001  max mem: 1904
[17:22:53.473953] Epoch: [17]  [640/759]  eta: 0:00:13  lr: 0.000009  loss: 0.0209 (0.0233)  mae_m_mask: 0.2548 (0.2369)  rmse_m_mask: 0.3543 (0.3505)  normalized_mse_mask: 0.0209 (0.0233)  rmse_m_all: 6.1536 (7.4067)  actual_mask_ratio: 0.0714 (0.0721)  actual_prediction_mask_ratio: 0.2426 (0.2359)  ignored_patch_ratio: 0.0000 (0.0021)  time: 0.1110  data: 0.0001  max mem: 1904
[17:22:55.648445] Epoch: [17]  [660/759]  eta: 0:00:11  lr: 0.000009  loss: 0.0138 (0.0232)  mae_m_mask: 0.2244 (0.2367)  rmse_m_mask: 0.3117 (0.3499)  normalized_mse_mask: 0.0138 (0.0232)  rmse_m_all: 8.4683 (7.4361)  actual_mask_ratio: 0.0693 (0.0719)  actual_prediction_mask_ratio: 0.2232 (0.2356)  ignored_patch_ratio: 0.0000 (0.0022)  time: 0.1087  data: 0.0001  max mem: 1904
[17:22:57.802702] Epoch: [17]  [680/759]  eta: 0:00:09  lr: 0.000009  loss: 0.0142 (0.0231)  mae_m_mask: 0.2085 (0.2361)  rmse_m_mask: 0.2808 (0.3485)  normalized_mse_mask: 0.0142 (0.0231)  rmse_m_all: 5.1177 (7.4058)  actual_mask_ratio: 0.0728 (0.0719)  actual_prediction_mask_ratio: 0.2341 (0.2355)  ignored_patch_ratio: 0.0000 (0.0022)  time: 0.1077  data: 0.0001  max mem: 1904
[17:22:59.984954] Epoch: [17]  [700/759]  eta: 0:00:06  lr: 0.000009  loss: 0.0207 (0.0232)  mae_m_mask: 0.2092 (0.2359)  rmse_m_mask: 0.2775 (0.3482)  normalized_mse_mask: 0.0207 (0.0232)  rmse_m_all: 5.0223 (7.3945)  actual_mask_ratio: 0.0709 (0.0719)  actual_prediction_mask_ratio: 0.2347 (0.2355)  ignored_patch_ratio: 0.0000 (0.0022)  time: 0.1091  data: 0.0001  max mem: 1904
[17:23:02.190191] Epoch: [17]  [720/759]  eta: 0:00:04  lr: 0.000009  loss: 0.0078 (0.0230)  mae_m_mask: 0.2403 (0.2361)  rmse_m_mask: 0.3346 (0.3481)  normalized_mse_mask: 0.0078 (0.0230)  rmse_m_all: 7.5084 (7.4191)  actual_mask_ratio: 0.0737 (0.0719)  actual_prediction_mask_ratio: 0.2375 (0.2353)  ignored_patch_ratio: 0.0000 (0.0022)  time: 0.1102  data: 0.0001  max mem: 1904
[17:23:03.885562] Epoch: [17]  [740/759]  eta: 0:00:02  lr: 0.000009  loss: 0.0188 (0.0233)  mae_m_mask: 0.2438 (0.2363)  rmse_m_mask: 0.3352 (0.3485)  normalized_mse_mask: 0.0188 (0.0233)  rmse_m_all: 5.7250 (7.4113)  actual_mask_ratio: 0.0681 (0.0718)  actual_prediction_mask_ratio: 0.2290 (0.2352)  ignored_patch_ratio: 0.0000 (0.0022)  time: 0.0847  data: 0.0001  max mem: 1904
[17:23:06.678301] Epoch: [17]  [758/759]  eta: 0:00:00  lr: 0.000009  loss: 0.0206 (0.0235)  mae_m_mask: 0.2403 (0.2363)  rmse_m_mask: 0.3370 (0.3487)  normalized_mse_mask: 0.0206 (0.0235)  rmse_m_all: 9.1926 (7.4164)  actual_mask_ratio: 0.0697 (0.0717)  actual_prediction_mask_ratio: 0.2364 (0.2352)  ignored_patch_ratio: 0.0000 (0.0022)  time: 0.1465  data: 0.0502  max mem: 1904
[17:23:06.734317] Epoch: [17] Total time: 0:01:26 (0.1142 s / it)
[17:23:06.734440] Averaged stats: {'lr': 9.489544155480294e-06, 'loss': 0.02297363304314687, 'mae_m_mask': 0.23440581409769762, 'rmse_m_mask': 0.370286725622563, 'normalized_mse_mask': 0.02297363304314687, 'rmse_m_all': 7.416392334600682, 'actual_mask_ratio': 0.07174276320045331, 'actual_prediction_mask_ratio': 0.2351958029983229, 'ignored_patch_ratio': 0.0021771977070291996, 'supervised_pixel_count': 14696666.0}
[17:23:06.871351] Val: [17]  [  0/533]  eta: 0:01:11  loss: 0.0096 (0.0096)  mae_m_mask: 0.8778 (0.8778)  rmse_m_mask: 1.0856 (1.0856)  normalized_mse_mask: 0.0096 (0.0096)  rmse_m_all: 13.9235 (13.9235)  actual_mask_ratio: 0.0787 (0.0787)  actual_prediction_mask_ratio: 0.2431 (0.2431)  ignored_patch_ratio: 0.0488 (0.0488)  time: 0.1347  data: 0.0792  max mem: 1904
[17:23:11.075586] Val: [17]  [ 50/533]  eta: 0:00:41  loss: 0.0012 (0.0036)  mae_m_mask: 0.6287 (0.6822)  rmse_m_mask: 0.7597 (0.8025)  normalized_mse_mask: 0.0012 (0.0036)  rmse_m_all: 13.3526 (14.1890)  actual_mask_ratio: 0.0694 (0.0693)  actual_prediction_mask_ratio: 0.2120 (0.2147)  ignored_patch_ratio: 0.0527 (0.0550)  time: 0.0857  data: 0.0001  max mem: 1904
[17:23:14.815399] Val: [17]  [100/533]  eta: 0:00:34  loss: 0.0005 (0.0022)  mae_m_mask: 0.5744 (0.6599)  rmse_m_mask: 0.7817 (0.7859)  normalized_mse_mask: 0.0005 (0.0022)  rmse_m_all: 17.9948 (15.8170)  actual_mask_ratio: 0.0645 (0.0686)  actual_prediction_mask_ratio: 0.2076 (0.2139)  ignored_patch_ratio: 0.0550 (0.0538)  time: 0.0769  data: 0.0247  max mem: 1904
[17:23:18.011573] Val: [17]  [150/533]  eta: 0:00:28  loss: 0.0008 (0.0018)  mae_m_mask: 0.3873 (0.6387)  rmse_m_mask: 0.5595 (0.7636)  normalized_mse_mask: 0.0008 (0.0018)  rmse_m_all: 11.4135 (15.7718)  actual_mask_ratio: 0.0707 (0.0688)  actual_prediction_mask_ratio: 0.2326 (0.2153)  ignored_patch_ratio: 0.0488 (0.0542)  time: 0.0658  data: 0.0001  max mem: 1904
[17:23:22.479249] Val: [17]  [200/533]  eta: 0:00:26  loss: 0.0014 (0.0018)  mae_m_mask: 0.8249 (0.6621)  rmse_m_mask: 0.9423 (0.7869)  normalized_mse_mask: 0.0014 (0.0018)  rmse_m_all: 14.1188 (15.2414)  actual_mask_ratio: 0.0760 (0.0695)  actual_prediction_mask_ratio: 0.2427 (0.2204)  ignored_patch_ratio: 0.0000 (0.0447)  time: 0.0892  data: 0.0001  max mem: 1904
[17:23:26.930533] Val: [17]  [250/533]  eta: 0:00:22  loss: 0.0009 (0.0018)  mae_m_mask: 0.8035 (0.7557)  rmse_m_mask: 0.9693 (0.8858)  normalized_mse_mask: 0.0009 (0.0018)  rmse_m_all: 14.7644 (15.6006)  actual_mask_ratio: 0.0725 (0.0702)  actual_prediction_mask_ratio: 0.2314 (0.2225)  ignored_patch_ratio: 0.0306 (0.0393)  time: 0.0873  data: 0.0001  max mem: 1904
[17:23:31.418306] Val: [17]  [300/533]  eta: 0:00:19  loss: 0.0005 (0.0017)  mae_m_mask: 0.8885 (0.7950)  rmse_m_mask: 1.0535 (0.9288)  normalized_mse_mask: 0.0005 (0.0017)  rmse_m_all: 23.5429 (16.6852)  actual_mask_ratio: 0.0700 (0.0704)  actual_prediction_mask_ratio: 0.2121 (0.2229)  ignored_patch_ratio: 0.0516 (0.0394)  time: 0.0895  data: 0.0001  max mem: 1904
[17:23:35.871235] Val: [17]  [350/533]  eta: 0:00:15  loss: 0.0005 (0.0016)  mae_m_mask: 0.6029 (0.7947)  rmse_m_mask: 0.7258 (0.9286)  normalized_mse_mask: 0.0005 (0.0016)  rmse_m_all: 19.7205 (16.8837)  actual_mask_ratio: 0.0698 (0.0705)  actual_prediction_mask_ratio: 0.2170 (0.2230)  ignored_patch_ratio: 0.0391 (0.0384)  time: 0.0892  data: 0.0001  max mem: 1904
[17:23:40.259629] Val: [17]  [400/533]  eta: 0:00:11  loss: 0.0007 (0.0015)  mae_m_mask: 0.6844 (0.8025)  rmse_m_mask: 0.8004 (0.9380)  normalized_mse_mask: 0.0007 (0.0015)  rmse_m_all: 18.9810 (17.2651)  actual_mask_ratio: 0.0683 (0.0702)  actual_prediction_mask_ratio: 0.2164 (0.2218)  ignored_patch_ratio: 0.0476 (0.0400)  time: 0.0874  data: 0.0001  max mem: 1904
[17:23:44.889945] Val: [17]  [450/533]  eta: 0:00:07  loss: 0.0008 (0.0016)  mae_m_mask: 0.8137 (0.8173)  rmse_m_mask: 0.9511 (0.9597)  normalized_mse_mask: 0.0008 (0.0016)  rmse_m_all: 17.1322 (17.2782)  actual_mask_ratio: 0.0670 (0.0702)  actual_prediction_mask_ratio: 0.2143 (0.2217)  ignored_patch_ratio: 0.0612 (0.0412)  time: 0.0949  data: 0.0001  max mem: 1904
[17:23:49.322436] Val: [17]  [500/533]  eta: 0:00:02  loss: 0.0003 (0.0015)  mae_m_mask: 0.5380 (0.8001)  rmse_m_mask: 0.6184 (0.9411)  normalized_mse_mask: 0.0003 (0.0015)  rmse_m_all: 16.5966 (17.3311)  actual_mask_ratio: 0.0673 (0.0700)  actual_prediction_mask_ratio: 0.2116 (0.2212)  ignored_patch_ratio: 0.0573 (0.0425)  time: 0.0884  data: 0.0001  max mem: 1904
[17:23:52.114892] Val: [17]  [532/533]  eta: 0:00:00  loss: 0.0005 (0.0015)  mae_m_mask: 0.6821 (0.7939)  rmse_m_mask: 0.7930 (0.9343)  normalized_mse_mask: 0.0005 (0.0015)  rmse_m_all: 17.9843 (17.3866)  actual_mask_ratio: 0.0666 (0.0699)  actual_prediction_mask_ratio: 0.2121 (0.2208)  ignored_patch_ratio: 0.0550 (0.0432)  time: 0.0864  data: 0.0001  max mem: 1904
[17:23:52.143660] Val: [17] Total time: 0:00:45 (0.0852 s / it)
[17:23:52.145145] val stats: {'loss': 0.0015242764487120044, 'mae_m_mask': 0.7866249336702498, 'rmse_m_mask': 1.0430787000333541, 'normalized_mse_mask': 0.0015242764487120044, 'rmse_m_all': 17.38662750725451, 'actual_mask_ratio': 0.06990061117437499, 'actual_prediction_mask_ratio': 0.22084709342156744, 'ignored_patch_ratio': 0.04319662906886489, 'supervised_pixel_count': 11054205.0}
[17:23:58.664464] [BEST] New best val_mae_m_mask=0.786625 at epoch=17
[17:23:59.425980] log_dir: /tank/data/SFS/xinyis/data/bathymetry/MAE-Topography/Downstream_Task_Bathy/cross_validation_v5_Stage2NormMSE_MeterSelect/runs/holdout_CA_D004Stage2NormMSE_MeterSelect_D001NoDataSafe/train_stage2_normMSE_meterSelect_CA_KlamathRiver_TopoBathy_2018_D18_fromStage1Best_e120_lr1e-5_b4_acc4/tb
[17:23:59.613920] Epoch: [18]  [  0/759]  eta: 0:02:22  lr: 0.000009  loss: 0.0791 (0.0791)  mae_m_mask: 0.2094 (0.2094)  rmse_m_mask: 0.2736 (0.2736)  normalized_mse_mask: 0.0791 (0.0791)  rmse_m_all: 2.1905 (2.1905)  actual_mask_ratio: 0.0664 (0.0664)  actual_prediction_mask_ratio: 0.2211 (0.2211)  ignored_patch_ratio: 0.0437 (0.0437)  time: 0.1874  data: 0.0740  max mem: 1904
[17:24:01.925616] Epoch: [18]  [ 20/759]  eta: 0:01:27  lr: 0.000009  loss: 0.0242 (0.0264)  mae_m_mask: 0.2625 (0.2734)  rmse_m_mask: 0.3631 (0.4026)  normalized_mse_mask: 0.0242 (0.0264)  rmse_m_all: 5.7671 (7.3141)  actual_mask_ratio: 0.0731 (0.0734)  actual_prediction_mask_ratio: 0.2438 (0.2421)  ignored_patch_ratio: 0.0000 (0.0031)  time: 0.1155  data: 0.0001  max mem: 1904
[17:24:04.233388] Epoch: [18]  [ 40/759]  eta: 0:01:24  lr: 0.000009  loss: 0.0095 (0.0217)  mae_m_mask: 0.2371 (0.2530)  rmse_m_mask: 0.3478 (0.3761)  normalized_mse_mask: 0.0095 (0.0217)  rmse_m_all: 8.5902 (7.9036)  actual_mask_ratio: 0.0720 (0.0723)  actual_prediction_mask_ratio: 0.2381 (0.2394)  ignored_patch_ratio: 0.0000 (0.0027)  time: 0.1154  data: 0.0001  max mem: 1904
[17:24:06.546317] Epoch: [18]  [ 60/759]  eta: 0:01:21  lr: 0.000009  loss: 0.0112 (0.0200)  mae_m_mask: 0.2404 (0.2574)  rmse_m_mask: 0.3594 (0.3883)  normalized_mse_mask: 0.0112 (0.0200)  rmse_m_all: 7.1461 (7.9132)  actual_mask_ratio: 0.0726 (0.0722)  actual_prediction_mask_ratio: 0.2392 (0.2393)  ignored_patch_ratio: 0.0000 (0.0021)  time: 0.1156  data: 0.0001  max mem: 1904
[17:24:08.855637] Epoch: [18]  [ 80/759]  eta: 0:01:19  lr: 0.000009  loss: 0.0065 (0.0192)  mae_m_mask: 0.1990 (0.2440)  rmse_m_mask: 0.3013 (0.3645)  normalized_mse_mask: 0.0065 (0.0192)  rmse_m_all: 7.6203 (7.8017)  actual_mask_ratio: 0.0663 (0.0714)  actual_prediction_mask_ratio: 0.2239 (0.2367)  ignored_patch_ratio: 0.0000 (0.0016)  time: 0.1154  data: 0.0001  max mem: 1904
[17:24:11.170805] Epoch: [18]  [100/759]  eta: 0:01:16  lr: 0.000009  loss: 0.0193 (0.0199)  mae_m_mask: 0.2231 (0.2463)  rmse_m_mask: 0.3587 (0.3662)  normalized_mse_mask: 0.0193 (0.0199)  rmse_m_all: 9.3622 (7.9916)  actual_mask_ratio: 0.0703 (0.0716)  actual_prediction_mask_ratio: 0.2347 (0.2358)  ignored_patch_ratio: 0.0000 (0.0020)  time: 0.1157  data: 0.0001  max mem: 1904
[17:24:13.490571] Epoch: [18]  [120/759]  eta: 0:01:14  lr: 0.000009  loss: 0.0162 (0.0213)  mae_m_mask: 0.2055 (0.2418)  rmse_m_mask: 0.2734 (0.3592)  normalized_mse_mask: 0.0162 (0.0213)  rmse_m_all: 4.1073 (7.6441)  actual_mask_ratio: 0.0714 (0.0716)  actual_prediction_mask_ratio: 0.2347 (0.2357)  ignored_patch_ratio: 0.0000 (0.0016)  time: 0.1160  data: 0.0001  max mem: 1904
[17:24:15.799917] Epoch: [18]  [140/759]  eta: 0:01:11  lr: 0.000009  loss: 0.0130 (0.0213)  mae_m_mask: 0.2162 (0.2413)  rmse_m_mask: 0.3306 (0.3572)  normalized_mse_mask: 0.0130 (0.0213)  rmse_m_all: 7.3268 (7.6703)  actual_mask_ratio: 0.0720 (0.0716)  actual_prediction_mask_ratio: 0.2364 (0.2353)  ignored_patch_ratio: 0.0000 (0.0016)  time: 0.1154  data: 0.0001  max mem: 1904
[17:24:18.106398] Epoch: [18]  [160/759]  eta: 0:01:09  lr: 0.000009  loss: 0.0121 (0.0214)  mae_m_mask: 0.1978 (0.2415)  rmse_m_mask: 0.2605 (0.3573)  normalized_mse_mask: 0.0121 (0.0214)  rmse_m_all: 8.3585 (7.7590)  actual_mask_ratio: 0.0703 (0.0714)  actual_prediction_mask_ratio: 0.2313 (0.2350)  ignored_patch_ratio: 0.0000 (0.0018)  time: 0.1153  data: 0.0001  max mem: 1904
[17:24:20.389357] Epoch: [18]  [180/759]  eta: 0:01:07  lr: 0.000009  loss: 0.0154 (0.0220)  mae_m_mask: 0.2239 (0.2408)  rmse_m_mask: 0.3165 (0.3562)  normalized_mse_mask: 0.0154 (0.0220)  rmse_m_all: 6.3602 (7.6185)  actual_mask_ratio: 0.0720 (0.0715)  actual_prediction_mask_ratio: 0.2341 (0.2351)  ignored_patch_ratio: 0.0000 (0.0016)  time: 0.1141  data: 0.0001  max mem: 1904
[17:24:22.682472] Epoch: [18]  [200/759]  eta: 0:01:04  lr: 0.000009  loss: 0.0131 (0.0220)  mae_m_mask: 0.1999 (0.2384)  rmse_m_mask: 0.2810 (0.3523)  normalized_mse_mask: 0.0131 (0.0220)  rmse_m_all: 6.4103 (7.5933)  actual_mask_ratio: 0.0765 (0.0720)  actual_prediction_mask_ratio: 0.2455 (0.2362)  ignored_patch_ratio: 0.0000 (0.0016)  time: 0.1146  data: 0.0001  max mem: 1904
[17:24:24.991351] Epoch: [18]  [220/759]  eta: 0:01:02  lr: 0.000009  loss: 0.0204 (0.0226)  mae_m_mask: 0.2196 (0.2368)  rmse_m_mask: 0.3320 (0.3498)  normalized_mse_mask: 0.0204 (0.0226)  rmse_m_all: 6.7178 (7.5046)  actual_mask_ratio: 0.0726 (0.0721)  actual_prediction_mask_ratio: 0.2307 (0.2361)  ignored_patch_ratio: 0.0000 (0.0014)  time: 0.1154  data: 0.0001  max mem: 1904
[17:24:27.313775] Epoch: [18]  [240/759]  eta: 0:01:00  lr: 0.000009  loss: 0.0069 (0.0226)  mae_m_mask: 0.2606 (0.2403)  rmse_m_mask: 0.3923 (0.3579)  normalized_mse_mask: 0.0069 (0.0226)  rmse_m_all: 9.5665 (7.6067)  actual_mask_ratio: 0.0701 (0.0719)  actual_prediction_mask_ratio: 0.2251 (0.2358)  ignored_patch_ratio: 0.0000 (0.0016)  time: 0.1161  data: 0.0001  max mem: 1904
[17:24:29.654944] Epoch: [18]  [260/759]  eta: 0:00:57  lr: 0.000009  loss: 0.0260 (0.0234)  mae_m_mask: 0.1942 (0.2377)  rmse_m_mask: 0.2923 (0.3549)  normalized_mse_mask: 0.0260 (0.0234)  rmse_m_all: 5.6137 (7.5486)  actual_mask_ratio: 0.0703 (0.0719)  actual_prediction_mask_ratio: 0.2358 (0.2359)  ignored_patch_ratio: 0.0000 (0.0016)  time: 0.1170  data: 0.0001  max mem: 1904
[17:24:31.985415] Epoch: [18]  [280/759]  eta: 0:00:55  lr: 0.000009  loss: 0.0139 (0.0229)  mae_m_mask: 0.2039 (0.2350)  rmse_m_mask: 0.3236 (0.3516)  normalized_mse_mask: 0.0139 (0.0229)  rmse_m_all: 8.4811 (7.5178)  actual_mask_ratio: 0.0760 (0.0721)  actual_prediction_mask_ratio: 0.2443 (0.2363)  ignored_patch_ratio: 0.0000 (0.0016)  time: 0.1165  data: 0.0001  max mem: 1904
[17:24:34.312917] Epoch: [18]  [300/759]  eta: 0:00:53  lr: 0.000009  loss: 0.0081 (0.0223)  mae_m_mask: 0.2317 (0.2376)  rmse_m_mask: 0.3869 (0.3569)  normalized_mse_mask: 0.0081 (0.0223)  rmse_m_all: 9.0804 (7.6396)  actual_mask_ratio: 0.0675 (0.0718)  actual_prediction_mask_ratio: 0.2245 (0.2356)  ignored_patch_ratio: 0.0000 (0.0018)  time: 0.1163  data: 0.0001  max mem: 1904
[17:24:36.646063] Epoch: [18]  [320/759]  eta: 0:00:50  lr: 0.000009  loss: 0.0144 (0.0223)  mae_m_mask: 0.2000 (0.2365)  rmse_m_mask: 0.2857 (0.3546)  normalized_mse_mask: 0.0144 (0.0223)  rmse_m_all: 6.3480 (7.5853)  actual_mask_ratio: 0.0714 (0.0718)  actual_prediction_mask_ratio: 0.2313 (0.2354)  ignored_patch_ratio: 0.0000 (0.0017)  time: 0.1166  data: 0.0001  max mem: 1904
[17:24:38.978263] Epoch: [18]  [340/759]  eta: 0:00:48  lr: 0.000009  loss: 0.0188 (0.0226)  mae_m_mask: 0.2366 (0.2381)  rmse_m_mask: 0.3545 (0.3558)  normalized_mse_mask: 0.0188 (0.0226)  rmse_m_all: 8.4876 (7.6328)  actual_mask_ratio: 0.0726 (0.0719)  actual_prediction_mask_ratio: 0.2304 (0.2352)  ignored_patch_ratio: 0.0000 (0.0019)  time: 0.1166  data: 0.0001  max mem: 1904
[17:24:41.311369] Epoch: [18]  [360/759]  eta: 0:00:46  lr: 0.000009  loss: 0.0182 (0.0228)  mae_m_mask: 0.2209 (0.2391)  rmse_m_mask: 0.3273 (0.3568)  normalized_mse_mask: 0.0182 (0.0228)  rmse_m_all: 5.9119 (7.6225)  actual_mask_ratio: 0.0703 (0.0718)  actual_prediction_mask_ratio: 0.2319 (0.2350)  ignored_patch_ratio: 0.0000 (0.0020)  time: 0.1166  data: 0.0001  max mem: 1904
[17:24:43.641523] Epoch: [18]  [380/759]  eta: 0:00:43  lr: 0.000009  loss: 0.0135 (0.0227)  mae_m_mask: 0.2013 (0.2388)  rmse_m_mask: 0.3104 (0.3562)  normalized_mse_mask: 0.0135 (0.0227)  rmse_m_all: 5.7439 (7.5798)  actual_mask_ratio: 0.0697 (0.0718)  actual_prediction_mask_ratio: 0.2370 (0.2352)  ignored_patch_ratio: 0.0000 (0.0019)  time: 0.1165  data: 0.0001  max mem: 1904
[17:24:45.973046] Epoch: [18]  [400/759]  eta: 0:00:41  lr: 0.000009  loss: 0.0210 (0.0228)  mae_m_mask: 0.2114 (0.2396)  rmse_m_mask: 0.3282 (0.3570)  normalized_mse_mask: 0.0210 (0.0228)  rmse_m_all: 7.1426 (7.5980)  actual_mask_ratio: 0.0697 (0.0717)  actual_prediction_mask_ratio: 0.2262 (0.2349)  ignored_patch_ratio: 0.0000 (0.0020)  time: 0.1165  data: 0.0001  max mem: 1904
[17:24:48.304625] Epoch: [18]  [420/759]  eta: 0:00:39  lr: 0.000009  loss: 0.0117 (0.0224)  mae_m_mask: 0.2393 (0.2397)  rmse_m_mask: 0.3513 (0.3573)  normalized_mse_mask: 0.0117 (0.0224)  rmse_m_all: 7.6707 (7.6086)  actual_mask_ratio: 0.0709 (0.0716)  actual_prediction_mask_ratio: 0.2268 (0.2348)  ignored_patch_ratio: 0.0000 (0.0020)  time: 0.1165  data: 0.0001  max mem: 1904
[17:24:50.633369] Epoch: [18]  [440/759]  eta: 0:00:37  lr: 0.000009  loss: 0.0198 (0.0224)  mae_m_mask: 0.1923 (0.2390)  rmse_m_mask: 0.2640 (0.3554)  normalized_mse_mask: 0.0198 (0.0224)  rmse_m_all: 6.6817 (7.5926)  actual_mask_ratio: 0.0720 (0.0717)  actual_prediction_mask_ratio: 0.2426 (0.2349)  ignored_patch_ratio: 0.0000 (0.0019)  time: 0.1164  data: 0.0001  max mem: 1904
[17:24:52.965972] Epoch: [18]  [460/759]  eta: 0:00:34  lr: 0.000009  loss: 0.0074 (0.0222)  mae_m_mask: 0.1945 (0.2380)  rmse_m_mask: 0.2514 (0.3536)  normalized_mse_mask: 0.0074 (0.0222)  rmse_m_all: 5.4731 (7.5324)  actual_mask_ratio: 0.0720 (0.0717)  actual_prediction_mask_ratio: 0.2392 (0.2349)  ignored_patch_ratio: 0.0000 (0.0020)  time: 0.1166  data: 0.0001  max mem: 1904
[17:24:55.297939] Epoch: [18]  [480/759]  eta: 0:00:32  lr: 0.000009  loss: 0.0129 (0.0222)  mae_m_mask: 0.1740 (0.2371)  rmse_m_mask: 0.2612 (0.3515)  normalized_mse_mask: 0.0129 (0.0222)  rmse_m_all: 7.3800 (7.5109)  actual_mask_ratio: 0.0709 (0.0717)  actual_prediction_mask_ratio: 0.2309 (0.2348)  ignored_patch_ratio: 0.0000 (0.0020)  time: 0.1166  data: 0.0001  max mem: 1904
[17:24:57.630976] Epoch: [18]  [500/759]  eta: 0:00:30  lr: 0.000009  loss: 0.0170 (0.0224)  mae_m_mask: 0.2431 (0.2371)  rmse_m_mask: 0.3282 (0.3510)  normalized_mse_mask: 0.0170 (0.0224)  rmse_m_all: 8.0992 (7.5605)  actual_mask_ratio: 0.0714 (0.0716)  actual_prediction_mask_ratio: 0.2296 (0.2348)  ignored_patch_ratio: 0.0000 (0.0021)  time: 0.1166  data: 0.0001  max mem: 1904
[17:24:59.962140] Epoch: [18]  [520/759]  eta: 0:00:27  lr: 0.000009  loss: 0.0217 (0.0228)  mae_m_mask: 0.2141 (0.2364)  rmse_m_mask: 0.2813 (0.3493)  normalized_mse_mask: 0.0217 (0.0228)  rmse_m_all: 7.0600 (7.5459)  actual_mask_ratio: 0.0714 (0.0716)  actual_prediction_mask_ratio: 0.2302 (0.2345)  ignored_patch_ratio: 0.0000 (0.0020)  time: 0.1165  data: 0.0001  max mem: 1904
[17:25:02.259009] Epoch: [18]  [540/759]  eta: 0:00:25  lr: 0.000009  loss: 0.0111 (0.0229)  mae_m_mask: 0.2117 (0.2356)  rmse_m_mask: 0.2957 (0.3476)  normalized_mse_mask: 0.0111 (0.0229)  rmse_m_all: 6.9496 (7.5259)  actual_mask_ratio: 0.0754 (0.0716)  actual_prediction_mask_ratio: 0.2443 (0.2347)  ignored_patch_ratio: 0.0000 (0.0021)  time: 0.1148  data: 0.0093  max mem: 1904
[17:25:06.692312] Epoch: [18]  [560/759]  eta: 0:00:23  lr: 0.000009  loss: 0.0069 (0.0227)  mae_m_mask: 0.2451 (0.2357)  rmse_m_mask: 0.3877 (0.3480)  normalized_mse_mask: 0.0069 (0.0227)  rmse_m_all: 5.8787 (7.5163)  actual_mask_ratio: 0.0720 (0.0716)  actual_prediction_mask_ratio: 0.2347 (0.2347)  ignored_patch_ratio: 0.0000 (0.0021)  time: 0.2216  data: 0.1494  max mem: 1904
[17:25:09.094601] Epoch: [18]  [580/759]  eta: 0:00:21  lr: 0.000009  loss: 0.0115 (0.0225)  mae_m_mask: 0.2201 (0.2355)  rmse_m_mask: 0.2711 (0.3478)  normalized_mse_mask: 0.0115 (0.0225)  rmse_m_all: 5.6043 (7.5062)  actual_mask_ratio: 0.0737 (0.0717)  actual_prediction_mask_ratio: 0.2432 (0.2348)  ignored_patch_ratio: 0.0000 (0.0021)  time: 0.1201  data: 0.0116  max mem: 1904
[17:25:11.361265] Epoch: [18]  [600/759]  eta: 0:00:19  lr: 0.000009  loss: 0.0142 (0.0227)  mae_m_mask: 0.2370 (0.2356)  rmse_m_mask: 0.3348 (0.3481)  normalized_mse_mask: 0.0142 (0.0227)  rmse_m_all: 8.4021 (7.5207)  actual_mask_ratio: 0.0720 (0.0716)  actual_prediction_mask_ratio: 0.2324 (0.2349)  ignored_patch_ratio: 0.0000 (0.0022)  time: 0.1133  data: 0.0001  max mem: 1904
[17:25:13.618557] Epoch: [18]  [620/759]  eta: 0:00:16  lr: 0.000009  loss: 0.0219 (0.0231)  mae_m_mask: 0.2222 (0.2369)  rmse_m_mask: 0.3438 (0.3505)  normalized_mse_mask: 0.0219 (0.0231)  rmse_m_all: 5.6063 (7.4836)  actual_mask_ratio: 0.0731 (0.0718)  actual_prediction_mask_ratio: 0.2432 (0.2352)  ignored_patch_ratio: 0.0000 (0.0021)  time: 0.1128  data: 0.0001  max mem: 1904
[17:25:15.867046] Epoch: [18]  [640/759]  eta: 0:00:14  lr: 0.000009  loss: 0.0160 (0.0232)  mae_m_mask: 0.2667 (0.2379)  rmse_m_mask: 0.4073 (0.3518)  normalized_mse_mask: 0.0160 (0.0232)  rmse_m_all: 9.7897 (7.5407)  actual_mask_ratio: 0.0680 (0.0717)  actual_prediction_mask_ratio: 0.2279 (0.2351)  ignored_patch_ratio: 0.0000 (0.0022)  time: 0.1124  data: 0.0001  max mem: 1904
[17:25:18.127105] Epoch: [18]  [660/759]  eta: 0:00:11  lr: 0.000009  loss: 0.0137 (0.0233)  mae_m_mask: 0.2092 (0.2372)  rmse_m_mask: 0.2899 (0.3508)  normalized_mse_mask: 0.0137 (0.0233)  rmse_m_all: 5.5105 (7.4883)  actual_mask_ratio: 0.0737 (0.0718)  actual_prediction_mask_ratio: 0.2353 (0.2353)  ignored_patch_ratio: 0.0000 (0.0022)  time: 0.1130  data: 0.0001  max mem: 1904
[17:25:20.379545] Epoch: [18]  [680/759]  eta: 0:00:09  lr: 0.000009  loss: 0.0125 (0.0232)  mae_m_mask: 0.2055 (0.2373)  rmse_m_mask: 0.3028 (0.3507)  normalized_mse_mask: 0.0125 (0.0232)  rmse_m_all: 7.7117 (7.4967)  actual_mask_ratio: 0.0709 (0.0718)  actual_prediction_mask_ratio: 0.2347 (0.2353)  ignored_patch_ratio: 0.0000 (0.0021)  time: 0.1126  data: 0.0001  max mem: 1904
[17:25:22.628948] Epoch: [18]  [700/759]  eta: 0:00:07  lr: 0.000009  loss: 0.0064 (0.0229)  mae_m_mask: 0.2155 (0.2369)  rmse_m_mask: 0.3158 (0.3500)  normalized_mse_mask: 0.0064 (0.0229)  rmse_m_all: 6.7258 (7.4690)  actual_mask_ratio: 0.0680 (0.0718)  actual_prediction_mask_ratio: 0.2251 (0.2352)  ignored_patch_ratio: 0.0000 (0.0022)  time: 0.1124  data: 0.0001  max mem: 1904
[17:25:24.814348] Epoch: [18]  [720/759]  eta: 0:00:04  lr: 0.000009  loss: 0.0269 (0.0231)  mae_m_mask: 0.2119 (0.2374)  rmse_m_mask: 0.3029 (0.3509)  normalized_mse_mask: 0.0269 (0.0231)  rmse_m_all: 8.0089 (7.4766)  actual_mask_ratio: 0.0692 (0.0717)  actual_prediction_mask_ratio: 0.2330 (0.2352)  ignored_patch_ratio: 0.0000 (0.0022)  time: 0.1092  data: 0.0001  max mem: 1904
[17:25:27.002184] Epoch: [18]  [740/759]  eta: 0:00:02  lr: 0.000009  loss: 0.0182 (0.0233)  mae_m_mask: 0.2513 (0.2378)  rmse_m_mask: 0.3750 (0.3514)  normalized_mse_mask: 0.0182 (0.0233)  rmse_m_all: 4.5152 (7.4369)  actual_mask_ratio: 0.0754 (0.0718)  actual_prediction_mask_ratio: 0.2387 (0.2353)  ignored_patch_ratio: 0.0000 (0.0021)  time: 0.1094  data: 0.0001  max mem: 1904
[17:25:28.965545] Epoch: [18]  [758/759]  eta: 0:00:00  lr: 0.000009  loss: 0.0108 (0.0234)  mae_m_mask: 0.2385 (0.2376)  rmse_m_mask: 0.3274 (0.3508)  normalized_mse_mask: 0.0108 (0.0234)  rmse_m_all: 5.4028 (7.4095)  actual_mask_ratio: 0.0720 (0.0717)  actual_prediction_mask_ratio: 0.2291 (0.2352)  ignored_patch_ratio: 0.0000 (0.0022)  time: 0.1098  data: 0.0001  max mem: 1904
[17:25:28.996586] Epoch: [18] Total time: 0:01:29 (0.1180 s / it)
[17:25:28.997736] Averaged stats: {'lr': 9.430722527710687e-06, 'loss': 0.022837761387799284, 'mae_m_mask': 0.23517947822405358, 'rmse_m_mask': 0.37384082381399836, 'normalized_mse_mask': 0.022837761387799284, 'rmse_m_all': 7.409450184686381, 'actual_mask_ratio': 0.07173843956669014, 'actual_prediction_mask_ratio': 0.23517644737156326, 'ignored_patch_ratio': 0.002177197392907224, 'supervised_pixel_count': 14697065.0}
[17:25:29.161849] Val: [18]  [  0/533]  eta: 0:01:26  loss: 0.0101 (0.0101)  mae_m_mask: 0.8925 (0.8925)  rmse_m_mask: 1.1138 (1.1138)  normalized_mse_mask: 0.0101 (0.0101)  rmse_m_all: 13.9256 (13.9256)  actual_mask_ratio: 0.0787 (0.0787)  actual_prediction_mask_ratio: 0.2431 (0.2431)  ignored_patch_ratio: 0.0488 (0.0488)  time: 0.1617  data: 0.0795  max mem: 1904
[17:25:33.148582] Val: [18]  [ 50/533]  eta: 0:00:39  loss: 0.0012 (0.0037)  mae_m_mask: 0.6226 (0.6872)  rmse_m_mask: 0.7621 (0.8105)  normalized_mse_mask: 0.0012 (0.0037)  rmse_m_all: 13.3923 (14.2188)  actual_mask_ratio: 0.0694 (0.0693)  actual_prediction_mask_ratio: 0.2120 (0.2147)  ignored_patch_ratio: 0.0527 (0.0550)  time: 0.0674  data: 0.0118  max mem: 1904
[17:25:36.971622] Val: [18]  [100/533]  eta: 0:00:34  loss: 0.0005 (0.0022)  mae_m_mask: 0.6003 (0.6669)  rmse_m_mask: 0.7416 (0.7967)  normalized_mse_mask: 0.0005 (0.0022)  rmse_m_all: 18.0367 (15.8491)  actual_mask_ratio: 0.0645 (0.0686)  actual_prediction_mask_ratio: 0.2076 (0.2139)  ignored_patch_ratio: 0.0550 (0.0538)  time: 0.0855  data: 0.0001  max mem: 1904
[17:25:40.968941] Val: [18]  [150/533]  eta: 0:00:30  loss: 0.0008 (0.0018)  mae_m_mask: 0.3858 (0.6430)  rmse_m_mask: 0.5405 (0.7711)  normalized_mse_mask: 0.0008 (0.0018)  rmse_m_all: 11.4011 (15.7993)  actual_mask_ratio: 0.0707 (0.0688)  actual_prediction_mask_ratio: 0.2326 (0.2153)  ignored_patch_ratio: 0.0488 (0.0542)  time: 0.0711  data: 0.0001  max mem: 1904
[17:25:44.259439] Val: [18]  [200/533]  eta: 0:00:25  loss: 0.0014 (0.0018)  mae_m_mask: 0.8361 (0.6641)  rmse_m_mask: 0.9476 (0.7914)  normalized_mse_mask: 0.0014 (0.0018)  rmse_m_all: 14.1458 (15.2665)  actual_mask_ratio: 0.0760 (0.0695)  actual_prediction_mask_ratio: 0.2427 (0.2204)  ignored_patch_ratio: 0.0000 (0.0447)  time: 0.0312  data: 0.0001  max mem: 1904
[17:25:47.336534] Val: [18]  [250/533]  eta: 0:00:20  loss: 0.0010 (0.0018)  mae_m_mask: 0.8224 (0.7529)  rmse_m_mask: 1.0165 (0.8857)  normalized_mse_mask: 0.0010 (0.0018)  rmse_m_all: 14.7414 (15.6230)  actual_mask_ratio: 0.0725 (0.0702)  actual_prediction_mask_ratio: 0.2314 (0.2225)  ignored_patch_ratio: 0.0306 (0.0393)  time: 0.0882  data: 0.0001  max mem: 1904
[17:25:51.752718] Val: [18]  [300/533]  eta: 0:00:17  loss: 0.0005 (0.0017)  mae_m_mask: 0.7970 (0.7972)  rmse_m_mask: 0.9485 (0.9343)  normalized_mse_mask: 0.0005 (0.0017)  rmse_m_all: 23.5125 (16.7069)  actual_mask_ratio: 0.0700 (0.0704)  actual_prediction_mask_ratio: 0.2121 (0.2229)  ignored_patch_ratio: 0.0516 (0.0394)  time: 0.0875  data: 0.0001  max mem: 1904
[17:25:56.117161] Val: [18]  [350/533]  eta: 0:00:14  loss: 0.0006 (0.0016)  mae_m_mask: 0.6463 (0.7968)  rmse_m_mask: 0.7709 (0.9337)  normalized_mse_mask: 0.0006 (0.0016)  rmse_m_all: 19.7247 (16.9041)  actual_mask_ratio: 0.0698 (0.0705)  actual_prediction_mask_ratio: 0.2170 (0.2230)  ignored_patch_ratio: 0.0391 (0.0384)  time: 0.0881  data: 0.0001  max mem: 1904
[17:26:00.499303] Val: [18]  [400/533]  eta: 0:00:10  loss: 0.0007 (0.0015)  mae_m_mask: 0.6270 (0.8062)  rmse_m_mask: 0.7766 (0.9448)  normalized_mse_mask: 0.0007 (0.0015)  rmse_m_all: 18.9775 (17.2843)  actual_mask_ratio: 0.0683 (0.0702)  actual_prediction_mask_ratio: 0.2164 (0.2218)  ignored_patch_ratio: 0.0476 (0.0400)  time: 0.0878  data: 0.0001  max mem: 1904
[17:26:04.830719] Val: [18]  [450/533]  eta: 0:00:06  loss: 0.0009 (0.0016)  mae_m_mask: 0.8840 (0.8247)  rmse_m_mask: 1.0269 (0.9705)  normalized_mse_mask: 0.0009 (0.0016)  rmse_m_all: 17.1181 (17.2969)  actual_mask_ratio: 0.0670 (0.0702)  actual_prediction_mask_ratio: 0.2143 (0.2217)  ignored_patch_ratio: 0.0612 (0.0412)  time: 0.0869  data: 0.0001  max mem: 1904
[17:26:09.217152] Val: [18]  [500/533]  eta: 0:00:02  loss: 0.0003 (0.0015)  mae_m_mask: 0.5441 (0.8075)  rmse_m_mask: 0.6267 (0.9516)  normalized_mse_mask: 0.0003 (0.0015)  rmse_m_all: 16.6079 (17.3513)  actual_mask_ratio: 0.0673 (0.0700)  actual_prediction_mask_ratio: 0.2116 (0.2212)  ignored_patch_ratio: 0.0573 (0.0425)  time: 0.0887  data: 0.0001  max mem: 1904
[17:26:11.980910] Val: [18]  [532/533]  eta: 0:00:00  loss: 0.0005 (0.0016)  mae_m_mask: 0.6643 (0.8022)  rmse_m_mask: 0.7793 (0.9456)  normalized_mse_mask: 0.0005 (0.0016)  rmse_m_all: 17.9808 (17.4065)  actual_mask_ratio: 0.0666 (0.0699)  actual_prediction_mask_ratio: 0.2121 (0.2208)  ignored_patch_ratio: 0.0550 (0.0432)  time: 0.0855  data: 0.0001  max mem: 1904
[17:26:12.010501] Val: [18] Total time: 0:00:43 (0.0807 s / it)
[17:26:12.012685] val stats: {'loss': 0.0015616268629954312, 'mae_m_mask': 0.7940321949140339, 'rmse_m_mask': 1.0556678104347632, 'normalized_mse_mask': 0.0015616268629954312, 'rmse_m_all': 17.40646180963427, 'actual_mask_ratio': 0.06990061117437499, 'actual_prediction_mask_ratio': 0.22084709342156744, 'ignored_patch_ratio': 0.04319662906886489, 'supervised_pixel_count': 11054205.0}
[17:26:16.131385] log_dir: /tank/data/SFS/xinyis/data/bathymetry/MAE-Topography/Downstream_Task_Bathy/cross_validation_v5_Stage2NormMSE_MeterSelect/runs/holdout_CA_D004Stage2NormMSE_MeterSelect_D001NoDataSafe/train_stage2_normMSE_meterSelect_CA_KlamathRiver_TopoBathy_2018_D18_fromStage1Best_e120_lr1e-5_b4_acc4/tb
[17:26:16.323944] Epoch: [19]  [  0/759]  eta: 0:02:25  lr: 0.000009  loss: 0.0533 (0.0533)  mae_m_mask: 0.1669 (0.1669)  rmse_m_mask: 0.2185 (0.2185)  normalized_mse_mask: 0.0533 (0.0533)  rmse_m_all: 4.5002 (4.5002)  actual_mask_ratio: 0.0788 (0.0788)  actual_prediction_mask_ratio: 0.2591 (0.2591)  ignored_patch_ratio: 0.0000 (0.0000)  time: 0.1919  data: 0.0820  max mem: 1904
[17:26:18.636788] Epoch: [19]  [ 20/759]  eta: 0:01:28  lr: 0.000009  loss: 0.0153 (0.0270)  mae_m_mask: 0.2259 (0.2315)  rmse_m_mask: 0.3501 (0.3403)  normalized_mse_mask: 0.0153 (0.0270)  rmse_m_all: 5.9851 (6.6603)  actual_mask_ratio: 0.0748 (0.0736)  actual_prediction_mask_ratio: 0.2324 (0.2401)  ignored_patch_ratio: 0.0000 (0.0006)  time: 0.1156  data: 0.0001  max mem: 1904
[17:26:20.953047] Epoch: [19]  [ 40/759]  eta: 0:01:24  lr: 0.000009  loss: 0.0096 (0.0238)  mae_m_mask: 0.2281 (0.2393)  rmse_m_mask: 0.3226 (0.3447)  normalized_mse_mask: 0.0096 (0.0238)  rmse_m_all: 6.1301 (7.0724)  actual_mask_ratio: 0.0754 (0.0734)  actual_prediction_mask_ratio: 0.2409 (0.2404)  ignored_patch_ratio: 0.0000 (0.0015)  time: 0.1158  data: 0.0001  max mem: 1904
[17:26:23.282407] Epoch: [19]  [ 60/759]  eta: 0:01:21  lr: 0.000009  loss: 0.0198 (0.0238)  mae_m_mask: 0.1797 (0.2294)  rmse_m_mask: 0.2498 (0.3354)  normalized_mse_mask: 0.0198 (0.0238)  rmse_m_all: 6.8755 (7.1844)  actual_mask_ratio: 0.0711 (0.0727)  actual_prediction_mask_ratio: 0.2369 (0.2382)  ignored_patch_ratio: 0.0000 (0.0020)  time: 0.1164  data: 0.0001  max mem: 1904
[17:26:25.619418] Epoch: [19]  [ 80/759]  eta: 0:01:19  lr: 0.000009  loss: 0.0186 (0.0234)  mae_m_mask: 0.2013 (0.2272)  rmse_m_mask: 0.2835 (0.3384)  normalized_mse_mask: 0.0186 (0.0234)  rmse_m_all: 5.9194 (7.0378)  actual_mask_ratio: 0.0743 (0.0728)  actual_prediction_mask_ratio: 0.2362 (0.2382)  ignored_patch_ratio: 0.0000 (0.0016)  time: 0.1168  data: 0.0001  max mem: 1904
[17:26:27.953236] Epoch: [19]  [100/759]  eta: 0:01:17  lr: 0.000009  loss: 0.0221 (0.0236)  mae_m_mask: 0.2266 (0.2333)  rmse_m_mask: 0.3239 (0.3490)  normalized_mse_mask: 0.0221 (0.0236)  rmse_m_all: 6.5839 (7.2178)  actual_mask_ratio: 0.0720 (0.0726)  actual_prediction_mask_ratio: 0.2314 (0.2371)  ignored_patch_ratio: 0.0000 (0.0018)  time: 0.1167  data: 0.0001  max mem: 1904
[17:26:30.287948] Epoch: [19]  [120/759]  eta: 0:01:14  lr: 0.000009  loss: 0.0140 (0.0233)  mae_m_mask: 0.2372 (0.2341)  rmse_m_mask: 0.3594 (0.3493)  normalized_mse_mask: 0.0140 (0.0233)  rmse_m_all: 9.3048 (7.5328)  actual_mask_ratio: 0.0703 (0.0725)  actual_prediction_mask_ratio: 0.2364 (0.2362)  ignored_patch_ratio: 0.0000 (0.0020)  time: 0.1167  data: 0.0001  max mem: 1904
[17:26:32.617957] Epoch: [19]  [140/759]  eta: 0:01:12  lr: 0.000009  loss: 0.0132 (0.0227)  mae_m_mask: 0.2381 (0.2347)  rmse_m_mask: 0.3334 (0.3496)  normalized_mse_mask: 0.0132 (0.0227)  rmse_m_all: 6.0083 (7.4086)  actual_mask_ratio: 0.0718 (0.0724)  actual_prediction_mask_ratio: 0.2360 (0.2363)  ignored_patch_ratio: 0.0000 (0.0020)  time: 0.1165  data: 0.0001  max mem: 1904
[17:26:34.951123] Epoch: [19]  [160/759]  eta: 0:01:09  lr: 0.000009  loss: 0.0136 (0.0220)  mae_m_mask: 0.2151 (0.2320)  rmse_m_mask: 0.3068 (0.3448)  normalized_mse_mask: 0.0136 (0.0220)  rmse_m_all: 4.4500 (7.3314)  actual_mask_ratio: 0.0692 (0.0721)  actual_prediction_mask_ratio: 0.2353 (0.2360)  ignored_patch_ratio: 0.0000 (0.0019)  time: 0.1166  data: 0.0001  max mem: 1904
[17:26:37.279430] Epoch: [19]  [180/759]  eta: 0:01:07  lr: 0.000009  loss: 0.0196 (0.0249)  mae_m_mask: 0.2292 (0.2322)  rmse_m_mask: 0.3298 (0.3446)  normalized_mse_mask: 0.0196 (0.0249)  rmse_m_all: 5.4432 (7.2993)  actual_mask_ratio: 0.0737 (0.0721)  actual_prediction_mask_ratio: 0.2381 (0.2364)  ignored_patch_ratio: 0.0000 (0.0019)  time: 0.1164  data: 0.0001  max mem: 1904
[17:26:39.611442] Epoch: [19]  [200/759]  eta: 0:01:05  lr: 0.000009  loss: 0.0107 (0.0240)  mae_m_mask: 0.2253 (0.2328)  rmse_m_mask: 0.3476 (0.3451)  normalized_mse_mask: 0.0107 (0.0240)  rmse_m_all: 8.7392 (7.4168)  actual_mask_ratio: 0.0731 (0.0721)  actual_prediction_mask_ratio: 0.2347 (0.2365)  ignored_patch_ratio: 0.0000 (0.0018)  time: 0.1166  data: 0.0001  max mem: 1904
[17:26:41.941774] Epoch: [19]  [220/759]  eta: 0:01:02  lr: 0.000009  loss: 0.0184 (0.0243)  mae_m_mask: 0.1898 (0.2306)  rmse_m_mask: 0.2512 (0.3405)  normalized_mse_mask: 0.0184 (0.0243)  rmse_m_all: 5.4016 (7.3282)  actual_mask_ratio: 0.0697 (0.0720)  actual_prediction_mask_ratio: 0.2292 (0.2357)  ignored_patch_ratio: 0.0000 (0.0017)  time: 0.1165  data: 0.0001  max mem: 1904
[17:26:44.274445] Epoch: [19]  [240/759]  eta: 0:01:00  lr: 0.000009  loss: 0.0126 (0.0247)  mae_m_mask: 0.2391 (0.2322)  rmse_m_mask: 0.3302 (0.3424)  normalized_mse_mask: 0.0126 (0.0247)  rmse_m_all: 6.9094 (7.2925)  actual_mask_ratio: 0.0743 (0.0720)  actual_prediction_mask_ratio: 0.2421 (0.2357)  ignored_patch_ratio: 0.0000 (0.0021)  time: 0.1166  data: 0.0001  max mem: 1904
[17:26:46.600849] Epoch: [19]  [260/759]  eta: 0:00:58  lr: 0.000009  loss: 0.0165 (0.0247)  mae_m_mask: 0.2050 (0.2325)  rmse_m_mask: 0.3074 (0.3430)  normalized_mse_mask: 0.0165 (0.0247)  rmse_m_all: 6.3536 (7.2824)  actual_mask_ratio: 0.0748 (0.0721)  actual_prediction_mask_ratio: 0.2387 (0.2363)  ignored_patch_ratio: 0.0000 (0.0020)  time: 0.1160  data: 0.0001  max mem: 1904
[17:26:48.930764] Epoch: [19]  [280/759]  eta: 0:00:55  lr: 0.000009  loss: 0.0156 (0.0243)  mae_m_mask: 0.2152 (0.2318)  rmse_m_mask: 0.2892 (0.3421)  normalized_mse_mask: 0.0156 (0.0243)  rmse_m_all: 6.1783 (7.2205)  actual_mask_ratio: 0.0720 (0.0721)  actual_prediction_mask_ratio: 0.2421 (0.2364)  ignored_patch_ratio: 0.0000 (0.0019)  time: 0.1165  data: 0.0001  max mem: 1904
[17:26:51.257702] Epoch: [19]  [300/759]  eta: 0:00:53  lr: 0.000009  loss: 0.0084 (0.0240)  mae_m_mask: 0.2134 (0.2327)  rmse_m_mask: 0.3037 (0.3432)  normalized_mse_mask: 0.0084 (0.0240)  rmse_m_all: 8.2183 (7.2895)  actual_mask_ratio: 0.0714 (0.0721)  actual_prediction_mask_ratio: 0.2268 (0.2361)  ignored_patch_ratio: 0.0000 (0.0019)  time: 0.1163  data: 0.0001  max mem: 1904
[17:26:53.591059] Epoch: [19]  [320/759]  eta: 0:00:51  lr: 0.000009  loss: 0.0067 (0.0233)  mae_m_mask: 0.2384 (0.2348)  rmse_m_mask: 0.3686 (0.3466)  normalized_mse_mask: 0.0067 (0.0233)  rmse_m_all: 7.3926 (7.3444)  actual_mask_ratio: 0.0737 (0.0722)  actual_prediction_mask_ratio: 0.2404 (0.2363)  ignored_patch_ratio: 0.0000 (0.0018)  time: 0.1166  data: 0.0001  max mem: 1904
[17:26:55.921645] Epoch: [19]  [340/759]  eta: 0:00:48  lr: 0.000009  loss: 0.0108 (0.0232)  mae_m_mask: 0.1890 (0.2332)  rmse_m_mask: 0.2677 (0.3438)  normalized_mse_mask: 0.0108 (0.0232)  rmse_m_all: 6.6045 (7.3087)  actual_mask_ratio: 0.0726 (0.0721)  actual_prediction_mask_ratio: 0.2307 (0.2361)  ignored_patch_ratio: 0.0000 (0.0017)  time: 0.1165  data: 0.0001  max mem: 1904
[17:26:58.251173] Epoch: [19]  [360/759]  eta: 0:00:46  lr: 0.000009  loss: 0.0181 (0.0233)  mae_m_mask: 0.1990 (0.2325)  rmse_m_mask: 0.3030 (0.3430)  normalized_mse_mask: 0.0181 (0.0233)  rmse_m_all: 6.7006 (7.2965)  actual_mask_ratio: 0.0748 (0.0723)  actual_prediction_mask_ratio: 0.2364 (0.2363)  ignored_patch_ratio: 0.0000 (0.0018)  time: 0.1164  data: 0.0001  max mem: 1904
[17:27:00.583405] Epoch: [19]  [380/759]  eta: 0:00:44  lr: 0.000009  loss: 0.0146 (0.0232)  mae_m_mask: 0.2261 (0.2333)  rmse_m_mask: 0.3345 (0.3444)  normalized_mse_mask: 0.0146 (0.0232)  rmse_m_all: 7.7138 (7.3198)  actual_mask_ratio: 0.0720 (0.0722)  actual_prediction_mask_ratio: 0.2438 (0.2361)  ignored_patch_ratio: 0.0000 (0.0018)  time: 0.1166  data: 0.0001  max mem: 1904
[17:27:02.910959] Epoch: [19]  [400/759]  eta: 0:00:41  lr: 0.000009  loss: 0.0196 (0.0237)  mae_m_mask: 0.2281 (0.2330)  rmse_m_mask: 0.3123 (0.3433)  normalized_mse_mask: 0.0196 (0.0237)  rmse_m_all: 6.2817 (7.3334)  actual_mask_ratio: 0.0692 (0.0720)  actual_prediction_mask_ratio: 0.2324 (0.2359)  ignored_patch_ratio: 0.0000 (0.0018)  time: 0.1163  data: 0.0001  max mem: 1904
[17:27:05.240350] Epoch: [19]  [420/759]  eta: 0:00:39  lr: 0.000009  loss: 0.0237 (0.0239)  mae_m_mask: 0.2258 (0.2335)  rmse_m_mask: 0.3054 (0.3437)  normalized_mse_mask: 0.0237 (0.0239)  rmse_m_all: 7.6617 (7.3807)  actual_mask_ratio: 0.0731 (0.0721)  actual_prediction_mask_ratio: 0.2323 (0.2358)  ignored_patch_ratio: 0.0000 (0.0019)  time: 0.1164  data: 0.0001  max mem: 1904
[17:27:07.599314] Epoch: [19]  [440/759]  eta: 0:00:37  lr: 0.000009  loss: 0.0082 (0.0238)  mae_m_mask: 0.2003 (0.2328)  rmse_m_mask: 0.2968 (0.3425)  normalized_mse_mask: 0.0082 (0.0238)  rmse_m_all: 6.0852 (7.3762)  actual_mask_ratio: 0.0680 (0.0720)  actual_prediction_mask_ratio: 0.2358 (0.2357)  ignored_patch_ratio: 0.0000 (0.0018)  time: 0.1179  data: 0.0001  max mem: 1904
[17:27:09.905209] Epoch: [19]  [460/759]  eta: 0:00:34  lr: 0.000009  loss: 0.0112 (0.0234)  mae_m_mask: 0.2729 (0.2352)  rmse_m_mask: 0.3775 (0.3453)  normalized_mse_mask: 0.0112 (0.0234)  rmse_m_all: 7.6876 (7.3854)  actual_mask_ratio: 0.0697 (0.0719)  actual_prediction_mask_ratio: 0.2358 (0.2356)  ignored_patch_ratio: 0.0000 (0.0018)  time: 0.1153  data: 0.0001  max mem: 1904
[17:27:12.193524] Epoch: [19]  [480/759]  eta: 0:00:32  lr: 0.000009  loss: 0.0143 (0.0236)  mae_m_mask: 0.2403 (0.2361)  rmse_m_mask: 0.3544 (0.3466)  normalized_mse_mask: 0.0143 (0.0236)  rmse_m_all: 5.4993 (7.3415)  actual_mask_ratio: 0.0686 (0.0718)  actual_prediction_mask_ratio: 0.2327 (0.2355)  ignored_patch_ratio: 0.0000 (0.0018)  time: 0.1144  data: 0.0001  max mem: 1904
[17:27:14.506206] Epoch: [19]  [500/759]  eta: 0:00:30  lr: 0.000009  loss: 0.0111 (0.0234)  mae_m_mask: 0.2064 (0.2360)  rmse_m_mask: 0.2892 (0.3462)  normalized_mse_mask: 0.0111 (0.0234)  rmse_m_all: 6.3084 (7.3381)  actual_mask_ratio: 0.0731 (0.0718)  actual_prediction_mask_ratio: 0.2387 (0.2355)  ignored_patch_ratio: 0.0000 (0.0019)  time: 0.1156  data: 0.0001  max mem: 1904
[17:27:16.819779] Epoch: [19]  [520/759]  eta: 0:00:27  lr: 0.000009  loss: 0.0126 (0.0235)  mae_m_mask: 0.2203 (0.2361)  rmse_m_mask: 0.3095 (0.3462)  normalized_mse_mask: 0.0126 (0.0235)  rmse_m_all: 5.4874 (7.3431)  actual_mask_ratio: 0.0709 (0.0718)  actual_prediction_mask_ratio: 0.2277 (0.2353)  ignored_patch_ratio: 0.0000 (0.0021)  time: 0.1156  data: 0.0001  max mem: 1904
[17:27:19.138396] Epoch: [19]  [540/759]  eta: 0:00:25  lr: 0.000009  loss: 0.0147 (0.0235)  mae_m_mask: 0.2389 (0.2362)  rmse_m_mask: 0.3365 (0.3466)  normalized_mse_mask: 0.0147 (0.0235)  rmse_m_all: 7.9936 (7.3602)  actual_mask_ratio: 0.0709 (0.0717)  actual_prediction_mask_ratio: 0.2256 (0.2351)  ignored_patch_ratio: 0.0000 (0.0021)  time: 0.1159  data: 0.0001  max mem: 1904
[17:27:21.445890] Epoch: [19]  [560/759]  eta: 0:00:23  lr: 0.000009  loss: 0.0118 (0.0236)  mae_m_mask: 0.2303 (0.2363)  rmse_m_mask: 0.3491 (0.3469)  normalized_mse_mask: 0.0118 (0.0236)  rmse_m_all: 7.8765 (7.3816)  actual_mask_ratio: 0.0709 (0.0717)  actual_prediction_mask_ratio: 0.2381 (0.2352)  ignored_patch_ratio: 0.0000 (0.0021)  time: 0.1153  data: 0.0001  max mem: 1904
[17:27:23.760682] Epoch: [19]  [580/759]  eta: 0:00:20  lr: 0.000009  loss: 0.0154 (0.0235)  mae_m_mask: 0.2215 (0.2361)  rmse_m_mask: 0.3028 (0.3465)  normalized_mse_mask: 0.0154 (0.0235)  rmse_m_all: 8.9941 (7.4109)  actual_mask_ratio: 0.0720 (0.0718)  actual_prediction_mask_ratio: 0.2239 (0.2350)  ignored_patch_ratio: 0.0000 (0.0021)  time: 0.1157  data: 0.0001  max mem: 1904
[17:27:26.077918] Epoch: [19]  [600/759]  eta: 0:00:18  lr: 0.000009  loss: 0.0144 (0.0235)  mae_m_mask: 0.2295 (0.2368)  rmse_m_mask: 0.3608 (0.3475)  normalized_mse_mask: 0.0144 (0.0235)  rmse_m_all: 7.6464 (7.4174)  actual_mask_ratio: 0.0697 (0.0717)  actual_prediction_mask_ratio: 0.2319 (0.2350)  ignored_patch_ratio: 0.0000 (0.0020)  time: 0.1158  data: 0.0001  max mem: 1904
[17:27:28.378125] Epoch: [19]  [620/759]  eta: 0:00:16  lr: 0.000009  loss: 0.0086 (0.0232)  mae_m_mask: 0.2307 (0.2370)  rmse_m_mask: 0.3463 (0.3477)  normalized_mse_mask: 0.0086 (0.0232)  rmse_m_all: 6.8048 (7.4129)  actual_mask_ratio: 0.0714 (0.0717)  actual_prediction_mask_ratio: 0.2341 (0.2351)  ignored_patch_ratio: 0.0000 (0.0020)  time: 0.1150  data: 0.0001  max mem: 1904
[17:27:30.616820] Epoch: [19]  [640/759]  eta: 0:00:13  lr: 0.000009  loss: 0.0205 (0.0233)  mae_m_mask: 0.2324 (0.2371)  rmse_m_mask: 0.3463 (0.3479)  normalized_mse_mask: 0.0205 (0.0233)  rmse_m_all: 4.7909 (7.3698)  actual_mask_ratio: 0.0715 (0.0717)  actual_prediction_mask_ratio: 0.2409 (0.2353)  ignored_patch_ratio: 0.0000 (0.0020)  time: 0.1119  data: 0.0001  max mem: 1904
[17:27:32.869611] Epoch: [19]  [660/759]  eta: 0:00:11  lr: 0.000009  loss: 0.0175 (0.0234)  mae_m_mask: 0.2247 (0.2375)  rmse_m_mask: 0.3184 (0.3488)  normalized_mse_mask: 0.0175 (0.0234)  rmse_m_all: 6.6020 (7.3696)  actual_mask_ratio: 0.0714 (0.0718)  actual_prediction_mask_ratio: 0.2415 (0.2355)  ignored_patch_ratio: 0.0000 (0.0020)  time: 0.1126  data: 0.0001  max mem: 1904
[17:27:35.107467] Epoch: [19]  [680/759]  eta: 0:00:09  lr: 0.000009  loss: 0.0097 (0.0232)  mae_m_mask: 0.2274 (0.2383)  rmse_m_mask: 0.3294 (0.3506)  normalized_mse_mask: 0.0097 (0.0232)  rmse_m_all: 5.5032 (7.3400)  actual_mask_ratio: 0.0726 (0.0718)  actual_prediction_mask_ratio: 0.2389 (0.2357)  ignored_patch_ratio: 0.0000 (0.0020)  time: 0.1118  data: 0.0001  max mem: 1904
[17:27:37.351981] Epoch: [19]  [700/759]  eta: 0:00:06  lr: 0.000009  loss: 0.0101 (0.0231)  mae_m_mask: 0.2376 (0.2391)  rmse_m_mask: 0.4114 (0.3521)  normalized_mse_mask: 0.0101 (0.0231)  rmse_m_all: 6.4794 (7.3404)  actual_mask_ratio: 0.0697 (0.0718)  actual_prediction_mask_ratio: 0.2273 (0.2354)  ignored_patch_ratio: 0.0000 (0.0020)  time: 0.1122  data: 0.0001  max mem: 1904
[17:27:39.547771] Epoch: [19]  [720/759]  eta: 0:00:04  lr: 0.000009  loss: 0.0104 (0.0232)  mae_m_mask: 0.2124 (0.2384)  rmse_m_mask: 0.3099 (0.3510)  normalized_mse_mask: 0.0104 (0.0232)  rmse_m_all: 6.0942 (7.3387)  actual_mask_ratio: 0.0726 (0.0717)  actual_prediction_mask_ratio: 0.2273 (0.2352)  ignored_patch_ratio: 0.0000 (0.0022)  time: 0.1098  data: 0.0001  max mem: 1904
[17:27:41.759852] Epoch: [19]  [740/759]  eta: 0:00:02  lr: 0.000009  loss: 0.0099 (0.0231)  mae_m_mask: 0.2526 (0.2388)  rmse_m_mask: 0.3621 (0.3514)  normalized_mse_mask: 0.0099 (0.0231)  rmse_m_all: 9.1362 (7.3997)  actual_mask_ratio: 0.0714 (0.0717)  actual_prediction_mask_ratio: 0.2307 (0.2352)  ignored_patch_ratio: 0.0000 (0.0021)  time: 0.1106  data: 0.0001  max mem: 1904
[17:27:43.762919] Epoch: [19]  [758/759]  eta: 0:00:00  lr: 0.000009  loss: 0.0071 (0.0230)  mae_m_mask: 0.2402 (0.2393)  rmse_m_mask: 0.3400 (0.3522)  normalized_mse_mask: 0.0071 (0.0230)  rmse_m_all: 5.6209 (7.3810)  actual_mask_ratio: 0.0713 (0.0717)  actual_prediction_mask_ratio: 0.2375 (0.2352)  ignored_patch_ratio: 0.0000 (0.0022)  time: 0.1112  data: 0.0001  max mem: 1904
[17:27:43.795076] Epoch: [19] Total time: 0:01:27 (0.1155 s / it)
[17:27:43.796741] Averaged stats: {'lr': 9.368898571542522e-06, 'loss': 0.022384142010518256, 'mae_m_mask': 0.2367433649538099, 'rmse_m_mask': 0.37323008660821927, 'normalized_mse_mask': 0.022384142010518256, 'rmse_m_all': 7.381028368107101, 'actual_mask_ratio': 0.07174380958983392, 'actual_prediction_mask_ratio': 0.23520277375760285, 'ignored_patch_ratio': 0.002177197471437718, 'supervised_pixel_count': 14697075.0}
[17:27:43.976844] Val: [19]  [  0/533]  eta: 0:01:34  loss: 0.0104 (0.0104)  mae_m_mask: 0.9646 (0.9646)  rmse_m_mask: 1.1720 (1.1720)  normalized_mse_mask: 0.0104 (0.0104)  rmse_m_all: 13.8182 (13.8182)  actual_mask_ratio: 0.0787 (0.0787)  actual_prediction_mask_ratio: 0.2431 (0.2431)  ignored_patch_ratio: 0.0488 (0.0488)  time: 0.1772  data: 0.0891  max mem: 1904
[17:27:48.227636] Val: [19]  [ 50/533]  eta: 0:00:41  loss: 0.0015 (0.0037)  mae_m_mask: 0.6879 (0.7444)  rmse_m_mask: 0.8288 (0.8688)  normalized_mse_mask: 0.0015 (0.0037)  rmse_m_all: 13.2855 (14.1018)  actual_mask_ratio: 0.0694 (0.0693)  actual_prediction_mask_ratio: 0.2120 (0.2147)  ignored_patch_ratio: 0.0527 (0.0550)  time: 0.0856  data: 0.0001  max mem: 1904
[17:27:52.388948] Val: [19]  [100/533]  eta: 0:00:36  loss: 0.0004 (0.0022)  mae_m_mask: 0.5533 (0.6994)  rmse_m_mask: 0.7393 (0.8304)  normalized_mse_mask: 0.0004 (0.0022)  rmse_m_all: 17.8987 (15.7188)  actual_mask_ratio: 0.0645 (0.0686)  actual_prediction_mask_ratio: 0.2076 (0.2139)  ignored_patch_ratio: 0.0550 (0.0538)  time: 0.0798  data: 0.0001  max mem: 1904
[17:27:56.003123] Val: [19]  [150/533]  eta: 0:00:30  loss: 0.0007 (0.0018)  mae_m_mask: 0.3937 (0.6692)  rmse_m_mask: 0.5495 (0.7985)  normalized_mse_mask: 0.0007 (0.0018)  rmse_m_all: 11.3460 (15.6710)  actual_mask_ratio: 0.0707 (0.0688)  actual_prediction_mask_ratio: 0.2326 (0.2153)  ignored_patch_ratio: 0.0488 (0.0542)  time: 0.0567  data: 0.0034  max mem: 1904
[17:28:00.220289] Val: [19]  [200/533]  eta: 0:00:27  loss: 0.0012 (0.0017)  mae_m_mask: 0.7488 (0.6672)  rmse_m_mask: 0.8177 (0.7946)  normalized_mse_mask: 0.0012 (0.0017)  rmse_m_all: 14.0280 (15.1449)  actual_mask_ratio: 0.0760 (0.0695)  actual_prediction_mask_ratio: 0.2427 (0.2204)  ignored_patch_ratio: 0.0000 (0.0447)  time: 0.0756  data: 0.0001  max mem: 1904
[17:28:04.463685] Val: [19]  [250/533]  eta: 0:00:23  loss: 0.0009 (0.0017)  mae_m_mask: 0.9659 (0.7379)  rmse_m_mask: 1.1729 (0.8711)  normalized_mse_mask: 0.0009 (0.0017)  rmse_m_all: 14.6513 (15.5025)  actual_mask_ratio: 0.0725 (0.0702)  actual_prediction_mask_ratio: 0.2314 (0.2225)  ignored_patch_ratio: 0.0306 (0.0393)  time: 0.0848  data: 0.0001  max mem: 1904
[17:28:08.082660] Val: [19]  [300/533]  eta: 0:00:18  loss: 0.0004 (0.0017)  mae_m_mask: 0.7484 (0.7915)  rmse_m_mask: 0.8636 (0.9299)  normalized_mse_mask: 0.0004 (0.0017)  rmse_m_all: 23.4135 (16.5806)  actual_mask_ratio: 0.0700 (0.0704)  actual_prediction_mask_ratio: 0.2121 (0.2229)  ignored_patch_ratio: 0.0516 (0.0394)  time: 0.0551  data: 0.0001  max mem: 1904
[17:28:11.975291] Val: [19]  [350/533]  eta: 0:00:14  loss: 0.0006 (0.0016)  mae_m_mask: 0.6927 (0.7870)  rmse_m_mask: 0.8572 (0.9252)  normalized_mse_mask: 0.0006 (0.0016)  rmse_m_all: 19.6179 (16.7781)  actual_mask_ratio: 0.0698 (0.0705)  actual_prediction_mask_ratio: 0.2170 (0.2230)  ignored_patch_ratio: 0.0391 (0.0384)  time: 0.0713  data: 0.0001  max mem: 1904
[17:28:16.393746] Val: [19]  [400/533]  eta: 0:00:10  loss: 0.0008 (0.0015)  mae_m_mask: 0.6834 (0.8089)  rmse_m_mask: 0.8226 (0.9492)  normalized_mse_mask: 0.0008 (0.0015)  rmse_m_all: 18.9047 (17.1575)  actual_mask_ratio: 0.0683 (0.0702)  actual_prediction_mask_ratio: 0.2164 (0.2218)  ignored_patch_ratio: 0.0476 (0.0400)  time: 0.0883  data: 0.0001  max mem: 1904
[17:28:20.793604] Val: [19]  [450/533]  eta: 0:00:06  loss: 0.0011 (0.0016)  mae_m_mask: 0.9851 (0.8371)  rmse_m_mask: 1.2185 (0.9851)  normalized_mse_mask: 0.0011 (0.0016)  rmse_m_all: 17.0124 (17.1709)  actual_mask_ratio: 0.0670 (0.0702)  actual_prediction_mask_ratio: 0.2143 (0.2217)  ignored_patch_ratio: 0.0612 (0.0412)  time: 0.0879  data: 0.0001  max mem: 1904
[17:28:25.138416] Val: [19]  [500/533]  eta: 0:00:02  loss: 0.0003 (0.0016)  mae_m_mask: 0.5309 (0.8214)  rmse_m_mask: 0.6451 (0.9678)  normalized_mse_mask: 0.0003 (0.0016)  rmse_m_all: 16.4884 (17.2237)  actual_mask_ratio: 0.0673 (0.0700)  actual_prediction_mask_ratio: 0.2116 (0.2212)  ignored_patch_ratio: 0.0573 (0.0425)  time: 0.0859  data: 0.0001  max mem: 1904
[17:28:27.859167] Val: [19]  [532/533]  eta: 0:00:00  loss: 0.0007 (0.0016)  mae_m_mask: 0.7061 (0.8173)  rmse_m_mask: 0.8666 (0.9630)  normalized_mse_mask: 0.0007 (0.0016)  rmse_m_all: 17.8447 (17.2784)  actual_mask_ratio: 0.0666 (0.0699)  actual_prediction_mask_ratio: 0.2121 (0.2208)  ignored_patch_ratio: 0.0550 (0.0432)  time: 0.0835  data: 0.0001  max mem: 1904
[17:28:27.889685] Val: [19] Total time: 0:00:44 (0.0827 s / it)
[17:28:27.892826] val stats: {'loss': 0.0015616064851632346, 'mae_m_mask': 0.8019760729318122, 'rmse_m_mask': 1.070840998756272, 'normalized_mse_mask': 0.0015616064851632346, 'rmse_m_all': 17.278440792162467, 'actual_mask_ratio': 0.06990061117437499, 'actual_prediction_mask_ratio': 0.22084709342156744, 'ignored_patch_ratio': 0.04319662906886489, 'supervised_pixel_count': 11054205.0}
[17:28:32.115658] log_dir: /tank/data/SFS/xinyis/data/bathymetry/MAE-Topography/Downstream_Task_Bathy/cross_validation_v5_Stage2NormMSE_MeterSelect/runs/holdout_CA_D004Stage2NormMSE_MeterSelect_D001NoDataSafe/train_stage2_normMSE_meterSelect_CA_KlamathRiver_TopoBathy_2018_D18_fromStage1Best_e120_lr1e-5_b4_acc4/tb
[17:28:32.316672] Epoch: [20]  [  0/759]  eta: 0:02:32  lr: 0.000009  loss: 0.0211 (0.0211)  mae_m_mask: 0.1698 (0.1698)  rmse_m_mask: 0.2397 (0.2397)  normalized_mse_mask: 0.0211 (0.0211)  rmse_m_all: 2.3613 (2.3613)  actual_mask_ratio: 0.0731 (0.0731)  actual_prediction_mask_ratio: 0.2415 (0.2415)  ignored_patch_ratio: 0.0000 (0.0000)  time: 0.2004  data: 0.0841  max mem: 1904
[17:28:34.638206] Epoch: [20]  [ 20/759]  eta: 0:01:28  lr: 0.000009  loss: 0.0132 (0.0139)  mae_m_mask: 0.2317 (0.2381)  rmse_m_mask: 0.3523 (0.3451)  normalized_mse_mask: 0.0132 (0.0139)  rmse_m_all: 6.8480 (6.5513)  actual_mask_ratio: 0.0720 (0.0728)  actual_prediction_mask_ratio: 0.2313 (0.2349)  ignored_patch_ratio: 0.0000 (0.0016)  time: 0.1160  data: 0.0001  max mem: 1904
[17:28:36.961542] Epoch: [20]  [ 40/759]  eta: 0:01:24  lr: 0.000009  loss: 0.0112 (0.0187)  mae_m_mask: 0.2113 (0.2379)  rmse_m_mask: 0.3290 (0.3486)  normalized_mse_mask: 0.0112 (0.0187)  rmse_m_all: 5.4488 (6.6164)  actual_mask_ratio: 0.0714 (0.0718)  actual_prediction_mask_ratio: 0.2319 (0.2327)  ignored_patch_ratio: 0.0000 (0.0025)  time: 0.1161  data: 0.0001  max mem: 1904
[17:28:39.256851] Epoch: [20]  [ 60/759]  eta: 0:01:21  lr: 0.000009  loss: 0.0138 (0.0197)  mae_m_mask: 0.2114 (0.2379)  rmse_m_mask: 0.2989 (0.3509)  normalized_mse_mask: 0.0138 (0.0197)  rmse_m_all: 7.5939 (6.7320)  actual_mask_ratio: 0.0743 (0.0724)  actual_prediction_mask_ratio: 0.2457 (0.2357)  ignored_patch_ratio: 0.0000 (0.0023)  time: 0.1147  data: 0.0001  max mem: 1904
[17:28:41.575093] Epoch: [20]  [ 80/759]  eta: 0:01:19  lr: 0.000009  loss: 0.0205 (0.0221)  mae_m_mask: 0.2271 (0.2378)  rmse_m_mask: 0.3416 (0.3508)  normalized_mse_mask: 0.0205 (0.0221)  rmse_m_all: 7.0560 (6.8987)  actual_mask_ratio: 0.0714 (0.0723)  actual_prediction_mask_ratio: 0.2324 (0.2346)  ignored_patch_ratio: 0.0000 (0.0018)  time: 0.1159  data: 0.0001  max mem: 1904
[17:28:43.884246] Epoch: [20]  [100/759]  eta: 0:01:16  lr: 0.000009  loss: 0.0171 (0.0223)  mae_m_mask: 0.2361 (0.2377)  rmse_m_mask: 0.3172 (0.3490)  normalized_mse_mask: 0.0171 (0.0223)  rmse_m_all: 6.7303 (7.0523)  actual_mask_ratio: 0.0743 (0.0722)  actual_prediction_mask_ratio: 0.2362 (0.2353)  ignored_patch_ratio: 0.0000 (0.0026)  time: 0.1154  data: 0.0001  max mem: 1904
[17:28:46.571986] Epoch: [20]  [120/759]  eta: 0:01:16  lr: 0.000009  loss: 0.0107 (0.0229)  mae_m_mask: 0.2498 (0.2417)  rmse_m_mask: 0.3681 (0.3557)  normalized_mse_mask: 0.0107 (0.0229)  rmse_m_all: 7.5989 (7.3146)  actual_mask_ratio: 0.0680 (0.0717)  actual_prediction_mask_ratio: 0.2171 (0.2339)  ignored_patch_ratio: 0.0000 (0.0031)  time: 0.1344  data: 0.0341  max mem: 1904
[17:28:50.527812] Epoch: [20]  [140/759]  eta: 0:01:20  lr: 0.000009  loss: 0.0193 (0.0237)  mae_m_mask: 0.2329 (0.2419)  rmse_m_mask: 0.3152 (0.3564)  normalized_mse_mask: 0.0193 (0.0237)  rmse_m_all: 5.7754 (7.1748)  actual_mask_ratio: 0.0743 (0.0717)  actual_prediction_mask_ratio: 0.2429 (0.2347)  ignored_patch_ratio: 0.0000 (0.0034)  time: 0.1978  data: 0.1226  max mem: 1904
[17:28:53.474054] Epoch: [20]  [160/759]  eta: 0:01:19  lr: 0.000009  loss: 0.0125 (0.0232)  mae_m_mask: 0.2139 (0.2399)  rmse_m_mask: 0.3134 (0.3550)  normalized_mse_mask: 0.0125 (0.0232)  rmse_m_all: 7.5004 (7.1891)  actual_mask_ratio: 0.0731 (0.0720)  actual_prediction_mask_ratio: 0.2472 (0.2361)  ignored_patch_ratio: 0.0000 (0.0030)  time: 0.1473  data: 0.0495  max mem: 1904
[17:28:55.799771] Epoch: [20]  [180/759]  eta: 0:01:15  lr: 0.000009  loss: 0.0156 (0.0228)  mae_m_mask: 0.1847 (0.2358)  rmse_m_mask: 0.2646 (0.3488)  normalized_mse_mask: 0.0156 (0.0228)  rmse_m_all: 7.0220 (7.1722)  actual_mask_ratio: 0.0720 (0.0722)  actual_prediction_mask_ratio: 0.2398 (0.2362)  ignored_patch_ratio: 0.0000 (0.0027)  time: 0.1163  data: 0.0001  max mem: 1904
[17:28:58.109829] Epoch: [20]  [200/759]  eta: 0:01:12  lr: 0.000009  loss: 0.0083 (0.0228)  mae_m_mask: 0.2446 (0.2400)  rmse_m_mask: 0.3911 (0.3536)  normalized_mse_mask: 0.0083 (0.0228)  rmse_m_all: 5.7669 (7.2990)  actual_mask_ratio: 0.0692 (0.0718)  actual_prediction_mask_ratio: 0.2285 (0.2354)  ignored_patch_ratio: 0.0000 (0.0028)  time: 0.1155  data: 0.0001  max mem: 1904
[17:29:00.457601] Epoch: [20]  [220/759]  eta: 0:01:09  lr: 0.000009  loss: 0.0161 (0.0229)  mae_m_mask: 0.2160 (0.2401)  rmse_m_mask: 0.2919 (0.3533)  normalized_mse_mask: 0.0161 (0.0229)  rmse_m_all: 7.5630 (7.4347)  actual_mask_ratio: 0.0720 (0.0719)  actual_prediction_mask_ratio: 0.2307 (0.2353)  ignored_patch_ratio: 0.0000 (0.0028)  time: 0.1174  data: 0.0001  max mem: 1904
[17:29:02.791678] Epoch: [20]  [240/759]  eta: 0:01:06  lr: 0.000009  loss: 0.0158 (0.0230)  mae_m_mask: 0.2196 (0.2398)  rmse_m_mask: 0.2769 (0.3512)  normalized_mse_mask: 0.0158 (0.0230)  rmse_m_all: 6.9803 (7.3801)  actual_mask_ratio: 0.0697 (0.0718)  actual_prediction_mask_ratio: 0.2205 (0.2346)  ignored_patch_ratio: 0.0000 (0.0028)  time: 0.1167  data: 0.0001  max mem: 1904
[17:29:05.178582] Epoch: [20]  [260/759]  eta: 0:01:03  lr: 0.000009  loss: 0.0144 (0.0235)  mae_m_mask: 0.2105 (0.2390)  rmse_m_mask: 0.2911 (0.3512)  normalized_mse_mask: 0.0144 (0.0235)  rmse_m_all: 6.6736 (7.3762)  actual_mask_ratio: 0.0680 (0.0715)  actual_prediction_mask_ratio: 0.2319 (0.2341)  ignored_patch_ratio: 0.0000 (0.0030)  time: 0.1193  data: 0.0001  max mem: 1904
[17:29:07.538327] Epoch: [20]  [280/759]  eta: 0:01:00  lr: 0.000009  loss: 0.0153 (0.0241)  mae_m_mask: 0.2591 (0.2407)  rmse_m_mask: 0.3861 (0.3543)  normalized_mse_mask: 0.0153 (0.0241)  rmse_m_all: 6.6930 (7.4076)  actual_mask_ratio: 0.0680 (0.0713)  actual_prediction_mask_ratio: 0.2234 (0.2338)  ignored_patch_ratio: 0.0000 (0.0029)  time: 0.1180  data: 0.0001  max mem: 1904
[17:29:09.876692] Epoch: [20]  [300/759]  eta: 0:00:57  lr: 0.000009  loss: 0.0154 (0.0244)  mae_m_mask: 0.2264 (0.2406)  rmse_m_mask: 0.3365 (0.3544)  normalized_mse_mask: 0.0154 (0.0244)  rmse_m_all: 6.7329 (7.3810)  actual_mask_ratio: 0.0709 (0.0714)  actual_prediction_mask_ratio: 0.2347 (0.2340)  ignored_patch_ratio: 0.0000 (0.0029)  time: 0.1169  data: 0.0001  max mem: 1904
[17:29:12.279466] Epoch: [20]  [320/759]  eta: 0:00:54  lr: 0.000009  loss: 0.0090 (0.0238)  mae_m_mask: 0.2198 (0.2399)  rmse_m_mask: 0.3177 (0.3537)  normalized_mse_mask: 0.0090 (0.0238)  rmse_m_all: 8.5852 (7.4254)  actual_mask_ratio: 0.0714 (0.0714)  actual_prediction_mask_ratio: 0.2330 (0.2336)  ignored_patch_ratio: 0.0000 (0.0027)  time: 0.1201  data: 0.0001  max mem: 1904
[17:29:14.613207] Epoch: [20]  [340/759]  eta: 0:00:52  lr: 0.000009  loss: 0.0141 (0.0236)  mae_m_mask: 0.2197 (0.2405)  rmse_m_mask: 0.3124 (0.3537)  normalized_mse_mask: 0.0141 (0.0236)  rmse_m_all: 6.5649 (7.4415)  actual_mask_ratio: 0.0726 (0.0715)  actual_prediction_mask_ratio: 0.2438 (0.2339)  ignored_patch_ratio: 0.0000 (0.0025)  time: 0.1166  data: 0.0001  max mem: 1904
[17:29:16.947035] Epoch: [20]  [360/759]  eta: 0:00:49  lr: 0.000009  loss: 0.0261 (0.0236)  mae_m_mask: 0.1839 (0.2397)  rmse_m_mask: 0.2718 (0.3538)  normalized_mse_mask: 0.0261 (0.0236)  rmse_m_all: 6.8831 (7.3983)  actual_mask_ratio: 0.0731 (0.0716)  actual_prediction_mask_ratio: 0.2460 (0.2346)  ignored_patch_ratio: 0.0000 (0.0025)  time: 0.1167  data: 0.0001  max mem: 1904
[17:29:19.277778] Epoch: [20]  [380/759]  eta: 0:00:46  lr: 0.000009  loss: 0.0191 (0.0236)  mae_m_mask: 0.2250 (0.2400)  rmse_m_mask: 0.3144 (0.3547)  normalized_mse_mask: 0.0191 (0.0236)  rmse_m_all: 7.3912 (7.3978)  actual_mask_ratio: 0.0686 (0.0715)  actual_prediction_mask_ratio: 0.2279 (0.2346)  ignored_patch_ratio: 0.0000 (0.0026)  time: 0.1165  data: 0.0001  max mem: 1904
[17:29:21.616043] Epoch: [20]  [400/759]  eta: 0:00:44  lr: 0.000009  loss: 0.0080 (0.0231)  mae_m_mask: 0.2529 (0.2409)  rmse_m_mask: 0.3531 (0.3563)  normalized_mse_mask: 0.0080 (0.0231)  rmse_m_all: 8.0133 (7.4789)  actual_mask_ratio: 0.0686 (0.0714)  actual_prediction_mask_ratio: 0.2245 (0.2341)  ignored_patch_ratio: 0.0000 (0.0025)  time: 0.1169  data: 0.0001  max mem: 1904
[17:29:23.953051] Epoch: [20]  [420/759]  eta: 0:00:41  lr: 0.000009  loss: 0.0145 (0.0228)  mae_m_mask: 0.2048 (0.2402)  rmse_m_mask: 0.3204 (0.3547)  normalized_mse_mask: 0.0145 (0.0228)  rmse_m_all: 7.6556 (7.4886)  actual_mask_ratio: 0.0754 (0.0715)  actual_prediction_mask_ratio: 0.2421 (0.2343)  ignored_patch_ratio: 0.0000 (0.0024)  time: 0.1168  data: 0.0001  max mem: 1904
[17:29:26.286695] Epoch: [20]  [440/759]  eta: 0:00:39  lr: 0.000009  loss: 0.0124 (0.0226)  mae_m_mask: 0.2144 (0.2401)  rmse_m_mask: 0.3143 (0.3540)  normalized_mse_mask: 0.0124 (0.0226)  rmse_m_all: 4.8205 (7.4869)  actual_mask_ratio: 0.0697 (0.0714)  actual_prediction_mask_ratio: 0.2234 (0.2340)  ignored_patch_ratio: 0.0000 (0.0024)  time: 0.1166  data: 0.0001  max mem: 1904
[17:29:28.619024] Epoch: [20]  [460/759]  eta: 0:00:36  lr: 0.000009  loss: 0.0176 (0.0229)  mae_m_mask: 0.2594 (0.2408)  rmse_m_mask: 0.3680 (0.3552)  normalized_mse_mask: 0.0176 (0.0229)  rmse_m_all: 7.0826 (7.4682)  actual_mask_ratio: 0.0703 (0.0714)  actual_prediction_mask_ratio: 0.2460 (0.2344)  ignored_patch_ratio: 0.0000 (0.0024)  time: 0.1166  data: 0.0001  max mem: 1904
[17:29:30.949791] Epoch: [20]  [480/759]  eta: 0:00:34  lr: 0.000009  loss: 0.0093 (0.0230)  mae_m_mask: 0.2090 (0.2406)  rmse_m_mask: 0.3081 (0.3545)  normalized_mse_mask: 0.0093 (0.0230)  rmse_m_all: 6.7313 (7.4488)  actual_mask_ratio: 0.0709 (0.0714)  actual_prediction_mask_ratio: 0.2253 (0.2343)  ignored_patch_ratio: 0.0000 (0.0024)  time: 0.1165  data: 0.0001  max mem: 1904
[17:29:33.277741] Epoch: [20]  [500/759]  eta: 0:00:31  lr: 0.000009  loss: 0.0155 (0.0229)  mae_m_mask: 0.1713 (0.2385)  rmse_m_mask: 0.2397 (0.3512)  normalized_mse_mask: 0.0155 (0.0229)  rmse_m_all: 6.0792 (7.3956)  actual_mask_ratio: 0.0720 (0.0714)  actual_prediction_mask_ratio: 0.2385 (0.2343)  ignored_patch_ratio: 0.0000 (0.0025)  time: 0.1164  data: 0.0001  max mem: 1904
[17:29:35.610298] Epoch: [20]  [520/759]  eta: 0:00:29  lr: 0.000009  loss: 0.0085 (0.0226)  mae_m_mask: 0.2162 (0.2384)  rmse_m_mask: 0.3018 (0.3503)  normalized_mse_mask: 0.0085 (0.0226)  rmse_m_all: 7.6842 (7.4166)  actual_mask_ratio: 0.0731 (0.0714)  actual_prediction_mask_ratio: 0.2432 (0.2345)  ignored_patch_ratio: 0.0000 (0.0024)  time: 0.1166  data: 0.0001  max mem: 1904
[17:29:37.940797] Epoch: [20]  [540/759]  eta: 0:00:26  lr: 0.000009  loss: 0.0085 (0.0227)  mae_m_mask: 0.2018 (0.2378)  rmse_m_mask: 0.3100 (0.3497)  normalized_mse_mask: 0.0085 (0.0227)  rmse_m_all: 7.3605 (7.4195)  actual_mask_ratio: 0.0714 (0.0714)  actual_prediction_mask_ratio: 0.2280 (0.2344)  ignored_patch_ratio: 0.0000 (0.0024)  time: 0.1165  data: 0.0001  max mem: 1904
[17:29:40.274820] Epoch: [20]  [560/759]  eta: 0:00:24  lr: 0.000009  loss: 0.0155 (0.0227)  mae_m_mask: 0.2006 (0.2368)  rmse_m_mask: 0.2775 (0.3483)  normalized_mse_mask: 0.0155 (0.0227)  rmse_m_all: 5.1738 (7.3792)  actual_mask_ratio: 0.0762 (0.0715)  actual_prediction_mask_ratio: 0.2426 (0.2346)  ignored_patch_ratio: 0.0000 (0.0024)  time: 0.1167  data: 0.0001  max mem: 1904
[17:29:42.610458] Epoch: [20]  [580/759]  eta: 0:00:21  lr: 0.000009  loss: 0.0100 (0.0227)  mae_m_mask: 0.2265 (0.2370)  rmse_m_mask: 0.3136 (0.3490)  normalized_mse_mask: 0.0100 (0.0227)  rmse_m_all: 7.6383 (7.3956)  actual_mask_ratio: 0.0709 (0.0715)  actual_prediction_mask_ratio: 0.2319 (0.2346)  ignored_patch_ratio: 0.0000 (0.0024)  time: 0.1167  data: 0.0001  max mem: 1904
[17:29:44.944651] Epoch: [20]  [600/759]  eta: 0:00:19  lr: 0.000009  loss: 0.0127 (0.0226)  mae_m_mask: 0.2078 (0.2364)  rmse_m_mask: 0.2837 (0.3479)  normalized_mse_mask: 0.0127 (0.0226)  rmse_m_all: 6.4455 (7.3984)  actual_mask_ratio: 0.0714 (0.0715)  actual_prediction_mask_ratio: 0.2341 (0.2347)  ignored_patch_ratio: 0.0000 (0.0024)  time: 0.1167  data: 0.0001  max mem: 1904
[17:29:47.281480] Epoch: [20]  [620/759]  eta: 0:00:16  lr: 0.000009  loss: 0.0123 (0.0224)  mae_m_mask: 0.2601 (0.2374)  rmse_m_mask: 0.3514 (0.3493)  normalized_mse_mask: 0.0123 (0.0224)  rmse_m_all: 7.6060 (7.4134)  actual_mask_ratio: 0.0726 (0.0716)  actual_prediction_mask_ratio: 0.2268 (0.2347)  ignored_patch_ratio: 0.0000 (0.0024)  time: 0.1168  data: 0.0001  max mem: 1904
[17:29:49.614691] Epoch: [20]  [640/759]  eta: 0:00:14  lr: 0.000009  loss: 0.0131 (0.0224)  mae_m_mask: 0.2438 (0.2375)  rmse_m_mask: 0.3539 (0.3494)  normalized_mse_mask: 0.0131 (0.0224)  rmse_m_all: 4.6165 (7.3824)  actual_mask_ratio: 0.0703 (0.0715)  actual_prediction_mask_ratio: 0.2364 (0.2346)  ignored_patch_ratio: 0.0000 (0.0024)  time: 0.1166  data: 0.0001  max mem: 1904
[17:29:51.943944] Epoch: [20]  [660/759]  eta: 0:00:11  lr: 0.000009  loss: 0.0132 (0.0223)  mae_m_mask: 0.2499 (0.2386)  rmse_m_mask: 0.3549 (0.3511)  normalized_mse_mask: 0.0132 (0.0223)  rmse_m_all: 6.4607 (7.4031)  actual_mask_ratio: 0.0703 (0.0715)  actual_prediction_mask_ratio: 0.2370 (0.2346)  ignored_patch_ratio: 0.0000 (0.0023)  time: 0.1164  data: 0.0001  max mem: 1904
[17:29:54.277681] Epoch: [20]  [680/759]  eta: 0:00:09  lr: 0.000009  loss: 0.0131 (0.0223)  mae_m_mask: 0.1801 (0.2378)  rmse_m_mask: 0.2649 (0.3501)  normalized_mse_mask: 0.0131 (0.0223)  rmse_m_all: 5.9178 (7.3762)  actual_mask_ratio: 0.0724 (0.0716)  actual_prediction_mask_ratio: 0.2341 (0.2348)  ignored_patch_ratio: 0.0000 (0.0023)  time: 0.1166  data: 0.0001  max mem: 1904
[17:29:56.612612] Epoch: [20]  [700/759]  eta: 0:00:07  lr: 0.000009  loss: 0.0141 (0.0223)  mae_m_mask: 0.1981 (0.2370)  rmse_m_mask: 0.2630 (0.3493)  normalized_mse_mask: 0.0141 (0.0223)  rmse_m_all: 5.8194 (7.3584)  actual_mask_ratio: 0.0726 (0.0716)  actual_prediction_mask_ratio: 0.2285 (0.2348)  ignored_patch_ratio: 0.0000 (0.0022)  time: 0.1167  data: 0.0001  max mem: 1904
[17:29:58.831672] Epoch: [20]  [720/759]  eta: 0:00:04  lr: 0.000009  loss: 0.0163 (0.0221)  mae_m_mask: 0.2144 (0.2371)  rmse_m_mask: 0.3101 (0.3494)  normalized_mse_mask: 0.0163 (0.0221)  rmse_m_all: 4.9038 (7.3474)  actual_mask_ratio: 0.0709 (0.0716)  actual_prediction_mask_ratio: 0.2415 (0.2348)  ignored_patch_ratio: 0.0000 (0.0023)  time: 0.1109  data: 0.0001  max mem: 1904
[17:30:01.072166] Epoch: [20]  [740/759]  eta: 0:00:02  lr: 0.000009  loss: 0.0134 (0.0221)  mae_m_mask: 0.2071 (0.2376)  rmse_m_mask: 0.3092 (0.3502)  normalized_mse_mask: 0.0134 (0.0221)  rmse_m_all: 7.8168 (7.3759)  actual_mask_ratio: 0.0765 (0.0717)  actual_prediction_mask_ratio: 0.2432 (0.2352)  ignored_patch_ratio: 0.0000 (0.0022)  time: 0.1120  data: 0.0001  max mem: 1904
[17:30:03.087399] Epoch: [20]  [758/759]  eta: 0:00:00  lr: 0.000009  loss: 0.0224 (0.0223)  mae_m_mask: 0.1663 (0.2371)  rmse_m_mask: 0.2659 (0.3494)  normalized_mse_mask: 0.0224 (0.0223)  rmse_m_all: 6.4590 (7.3582)  actual_mask_ratio: 0.0720 (0.0717)  actual_prediction_mask_ratio: 0.2364 (0.2352)  ignored_patch_ratio: 0.0000 (0.0022)  time: 0.1127  data: 0.0001  max mem: 1904
[17:30:03.118229] Epoch: [20] Total time: 0:01:31 (0.1199 s / it)
[17:30:03.122433] Averaged stats: {'lr': 9.30411465802725e-06, 'loss': 0.02194665003387826, 'mae_m_mask': 0.23485019069067634, 'rmse_m_mask': 0.3716871576121684, 'normalized_mse_mask': 0.02194665003387826, 'rmse_m_all': 7.358199941389488, 'actual_mask_ratio': 0.07172979352620279, 'actual_prediction_mask_ratio': 0.23516242791148828, 'ignored_patch_ratio': 0.0021757038999766073, 'supervised_pixel_count': 14692861.0}
[17:30:03.301727] Val: [20]  [  0/533]  eta: 0:01:34  loss: 0.0109 (0.0109)  mae_m_mask: 1.0205 (1.0205)  rmse_m_mask: 1.2160 (1.2160)  normalized_mse_mask: 0.0109 (0.0109)  rmse_m_all: 13.7745 (13.7745)  actual_mask_ratio: 0.0787 (0.0787)  actual_prediction_mask_ratio: 0.2431 (0.2431)  ignored_patch_ratio: 0.0488 (0.0488)  time: 0.1765  data: 0.0902  max mem: 1904
[17:30:07.578666] Val: [20]  [ 50/533]  eta: 0:00:42  loss: 0.0017 (0.0039)  mae_m_mask: 0.7032 (0.7695)  rmse_m_mask: 0.8437 (0.8933)  normalized_mse_mask: 0.0017 (0.0039)  rmse_m_all: 13.2479 (14.0525)  actual_mask_ratio: 0.0694 (0.0693)  actual_prediction_mask_ratio: 0.2120 (0.2147)  ignored_patch_ratio: 0.0527 (0.0550)  time: 0.0858  data: 0.0001  max mem: 1904
[17:30:11.867159] Val: [20]  [100/533]  eta: 0:00:37  loss: 0.0004 (0.0023)  mae_m_mask: 0.5665 (0.7164)  rmse_m_mask: 0.7113 (0.8467)  normalized_mse_mask: 0.0004 (0.0023)  rmse_m_all: 17.8134 (15.6576)  actual_mask_ratio: 0.0645 (0.0686)  actual_prediction_mask_ratio: 0.2076 (0.2139)  ignored_patch_ratio: 0.0550 (0.0538)  time: 0.0848  data: 0.0001  max mem: 1904
[17:30:16.149647] Val: [20]  [150/533]  eta: 0:00:33  loss: 0.0007 (0.0019)  mae_m_mask: 0.4067 (0.6843)  rmse_m_mask: 0.5724 (0.8136)  normalized_mse_mask: 0.0007 (0.0019)  rmse_m_all: 11.2921 (15.6061)  actual_mask_ratio: 0.0707 (0.0688)  actual_prediction_mask_ratio: 0.2326 (0.2153)  ignored_patch_ratio: 0.0488 (0.0542)  time: 0.0859  data: 0.0001  max mem: 1904
[17:30:20.256642] Val: [20]  [200/533]  eta: 0:00:28  loss: 0.0011 (0.0018)  mae_m_mask: 0.7260 (0.6739)  rmse_m_mask: 0.7935 (0.8013)  normalized_mse_mask: 0.0011 (0.0018)  rmse_m_all: 13.9685 (15.0817)  actual_mask_ratio: 0.0760 (0.0695)  actual_prediction_mask_ratio: 0.2427 (0.2204)  ignored_patch_ratio: 0.0000 (0.0447)  time: 0.0776  data: 0.0001  max mem: 1904
[17:30:24.619541] Val: [20]  [250/533]  eta: 0:00:24  loss: 0.0009 (0.0017)  mae_m_mask: 0.9447 (0.7412)  rmse_m_mask: 1.1827 (0.8745)  normalized_mse_mask: 0.0009 (0.0017)  rmse_m_all: 14.5588 (15.4339)  actual_mask_ratio: 0.0725 (0.0702)  actual_prediction_mask_ratio: 0.2314 (0.2225)  ignored_patch_ratio: 0.0306 (0.0393)  time: 0.1093  data: 0.0550  max mem: 1904
[17:30:28.377866] Val: [20]  [300/533]  eta: 0:00:19  loss: 0.0004 (0.0017)  mae_m_mask: 0.7300 (0.7971)  rmse_m_mask: 0.8826 (0.9360)  normalized_mse_mask: 0.0004 (0.0017)  rmse_m_all: 23.2659 (16.5039)  actual_mask_ratio: 0.0700 (0.0704)  actual_prediction_mask_ratio: 0.2121 (0.2229)  ignored_patch_ratio: 0.0516 (0.0394)  time: 0.0853  data: 0.0001  max mem: 1904
[17:30:32.650921] Val: [20]  [350/533]  eta: 0:00:15  loss: 0.0007 (0.0016)  mae_m_mask: 0.7255 (0.7922)  rmse_m_mask: 0.8966 (0.9311)  normalized_mse_mask: 0.0007 (0.0016)  rmse_m_all: 19.4972 (16.6993)  actual_mask_ratio: 0.0698 (0.0705)  actual_prediction_mask_ratio: 0.2170 (0.2230)  ignored_patch_ratio: 0.0391 (0.0384)  time: 0.0849  data: 0.0001  max mem: 1904
[17:30:36.334369] Val: [20]  [400/533]  eta: 0:00:11  loss: 0.0008 (0.0015)  mae_m_mask: 0.7245 (0.8178)  rmse_m_mask: 0.8672 (0.9590)  normalized_mse_mask: 0.0008 (0.0015)  rmse_m_all: 18.7774 (17.0750)  actual_mask_ratio: 0.0683 (0.0702)  actual_prediction_mask_ratio: 0.2164 (0.2218)  ignored_patch_ratio: 0.0476 (0.0400)  time: 0.0560  data: 0.0001  max mem: 1904
[17:30:39.322009] Val: [20]  [450/533]  eta: 0:00:06  loss: 0.0011 (0.0017)  mae_m_mask: 1.0028 (0.8495)  rmse_m_mask: 1.2596 (0.9985)  normalized_mse_mask: 0.0011 (0.0017)  rmse_m_all: 16.9021 (17.0875)  actual_mask_ratio: 0.0670 (0.0702)  actual_prediction_mask_ratio: 0.2143 (0.2217)  ignored_patch_ratio: 0.0612 (0.0412)  time: 0.0353  data: 0.0001  max mem: 1904
[17:30:43.196982] Val: [20]  [500/533]  eta: 0:00:02  loss: 0.0003 (0.0016)  mae_m_mask: 0.5440 (0.8338)  rmse_m_mask: 0.6589 (0.9810)  normalized_mse_mask: 0.0003 (0.0016)  rmse_m_all: 16.4146 (17.1413)  actual_mask_ratio: 0.0673 (0.0700)  actual_prediction_mask_ratio: 0.2116 (0.2212)  ignored_patch_ratio: 0.0573 (0.0425)  time: 0.0878  data: 0.0001  max mem: 1904
[17:30:45.977756] Val: [20]  [532/533]  eta: 0:00:00  loss: 0.0007 (0.0016)  mae_m_mask: 0.7089 (0.8295)  rmse_m_mask: 0.8804 (0.9761)  normalized_mse_mask: 0.0007 (0.0016)  rmse_m_all: 17.7704 (17.1952)  actual_mask_ratio: 0.0666 (0.0699)  actual_prediction_mask_ratio: 0.2121 (0.2208)  ignored_patch_ratio: 0.0550 (0.0432)  time: 0.0860  data: 0.0001  max mem: 1904
[17:30:46.008648] Val: [20] Total time: 0:00:42 (0.0805 s / it)
[17:30:46.009303] val stats: {'loss': 0.0015990819402798622, 'mae_m_mask': 0.8122880992318081, 'rmse_m_mask': 1.0857457072347785, 'normalized_mse_mask': 0.0015990819402798622, 'rmse_m_all': 17.195242519450233, 'actual_mask_ratio': 0.06990061117437499, 'actual_prediction_mask_ratio': 0.22084709342156744, 'ignored_patch_ratio': 0.04319662906886489, 'supervised_pixel_count': 11054205.0}
[17:31:16.030245] log_dir: /tank/data/SFS/xinyis/data/bathymetry/MAE-Topography/Downstream_Task_Bathy/cross_validation_v5_Stage2NormMSE_MeterSelect/runs/holdout_CA_D004Stage2NormMSE_MeterSelect_D001NoDataSafe/train_stage2_normMSE_meterSelect_CA_KlamathRiver_TopoBathy_2018_D18_fromStage1Best_e120_lr1e-5_b4_acc4/tb
[17:31:16.223811] Epoch: [21]  [  0/759]  eta: 0:02:26  lr: 0.000009  loss: 0.0022 (0.0022)  mae_m_mask: 0.2111 (0.2111)  rmse_m_mask: 0.3598 (0.3598)  normalized_mse_mask: 0.0022 (0.0022)  rmse_m_all: 13.7385 (13.7385)  actual_mask_ratio: 0.0595 (0.0595)  actual_prediction_mask_ratio: 0.2222 (0.2222)  ignored_patch_ratio: 0.0000 (0.0000)  time: 0.1930  data: 0.0843  max mem: 1904
[17:31:18.551373] Epoch: [21]  [ 20/759]  eta: 0:01:28  lr: 0.000009  loss: 0.0134 (0.0232)  mae_m_mask: 0.2477 (0.2516)  rmse_m_mask: 0.3714 (0.3766)  normalized_mse_mask: 0.0134 (0.0232)  rmse_m_all: 7.2356 (8.0073)  actual_mask_ratio: 0.0720 (0.0714)  actual_prediction_mask_ratio: 0.2341 (0.2378)  ignored_patch_ratio: 0.0000 (0.0006)  time: 0.1163  data: 0.0001  max mem: 1904
[17:31:20.852508] Epoch: [21]  [ 40/759]  eta: 0:01:24  lr: 0.000009  loss: 0.0170 (0.0258)  mae_m_mask: 0.2155 (0.2427)  rmse_m_mask: 0.3082 (0.3552)  normalized_mse_mask: 0.0170 (0.0258)  rmse_m_all: 6.9008 (7.6078)  actual_mask_ratio: 0.0709 (0.0710)  actual_prediction_mask_ratio: 0.2309 (0.2346)  ignored_patch_ratio: 0.0000 (0.0025)  time: 0.1150  data: 0.0001  max mem: 1904
[17:31:23.176962] Epoch: [21]  [ 60/759]  eta: 0:01:21  lr: 0.000009  loss: 0.0144 (0.0249)  mae_m_mask: 0.2043 (0.2383)  rmse_m_mask: 0.2794 (0.3524)  normalized_mse_mask: 0.0144 (0.0249)  rmse_m_all: 4.1271 (7.1709)  actual_mask_ratio: 0.0731 (0.0719)  actual_prediction_mask_ratio: 0.2336 (0.2360)  ignored_patch_ratio: 0.0000 (0.0022)  time: 0.1162  data: 0.0001  max mem: 1904
[17:31:25.497254] Epoch: [21]  [ 80/759]  eta: 0:01:19  lr: 0.000009  loss: 0.0089 (0.0226)  mae_m_mask: 0.2301 (0.2432)  rmse_m_mask: 0.3491 (0.3566)  normalized_mse_mask: 0.0089 (0.0226)  rmse_m_all: 9.0656 (7.3826)  actual_mask_ratio: 0.0737 (0.0723)  actual_prediction_mask_ratio: 0.2409 (0.2364)  ignored_patch_ratio: 0.0000 (0.0020)  time: 0.1160  data: 0.0001  max mem: 1904
[17:31:27.813411] Epoch: [21]  [100/759]  eta: 0:01:16  lr: 0.000009  loss: 0.0142 (0.0225)  mae_m_mask: 0.2387 (0.2443)  rmse_m_mask: 0.3422 (0.3576)  normalized_mse_mask: 0.0142 (0.0225)  rmse_m_all: 5.8790 (7.0751)  actual_mask_ratio: 0.0726 (0.0720)  actual_prediction_mask_ratio: 0.2396 (0.2366)  ignored_patch_ratio: 0.0000 (0.0018)  time: 0.1158  data: 0.0001  max mem: 1904
[17:31:30.125625] Epoch: [21]  [120/759]  eta: 0:01:14  lr: 0.000009  loss: 0.0099 (0.0226)  mae_m_mask: 0.2719 (0.2482)  rmse_m_mask: 0.3880 (0.3624)  normalized_mse_mask: 0.0099 (0.0226)  rmse_m_all: 9.0465 (7.3090)  actual_mask_ratio: 0.0714 (0.0717)  actual_prediction_mask_ratio: 0.2272 (0.2356)  ignored_patch_ratio: 0.0000 (0.0018)  time: 0.1156  data: 0.0001  max mem: 1904
[17:31:32.438588] Epoch: [21]  [140/759]  eta: 0:01:12  lr: 0.000009  loss: 0.0207 (0.0235)  mae_m_mask: 0.2250 (0.2464)  rmse_m_mask: 0.3248 (0.3612)  normalized_mse_mask: 0.0207 (0.0235)  rmse_m_all: 6.2468 (7.2801)  actual_mask_ratio: 0.0703 (0.0715)  actual_prediction_mask_ratio: 0.2336 (0.2351)  ignored_patch_ratio: 0.0000 (0.0019)  time: 0.1156  data: 0.0001  max mem: 1904
[17:31:34.755972] Epoch: [21]  [160/759]  eta: 0:01:09  lr: 0.000009  loss: 0.0111 (0.0223)  mae_m_mask: 0.2130 (0.2443)  rmse_m_mask: 0.3112 (0.3597)  normalized_mse_mask: 0.0111 (0.0223)  rmse_m_all: 6.8649 (7.2322)  actual_mask_ratio: 0.0703 (0.0714)  actual_prediction_mask_ratio: 0.2319 (0.2340)  ignored_patch_ratio: 0.0000 (0.0022)  time: 0.1158  data: 0.0001  max mem: 1904
[17:31:37.073818] Epoch: [21]  [180/759]  eta: 0:01:07  lr: 0.000009  loss: 0.0077 (0.0225)  mae_m_mask: 0.2043 (0.2447)  rmse_m_mask: 0.2786 (0.3611)  normalized_mse_mask: 0.0077 (0.0225)  rmse_m_all: 5.8559 (7.1415)  actual_mask_ratio: 0.0737 (0.0715)  actual_prediction_mask_ratio: 0.2347 (0.2343)  ignored_patch_ratio: 0.0000 (0.0022)  time: 0.1159  data: 0.0001  max mem: 1904
[17:31:39.355527] Epoch: [21]  [200/759]  eta: 0:01:04  lr: 0.000009  loss: 0.0088 (0.0219)  mae_m_mask: 0.1737 (0.2416)  rmse_m_mask: 0.2427 (0.3568)  normalized_mse_mask: 0.0088 (0.0219)  rmse_m_all: 5.3337 (7.0626)  actual_mask_ratio: 0.0703 (0.0714)  actual_prediction_mask_ratio: 0.2200 (0.2336)  ignored_patch_ratio: 0.0000 (0.0023)  time: 0.1140  data: 0.0001  max mem: 1904
[17:31:41.651083] Epoch: [21]  [220/759]  eta: 0:01:02  lr: 0.000009  loss: 0.0109 (0.0213)  mae_m_mask: 0.2470 (0.2412)  rmse_m_mask: 0.3318 (0.3560)  normalized_mse_mask: 0.0109 (0.0213)  rmse_m_all: 9.1189 (7.2155)  actual_mask_ratio: 0.0697 (0.0714)  actual_prediction_mask_ratio: 0.2434 (0.2342)  ignored_patch_ratio: 0.0000 (0.0024)  time: 0.1147  data: 0.0001  max mem: 1904
[17:31:43.970085] Epoch: [21]  [240/759]  eta: 0:01:00  lr: 0.000009  loss: 0.0142 (0.0217)  mae_m_mask: 0.2375 (0.2418)  rmse_m_mask: 0.3380 (0.3558)  normalized_mse_mask: 0.0142 (0.0217)  rmse_m_all: 5.9965 (7.1549)  actual_mask_ratio: 0.0743 (0.0715)  actual_prediction_mask_ratio: 0.2336 (0.2343)  ignored_patch_ratio: 0.0000 (0.0025)  time: 0.1159  data: 0.0001  max mem: 1904
[17:31:46.286797] Epoch: [21]  [260/759]  eta: 0:00:57  lr: 0.000009  loss: 0.0093 (0.0216)  mae_m_mask: 0.2176 (0.2412)  rmse_m_mask: 0.2923 (0.3542)  normalized_mse_mask: 0.0093 (0.0216)  rmse_m_all: 5.2586 (7.1688)  actual_mask_ratio: 0.0744 (0.0717)  actual_prediction_mask_ratio: 0.2466 (0.2347)  ignored_patch_ratio: 0.0000 (0.0025)  time: 0.1158  data: 0.0001  max mem: 1904
[17:31:48.600429] Epoch: [21]  [280/759]  eta: 0:00:55  lr: 0.000009  loss: 0.0116 (0.0213)  mae_m_mask: 0.1947 (0.2406)  rmse_m_mask: 0.2780 (0.3533)  normalized_mse_mask: 0.0116 (0.0213)  rmse_m_all: 6.1904 (7.1907)  actual_mask_ratio: 0.0765 (0.0718)  actual_prediction_mask_ratio: 0.2494 (0.2354)  ignored_patch_ratio: 0.0000 (0.0024)  time: 0.1156  data: 0.0001  max mem: 1904
[17:31:50.919045] Epoch: [21]  [300/759]  eta: 0:00:53  lr: 0.000009  loss: 0.0135 (0.0211)  mae_m_mask: 0.1967 (0.2384)  rmse_m_mask: 0.2972 (0.3503)  normalized_mse_mask: 0.0135 (0.0211)  rmse_m_all: 6.5124 (7.1744)  actual_mask_ratio: 0.0733 (0.0718)  actual_prediction_mask_ratio: 0.2353 (0.2353)  ignored_patch_ratio: 0.0000 (0.0025)  time: 0.1159  data: 0.0001  max mem: 1904
[17:31:53.232295] Epoch: [21]  [320/759]  eta: 0:00:50  lr: 0.000009  loss: 0.0154 (0.0214)  mae_m_mask: 0.2228 (0.2379)  rmse_m_mask: 0.3541 (0.3500)  normalized_mse_mask: 0.0154 (0.0214)  rmse_m_all: 5.8236 (7.1805)  actual_mask_ratio: 0.0737 (0.0720)  actual_prediction_mask_ratio: 0.2421 (0.2358)  ignored_patch_ratio: 0.0000 (0.0024)  time: 0.1156  data: 0.0001  max mem: 1904
[17:31:55.549953] Epoch: [21]  [340/759]  eta: 0:00:48  lr: 0.000009  loss: 0.0320 (0.0225)  mae_m_mask: 0.2174 (0.2381)  rmse_m_mask: 0.2950 (0.3500)  normalized_mse_mask: 0.0320 (0.0225)  rmse_m_all: 5.0857 (7.1666)  actual_mask_ratio: 0.0731 (0.0720)  actual_prediction_mask_ratio: 0.2348 (0.2358)  ignored_patch_ratio: 0.0000 (0.0025)  time: 0.1158  data: 0.0001  max mem: 1904
[17:31:57.860057] Epoch: [21]  [360/759]  eta: 0:00:46  lr: 0.000009  loss: 0.0139 (0.0225)  mae_m_mask: 0.2254 (0.2372)  rmse_m_mask: 0.3309 (0.3487)  normalized_mse_mask: 0.0139 (0.0225)  rmse_m_all: 4.7606 (7.1363)  actual_mask_ratio: 0.0731 (0.0721)  actual_prediction_mask_ratio: 0.2523 (0.2363)  ignored_patch_ratio: 0.0000 (0.0024)  time: 0.1155  data: 0.0001  max mem: 1904
[17:32:00.171793] Epoch: [21]  [380/759]  eta: 0:00:43  lr: 0.000009  loss: 0.0112 (0.0222)  mae_m_mask: 0.1832 (0.2348)  rmse_m_mask: 0.2803 (0.3454)  normalized_mse_mask: 0.0112 (0.0222)  rmse_m_all: 5.1794 (7.1067)  actual_mask_ratio: 0.0726 (0.0722)  actual_prediction_mask_ratio: 0.2421 (0.2367)  ignored_patch_ratio: 0.0000 (0.0024)  time: 0.1155  data: 0.0001  max mem: 1904
[17:32:02.476942] Epoch: [21]  [400/759]  eta: 0:00:41  lr: 0.000009  loss: 0.0115 (0.0218)  mae_m_mask: 0.2603 (0.2352)  rmse_m_mask: 0.3458 (0.3462)  normalized_mse_mask: 0.0115 (0.0218)  rmse_m_all: 6.5119 (7.1012)  actual_mask_ratio: 0.0714 (0.0721)  actual_prediction_mask_ratio: 0.2426 (0.2368)  ignored_patch_ratio: 0.0000 (0.0024)  time: 0.1152  data: 0.0001  max mem: 1904
[17:32:04.784351] Epoch: [21]  [420/759]  eta: 0:00:39  lr: 0.000009  loss: 0.0130 (0.0221)  mae_m_mask: 0.2115 (0.2349)  rmse_m_mask: 0.2916 (0.3459)  normalized_mse_mask: 0.0130 (0.0221)  rmse_m_all: 5.9202 (7.1006)  actual_mask_ratio: 0.0737 (0.0722)  actual_prediction_mask_ratio: 0.2443 (0.2370)  ignored_patch_ratio: 0.0000 (0.0023)  time: 0.1153  data: 0.0001  max mem: 1904
[17:32:07.090729] Epoch: [21]  [440/759]  eta: 0:00:36  lr: 0.000009  loss: 0.0185 (0.0226)  mae_m_mask: 0.1843 (0.2348)  rmse_m_mask: 0.2659 (0.3450)  normalized_mse_mask: 0.0185 (0.0226)  rmse_m_all: 6.6585 (7.1094)  actual_mask_ratio: 0.0726 (0.0722)  actual_prediction_mask_ratio: 0.2415 (0.2372)  ignored_patch_ratio: 0.0000 (0.0023)  time: 0.1153  data: 0.0001  max mem: 1904
[17:32:09.328059] Epoch: [21]  [460/759]  eta: 0:00:34  lr: 0.000009  loss: 0.0167 (0.0225)  mae_m_mask: 0.2099 (0.2354)  rmse_m_mask: 0.2840 (0.3455)  normalized_mse_mask: 0.0167 (0.0225)  rmse_m_all: 8.3246 (7.1305)  actual_mask_ratio: 0.0726 (0.0722)  actual_prediction_mask_ratio: 0.2415 (0.2374)  ignored_patch_ratio: 0.0000 (0.0024)  time: 0.1118  data: 0.0001  max mem: 1904
[17:32:11.577722] Epoch: [21]  [480/759]  eta: 0:00:32  lr: 0.000009  loss: 0.0071 (0.0221)  mae_m_mask: 0.1959 (0.2350)  rmse_m_mask: 0.3007 (0.3447)  normalized_mse_mask: 0.0071 (0.0221)  rmse_m_all: 8.7288 (7.1587)  actual_mask_ratio: 0.0720 (0.0722)  actual_prediction_mask_ratio: 0.2353 (0.2373)  ignored_patch_ratio: 0.0000 (0.0023)  time: 0.1124  data: 0.0001  max mem: 1904
[17:32:13.762414] Epoch: [21]  [500/759]  eta: 0:00:29  lr: 0.000009  loss: 0.0115 (0.0222)  mae_m_mask: 0.2225 (0.2350)  rmse_m_mask: 0.3034 (0.3441)  normalized_mse_mask: 0.0115 (0.0222)  rmse_m_all: 6.5307 (7.1715)  actual_mask_ratio: 0.0714 (0.0722)  actual_prediction_mask_ratio: 0.2364 (0.2372)  ignored_patch_ratio: 0.0000 (0.0023)  time: 0.1092  data: 0.0001  max mem: 1904
[17:32:15.984211] Epoch: [21]  [520/759]  eta: 0:00:27  lr: 0.000009  loss: 0.0131 (0.0225)  mae_m_mask: 0.2213 (0.2357)  rmse_m_mask: 0.3230 (0.3455)  normalized_mse_mask: 0.0131 (0.0225)  rmse_m_all: 7.2569 (7.1939)  actual_mask_ratio: 0.0682 (0.0720)  actual_prediction_mask_ratio: 0.2228 (0.2367)  ignored_patch_ratio: 0.0000 (0.0023)  time: 0.1111  data: 0.0001  max mem: 1904
[17:32:18.234795] Epoch: [21]  [540/759]  eta: 0:00:25  lr: 0.000009  loss: 0.0114 (0.0226)  mae_m_mask: 0.2261 (0.2356)  rmse_m_mask: 0.3285 (0.3451)  normalized_mse_mask: 0.0114 (0.0226)  rmse_m_all: 5.7471 (7.1331)  actual_mask_ratio: 0.0709 (0.0720)  actual_prediction_mask_ratio: 0.2370 (0.2366)  ignored_patch_ratio: 0.0000 (0.0023)  time: 0.1125  data: 0.0001  max mem: 1904
[17:32:20.480286] Epoch: [21]  [560/759]  eta: 0:00:22  lr: 0.000009  loss: 0.0096 (0.0226)  mae_m_mask: 0.1707 (0.2351)  rmse_m_mask: 0.2476 (0.3444)  normalized_mse_mask: 0.0096 (0.0226)  rmse_m_all: 8.0123 (7.1421)  actual_mask_ratio: 0.0717 (0.0720)  actual_prediction_mask_ratio: 0.2381 (0.2365)  ignored_patch_ratio: 0.0000 (0.0023)  time: 0.1122  data: 0.0001  max mem: 1904
[17:32:22.730685] Epoch: [21]  [580/759]  eta: 0:00:20  lr: 0.000009  loss: 0.0162 (0.0224)  mae_m_mask: 0.2523 (0.2361)  rmse_m_mask: 0.3749 (0.3461)  normalized_mse_mask: 0.0162 (0.0224)  rmse_m_all: 7.5499 (7.1864)  actual_mask_ratio: 0.0710 (0.0719)  actual_prediction_mask_ratio: 0.2290 (0.2362)  ignored_patch_ratio: 0.0000 (0.0023)  time: 0.1125  data: 0.0001  max mem: 1904
[17:32:24.986919] Epoch: [21]  [600/759]  eta: 0:00:18  lr: 0.000009  loss: 0.0179 (0.0224)  mae_m_mask: 0.1928 (0.2362)  rmse_m_mask: 0.2824 (0.3471)  normalized_mse_mask: 0.0179 (0.0224)  rmse_m_all: 6.1233 (7.1966)  actual_mask_ratio: 0.0697 (0.0719)  actual_prediction_mask_ratio: 0.2398 (0.2362)  ignored_patch_ratio: 0.0000 (0.0022)  time: 0.1128  data: 0.0002  max mem: 1904
[17:32:27.237722] Epoch: [21]  [620/759]  eta: 0:00:15  lr: 0.000009  loss: 0.0144 (0.0224)  mae_m_mask: 0.2172 (0.2366)  rmse_m_mask: 0.2976 (0.3479)  normalized_mse_mask: 0.0144 (0.0224)  rmse_m_all: 8.5050 (7.2218)  actual_mask_ratio: 0.0731 (0.0719)  actual_prediction_mask_ratio: 0.2358 (0.2363)  ignored_patch_ratio: 0.0000 (0.0022)  time: 0.1125  data: 0.0001  max mem: 1904
[17:32:29.455930] Epoch: [21]  [640/759]  eta: 0:00:13  lr: 0.000009  loss: 0.0179 (0.0227)  mae_m_mask: 0.1829 (0.2366)  rmse_m_mask: 0.3022 (0.3479)  normalized_mse_mask: 0.0179 (0.0227)  rmse_m_all: 8.3364 (7.2620)  actual_mask_ratio: 0.0692 (0.0719)  actual_prediction_mask_ratio: 0.2358 (0.2361)  ignored_patch_ratio: 0.0000 (0.0022)  time: 0.1109  data: 0.0001  max mem: 1904
[17:32:31.712061] Epoch: [21]  [660/759]  eta: 0:00:11  lr: 0.000009  loss: 0.0115 (0.0228)  mae_m_mask: 0.2198 (0.2367)  rmse_m_mask: 0.3107 (0.3481)  normalized_mse_mask: 0.0115 (0.0228)  rmse_m_all: 8.2689 (7.3131)  actual_mask_ratio: 0.0714 (0.0719)  actual_prediction_mask_ratio: 0.2290 (0.2360)  ignored_patch_ratio: 0.0000 (0.0022)  time: 0.1128  data: 0.0001  max mem: 1904
[17:32:33.884621] Epoch: [21]  [680/759]  eta: 0:00:09  lr: 0.000009  loss: 0.0122 (0.0228)  mae_m_mask: 0.2145 (0.2372)  rmse_m_mask: 0.3122 (0.3487)  normalized_mse_mask: 0.0122 (0.0228)  rmse_m_all: 9.5327 (7.3562)  actual_mask_ratio: 0.0675 (0.0719)  actual_prediction_mask_ratio: 0.2239 (0.2357)  ignored_patch_ratio: 0.0000 (0.0022)  time: 0.1086  data: 0.0001  max mem: 1904
[17:32:35.678745] Epoch: [21]  [700/759]  eta: 0:00:06  lr: 0.000009  loss: 0.0206 (0.0229)  mae_m_mask: 0.2260 (0.2381)  rmse_m_mask: 0.3612 (0.3508)  normalized_mse_mask: 0.0206 (0.0229)  rmse_m_all: 8.5974 (7.3676)  actual_mask_ratio: 0.0686 (0.0718)  actual_prediction_mask_ratio: 0.2307 (0.2355)  ignored_patch_ratio: 0.0000 (0.0021)  time: 0.0897  data: 0.0001  max mem: 1904
[17:32:37.236999] Epoch: [21]  [720/759]  eta: 0:00:04  lr: 0.000009  loss: 0.0158 (0.0230)  mae_m_mask: 0.2039 (0.2378)  rmse_m_mask: 0.3367 (0.3505)  normalized_mse_mask: 0.0158 (0.0230)  rmse_m_all: 5.2849 (7.3677)  actual_mask_ratio: 0.0709 (0.0718)  actual_prediction_mask_ratio: 0.2341 (0.2355)  ignored_patch_ratio: 0.0000 (0.0021)  time: 0.0779  data: 0.0001  max mem: 1904
[17:32:38.805776] Epoch: [21]  [740/759]  eta: 0:00:02  lr: 0.000009  loss: 0.0131 (0.0228)  mae_m_mask: 0.2563 (0.2380)  rmse_m_mask: 0.3492 (0.3511)  normalized_mse_mask: 0.0131 (0.0228)  rmse_m_all: 7.4312 (7.3890)  actual_mask_ratio: 0.0712 (0.0718)  actual_prediction_mask_ratio: 0.2319 (0.2352)  ignored_patch_ratio: 0.0000 (0.0022)  time: 0.0784  data: 0.0001  max mem: 1904
[17:32:40.235648] Epoch: [21]  [758/759]  eta: 0:00:00  lr: 0.000009  loss: 0.0164 (0.0228)  mae_m_mask: 0.2014 (0.2375)  rmse_m_mask: 0.3042 (0.3505)  normalized_mse_mask: 0.0164 (0.0228)  rmse_m_all: 6.5300 (7.3815)  actual_mask_ratio: 0.0720 (0.0717)  actual_prediction_mask_ratio: 0.2398 (0.2352)  ignored_patch_ratio: 0.0000 (0.0022)  time: 0.0796  data: 0.0001  max mem: 1904
[17:32:40.263872] Epoch: [21] Total time: 0:01:24 (0.1110 s / it)
[17:32:40.264135] Averaged stats: {'lr': 9.236415186823106e-06, 'loss': 0.022167908123329604, 'mae_m_mask': 0.23464603087287075, 'rmse_m_mask': 0.37198892575339193, 'normalized_mse_mask': 0.022167908123329604, 'rmse_m_all': 7.381500492768168, 'actual_mask_ratio': 0.07174403814301974, 'actual_prediction_mask_ratio': 0.23519461748235623, 'ignored_patch_ratio': 0.0021771975499682117, 'supervised_pixel_count': 14699350.0}
[17:32:40.396247] Val: [21]  [  0/533]  eta: 0:01:09  loss: 0.0114 (0.0114)  mae_m_mask: 1.0690 (1.0690)  rmse_m_mask: 1.2659 (1.2659)  normalized_mse_mask: 0.0114 (0.0114)  rmse_m_all: 13.7606 (13.7606)  actual_mask_ratio: 0.0787 (0.0787)  actual_prediction_mask_ratio: 0.2431 (0.2431)  ignored_patch_ratio: 0.0488 (0.0488)  time: 0.1295  data: 0.0737  max mem: 1904
[17:32:43.199611] Val: [21]  [ 50/533]  eta: 0:00:27  loss: 0.0018 (0.0039)  mae_m_mask: 0.7298 (0.7938)  rmse_m_mask: 0.8681 (0.9178)  normalized_mse_mask: 0.0018 (0.0039)  rmse_m_all: 13.2409 (14.0399)  actual_mask_ratio: 0.0694 (0.0693)  actual_prediction_mask_ratio: 0.2120 (0.2147)  ignored_patch_ratio: 0.0527 (0.0550)  time: 0.0561  data: 0.0001  max mem: 1904
[17:32:45.343048] Val: [21]  [100/533]  eta: 0:00:21  loss: 0.0004 (0.0024)  mae_m_mask: 0.5925 (0.7381)  rmse_m_mask: 0.7063 (0.8695)  normalized_mse_mask: 0.0004 (0.0024)  rmse_m_all: 17.8077 (15.6466)  actual_mask_ratio: 0.0645 (0.0686)  actual_prediction_mask_ratio: 0.2076 (0.2139)  ignored_patch_ratio: 0.0550 (0.0538)  time: 0.0277  data: 0.0001  max mem: 1904
[17:32:46.730890] Val: [21]  [150/533]  eta: 0:00:16  loss: 0.0006 (0.0019)  mae_m_mask: 0.3984 (0.7033)  rmse_m_mask: 0.5695 (0.8336)  normalized_mse_mask: 0.0006 (0.0019)  rmse_m_all: 11.2944 (15.5967)  actual_mask_ratio: 0.0707 (0.0688)  actual_prediction_mask_ratio: 0.2326 (0.2153)  ignored_patch_ratio: 0.0488 (0.0542)  time: 0.0273  data: 0.0001  max mem: 1904
[17:32:48.188241] Val: [21]  [200/533]  eta: 0:00:13  loss: 0.0011 (0.0018)  mae_m_mask: 0.6810 (0.6817)  rmse_m_mask: 0.7751 (0.8094)  normalized_mse_mask: 0.0011 (0.0018)  rmse_m_all: 13.9770 (15.0736)  actual_mask_ratio: 0.0760 (0.0695)  actual_prediction_mask_ratio: 0.2427 (0.2204)  ignored_patch_ratio: 0.0000 (0.0447)  time: 0.0274  data: 0.0001  max mem: 1904
[17:32:49.581636] Val: [21]  [250/533]  eta: 0:00:10  loss: 0.0010 (0.0017)  mae_m_mask: 0.9546 (0.7434)  rmse_m_mask: 1.1170 (0.8770)  normalized_mse_mask: 0.0010 (0.0017)  rmse_m_all: 14.5876 (15.4282)  actual_mask_ratio: 0.0725 (0.0702)  actual_prediction_mask_ratio: 0.2314 (0.2225)  ignored_patch_ratio: 0.0306 (0.0393)  time: 0.0277  data: 0.0001  max mem: 1904
[17:32:51.056186] Val: [21]  [300/533]  eta: 0:00:08  loss: 0.0004 (0.0017)  mae_m_mask: 0.6957 (0.8034)  rmse_m_mask: 0.8514 (0.9424)  normalized_mse_mask: 0.0004 (0.0017)  rmse_m_all: 23.3023 (16.5004)  actual_mask_ratio: 0.0700 (0.0704)  actual_prediction_mask_ratio: 0.2121 (0.2229)  ignored_patch_ratio: 0.0516 (0.0394)  time: 0.0280  data: 0.0001  max mem: 1904
[17:32:52.558126] Val: [21]  [350/533]  eta: 0:00:06  loss: 0.0007 (0.0016)  mae_m_mask: 0.7745 (0.7971)  rmse_m_mask: 0.9324 (0.9357)  normalized_mse_mask: 0.0007 (0.0016)  rmse_m_all: 19.5064 (16.6972)  actual_mask_ratio: 0.0698 (0.0705)  actual_prediction_mask_ratio: 0.2170 (0.2230)  ignored_patch_ratio: 0.0391 (0.0384)  time: 0.0275  data: 0.0001  max mem: 1904
[17:32:54.094760] Val: [21]  [400/533]  eta: 0:00:04  loss: 0.0008 (0.0015)  mae_m_mask: 0.8152 (0.8278)  rmse_m_mask: 0.9564 (0.9689)  normalized_mse_mask: 0.0008 (0.0015)  rmse_m_all: 18.7819 (17.0740)  actual_mask_ratio: 0.0683 (0.0702)  actual_prediction_mask_ratio: 0.2164 (0.2218)  ignored_patch_ratio: 0.0476 (0.0400)  time: 0.0326  data: 0.0054  max mem: 1904
[17:32:55.491848] Val: [21]  [450/533]  eta: 0:00:02  loss: 0.0013 (0.0017)  mae_m_mask: 1.0201 (0.8629)  rmse_m_mask: 1.3064 (1.0122)  normalized_mse_mask: 0.0013 (0.0017)  rmse_m_all: 16.9241 (17.0876)  actual_mask_ratio: 0.0670 (0.0702)  actual_prediction_mask_ratio: 0.2143 (0.2217)  ignored_patch_ratio: 0.0612 (0.0412)  time: 0.0273  data: 0.0001  max mem: 1904
[17:32:56.992283] Val: [21]  [500/533]  eta: 0:00:01  loss: 0.0004 (0.0016)  mae_m_mask: 0.5723 (0.8476)  rmse_m_mask: 0.7085 (0.9950)  normalized_mse_mask: 0.0004 (0.0016)  rmse_m_all: 16.4122 (17.1398)  actual_mask_ratio: 0.0673 (0.0700)  actual_prediction_mask_ratio: 0.2116 (0.2212)  ignored_patch_ratio: 0.0573 (0.0425)  time: 0.0332  data: 0.0057  max mem: 1904
[17:32:57.856212] Val: [21]  [532/533]  eta: 0:00:00  loss: 0.0007 (0.0017)  mae_m_mask: 0.7193 (0.8439)  rmse_m_mask: 0.8894 (0.9908)  normalized_mse_mask: 0.0007 (0.0017)  rmse_m_all: 17.7814 (17.1940)  actual_mask_ratio: 0.0666 (0.0699)  actual_prediction_mask_ratio: 0.2121 (0.2208)  ignored_patch_ratio: 0.0550 (0.0432)  time: 0.0263  data: 0.0001  max mem: 1904
[17:32:57.949600] Val: [21] Total time: 0:00:17 (0.0332 s / it)
[17:32:57.949941] val stats: {'loss': 0.0016231598556623113, 'mae_m_mask': 0.8238358959663851, 'rmse_m_mask': 1.1024434339286933, 'normalized_mse_mask': 0.0016231598556623113, 'rmse_m_all': 17.194010464827517, 'actual_mask_ratio': 0.06990061117437499, 'actual_prediction_mask_ratio': 0.22084709342156744, 'ignored_patch_ratio': 0.04319662906886489, 'supervised_pixel_count': 11054205.0}
[17:33:02.221952] log_dir: /tank/data/SFS/xinyis/data/bathymetry/MAE-Topography/Downstream_Task_Bathy/cross_validation_v5_Stage2NormMSE_MeterSelect/runs/holdout_CA_D004Stage2NormMSE_MeterSelect_D001NoDataSafe/train_stage2_normMSE_meterSelect_CA_KlamathRiver_TopoBathy_2018_D18_fromStage1Best_e120_lr1e-5_b4_acc4/tb
[17:33:02.352969] Epoch: [22]  [  0/759]  eta: 0:01:38  lr: 0.000009  loss: 0.0074 (0.0074)  mae_m_mask: 0.1411 (0.1411)  rmse_m_mask: 0.1899 (0.1899)  normalized_mse_mask: 0.0074 (0.0074)  rmse_m_all: 1.8282 (1.8282)  actual_mask_ratio: 0.0833 (0.0833)  actual_prediction_mask_ratio: 0.2647 (0.2647)  ignored_patch_ratio: 0.0000 (0.0000)  time: 0.1304  data: 0.0847  max mem: 1904
[17:33:03.204351] Epoch: [22]  [ 20/759]  eta: 0:00:34  lr: 0.000009  loss: 0.0100 (0.0175)  mae_m_mask: 0.2181 (0.2232)  rmse_m_mask: 0.3156 (0.3275)  normalized_mse_mask: 0.0100 (0.0175)  rmse_m_all: 7.0626 (7.6303)  actual_mask_ratio: 0.0703 (0.0709)  actual_prediction_mask_ratio: 0.2306 (0.2364)  ignored_patch_ratio: 0.0000 (0.0027)  time: 0.0425  data: 0.0001  max mem: 1904
[17:33:05.130787] Epoch: [22]  [ 40/759]  eta: 0:00:50  lr: 0.000009  loss: 0.0144 (0.0243)  mae_m_mask: 0.2002 (0.2197)  rmse_m_mask: 0.2765 (0.3206)  normalized_mse_mask: 0.0144 (0.0243)  rmse_m_all: 6.0263 (7.2600)  actual_mask_ratio: 0.0743 (0.0718)  actual_prediction_mask_ratio: 0.2358 (0.2391)  ignored_patch_ratio: 0.0000 (0.0033)  time: 0.0963  data: 0.0543  max mem: 1904
[17:33:06.735650] Epoch: [22]  [ 60/759]  eta: 0:00:51  lr: 0.000009  loss: 0.0126 (0.0264)  mae_m_mask: 0.2356 (0.2310)  rmse_m_mask: 0.3591 (0.3417)  normalized_mse_mask: 0.0126 (0.0264)  rmse_m_all: 6.2180 (7.3973)  actual_mask_ratio: 0.0703 (0.0711)  actual_prediction_mask_ratio: 0.2358 (0.2353)  ignored_patch_ratio: 0.0000 (0.0026)  time: 0.0802  data: 0.0001  max mem: 1904
[17:33:08.045228] Epoch: [22]  [ 80/759]  eta: 0:00:48  lr: 0.000009  loss: 0.0167 (0.0279)  mae_m_mask: 0.2391 (0.2349)  rmse_m_mask: 0.3577 (0.3519)  normalized_mse_mask: 0.0167 (0.0279)  rmse_m_all: 6.0417 (7.2170)  actual_mask_ratio: 0.0697 (0.0710)  actual_prediction_mask_ratio: 0.2353 (0.2349)  ignored_patch_ratio: 0.0000 (0.0023)  time: 0.0654  data: 0.0004  max mem: 1904
[17:33:09.602433] Epoch: [22]  [100/759]  eta: 0:00:48  lr: 0.000009  loss: 0.0126 (0.0258)  mae_m_mask: 0.2200 (0.2361)  rmse_m_mask: 0.2883 (0.3499)  normalized_mse_mask: 0.0126 (0.0258)  rmse_m_all: 6.5518 (7.3470)  actual_mask_ratio: 0.0737 (0.0715)  actual_prediction_mask_ratio: 0.2387 (0.2361)  ignored_patch_ratio: 0.0000 (0.0025)  time: 0.0778  data: 0.0001  max mem: 1904
[17:33:11.151180] Epoch: [22]  [120/759]  eta: 0:00:47  lr: 0.000009  loss: 0.0101 (0.0243)  mae_m_mask: 0.2285 (0.2391)  rmse_m_mask: 0.3498 (0.3565)  normalized_mse_mask: 0.0101 (0.0243)  rmse_m_all: 6.3346 (7.2744)  actual_mask_ratio: 0.0709 (0.0715)  actual_prediction_mask_ratio: 0.2398 (0.2363)  ignored_patch_ratio: 0.0000 (0.0026)  time: 0.0774  data: 0.0001  max mem: 1904
[17:33:12.708384] Epoch: [22]  [140/759]  eta: 0:00:46  lr: 0.000009  loss: 0.0187 (0.0242)  mae_m_mask: 0.1966 (0.2385)  rmse_m_mask: 0.3106 (0.3561)  normalized_mse_mask: 0.0187 (0.0242)  rmse_m_all: 7.2166 (7.2498)  actual_mask_ratio: 0.0703 (0.0715)  actual_prediction_mask_ratio: 0.2336 (0.2357)  ignored_patch_ratio: 0.0000 (0.0025)  time: 0.0778  data: 0.0001  max mem: 1904
[17:33:14.259745] Epoch: [22]  [160/759]  eta: 0:00:44  lr: 0.000009  loss: 0.0090 (0.0229)  mae_m_mask: 0.1881 (0.2359)  rmse_m_mask: 0.2784 (0.3517)  normalized_mse_mask: 0.0090 (0.0229)  rmse_m_all: 8.2789 (7.2960)  actual_mask_ratio: 0.0731 (0.0716)  actual_prediction_mask_ratio: 0.2364 (0.2355)  ignored_patch_ratio: 0.0000 (0.0026)  time: 0.0775  data: 0.0001  max mem: 1904
[17:33:15.805570] Epoch: [22]  [180/759]  eta: 0:00:43  lr: 0.000009  loss: 0.0200 (0.0232)  mae_m_mask: 0.2005 (0.2331)  rmse_m_mask: 0.2809 (0.3478)  normalized_mse_mask: 0.0200 (0.0232)  rmse_m_all: 6.8067 (7.2965)  actual_mask_ratio: 0.0714 (0.0716)  actual_prediction_mask_ratio: 0.2324 (0.2352)  ignored_patch_ratio: 0.0000 (0.0028)  time: 0.0773  data: 0.0001  max mem: 1904
[17:33:18.461742] Epoch: [22]  [200/759]  eta: 0:00:45  lr: 0.000009  loss: 0.0096 (0.0226)  mae_m_mask: 0.2341 (0.2348)  rmse_m_mask: 0.3439 (0.3504)  normalized_mse_mask: 0.0096 (0.0226)  rmse_m_all: 7.7106 (7.4712)  actual_mask_ratio: 0.0731 (0.0716)  actual_prediction_mask_ratio: 0.2341 (0.2351)  ignored_patch_ratio: 0.0000 (0.0027)  time: 0.1328  data: 0.0508  max mem: 1904
[17:33:20.693118] Epoch: [22]  [220/759]  eta: 0:00:45  lr: 0.000009  loss: 0.0122 (0.0234)  mae_m_mask: 0.2173 (0.2373)  rmse_m_mask: 0.3190 (0.3527)  normalized_mse_mask: 0.0122 (0.0234)  rmse_m_all: 7.0879 (7.4497)  actual_mask_ratio: 0.0720 (0.0717)  actual_prediction_mask_ratio: 0.2336 (0.2351)  ignored_patch_ratio: 0.0000 (0.0025)  time: 0.1115  data: 0.0001  max mem: 1904
[17:33:22.995795] Epoch: [22]  [240/759]  eta: 0:00:44  lr: 0.000009  loss: 0.0092 (0.0230)  mae_m_mask: 0.2711 (0.2400)  rmse_m_mask: 0.3912 (0.3554)  normalized_mse_mask: 0.0092 (0.0230)  rmse_m_all: 8.2896 (7.5886)  actual_mask_ratio: 0.0720 (0.0717)  actual_prediction_mask_ratio: 0.2353 (0.2354)  ignored_patch_ratio: 0.0000 (0.0024)  time: 0.1151  data: 0.0001  max mem: 1904
[17:33:25.307756] Epoch: [22]  [260/759]  eta: 0:00:44  lr: 0.000009  loss: 0.0087 (0.0229)  mae_m_mask: 0.2002 (0.2389)  rmse_m_mask: 0.2908 (0.3542)  normalized_mse_mask: 0.0087 (0.0229)  rmse_m_all: 6.6183 (7.6152)  actual_mask_ratio: 0.0748 (0.0720)  actual_prediction_mask_ratio: 0.2375 (0.2360)  ignored_patch_ratio: 0.0000 (0.0024)  time: 0.1156  data: 0.0001  max mem: 1904
[17:33:27.623195] Epoch: [22]  [280/759]  eta: 0:00:43  lr: 0.000009  loss: 0.0168 (0.0224)  mae_m_mask: 0.2179 (0.2377)  rmse_m_mask: 0.3199 (0.3531)  normalized_mse_mask: 0.0168 (0.0224)  rmse_m_all: 7.3594 (7.6181)  actual_mask_ratio: 0.0726 (0.0720)  actual_prediction_mask_ratio: 0.2395 (0.2363)  ignored_patch_ratio: 0.0000 (0.0024)  time: 0.1157  data: 0.0001  max mem: 1904
[17:33:29.931983] Epoch: [22]  [300/759]  eta: 0:00:42  lr: 0.000009  loss: 0.0134 (0.0224)  mae_m_mask: 0.2520 (0.2387)  rmse_m_mask: 0.3479 (0.3543)  normalized_mse_mask: 0.0134 (0.0224)  rmse_m_all: 6.6440 (7.6041)  actual_mask_ratio: 0.0709 (0.0720)  actual_prediction_mask_ratio: 0.2341 (0.2361)  ignored_patch_ratio: 0.0000 (0.0022)  time: 0.1154  data: 0.0001  max mem: 1904
[17:33:32.247908] Epoch: [22]  [320/759]  eta: 0:00:41  lr: 0.000009  loss: 0.0111 (0.0226)  mae_m_mask: 0.2313 (0.2386)  rmse_m_mask: 0.3492 (0.3541)  normalized_mse_mask: 0.0111 (0.0226)  rmse_m_all: 6.8347 (7.6092)  actual_mask_ratio: 0.0748 (0.0721)  actual_prediction_mask_ratio: 0.2381 (0.2364)  ignored_patch_ratio: 0.0000 (0.0021)  time: 0.1158  data: 0.0001  max mem: 1904
[17:33:34.562090] Epoch: [22]  [340/759]  eta: 0:00:39  lr: 0.000009  loss: 0.0048 (0.0223)  mae_m_mask: 0.2058 (0.2388)  rmse_m_mask: 0.2777 (0.3543)  normalized_mse_mask: 0.0048 (0.0223)  rmse_m_all: 6.4144 (7.5448)  actual_mask_ratio: 0.0692 (0.0720)  actual_prediction_mask_ratio: 0.2358 (0.2362)  ignored_patch_ratio: 0.0000 (0.0021)  time: 0.1157  data: 0.0001  max mem: 1904
[17:33:36.841422] Epoch: [22]  [360/759]  eta: 0:00:38  lr: 0.000009  loss: 0.0151 (0.0224)  mae_m_mask: 0.1867 (0.2380)  rmse_m_mask: 0.2390 (0.3530)  normalized_mse_mask: 0.0151 (0.0224)  rmse_m_all: 5.1465 (7.4407)  actual_mask_ratio: 0.0726 (0.0720)  actual_prediction_mask_ratio: 0.2392 (0.2365)  ignored_patch_ratio: 0.0000 (0.0021)  time: 0.1139  data: 0.0001  max mem: 1904
[17:33:39.147305] Epoch: [22]  [380/759]  eta: 0:00:36  lr: 0.000009  loss: 0.0115 (0.0221)  mae_m_mask: 0.2110 (0.2374)  rmse_m_mask: 0.3007 (0.3521)  normalized_mse_mask: 0.0115 (0.0221)  rmse_m_all: 7.5022 (7.4829)  actual_mask_ratio: 0.0692 (0.0719)  actual_prediction_mask_ratio: 0.2324 (0.2360)  ignored_patch_ratio: 0.0000 (0.0023)  time: 0.1153  data: 0.0001  max mem: 1904
[17:33:41.470154] Epoch: [22]  [400/759]  eta: 0:00:35  lr: 0.000009  loss: 0.0083 (0.0220)  mae_m_mask: 0.2220 (0.2374)  rmse_m_mask: 0.3194 (0.3521)  normalized_mse_mask: 0.0083 (0.0220)  rmse_m_all: 5.6360 (7.4446)  actual_mask_ratio: 0.0720 (0.0718)  actual_prediction_mask_ratio: 0.2415 (0.2359)  ignored_patch_ratio: 0.0000 (0.0022)  time: 0.1161  data: 0.0001  max mem: 1904
[17:33:43.784408] Epoch: [22]  [420/759]  eta: 0:00:33  lr: 0.000009  loss: 0.0120 (0.0218)  mae_m_mask: 0.1894 (0.2367)  rmse_m_mask: 0.2896 (0.3508)  normalized_mse_mask: 0.0120 (0.0218)  rmse_m_all: 7.1418 (7.5022)  actual_mask_ratio: 0.0720 (0.0719)  actual_prediction_mask_ratio: 0.2319 (0.2358)  ignored_patch_ratio: 0.0000 (0.0022)  time: 0.1157  data: 0.0001  max mem: 1904
[17:33:46.128702] Epoch: [22]  [440/759]  eta: 0:00:31  lr: 0.000009  loss: 0.0153 (0.0219)  mae_m_mask: 0.2010 (0.2352)  rmse_m_mask: 0.2695 (0.3484)  normalized_mse_mask: 0.0153 (0.0219)  rmse_m_all: 4.2246 (7.4051)  actual_mask_ratio: 0.0726 (0.0719)  actual_prediction_mask_ratio: 0.2409 (0.2358)  ignored_patch_ratio: 0.0000 (0.0022)  time: 0.1172  data: 0.0001  max mem: 1904
[17:33:48.438382] Epoch: [22]  [460/759]  eta: 0:00:29  lr: 0.000009  loss: 0.0120 (0.0224)  mae_m_mask: 0.2110 (0.2349)  rmse_m_mask: 0.2967 (0.3480)  normalized_mse_mask: 0.0120 (0.0224)  rmse_m_all: 8.0615 (7.4197)  actual_mask_ratio: 0.0686 (0.0718)  actual_prediction_mask_ratio: 0.2370 (0.2356)  ignored_patch_ratio: 0.0000 (0.0022)  time: 0.1154  data: 0.0001  max mem: 1904
[17:33:50.755419] Epoch: [22]  [480/759]  eta: 0:00:28  lr: 0.000009  loss: 0.0118 (0.0224)  mae_m_mask: 0.2140 (0.2350)  rmse_m_mask: 0.2986 (0.3483)  normalized_mse_mask: 0.0118 (0.0224)  rmse_m_all: 5.4834 (7.3741)  actual_mask_ratio: 0.0729 (0.0719)  actual_prediction_mask_ratio: 0.2426 (0.2357)  ignored_patch_ratio: 0.0000 (0.0022)  time: 0.1158  data: 0.0001  max mem: 1904
[17:33:53.069158] Epoch: [22]  [500/759]  eta: 0:00:26  lr: 0.000009  loss: 0.0181 (0.0224)  mae_m_mask: 0.2707 (0.2360)  rmse_m_mask: 0.3773 (0.3498)  normalized_mse_mask: 0.0181 (0.0224)  rmse_m_all: 5.1002 (7.3616)  actual_mask_ratio: 0.0692 (0.0718)  actual_prediction_mask_ratio: 0.2273 (0.2355)  ignored_patch_ratio: 0.0000 (0.0022)  time: 0.1156  data: 0.0001  max mem: 1904
[17:33:55.382264] Epoch: [22]  [520/759]  eta: 0:00:24  lr: 0.000009  loss: 0.0111 (0.0223)  mae_m_mask: 0.2135 (0.2351)  rmse_m_mask: 0.3096 (0.3482)  normalized_mse_mask: 0.0111 (0.0223)  rmse_m_all: 6.6221 (7.3627)  actual_mask_ratio: 0.0703 (0.0718)  actual_prediction_mask_ratio: 0.2246 (0.2353)  ignored_patch_ratio: 0.0000 (0.0022)  time: 0.1156  data: 0.0001  max mem: 1904
[17:33:57.695144] Epoch: [22]  [540/759]  eta: 0:00:22  lr: 0.000009  loss: 0.0094 (0.0220)  mae_m_mask: 0.2500 (0.2356)  rmse_m_mask: 0.3537 (0.3486)  normalized_mse_mask: 0.0094 (0.0220)  rmse_m_all: 6.1065 (7.3481)  actual_mask_ratio: 0.0703 (0.0718)  actual_prediction_mask_ratio: 0.2370 (0.2354)  ignored_patch_ratio: 0.0000 (0.0022)  time: 0.1156  data: 0.0001  max mem: 1904
[17:34:00.028048] Epoch: [22]  [560/759]  eta: 0:00:20  lr: 0.000009  loss: 0.0161 (0.0219)  mae_m_mask: 0.2128 (0.2355)  rmse_m_mask: 0.3342 (0.3484)  normalized_mse_mask: 0.0161 (0.0219)  rmse_m_all: 8.1058 (7.3929)  actual_mask_ratio: 0.0695 (0.0717)  actual_prediction_mask_ratio: 0.2307 (0.2351)  ignored_patch_ratio: 0.0000 (0.0022)  time: 0.1166  data: 0.0001  max mem: 1904
[17:34:02.363396] Epoch: [22]  [580/759]  eta: 0:00:18  lr: 0.000009  loss: 0.0209 (0.0222)  mae_m_mask: 0.2037 (0.2349)  rmse_m_mask: 0.2968 (0.3473)  normalized_mse_mask: 0.0209 (0.0222)  rmse_m_all: 6.4456 (7.3948)  actual_mask_ratio: 0.0703 (0.0716)  actual_prediction_mask_ratio: 0.2353 (0.2350)  ignored_patch_ratio: 0.0000 (0.0021)  time: 0.1167  data: 0.0001  max mem: 1904
[17:34:04.695078] Epoch: [22]  [600/759]  eta: 0:00:16  lr: 0.000009  loss: 0.0119 (0.0221)  mae_m_mask: 0.2159 (0.2349)  rmse_m_mask: 0.2826 (0.3476)  normalized_mse_mask: 0.0119 (0.0221)  rmse_m_all: 5.8694 (7.3693)  actual_mask_ratio: 0.0754 (0.0717)  actual_prediction_mask_ratio: 0.2489 (0.2353)  ignored_patch_ratio: 0.0000 (0.0021)  time: 0.1166  data: 0.0001  max mem: 1904
[17:34:07.027392] Epoch: [22]  [620/759]  eta: 0:00:14  lr: 0.000009  loss: 0.0129 (0.0223)  mae_m_mask: 0.2517 (0.2356)  rmse_m_mask: 0.3546 (0.3486)  normalized_mse_mask: 0.0129 (0.0223)  rmse_m_all: 6.4720 (7.3484)  actual_mask_ratio: 0.0697 (0.0717)  actual_prediction_mask_ratio: 0.2302 (0.2352)  ignored_patch_ratio: 0.0000 (0.0021)  time: 0.1166  data: 0.0001  max mem: 1904
[17:34:09.358692] Epoch: [22]  [640/759]  eta: 0:00:12  lr: 0.000009  loss: 0.0100 (0.0222)  mae_m_mask: 0.2276 (0.2356)  rmse_m_mask: 0.3186 (0.3488)  normalized_mse_mask: 0.0100 (0.0222)  rmse_m_all: 7.8463 (7.3678)  actual_mask_ratio: 0.0720 (0.0717)  actual_prediction_mask_ratio: 0.2392 (0.2351)  ignored_patch_ratio: 0.0000 (0.0021)  time: 0.1165  data: 0.0001  max mem: 1904
[17:34:11.686449] Epoch: [22]  [660/759]  eta: 0:00:10  lr: 0.000009  loss: 0.0084 (0.0223)  mae_m_mask: 0.2394 (0.2363)  rmse_m_mask: 0.3948 (0.3498)  normalized_mse_mask: 0.0084 (0.0223)  rmse_m_all: 6.8064 (7.3777)  actual_mask_ratio: 0.0737 (0.0717)  actual_prediction_mask_ratio: 0.2398 (0.2351)  ignored_patch_ratio: 0.0000 (0.0021)  time: 0.1164  data: 0.0001  max mem: 1904
[17:34:14.024288] Epoch: [22]  [680/759]  eta: 0:00:08  lr: 0.000009  loss: 0.0072 (0.0221)  mae_m_mask: 0.2151 (0.2362)  rmse_m_mask: 0.2961 (0.3494)  normalized_mse_mask: 0.0072 (0.0221)  rmse_m_all: 6.2634 (7.3900)  actual_mask_ratio: 0.0714 (0.0717)  actual_prediction_mask_ratio: 0.2330 (0.2351)  ignored_patch_ratio: 0.0000 (0.0020)  time: 0.1169  data: 0.0001  max mem: 1904
[17:34:16.353925] Epoch: [22]  [700/759]  eta: 0:00:06  lr: 0.000009  loss: 0.0116 (0.0220)  mae_m_mask: 0.2050 (0.2366)  rmse_m_mask: 0.3162 (0.3502)  normalized_mse_mask: 0.0116 (0.0220)  rmse_m_all: 6.2140 (7.3609)  actual_mask_ratio: 0.0697 (0.0716)  actual_prediction_mask_ratio: 0.2364 (0.2351)  ignored_patch_ratio: 0.0000 (0.0021)  time: 0.1165  data: 0.0001  max mem: 1904
[17:34:18.689961] Epoch: [22]  [720/759]  eta: 0:00:04  lr: 0.000009  loss: 0.0195 (0.0222)  mae_m_mask: 0.1895 (0.2361)  rmse_m_mask: 0.2708 (0.3495)  normalized_mse_mask: 0.0195 (0.0222)  rmse_m_all: 4.7314 (7.3132)  actual_mask_ratio: 0.0754 (0.0717)  actual_prediction_mask_ratio: 0.2415 (0.2353)  ignored_patch_ratio: 0.0000 (0.0021)  time: 0.1168  data: 0.0001  max mem: 1904
[17:34:21.020694] Epoch: [22]  [740/759]  eta: 0:00:02  lr: 0.000009  loss: 0.0127 (0.0225)  mae_m_mask: 0.2120 (0.2369)  rmse_m_mask: 0.3234 (0.3505)  normalized_mse_mask: 0.0127 (0.0225)  rmse_m_all: 5.5111 (7.2964)  actual_mask_ratio: 0.0737 (0.0717)  actual_prediction_mask_ratio: 0.2432 (0.2352)  ignored_patch_ratio: 0.0000 (0.0022)  time: 0.1165  data: 0.0001  max mem: 1904
[17:34:23.122787] Epoch: [22]  [758/759]  eta: 0:00:00  lr: 0.000009  loss: 0.0088 (0.0224)  mae_m_mask: 0.2382 (0.2365)  rmse_m_mask: 0.3256 (0.3496)  normalized_mse_mask: 0.0088 (0.0224)  rmse_m_all: 7.6679 (7.3364)  actual_mask_ratio: 0.0714 (0.0717)  actual_prediction_mask_ratio: 0.2336 (0.2352)  ignored_patch_ratio: 0.0000 (0.0022)  time: 0.1168  data: 0.0001  max mem: 1904
[17:34:23.151758] Epoch: [22] Total time: 0:01:20 (0.1066 s / it)
[17:34:23.155264] Averaged stats: {'lr': 9.16584655576606e-06, 'loss': 0.021871962308206424, 'mae_m_mask': 0.23407443121018962, 'rmse_m_mask': 0.37125711225685004, 'normalized_mse_mask': 0.021871962308206424, 'rmse_m_all': 7.336441780895741, 'actual_mask_ratio': 0.07174882225505762, 'actual_prediction_mask_ratio': 0.23515765559374893, 'ignored_patch_ratio': 0.002177197471437718, 'supervised_pixel_count': 14699206.0}
[17:34:23.318450] Val: [22]  [  0/533]  eta: 0:01:25  loss: 0.0108 (0.0108)  mae_m_mask: 1.0140 (1.0140)  rmse_m_mask: 1.2090 (1.2090)  normalized_mse_mask: 0.0108 (0.0108)  rmse_m_all: 13.8010 (13.8010)  actual_mask_ratio: 0.0787 (0.0787)  actual_prediction_mask_ratio: 0.2431 (0.2431)  ignored_patch_ratio: 0.0488 (0.0488)  time: 0.1605  data: 0.0823  max mem: 1904
[17:34:27.713905] Val: [22]  [ 50/533]  eta: 0:00:43  loss: 0.0016 (0.0040)  mae_m_mask: 0.6892 (0.7619)  rmse_m_mask: 0.8305 (0.8857)  normalized_mse_mask: 0.0016 (0.0040)  rmse_m_all: 13.2616 (14.0757)  actual_mask_ratio: 0.0694 (0.0693)  actual_prediction_mask_ratio: 0.2120 (0.2147)  ignored_patch_ratio: 0.0527 (0.0550)  time: 0.0882  data: 0.0001  max mem: 1904
[17:34:32.083506] Val: [22]  [100/533]  eta: 0:00:38  loss: 0.0004 (0.0024)  mae_m_mask: 0.5935 (0.7125)  rmse_m_mask: 0.7348 (0.8428)  normalized_mse_mask: 0.0004 (0.0024)  rmse_m_all: 17.8717 (15.6857)  actual_mask_ratio: 0.0645 (0.0686)  actual_prediction_mask_ratio: 0.2076 (0.2139)  ignored_patch_ratio: 0.0550 (0.0538)  time: 0.0879  data: 0.0001  max mem: 1904
[17:34:36.418993] Val: [22]  [150/533]  eta: 0:00:33  loss: 0.0007 (0.0019)  mae_m_mask: 0.3889 (0.6818)  rmse_m_mask: 0.5684 (0.8108)  normalized_mse_mask: 0.0007 (0.0019)  rmse_m_all: 11.3303 (15.6370)  actual_mask_ratio: 0.0707 (0.0688)  actual_prediction_mask_ratio: 0.2326 (0.2153)  ignored_patch_ratio: 0.0488 (0.0542)  time: 0.0854  data: 0.0001  max mem: 1904
[17:34:40.767048] Val: [22]  [200/533]  eta: 0:00:29  loss: 0.0011 (0.0018)  mae_m_mask: 0.7464 (0.6743)  rmse_m_mask: 0.8138 (0.8018)  normalized_mse_mask: 0.0011 (0.0018)  rmse_m_all: 14.0038 (15.1126)  actual_mask_ratio: 0.0760 (0.0695)  actual_prediction_mask_ratio: 0.2427 (0.2204)  ignored_patch_ratio: 0.0000 (0.0447)  time: 0.0869  data: 0.0001  max mem: 1904
[17:34:45.147075] Val: [22]  [250/533]  eta: 0:00:24  loss: 0.0009 (0.0018)  mae_m_mask: 0.9356 (0.7459)  rmse_m_mask: 1.1587 (0.8793)  normalized_mse_mask: 0.0009 (0.0018)  rmse_m_all: 14.6332 (15.4681)  actual_mask_ratio: 0.0725 (0.0702)  actual_prediction_mask_ratio: 0.2314 (0.2225)  ignored_patch_ratio: 0.0306 (0.0393)  time: 0.0868  data: 0.0001  max mem: 1904
[17:34:49.537504] Val: [22]  [300/533]  eta: 0:00:20  loss: 0.0004 (0.0017)  mae_m_mask: 0.7382 (0.7990)  rmse_m_mask: 0.8926 (0.9380)  normalized_mse_mask: 0.0004 (0.0017)  rmse_m_all: 23.3514 (16.5413)  actual_mask_ratio: 0.0700 (0.0704)  actual_prediction_mask_ratio: 0.2121 (0.2229)  ignored_patch_ratio: 0.0516 (0.0394)  time: 0.0881  data: 0.0001  max mem: 1904
[17:34:53.967090] Val: [22]  [350/533]  eta: 0:00:16  loss: 0.0006 (0.0016)  mae_m_mask: 0.7042 (0.7938)  rmse_m_mask: 0.8734 (0.9328)  normalized_mse_mask: 0.0006 (0.0016)  rmse_m_all: 19.5373 (16.7378)  actual_mask_ratio: 0.0698 (0.0705)  actual_prediction_mask_ratio: 0.2170 (0.2230)  ignored_patch_ratio: 0.0391 (0.0384)  time: 0.0894  data: 0.0001  max mem: 1904
[17:34:58.348214] Val: [22]  [400/533]  eta: 0:00:11  loss: 0.0008 (0.0016)  mae_m_mask: 0.7190 (0.8173)  rmse_m_mask: 0.8665 (0.9583)  normalized_mse_mask: 0.0008 (0.0016)  rmse_m_all: 18.8315 (17.1160)  actual_mask_ratio: 0.0683 (0.0702)  actual_prediction_mask_ratio: 0.2164 (0.2218)  ignored_patch_ratio: 0.0476 (0.0400)  time: 0.0865  data: 0.0001  max mem: 1904
[17:35:02.516256] Val: [22]  [450/533]  eta: 0:00:07  loss: 0.0011 (0.0017)  mae_m_mask: 0.9931 (0.8459)  rmse_m_mask: 1.1933 (0.9949)  normalized_mse_mask: 0.0011 (0.0017)  rmse_m_all: 16.9854 (17.1292)  actual_mask_ratio: 0.0670 (0.0702)  actual_prediction_mask_ratio: 0.2143 (0.2217)  ignored_patch_ratio: 0.0612 (0.0412)  time: 0.0871  data: 0.0001  max mem: 1904
[17:35:06.781066] Val: [22]  [500/533]  eta: 0:00:02  loss: 0.0003 (0.0016)  mae_m_mask: 0.5296 (0.8296)  rmse_m_mask: 0.6453 (0.9768)  normalized_mse_mask: 0.0003 (0.0016)  rmse_m_all: 16.4531 (17.1820)  actual_mask_ratio: 0.0673 (0.0700)  actual_prediction_mask_ratio: 0.2116 (0.2212)  ignored_patch_ratio: 0.0573 (0.0425)  time: 0.0848  data: 0.0001  max mem: 1904
[17:35:09.492829] Val: [22]  [532/533]  eta: 0:00:00  loss: 0.0006 (0.0016)  mae_m_mask: 0.6913 (0.8248)  rmse_m_mask: 0.8552 (0.9714)  normalized_mse_mask: 0.0006 (0.0016)  rmse_m_all: 17.8261 (17.2368)  actual_mask_ratio: 0.0666 (0.0699)  actual_prediction_mask_ratio: 0.2121 (0.2208)  ignored_patch_ratio: 0.0550 (0.0432)  time: 0.0842  data: 0.0001  max mem: 1904
[17:35:09.526869] Val: [22] Total time: 0:00:46 (0.0870 s / it)
[17:35:09.527522] val stats: {'loss': 0.0016085146350484783, 'mae_m_mask': 0.808873512144424, 'rmse_m_mask': 1.0799805073573365, 'normalized_mse_mask': 0.0016085146350484783, 'rmse_m_all': 17.236816085972883, 'actual_mask_ratio': 0.06990061117437499, 'actual_prediction_mask_ratio': 0.22084709342156744, 'ignored_patch_ratio': 0.04319662906886489, 'supervised_pixel_count': 11054205.0}
[17:35:13.812832] log_dir: /tank/data/SFS/xinyis/data/bathymetry/MAE-Topography/Downstream_Task_Bathy/cross_validation_v5_Stage2NormMSE_MeterSelect/runs/holdout_CA_D004Stage2NormMSE_MeterSelect_D001NoDataSafe/train_stage2_normMSE_meterSelect_CA_KlamathRiver_TopoBathy_2018_D18_fromStage1Best_e120_lr1e-5_b4_acc4/tb
[17:35:14.009355] Epoch: [23]  [  0/759]  eta: 0:02:28  lr: 0.000009  loss: 0.0010 (0.0010)  mae_m_mask: 0.2715 (0.2715)  rmse_m_mask: 0.3402 (0.3402)  normalized_mse_mask: 0.0010 (0.0010)  rmse_m_all: 11.2789 (11.2789)  actual_mask_ratio: 0.0612 (0.0612)  actual_prediction_mask_ratio: 0.2201 (0.2201)  ignored_patch_ratio: 0.0085 (0.0085)  time: 0.1959  data: 0.0849  max mem: 1904
[17:35:16.223332] Epoch: [23]  [ 20/759]  eta: 0:01:24  lr: 0.000009  loss: 0.0194 (0.0263)  mae_m_mask: 0.2435 (0.2478)  rmse_m_mask: 0.3449 (0.3653)  normalized_mse_mask: 0.0194 (0.0263)  rmse_m_all: 5.9727 (7.9562)  actual_mask_ratio: 0.0731 (0.0729)  actual_prediction_mask_ratio: 0.2313 (0.2362)  ignored_patch_ratio: 0.0000 (0.0007)  time: 0.1107  data: 0.0001  max mem: 1904
[17:35:18.461189] Epoch: [23]  [ 40/759]  eta: 0:01:21  lr: 0.000009  loss: 0.0259 (0.0303)  mae_m_mask: 0.2072 (0.2314)  rmse_m_mask: 0.2714 (0.3436)  normalized_mse_mask: 0.0259 (0.0303)  rmse_m_all: 5.3979 (7.3903)  actual_mask_ratio: 0.0748 (0.0742)  actual_prediction_mask_ratio: 0.2477 (0.2392)  ignored_patch_ratio: 0.0000 (0.0014)  time: 0.1119  data: 0.0001  max mem: 1904
[17:35:20.714518] Epoch: [23]  [ 60/759]  eta: 0:01:19  lr: 0.000009  loss: 0.0080 (0.0245)  mae_m_mask: 0.1727 (0.2251)  rmse_m_mask: 0.2677 (0.3334)  normalized_mse_mask: 0.0080 (0.0245)  rmse_m_all: 7.1668 (7.4164)  actual_mask_ratio: 0.0669 (0.0723)  actual_prediction_mask_ratio: 0.2228 (0.2356)  ignored_patch_ratio: 0.0000 (0.0011)  time: 0.1126  data: 0.0001  max mem: 1904
[17:35:22.880411] Epoch: [23]  [ 80/759]  eta: 0:01:15  lr: 0.000009  loss: 0.0094 (0.0239)  mae_m_mask: 0.2184 (0.2286)  rmse_m_mask: 0.3170 (0.3361)  normalized_mse_mask: 0.0094 (0.0239)  rmse_m_all: 7.2672 (7.4253)  actual_mask_ratio: 0.0703 (0.0715)  actual_prediction_mask_ratio: 0.2262 (0.2329)  ignored_patch_ratio: 0.0000 (0.0023)  time: 0.1083  data: 0.0001  max mem: 1904
[17:35:25.337041] Epoch: [23]  [100/759]  eta: 0:01:15  lr: 0.000009  loss: 0.0134 (0.0232)  mae_m_mask: 0.2236 (0.2375)  rmse_m_mask: 0.3196 (0.3499)  normalized_mse_mask: 0.0134 (0.0232)  rmse_m_all: 6.8782 (7.3120)  actual_mask_ratio: 0.0756 (0.0720)  actual_prediction_mask_ratio: 0.2449 (0.2352)  ignored_patch_ratio: 0.0000 (0.0021)  time: 0.1228  data: 0.0501  max mem: 1904
[17:35:27.228603] Epoch: [23]  [120/759]  eta: 0:01:10  lr: 0.000009  loss: 0.0171 (0.0240)  mae_m_mask: 0.2315 (0.2368)  rmse_m_mask: 0.3047 (0.3465)  normalized_mse_mask: 0.0171 (0.0240)  rmse_m_all: 7.5188 (7.6485)  actual_mask_ratio: 0.0742 (0.0721)  actual_prediction_mask_ratio: 0.2330 (0.2350)  ignored_patch_ratio: 0.0000 (0.0020)  time: 0.0945  data: 0.0001  max mem: 1904
[17:35:29.438852] Epoch: [23]  [140/759]  eta: 0:01:08  lr: 0.000009  loss: 0.0135 (0.0231)  mae_m_mask: 0.2116 (0.2371)  rmse_m_mask: 0.3172 (0.3466)  normalized_mse_mask: 0.0135 (0.0231)  rmse_m_all: 6.3773 (7.6417)  actual_mask_ratio: 0.0708 (0.0719)  actual_prediction_mask_ratio: 0.2330 (0.2343)  ignored_patch_ratio: 0.0000 (0.0020)  time: 0.1105  data: 0.0001  max mem: 1904
[17:35:31.676433] Epoch: [23]  [160/759]  eta: 0:01:06  lr: 0.000009  loss: 0.0159 (0.0233)  mae_m_mask: 0.2235 (0.2363)  rmse_m_mask: 0.4001 (0.3482)  normalized_mse_mask: 0.0159 (0.0233)  rmse_m_all: 7.5686 (7.6528)  actual_mask_ratio: 0.0703 (0.0718)  actual_prediction_mask_ratio: 0.2370 (0.2340)  ignored_patch_ratio: 0.0000 (0.0019)  time: 0.1118  data: 0.0001  max mem: 1904
[17:35:33.911874] Epoch: [23]  [180/759]  eta: 0:01:04  lr: 0.000009  loss: 0.0209 (0.0236)  mae_m_mask: 0.2393 (0.2391)  rmse_m_mask: 0.3708 (0.3533)  normalized_mse_mask: 0.0209 (0.0236)  rmse_m_all: 6.0521 (7.5294)  actual_mask_ratio: 0.0737 (0.0719)  actual_prediction_mask_ratio: 0.2392 (0.2345)  ignored_patch_ratio: 0.0000 (0.0017)  time: 0.1117  data: 0.0001  max mem: 1904
[17:35:36.131734] Epoch: [23]  [200/759]  eta: 0:01:02  lr: 0.000009  loss: 0.0164 (0.0238)  mae_m_mask: 0.1999 (0.2385)  rmse_m_mask: 0.2949 (0.3534)  normalized_mse_mask: 0.0164 (0.0238)  rmse_m_all: 5.9451 (7.4641)  actual_mask_ratio: 0.0731 (0.0722)  actual_prediction_mask_ratio: 0.2358 (0.2353)  ignored_patch_ratio: 0.0000 (0.0016)  time: 0.1110  data: 0.0001  max mem: 1904
[17:35:38.359464] Epoch: [23]  [220/759]  eta: 0:00:59  lr: 0.000009  loss: 0.0217 (0.0246)  mae_m_mask: 0.2201 (0.2380)  rmse_m_mask: 0.3028 (0.3519)  normalized_mse_mask: 0.0217 (0.0246)  rmse_m_all: 6.0549 (7.4306)  actual_mask_ratio: 0.0709 (0.0720)  actual_prediction_mask_ratio: 0.2387 (0.2350)  ignored_patch_ratio: 0.0000 (0.0022)  time: 0.1114  data: 0.0001  max mem: 1904
[17:35:40.593006] Epoch: [23]  [240/759]  eta: 0:00:57  lr: 0.000009  loss: 0.0108 (0.0239)  mae_m_mask: 0.2169 (0.2365)  rmse_m_mask: 0.3106 (0.3486)  normalized_mse_mask: 0.0108 (0.0239)  rmse_m_all: 6.7531 (7.4067)  actual_mask_ratio: 0.0720 (0.0720)  actual_prediction_mask_ratio: 0.2285 (0.2349)  ignored_patch_ratio: 0.0000 (0.0021)  time: 0.1116  data: 0.0001  max mem: 1904
[17:35:42.734716] Epoch: [23]  [260/759]  eta: 0:00:55  lr: 0.000009  loss: 0.0203 (0.0242)  mae_m_mask: 0.2220 (0.2378)  rmse_m_mask: 0.3216 (0.3507)  normalized_mse_mask: 0.0203 (0.0242)  rmse_m_all: 5.7436 (7.3341)  actual_mask_ratio: 0.0704 (0.0720)  actual_prediction_mask_ratio: 0.2296 (0.2350)  ignored_patch_ratio: 0.0000 (0.0021)  time: 0.1071  data: 0.0334  max mem: 1904
[17:35:44.703551] Epoch: [23]  [280/759]  eta: 0:00:52  lr: 0.000009  loss: 0.0142 (0.0243)  mae_m_mask: 0.1980 (0.2356)  rmse_m_mask: 0.2735 (0.3478)  normalized_mse_mask: 0.0142 (0.0243)  rmse_m_all: 7.0202 (7.3221)  actual_mask_ratio: 0.0686 (0.0718)  actual_prediction_mask_ratio: 0.2307 (0.2346)  ignored_patch_ratio: 0.0000 (0.0021)  time: 0.0984  data: 0.0175  max mem: 1904
[17:35:46.990576] Epoch: [23]  [300/759]  eta: 0:00:50  lr: 0.000009  loss: 0.0159 (0.0240)  mae_m_mask: 0.1803 (0.2335)  rmse_m_mask: 0.2481 (0.3443)  normalized_mse_mask: 0.0159 (0.0240)  rmse_m_all: 7.7098 (7.3513)  actual_mask_ratio: 0.0743 (0.0720)  actual_prediction_mask_ratio: 0.2420 (0.2349)  ignored_patch_ratio: 0.0000 (0.0022)  time: 0.1143  data: 0.0001  max mem: 1904
[17:35:49.282320] Epoch: [23]  [320/759]  eta: 0:00:48  lr: 0.000009  loss: 0.0182 (0.0240)  mae_m_mask: 0.2456 (0.2348)  rmse_m_mask: 0.3632 (0.3458)  normalized_mse_mask: 0.0182 (0.0240)  rmse_m_all: 7.1011 (7.3597)  actual_mask_ratio: 0.0692 (0.0718)  actual_prediction_mask_ratio: 0.2336 (0.2348)  ignored_patch_ratio: 0.0000 (0.0024)  time: 0.1146  data: 0.0001  max mem: 1904
[17:35:51.561856] Epoch: [23]  [340/759]  eta: 0:00:46  lr: 0.000009  loss: 0.0075 (0.0233)  mae_m_mask: 0.2355 (0.2365)  rmse_m_mask: 0.3606 (0.3489)  normalized_mse_mask: 0.0075 (0.0233)  rmse_m_all: 6.5440 (7.4346)  actual_mask_ratio: 0.0720 (0.0719)  actual_prediction_mask_ratio: 0.2307 (0.2347)  ignored_patch_ratio: 0.0000 (0.0024)  time: 0.1139  data: 0.0001  max mem: 1904
[17:35:53.876287] Epoch: [23]  [360/759]  eta: 0:00:44  lr: 0.000009  loss: 0.0075 (0.0229)  mae_m_mask: 0.2662 (0.2377)  rmse_m_mask: 0.3648 (0.3496)  normalized_mse_mask: 0.0075 (0.0229)  rmse_m_all: 8.1989 (7.4991)  actual_mask_ratio: 0.0709 (0.0719)  actual_prediction_mask_ratio: 0.2381 (0.2350)  ignored_patch_ratio: 0.0000 (0.0023)  time: 0.1157  data: 0.0001  max mem: 1904
[17:35:56.191083] Epoch: [23]  [380/759]  eta: 0:00:42  lr: 0.000009  loss: 0.0111 (0.0226)  mae_m_mask: 0.2307 (0.2381)  rmse_m_mask: 0.3841 (0.3505)  normalized_mse_mask: 0.0111 (0.0226)  rmse_m_all: 6.0186 (7.4618)  actual_mask_ratio: 0.0709 (0.0719)  actual_prediction_mask_ratio: 0.2426 (0.2352)  ignored_patch_ratio: 0.0000 (0.0022)  time: 0.1157  data: 0.0001  max mem: 1904
[17:35:58.512753] Epoch: [23]  [400/759]  eta: 0:00:40  lr: 0.000009  loss: 0.0120 (0.0222)  mae_m_mask: 0.2500 (0.2395)  rmse_m_mask: 0.3590 (0.3534)  normalized_mse_mask: 0.0120 (0.0222)  rmse_m_all: 6.1238 (7.4907)  actual_mask_ratio: 0.0675 (0.0718)  actual_prediction_mask_ratio: 0.2245 (0.2344)  ignored_patch_ratio: 0.0000 (0.0023)  time: 0.1160  data: 0.0001  max mem: 1904
[17:36:00.829368] Epoch: [23]  [420/759]  eta: 0:00:37  lr: 0.000009  loss: 0.0107 (0.0221)  mae_m_mask: 0.2151 (0.2385)  rmse_m_mask: 0.3112 (0.3525)  normalized_mse_mask: 0.0107 (0.0221)  rmse_m_all: 4.5717 (7.4605)  actual_mask_ratio: 0.0692 (0.0717)  actual_prediction_mask_ratio: 0.2313 (0.2344)  ignored_patch_ratio: 0.0000 (0.0024)  time: 0.1158  data: 0.0001  max mem: 1904
[17:36:03.178113] Epoch: [23]  [440/759]  eta: 0:00:35  lr: 0.000009  loss: 0.0065 (0.0218)  mae_m_mask: 0.2032 (0.2383)  rmse_m_mask: 0.2997 (0.3518)  normalized_mse_mask: 0.0065 (0.0218)  rmse_m_all: 8.5343 (7.5021)  actual_mask_ratio: 0.0697 (0.0717)  actual_prediction_mask_ratio: 0.2330 (0.2344)  ignored_patch_ratio: 0.0000 (0.0024)  time: 0.1174  data: 0.0001  max mem: 1904
[17:36:05.517758] Epoch: [23]  [460/759]  eta: 0:00:33  lr: 0.000009  loss: 0.0122 (0.0219)  mae_m_mask: 0.2084 (0.2377)  rmse_m_mask: 0.2817 (0.3510)  normalized_mse_mask: 0.0122 (0.0219)  rmse_m_all: 4.2562 (7.3935)  actual_mask_ratio: 0.0720 (0.0717)  actual_prediction_mask_ratio: 0.2285 (0.2343)  ignored_patch_ratio: 0.0000 (0.0025)  time: 0.1169  data: 0.0001  max mem: 1904
[17:36:07.857246] Epoch: [23]  [480/759]  eta: 0:00:31  lr: 0.000009  loss: 0.0080 (0.0217)  mae_m_mask: 0.1905 (0.2369)  rmse_m_mask: 0.2807 (0.3497)  normalized_mse_mask: 0.0080 (0.0217)  rmse_m_all: 7.0231 (7.3860)  actual_mask_ratio: 0.0703 (0.0717)  actual_prediction_mask_ratio: 0.2375 (0.2343)  ignored_patch_ratio: 0.0000 (0.0024)  time: 0.1169  data: 0.0001  max mem: 1904
[17:36:10.200126] Epoch: [23]  [500/759]  eta: 0:00:29  lr: 0.000009  loss: 0.0211 (0.0217)  mae_m_mask: 0.2122 (0.2362)  rmse_m_mask: 0.2983 (0.3485)  normalized_mse_mask: 0.0211 (0.0217)  rmse_m_all: 8.0390 (7.3950)  actual_mask_ratio: 0.0720 (0.0717)  actual_prediction_mask_ratio: 0.2370 (0.2344)  ignored_patch_ratio: 0.0000 (0.0023)  time: 0.1171  data: 0.0001  max mem: 1904
[17:36:12.540893] Epoch: [23]  [520/759]  eta: 0:00:26  lr: 0.000009  loss: 0.0236 (0.0222)  mae_m_mask: 0.2128 (0.2360)  rmse_m_mask: 0.3496 (0.3487)  normalized_mse_mask: 0.0236 (0.0222)  rmse_m_all: 6.3094 (7.3875)  actual_mask_ratio: 0.0709 (0.0717)  actual_prediction_mask_ratio: 0.2330 (0.2344)  ignored_patch_ratio: 0.0000 (0.0024)  time: 0.1170  data: 0.0001  max mem: 1904
[17:36:14.945599] Epoch: [23]  [540/759]  eta: 0:00:24  lr: 0.000009  loss: 0.0093 (0.0221)  mae_m_mask: 0.2179 (0.2356)  rmse_m_mask: 0.3005 (0.3481)  normalized_mse_mask: 0.0093 (0.0221)  rmse_m_all: 6.9570 (7.3790)  actual_mask_ratio: 0.0720 (0.0717)  actual_prediction_mask_ratio: 0.2370 (0.2345)  ignored_patch_ratio: 0.0000 (0.0024)  time: 0.1202  data: 0.0001  max mem: 1904
[17:36:17.293929] Epoch: [23]  [560/759]  eta: 0:00:22  lr: 0.000009  loss: 0.0190 (0.0221)  mae_m_mask: 0.2141 (0.2358)  rmse_m_mask: 0.3349 (0.3481)  normalized_mse_mask: 0.0190 (0.0221)  rmse_m_all: 5.3036 (7.3884)  actual_mask_ratio: 0.0743 (0.0718)  actual_prediction_mask_ratio: 0.2404 (0.2348)  ignored_patch_ratio: 0.0000 (0.0024)  time: 0.1174  data: 0.0001  max mem: 1904
[17:36:19.642949] Epoch: [23]  [580/759]  eta: 0:00:20  lr: 0.000009  loss: 0.0137 (0.0220)  mae_m_mask: 0.1940 (0.2357)  rmse_m_mask: 0.3136 (0.3480)  normalized_mse_mask: 0.0137 (0.0220)  rmse_m_all: 5.1924 (7.3368)  actual_mask_ratio: 0.0731 (0.0718)  actual_prediction_mask_ratio: 0.2347 (0.2348)  ignored_patch_ratio: 0.0000 (0.0024)  time: 0.1174  data: 0.0001  max mem: 1904
[17:36:21.989862] Epoch: [23]  [600/759]  eta: 0:00:18  lr: 0.000009  loss: 0.0120 (0.0218)  mae_m_mask: 0.2202 (0.2362)  rmse_m_mask: 0.3053 (0.3480)  normalized_mse_mask: 0.0120 (0.0218)  rmse_m_all: 5.5158 (7.3296)  actual_mask_ratio: 0.0697 (0.0719)  actual_prediction_mask_ratio: 0.2364 (0.2350)  ignored_patch_ratio: 0.0000 (0.0023)  time: 0.1173  data: 0.0001  max mem: 1904
[17:36:24.337078] Epoch: [23]  [620/759]  eta: 0:00:15  lr: 0.000009  loss: 0.0091 (0.0216)  mae_m_mask: 0.2163 (0.2369)  rmse_m_mask: 0.3385 (0.3495)  normalized_mse_mask: 0.0091 (0.0216)  rmse_m_all: 5.9409 (7.3131)  actual_mask_ratio: 0.0709 (0.0718)  actual_prediction_mask_ratio: 0.2383 (0.2349)  ignored_patch_ratio: 0.0000 (0.0023)  time: 0.1173  data: 0.0001  max mem: 1904
[17:36:26.692133] Epoch: [23]  [640/759]  eta: 0:00:13  lr: 0.000009  loss: 0.0120 (0.0217)  mae_m_mask: 0.2177 (0.2376)  rmse_m_mask: 0.3641 (0.3505)  normalized_mse_mask: 0.0120 (0.0217)  rmse_m_all: 5.7864 (7.3041)  actual_mask_ratio: 0.0703 (0.0718)  actual_prediction_mask_ratio: 0.2341 (0.2348)  ignored_patch_ratio: 0.0000 (0.0023)  time: 0.1177  data: 0.0001  max mem: 1904
[17:36:29.040929] Epoch: [23]  [660/759]  eta: 0:00:11  lr: 0.000009  loss: 0.0118 (0.0216)  mae_m_mask: 0.1808 (0.2367)  rmse_m_mask: 0.2989 (0.3495)  normalized_mse_mask: 0.0118 (0.0216)  rmse_m_all: 8.1969 (7.3280)  actual_mask_ratio: 0.0720 (0.0718)  actual_prediction_mask_ratio: 0.2426 (0.2348)  ignored_patch_ratio: 0.0000 (0.0023)  time: 0.1174  data: 0.0001  max mem: 1904
[17:36:31.387681] Epoch: [23]  [680/759]  eta: 0:00:08  lr: 0.000009  loss: 0.0111 (0.0215)  mae_m_mask: 0.1756 (0.2366)  rmse_m_mask: 0.2492 (0.3493)  normalized_mse_mask: 0.0111 (0.0215)  rmse_m_all: 4.6781 (7.2943)  actual_mask_ratio: 0.0720 (0.0718)  actual_prediction_mask_ratio: 0.2449 (0.2350)  ignored_patch_ratio: 0.0000 (0.0023)  time: 0.1173  data: 0.0001  max mem: 1904
[17:36:33.734282] Epoch: [23]  [700/759]  eta: 0:00:06  lr: 0.000009  loss: 0.0126 (0.0220)  mae_m_mask: 0.2284 (0.2368)  rmse_m_mask: 0.3384 (0.3496)  normalized_mse_mask: 0.0126 (0.0220)  rmse_m_all: 7.9755 (7.3183)  actual_mask_ratio: 0.0703 (0.0718)  actual_prediction_mask_ratio: 0.2324 (0.2350)  ignored_patch_ratio: 0.0000 (0.0022)  time: 0.1173  data: 0.0001  max mem: 1904
[17:36:36.074090] Epoch: [23]  [720/759]  eta: 0:00:04  lr: 0.000009  loss: 0.0146 (0.0220)  mae_m_mask: 0.2355 (0.2377)  rmse_m_mask: 0.3337 (0.3504)  normalized_mse_mask: 0.0146 (0.0220)  rmse_m_all: 8.2124 (7.3373)  actual_mask_ratio: 0.0686 (0.0717)  actual_prediction_mask_ratio: 0.2273 (0.2349)  ignored_patch_ratio: 0.0000 (0.0022)  time: 0.1170  data: 0.0001  max mem: 1904
[17:36:38.414591] Epoch: [23]  [740/759]  eta: 0:00:02  lr: 0.000009  loss: 0.0235 (0.0221)  mae_m_mask: 0.2469 (0.2383)  rmse_m_mask: 0.3514 (0.3513)  normalized_mse_mask: 0.0235 (0.0221)  rmse_m_all: 8.5573 (7.3624)  actual_mask_ratio: 0.0701 (0.0717)  actual_prediction_mask_ratio: 0.2347 (0.2350)  ignored_patch_ratio: 0.0000 (0.0022)  time: 0.1170  data: 0.0001  max mem: 1904
[17:36:40.514082] Epoch: [23]  [758/759]  eta: 0:00:00  lr: 0.000009  loss: 0.0141 (0.0220)  mae_m_mask: 0.2389 (0.2384)  rmse_m_mask: 0.3581 (0.3514)  normalized_mse_mask: 0.0141 (0.0220)  rmse_m_all: 7.2471 (7.3530)  actual_mask_ratio: 0.0720 (0.0717)  actual_prediction_mask_ratio: 0.2353 (0.2352)  ignored_patch_ratio: 0.0000 (0.0022)  time: 0.1169  data: 0.0001  max mem: 1904
[17:36:40.545369] Epoch: [23] Total time: 0:01:26 (0.1143 s / it)
[17:36:40.548638] Averaged stats: {'lr': 9.09245712907077e-06, 'loss': 0.021578466607089057, 'mae_m_mask': 0.23530749022355812, 'rmse_m_mask': 0.3728186867724742, 'normalized_mse_mask': 0.021578466607089057, 'rmse_m_all': 7.353025941430973, 'actual_mask_ratio': 0.07174802191643846, 'actual_prediction_mask_ratio': 0.2351608384935595, 'ignored_patch_ratio': 0.002177197628498706, 'supervised_pixel_count': 14702305.0}
[17:36:40.704402] Val: [23]  [  0/533]  eta: 0:01:21  loss: 0.0112 (0.0112)  mae_m_mask: 1.0852 (1.0852)  rmse_m_mask: 1.2707 (1.2707)  normalized_mse_mask: 0.0112 (0.0112)  rmse_m_all: 13.8596 (13.8596)  actual_mask_ratio: 0.0787 (0.0787)  actual_prediction_mask_ratio: 0.2431 (0.2431)  ignored_patch_ratio: 0.0488 (0.0488)  time: 0.1530  data: 0.0826  max mem: 1904
[17:36:45.087511] Val: [23]  [ 50/533]  eta: 0:00:42  loss: 0.0018 (0.0041)  mae_m_mask: 0.7106 (0.8011)  rmse_m_mask: 0.8501 (0.9261)  normalized_mse_mask: 0.0018 (0.0041)  rmse_m_all: 13.3199 (14.1359)  actual_mask_ratio: 0.0694 (0.0693)  actual_prediction_mask_ratio: 0.2120 (0.2147)  ignored_patch_ratio: 0.0527 (0.0550)  time: 0.0883  data: 0.0001  max mem: 1904
[17:36:49.426805] Val: [23]  [100/533]  eta: 0:00:38  loss: 0.0003 (0.0025)  mae_m_mask: 0.6125 (0.7389)  rmse_m_mask: 0.7311 (0.8707)  normalized_mse_mask: 0.0003 (0.0025)  rmse_m_all: 17.9299 (15.7507)  actual_mask_ratio: 0.0645 (0.0686)  actual_prediction_mask_ratio: 0.2076 (0.2139)  ignored_patch_ratio: 0.0550 (0.0538)  time: 0.0867  data: 0.0001  max mem: 1904
[17:36:53.892652] Val: [23]  [150/533]  eta: 0:00:33  loss: 0.0006 (0.0020)  mae_m_mask: 0.4181 (0.7047)  rmse_m_mask: 0.5555 (0.8356)  normalized_mse_mask: 0.0006 (0.0020)  rmse_m_all: 11.4039 (15.7056)  actual_mask_ratio: 0.0707 (0.0688)  actual_prediction_mask_ratio: 0.2326 (0.2153)  ignored_patch_ratio: 0.0488 (0.0542)  time: 0.0937  data: 0.0067  max mem: 1904
[17:36:58.305971] Val: [23]  [200/533]  eta: 0:00:29  loss: 0.0011 (0.0018)  mae_m_mask: 0.6792 (0.6835)  rmse_m_mask: 0.7452 (0.8115)  normalized_mse_mask: 0.0011 (0.0018)  rmse_m_all: 14.0944 (15.1796)  actual_mask_ratio: 0.0760 (0.0695)  actual_prediction_mask_ratio: 0.2427 (0.2204)  ignored_patch_ratio: 0.0000 (0.0447)  time: 0.0870  data: 0.0001  max mem: 1904
[17:37:02.698177] Val: [23]  [250/533]  eta: 0:00:24  loss: 0.0009 (0.0018)  mae_m_mask: 1.0112 (0.7438)  rmse_m_mask: 1.1914 (0.8779)  normalized_mse_mask: 0.0009 (0.0018)  rmse_m_all: 14.7260 (15.5394)  actual_mask_ratio: 0.0725 (0.0702)  actual_prediction_mask_ratio: 0.2314 (0.2225)  ignored_patch_ratio: 0.0306 (0.0393)  time: 0.0880  data: 0.0001  max mem: 1904
[17:37:07.114601] Val: [23]  [300/533]  eta: 0:00:20  loss: 0.0004 (0.0017)  mae_m_mask: 0.7489 (0.8080)  rmse_m_mask: 0.9215 (0.9481)  normalized_mse_mask: 0.0004 (0.0017)  rmse_m_all: 23.4489 (16.6205)  actual_mask_ratio: 0.0700 (0.0704)  actual_prediction_mask_ratio: 0.2121 (0.2229)  ignored_patch_ratio: 0.0516 (0.0394)  time: 0.0870  data: 0.0001  max mem: 1904
[17:37:11.494034] Val: [23]  [350/533]  eta: 0:00:16  loss: 0.0007 (0.0016)  mae_m_mask: 0.7802 (0.8032)  rmse_m_mask: 0.9291 (0.9432)  normalized_mse_mask: 0.0007 (0.0016)  rmse_m_all: 19.6556 (16.8192)  actual_mask_ratio: 0.0698 (0.0705)  actual_prediction_mask_ratio: 0.2170 (0.2230)  ignored_patch_ratio: 0.0391 (0.0384)  time: 0.0872  data: 0.0001  max mem: 1904
[17:37:15.859088] Val: [23]  [400/533]  eta: 0:00:11  loss: 0.0009 (0.0016)  mae_m_mask: 0.8289 (0.8343)  rmse_m_mask: 0.9805 (0.9770)  normalized_mse_mask: 0.0009 (0.0016)  rmse_m_all: 18.9417 (17.1992)  actual_mask_ratio: 0.0683 (0.0702)  actual_prediction_mask_ratio: 0.2164 (0.2218)  ignored_patch_ratio: 0.0476 (0.0400)  time: 0.0877  data: 0.0001  max mem: 1904
[17:37:20.230785] Val: [23]  [450/533]  eta: 0:00:07  loss: 0.0012 (0.0017)  mae_m_mask: 1.0440 (0.8703)  rmse_m_mask: 1.3266 (1.0208)  normalized_mse_mask: 0.0012 (0.0017)  rmse_m_all: 17.0911 (17.2126)  actual_mask_ratio: 0.0670 (0.0702)  actual_prediction_mask_ratio: 0.2143 (0.2217)  ignored_patch_ratio: 0.0612 (0.0412)  time: 0.0885  data: 0.0001  max mem: 1904
[17:37:24.452461] Val: [23]  [500/533]  eta: 0:00:02  loss: 0.0004 (0.0017)  mae_m_mask: 0.5705 (0.8555)  rmse_m_mask: 0.7243 (1.0043)  normalized_mse_mask: 0.0004 (0.0017)  rmse_m_all: 16.5145 (17.2640)  actual_mask_ratio: 0.0673 (0.0700)  actual_prediction_mask_ratio: 0.2116 (0.2212)  ignored_patch_ratio: 0.0573 (0.0425)  time: 0.0855  data: 0.0001  max mem: 1904
[17:37:27.127869] Val: [23]  [532/533]  eta: 0:00:00  loss: 0.0008 (0.0017)  mae_m_mask: 0.7396 (0.8522)  rmse_m_mask: 0.9254 (1.0003)  normalized_mse_mask: 0.0008 (0.0017)  rmse_m_all: 17.9027 (17.3189)  actual_mask_ratio: 0.0666 (0.0699)  actual_prediction_mask_ratio: 0.2121 (0.2208)  ignored_patch_ratio: 0.0550 (0.0432)  time: 0.0836  data: 0.0001  max mem: 1904
[17:37:27.175568] Val: [23] Total time: 0:00:46 (0.0875 s / it)
[17:37:27.177916] val stats: {'loss': 0.0016661355764203698, 'mae_m_mask': 0.8317795117819065, 'rmse_m_mask': 1.1134400855397228, 'normalized_mse_mask': 0.0016661355764203698, 'rmse_m_all': 17.318906259805132, 'actual_mask_ratio': 0.06990061117437499, 'actual_prediction_mask_ratio': 0.22084709342156744, 'ignored_patch_ratio': 0.04319662906886489, 'supervised_pixel_count': 11054205.0}
[17:37:31.111665] log_dir: /tank/data/SFS/xinyis/data/bathymetry/MAE-Topography/Downstream_Task_Bathy/cross_validation_v5_Stage2NormMSE_MeterSelect/runs/holdout_CA_D004Stage2NormMSE_MeterSelect_D001NoDataSafe/train_stage2_normMSE_meterSelect_CA_KlamathRiver_TopoBathy_2018_D18_fromStage1Best_e120_lr1e-5_b4_acc4/tb
[17:37:31.301610] Epoch: [24]  [  0/759]  eta: 0:02:23  lr: 0.000009  loss: 0.0192 (0.0192)  mae_m_mask: 0.2312 (0.2312)  rmse_m_mask: 0.3577 (0.3577)  normalized_mse_mask: 0.0192 (0.0192)  rmse_m_all: 8.2406 (8.2406)  actual_mask_ratio: 0.0675 (0.0675)  actual_prediction_mask_ratio: 0.2211 (0.2211)  ignored_patch_ratio: 0.0000 (0.0000)  time: 0.1893  data: 0.0783  max mem: 1904
[17:37:33.539390] Epoch: [24]  [ 20/759]  eta: 0:01:25  lr: 0.000009  loss: 0.0087 (0.0170)  mae_m_mask: 0.2471 (0.2460)  rmse_m_mask: 0.3542 (0.3815)  normalized_mse_mask: 0.0087 (0.0170)  rmse_m_all: 6.7516 (7.1398)  actual_mask_ratio: 0.0737 (0.0723)  actual_prediction_mask_ratio: 0.2375 (0.2368)  ignored_patch_ratio: 0.0000 (0.0028)  time: 0.1119  data: 0.0001  max mem: 1904
[17:37:35.786979] Epoch: [24]  [ 40/759]  eta: 0:01:21  lr: 0.000009  loss: 0.0158 (0.0212)  mae_m_mask: 0.2097 (0.2268)  rmse_m_mask: 0.2969 (0.3445)  normalized_mse_mask: 0.0158 (0.0212)  rmse_m_all: 7.6364 (7.0128)  actual_mask_ratio: 0.0743 (0.0723)  actual_prediction_mask_ratio: 0.2364 (0.2358)  ignored_patch_ratio: 0.0000 (0.0018)  time: 0.1123  data: 0.0001  max mem: 1904
[17:37:37.990912] Epoch: [24]  [ 60/759]  eta: 0:01:18  lr: 0.000009  loss: 0.0097 (0.0204)  mae_m_mask: 0.2198 (0.2323)  rmse_m_mask: 0.3120 (0.3445)  normalized_mse_mask: 0.0097 (0.0204)  rmse_m_all: 8.0925 (7.2407)  actual_mask_ratio: 0.0731 (0.0726)  actual_prediction_mask_ratio: 0.2415 (0.2381)  ignored_patch_ratio: 0.0000 (0.0019)  time: 0.1102  data: 0.0001  max mem: 1904
[17:37:40.205620] Epoch: [24]  [ 80/759]  eta: 0:01:16  lr: 0.000009  loss: 0.0110 (0.0200)  mae_m_mask: 0.2480 (0.2404)  rmse_m_mask: 0.3460 (0.3582)  normalized_mse_mask: 0.0110 (0.0200)  rmse_m_all: 7.4028 (7.4915)  actual_mask_ratio: 0.0703 (0.0724)  actual_prediction_mask_ratio: 0.2341 (0.2369)  ignored_patch_ratio: 0.0000 (0.0018)  time: 0.1107  data: 0.0001  max mem: 1904
[17:37:42.453623] Epoch: [24]  [100/759]  eta: 0:01:13  lr: 0.000009  loss: 0.0135 (0.0197)  mae_m_mask: 0.2172 (0.2426)  rmse_m_mask: 0.3283 (0.3580)  normalized_mse_mask: 0.0135 (0.0197)  rmse_m_all: 6.4321 (7.4334)  actual_mask_ratio: 0.0731 (0.0724)  actual_prediction_mask_ratio: 0.2324 (0.2371)  ignored_patch_ratio: 0.0000 (0.0029)  time: 0.1124  data: 0.0001  max mem: 1904
[17:37:44.734376] Epoch: [24]  [120/759]  eta: 0:01:11  lr: 0.000009  loss: 0.0125 (0.0191)  mae_m_mask: 0.2349 (0.2420)  rmse_m_mask: 0.3626 (0.3581)  normalized_mse_mask: 0.0125 (0.0191)  rmse_m_all: 8.0085 (7.6366)  actual_mask_ratio: 0.0686 (0.0715)  actual_prediction_mask_ratio: 0.2160 (0.2339)  ignored_patch_ratio: 0.0000 (0.0030)  time: 0.1140  data: 0.0001  max mem: 1904
[17:37:46.525462] Epoch: [24]  [140/759]  eta: 0:01:07  lr: 0.000009  loss: 0.0138 (0.0214)  mae_m_mask: 0.2386 (0.2446)  rmse_m_mask: 0.3410 (0.3625)  normalized_mse_mask: 0.0138 (0.0214)  rmse_m_all: 5.5727 (7.5104)  actual_mask_ratio: 0.0720 (0.0716)  actual_prediction_mask_ratio: 0.2387 (0.2338)  ignored_patch_ratio: 0.0000 (0.0035)  time: 0.0895  data: 0.0001  max mem: 1904
[17:37:49.424054] Epoch: [24]  [160/759]  eta: 0:01:08  lr: 0.000009  loss: 0.0117 (0.0217)  mae_m_mask: 0.2138 (0.2425)  rmse_m_mask: 0.3245 (0.3591)  normalized_mse_mask: 0.0117 (0.0217)  rmse_m_all: 6.9577 (7.4786)  actual_mask_ratio: 0.0703 (0.0714)  actual_prediction_mask_ratio: 0.2296 (0.2338)  ignored_patch_ratio: 0.0000 (0.0032)  time: 0.1449  data: 0.0495  max mem: 1904
[17:37:51.223875] Epoch: [24]  [180/759]  eta: 0:01:04  lr: 0.000009  loss: 0.0094 (0.0214)  mae_m_mask: 0.2485 (0.2437)  rmse_m_mask: 0.3399 (0.3616)  normalized_mse_mask: 0.0094 (0.0214)  rmse_m_all: 7.4228 (7.4684)  actual_mask_ratio: 0.0743 (0.0716)  actual_prediction_mask_ratio: 0.2389 (0.2340)  ignored_patch_ratio: 0.0000 (0.0034)  time: 0.0900  data: 0.0001  max mem: 1904
[17:37:53.454310] Epoch: [24]  [200/759]  eta: 0:01:02  lr: 0.000009  loss: 0.0188 (0.0214)  mae_m_mask: 0.2481 (0.2444)  rmse_m_mask: 0.3346 (0.3620)  normalized_mse_mask: 0.0188 (0.0214)  rmse_m_all: 8.7641 (7.5547)  actual_mask_ratio: 0.0702 (0.0715)  actual_prediction_mask_ratio: 0.2364 (0.2343)  ignored_patch_ratio: 0.0000 (0.0031)  time: 0.1115  data: 0.0001  max mem: 1904
[17:37:55.747073] Epoch: [24]  [220/759]  eta: 0:01:00  lr: 0.000009  loss: 0.0134 (0.0219)  mae_m_mask: 0.2068 (0.2437)  rmse_m_mask: 0.2742 (0.3597)  normalized_mse_mask: 0.0134 (0.0219)  rmse_m_all: 5.7999 (7.4559)  actual_mask_ratio: 0.0714 (0.0717)  actual_prediction_mask_ratio: 0.2464 (0.2346)  ignored_patch_ratio: 0.0000 (0.0030)  time: 0.1146  data: 0.0001  max mem: 1904
[17:37:58.014815] Epoch: [24]  [240/759]  eta: 0:00:57  lr: 0.000009  loss: 0.0130 (0.0224)  mae_m_mask: 0.2560 (0.2482)  rmse_m_mask: 0.3969 (0.3682)  normalized_mse_mask: 0.0130 (0.0224)  rmse_m_all: 7.9696 (7.4955)  actual_mask_ratio: 0.0726 (0.0717)  actual_prediction_mask_ratio: 0.2347 (0.2347)  ignored_patch_ratio: 0.0000 (0.0028)  time: 0.1134  data: 0.0001  max mem: 1904
[17:38:00.284256] Epoch: [24]  [260/759]  eta: 0:00:55  lr: 0.000009  loss: 0.0106 (0.0225)  mae_m_mask: 0.2217 (0.2494)  rmse_m_mask: 0.2881 (0.3690)  normalized_mse_mask: 0.0106 (0.0225)  rmse_m_all: 7.4179 (7.5168)  actual_mask_ratio: 0.0676 (0.0715)  actual_prediction_mask_ratio: 0.2287 (0.2344)  ignored_patch_ratio: 0.0000 (0.0027)  time: 0.1134  data: 0.0001  max mem: 1904
[17:38:02.572044] Epoch: [24]  [280/759]  eta: 0:00:53  lr: 0.000009  loss: 0.0069 (0.0218)  mae_m_mask: 0.2327 (0.2484)  rmse_m_mask: 0.3327 (0.3668)  normalized_mse_mask: 0.0069 (0.0218)  rmse_m_all: 8.4917 (7.5831)  actual_mask_ratio: 0.0714 (0.0715)  actual_prediction_mask_ratio: 0.2307 (0.2343)  ignored_patch_ratio: 0.0000 (0.0027)  time: 0.1144  data: 0.0001  max mem: 1904
[17:38:04.829871] Epoch: [24]  [300/759]  eta: 0:00:51  lr: 0.000009  loss: 0.0129 (0.0219)  mae_m_mask: 0.2410 (0.2471)  rmse_m_mask: 0.3250 (0.3642)  normalized_mse_mask: 0.0129 (0.0219)  rmse_m_all: 8.0424 (7.6712)  actual_mask_ratio: 0.0726 (0.0716)  actual_prediction_mask_ratio: 0.2409 (0.2346)  ignored_patch_ratio: 0.0000 (0.0026)  time: 0.1129  data: 0.0001  max mem: 1904
[17:38:07.094960] Epoch: [24]  [320/759]  eta: 0:00:49  lr: 0.000009  loss: 0.0146 (0.0220)  mae_m_mask: 0.1885 (0.2435)  rmse_m_mask: 0.2636 (0.3590)  normalized_mse_mask: 0.0146 (0.0220)  rmse_m_all: 5.5907 (7.5928)  actual_mask_ratio: 0.0714 (0.0715)  actual_prediction_mask_ratio: 0.2330 (0.2343)  ignored_patch_ratio: 0.0000 (0.0024)  time: 0.1132  data: 0.0001  max mem: 1904
[17:38:08.818839] Epoch: [24]  [340/759]  eta: 0:00:46  lr: 0.000009  loss: 0.0113 (0.0220)  mae_m_mask: 0.2186 (0.2436)  rmse_m_mask: 0.3194 (0.3585)  normalized_mse_mask: 0.0113 (0.0220)  rmse_m_all: 7.2339 (7.5786)  actual_mask_ratio: 0.0718 (0.0716)  actual_prediction_mask_ratio: 0.2330 (0.2344)  ignored_patch_ratio: 0.0000 (0.0027)  time: 0.0862  data: 0.0020  max mem: 1904
[17:38:11.791262] Epoch: [24]  [360/759]  eta: 0:00:44  lr: 0.000009  loss: 0.0081 (0.0221)  mae_m_mask: 0.2307 (0.2429)  rmse_m_mask: 0.3457 (0.3586)  normalized_mse_mask: 0.0081 (0.0221)  rmse_m_all: 7.5167 (7.6100)  actual_mask_ratio: 0.0748 (0.0717)  actual_prediction_mask_ratio: 0.2438 (0.2347)  ignored_patch_ratio: 0.0000 (0.0026)  time: 0.1486  data: 0.0756  max mem: 1904
[17:38:14.115650] Epoch: [24]  [380/759]  eta: 0:00:42  lr: 0.000009  loss: 0.0144 (0.0218)  mae_m_mask: 0.2120 (0.2425)  rmse_m_mask: 0.2963 (0.3582)  normalized_mse_mask: 0.0144 (0.0218)  rmse_m_all: 5.1549 (7.5333)  actual_mask_ratio: 0.0714 (0.0717)  actual_prediction_mask_ratio: 0.2382 (0.2350)  ignored_patch_ratio: 0.0000 (0.0025)  time: 0.1162  data: 0.0001  max mem: 1904
[17:38:16.428037] Epoch: [24]  [400/759]  eta: 0:00:40  lr: 0.000009  loss: 0.0144 (0.0216)  mae_m_mask: 0.1969 (0.2411)  rmse_m_mask: 0.3174 (0.3568)  normalized_mse_mask: 0.0144 (0.0216)  rmse_m_all: 8.3623 (7.5158)  actual_mask_ratio: 0.0720 (0.0717)  actual_prediction_mask_ratio: 0.2420 (0.2353)  ignored_patch_ratio: 0.0000 (0.0024)  time: 0.1156  data: 0.0001  max mem: 1904
[17:38:18.729781] Epoch: [24]  [420/759]  eta: 0:00:38  lr: 0.000009  loss: 0.0180 (0.0217)  mae_m_mask: 0.2142 (0.2406)  rmse_m_mask: 0.2885 (0.3552)  normalized_mse_mask: 0.0180 (0.0217)  rmse_m_all: 6.9122 (7.5288)  actual_mask_ratio: 0.0726 (0.0717)  actual_prediction_mask_ratio: 0.2290 (0.2353)  ignored_patch_ratio: 0.0000 (0.0023)  time: 0.1150  data: 0.0001  max mem: 1904
[17:38:21.066088] Epoch: [24]  [440/759]  eta: 0:00:36  lr: 0.000009  loss: 0.0071 (0.0212)  mae_m_mask: 0.2175 (0.2404)  rmse_m_mask: 0.3065 (0.3547)  normalized_mse_mask: 0.0071 (0.0212)  rmse_m_all: 6.0535 (7.5011)  actual_mask_ratio: 0.0726 (0.0718)  actual_prediction_mask_ratio: 0.2347 (0.2354)  ignored_patch_ratio: 0.0000 (0.0024)  time: 0.1168  data: 0.0001  max mem: 1904
[17:38:23.406197] Epoch: [24]  [460/759]  eta: 0:00:33  lr: 0.000009  loss: 0.0093 (0.0214)  mae_m_mask: 0.2086 (0.2395)  rmse_m_mask: 0.3390 (0.3535)  normalized_mse_mask: 0.0093 (0.0214)  rmse_m_all: 8.0220 (7.4866)  actual_mask_ratio: 0.0714 (0.0717)  actual_prediction_mask_ratio: 0.2353 (0.2353)  ignored_patch_ratio: 0.0000 (0.0024)  time: 0.1170  data: 0.0001  max mem: 1904
[17:38:25.746225] Epoch: [24]  [480/759]  eta: 0:00:31  lr: 0.000009  loss: 0.0098 (0.0211)  mae_m_mask: 0.2269 (0.2391)  rmse_m_mask: 0.3263 (0.3527)  normalized_mse_mask: 0.0098 (0.0211)  rmse_m_all: 8.7576 (7.5107)  actual_mask_ratio: 0.0710 (0.0717)  actual_prediction_mask_ratio: 0.2307 (0.2353)  ignored_patch_ratio: 0.0000 (0.0024)  time: 0.1170  data: 0.0001  max mem: 1904
[17:38:28.085012] Epoch: [24]  [500/759]  eta: 0:00:29  lr: 0.000009  loss: 0.0078 (0.0214)  mae_m_mask: 0.1942 (0.2390)  rmse_m_mask: 0.2943 (0.3526)  normalized_mse_mask: 0.0078 (0.0214)  rmse_m_all: 6.2181 (7.4776)  actual_mask_ratio: 0.0731 (0.0718)  actual_prediction_mask_ratio: 0.2387 (0.2354)  ignored_patch_ratio: 0.0000 (0.0023)  time: 0.1169  data: 0.0001  max mem: 1904
[17:38:30.427256] Epoch: [24]  [520/759]  eta: 0:00:27  lr: 0.000009  loss: 0.0192 (0.0214)  mae_m_mask: 0.2102 (0.2391)  rmse_m_mask: 0.3222 (0.3527)  normalized_mse_mask: 0.0192 (0.0214)  rmse_m_all: 6.8280 (7.5035)  actual_mask_ratio: 0.0720 (0.0718)  actual_prediction_mask_ratio: 0.2330 (0.2353)  ignored_patch_ratio: 0.0000 (0.0023)  time: 0.1171  data: 0.0001  max mem: 1904
[17:38:32.769312] Epoch: [24]  [540/759]  eta: 0:00:24  lr: 0.000009  loss: 0.0113 (0.0213)  mae_m_mask: 0.2096 (0.2392)  rmse_m_mask: 0.2947 (0.3524)  normalized_mse_mask: 0.0113 (0.0213)  rmse_m_all: 7.3951 (7.5272)  actual_mask_ratio: 0.0731 (0.0718)  actual_prediction_mask_ratio: 0.2474 (0.2353)  ignored_patch_ratio: 0.0000 (0.0023)  time: 0.1171  data: 0.0001  max mem: 1904
[17:38:35.107074] Epoch: [24]  [560/759]  eta: 0:00:22  lr: 0.000009  loss: 0.0167 (0.0213)  mae_m_mask: 0.1866 (0.2378)  rmse_m_mask: 0.2549 (0.3500)  normalized_mse_mask: 0.0167 (0.0213)  rmse_m_all: 5.8532 (7.4822)  actual_mask_ratio: 0.0703 (0.0718)  actual_prediction_mask_ratio: 0.2381 (0.2354)  ignored_patch_ratio: 0.0000 (0.0022)  time: 0.1168  data: 0.0001  max mem: 1904
[17:38:37.446927] Epoch: [24]  [580/759]  eta: 0:00:20  lr: 0.000009  loss: 0.0185 (0.0216)  mae_m_mask: 0.2104 (0.2380)  rmse_m_mask: 0.2916 (0.3509)  normalized_mse_mask: 0.0185 (0.0216)  rmse_m_all: 6.2852 (7.4465)  actual_mask_ratio: 0.0714 (0.0718)  actual_prediction_mask_ratio: 0.2398 (0.2356)  ignored_patch_ratio: 0.0000 (0.0022)  time: 0.1170  data: 0.0001  max mem: 1904
[17:38:39.787402] Epoch: [24]  [600/759]  eta: 0:00:18  lr: 0.000009  loss: 0.0142 (0.0217)  mae_m_mask: 0.2543 (0.2390)  rmse_m_mask: 0.3903 (0.3524)  normalized_mse_mask: 0.0142 (0.0217)  rmse_m_all: 5.5164 (7.4090)  actual_mask_ratio: 0.0720 (0.0717)  actual_prediction_mask_ratio: 0.2261 (0.2352)  ignored_patch_ratio: 0.0000 (0.0022)  time: 0.1170  data: 0.0001  max mem: 1904
[17:38:42.125757] Epoch: [24]  [620/759]  eta: 0:00:15  lr: 0.000009  loss: 0.0150 (0.0217)  mae_m_mask: 0.1973 (0.2381)  rmse_m_mask: 0.2611 (0.3507)  normalized_mse_mask: 0.0150 (0.0217)  rmse_m_all: 6.6660 (7.4076)  actual_mask_ratio: 0.0709 (0.0717)  actual_prediction_mask_ratio: 0.2348 (0.2352)  ignored_patch_ratio: 0.0000 (0.0023)  time: 0.1169  data: 0.0001  max mem: 1904
[17:38:44.436178] Epoch: [24]  [640/759]  eta: 0:00:13  lr: 0.000009  loss: 0.0126 (0.0218)  mae_m_mask: 0.2181 (0.2385)  rmse_m_mask: 0.3238 (0.3509)  normalized_mse_mask: 0.0126 (0.0218)  rmse_m_all: 8.1473 (7.4325)  actual_mask_ratio: 0.0726 (0.0717)  actual_prediction_mask_ratio: 0.2341 (0.2353)  ignored_patch_ratio: 0.0000 (0.0023)  time: 0.1155  data: 0.0001  max mem: 1904
[17:38:46.733650] Epoch: [24]  [660/759]  eta: 0:00:11  lr: 0.000009  loss: 0.0171 (0.0218)  mae_m_mask: 0.2090 (0.2379)  rmse_m_mask: 0.2998 (0.3500)  normalized_mse_mask: 0.0171 (0.0218)  rmse_m_all: 6.0577 (7.3961)  actual_mask_ratio: 0.0764 (0.0718)  actual_prediction_mask_ratio: 0.2432 (0.2355)  ignored_patch_ratio: 0.0000 (0.0023)  time: 0.1148  data: 0.0001  max mem: 1904
[17:38:49.016742] Epoch: [24]  [680/759]  eta: 0:00:09  lr: 0.000009  loss: 0.0119 (0.0217)  mae_m_mask: 0.2004 (0.2377)  rmse_m_mask: 0.2968 (0.3495)  normalized_mse_mask: 0.0119 (0.0217)  rmse_m_all: 7.0231 (7.3816)  actual_mask_ratio: 0.0714 (0.0718)  actual_prediction_mask_ratio: 0.2353 (0.2355)  ignored_patch_ratio: 0.0000 (0.0023)  time: 0.1141  data: 0.0001  max mem: 1904
[17:38:51.352258] Epoch: [24]  [700/759]  eta: 0:00:06  lr: 0.000009  loss: 0.0103 (0.0216)  mae_m_mask: 0.2264 (0.2376)  rmse_m_mask: 0.3494 (0.3497)  normalized_mse_mask: 0.0103 (0.0216)  rmse_m_all: 7.2175 (7.3856)  actual_mask_ratio: 0.0731 (0.0718)  actual_prediction_mask_ratio: 0.2404 (0.2354)  ignored_patch_ratio: 0.0000 (0.0022)  time: 0.1167  data: 0.0001  max mem: 1904
[17:38:53.638637] Epoch: [24]  [720/759]  eta: 0:00:04  lr: 0.000009  loss: 0.0131 (0.0218)  mae_m_mask: 0.2540 (0.2384)  rmse_m_mask: 0.3295 (0.3503)  normalized_mse_mask: 0.0131 (0.0218)  rmse_m_all: 5.3589 (7.3705)  actual_mask_ratio: 0.0737 (0.0718)  actual_prediction_mask_ratio: 0.2335 (0.2353)  ignored_patch_ratio: 0.0000 (0.0022)  time: 0.1143  data: 0.0001  max mem: 1904
[17:38:55.990234] Epoch: [24]  [740/759]  eta: 0:00:02  lr: 0.000009  loss: 0.0089 (0.0220)  mae_m_mask: 0.2346 (0.2388)  rmse_m_mask: 0.3535 (0.3510)  normalized_mse_mask: 0.0089 (0.0220)  rmse_m_all: 5.1313 (7.3683)  actual_mask_ratio: 0.0738 (0.0718)  actual_prediction_mask_ratio: 0.2358 (0.2354)  ignored_patch_ratio: 0.0000 (0.0022)  time: 0.1175  data: 0.0001  max mem: 1904
[17:38:58.107103] Epoch: [24]  [758/759]  eta: 0:00:00  lr: 0.000009  loss: 0.0108 (0.0218)  mae_m_mask: 0.2941 (0.2399)  rmse_m_mask: 0.3954 (0.3522)  normalized_mse_mask: 0.0108 (0.0218)  rmse_m_all: 8.0333 (7.3819)  actual_mask_ratio: 0.0703 (0.0717)  actual_prediction_mask_ratio: 0.2330 (0.2352)  ignored_patch_ratio: 0.0000 (0.0022)  time: 0.1179  data: 0.0001  max mem: 1904
[17:38:58.128836] Epoch: [24] Total time: 0:01:27 (0.1146 s / it)
[17:38:58.129418] Averaged stats: {'lr': 9.016297204184457e-06, 'loss': 0.021584302652728746, 'mae_m_mask': 0.23719908896497421, 'rmse_m_mask': 0.37370902890057345, 'normalized_mse_mask': 0.021584302652728746, 'rmse_m_all': 7.381919430924656, 'actual_mask_ratio': 0.07173737301460525, 'actual_prediction_mask_ratio': 0.23515607989902396, 'ignored_patch_ratio': 0.002177197628498706, 'supervised_pixel_count': 14697084.0}
[17:38:58.302641] Val: [24]  [  0/533]  eta: 0:01:30  loss: 0.0120 (0.0120)  mae_m_mask: 1.1267 (1.1267)  rmse_m_mask: 1.3127 (1.3127)  normalized_mse_mask: 0.0120 (0.0120)  rmse_m_all: 13.7105 (13.7105)  actual_mask_ratio: 0.0787 (0.0787)  actual_prediction_mask_ratio: 0.2431 (0.2431)  ignored_patch_ratio: 0.0488 (0.0488)  time: 0.1704  data: 0.0874  max mem: 1904
[17:39:02.641870] Val: [24]  [ 50/533]  eta: 0:00:42  loss: 0.0021 (0.0042)  mae_m_mask: 0.7662 (0.8523)  rmse_m_mask: 0.9018 (0.9802)  normalized_mse_mask: 0.0021 (0.0042)  rmse_m_all: 13.2038 (14.0072)  actual_mask_ratio: 0.0694 (0.0693)  actual_prediction_mask_ratio: 0.2120 (0.2147)  ignored_patch_ratio: 0.0527 (0.0550)  time: 0.0863  data: 0.0001  max mem: 1904
[17:39:07.012936] Val: [24]  [100/533]  eta: 0:00:38  loss: 0.0004 (0.0026)  mae_m_mask: 0.6001 (0.7843)  rmse_m_mask: 0.7278 (0.9196)  normalized_mse_mask: 0.0004 (0.0026)  rmse_m_all: 17.7511 (15.6021)  actual_mask_ratio: 0.0645 (0.0686)  actual_prediction_mask_ratio: 0.2076 (0.2139)  ignored_patch_ratio: 0.0550 (0.0538)  time: 0.0868  data: 0.0001  max mem: 1904
[17:39:11.340075] Val: [24]  [150/533]  eta: 0:00:33  loss: 0.0006 (0.0020)  mae_m_mask: 0.4372 (0.7486)  rmse_m_mask: 0.5633 (0.8827)  normalized_mse_mask: 0.0006 (0.0020)  rmse_m_all: 11.2483 (15.5488)  actual_mask_ratio: 0.0707 (0.0688)  actual_prediction_mask_ratio: 0.2326 (0.2153)  ignored_patch_ratio: 0.0488 (0.0542)  time: 0.0853  data: 0.0001  max mem: 1904
[17:39:15.721855] Val: [24]  [200/533]  eta: 0:00:29  loss: 0.0010 (0.0018)  mae_m_mask: 0.6074 (0.7098)  rmse_m_mask: 0.6910 (0.8403)  normalized_mse_mask: 0.0010 (0.0018)  rmse_m_all: 13.9206 (15.0279)  actual_mask_ratio: 0.0760 (0.0695)  actual_prediction_mask_ratio: 0.2427 (0.2204)  ignored_patch_ratio: 0.0000 (0.0447)  time: 0.0882  data: 0.0001  max mem: 1904
[17:39:20.157376] Val: [24]  [250/533]  eta: 0:00:24  loss: 0.0011 (0.0018)  mae_m_mask: 0.9162 (0.7578)  rmse_m_mask: 1.1600 (0.8941)  normalized_mse_mask: 0.0011 (0.0018)  rmse_m_all: 14.5009 (15.3769)  actual_mask_ratio: 0.0725 (0.0702)  actual_prediction_mask_ratio: 0.2314 (0.2225)  ignored_patch_ratio: 0.0306 (0.0393)  time: 0.0885  data: 0.0001  max mem: 1904
[17:39:24.570115] Val: [24]  [300/533]  eta: 0:00:20  loss: 0.0006 (0.0018)  mae_m_mask: 0.7785 (0.8264)  rmse_m_mask: 0.9176 (0.9684)  normalized_mse_mask: 0.0006 (0.0018)  rmse_m_all: 23.1269 (16.4398)  actual_mask_ratio: 0.0700 (0.0704)  actual_prediction_mask_ratio: 0.2121 (0.2229)  ignored_patch_ratio: 0.0516 (0.0394)  time: 0.0899  data: 0.0001  max mem: 1904
[17:39:29.249848] Val: [24]  [350/533]  eta: 0:00:16  loss: 0.0008 (0.0017)  mae_m_mask: 0.8364 (0.8191)  rmse_m_mask: 0.9793 (0.9607)  normalized_mse_mask: 0.0008 (0.0017)  rmse_m_all: 19.3829 (16.6345)  actual_mask_ratio: 0.0698 (0.0705)  actual_prediction_mask_ratio: 0.2170 (0.2230)  ignored_patch_ratio: 0.0391 (0.0384)  time: 0.0931  data: 0.0001  max mem: 1904
[17:39:33.900135] Val: [24]  [400/533]  eta: 0:00:11  loss: 0.0010 (0.0016)  mae_m_mask: 0.9300 (0.8581)  rmse_m_mask: 1.0599 (1.0029)  normalized_mse_mask: 0.0010 (0.0016)  rmse_m_all: 18.6435 (17.0075)  actual_mask_ratio: 0.0683 (0.0702)  actual_prediction_mask_ratio: 0.2164 (0.2218)  ignored_patch_ratio: 0.0476 (0.0400)  time: 0.0908  data: 0.0001  max mem: 1904
[17:39:38.231679] Val: [24]  [450/533]  eta: 0:00:07  loss: 0.0014 (0.0018)  mae_m_mask: 1.0968 (0.8988)  rmse_m_mask: 1.4447 (1.0515)  normalized_mse_mask: 0.0014 (0.0018)  rmse_m_all: 16.8607 (17.0204)  actual_mask_ratio: 0.0670 (0.0702)  actual_prediction_mask_ratio: 0.2143 (0.2217)  ignored_patch_ratio: 0.0612 (0.0412)  time: 0.0857  data: 0.0001  max mem: 1904
[17:39:42.608418] Val: [24]  [500/533]  eta: 0:00:02  loss: 0.0004 (0.0017)  mae_m_mask: 0.6109 (0.8854)  rmse_m_mask: 0.7422 (1.0364)  normalized_mse_mask: 0.0004 (0.0017)  rmse_m_all: 16.3853 (17.0750)  actual_mask_ratio: 0.0673 (0.0700)  actual_prediction_mask_ratio: 0.2116 (0.2212)  ignored_patch_ratio: 0.0573 (0.0425)  time: 0.0868  data: 0.0001  max mem: 1904
[17:39:45.335744] Val: [24]  [532/533]  eta: 0:00:00  loss: 0.0008 (0.0018)  mae_m_mask: 0.7794 (0.8825)  rmse_m_mask: 0.9755 (1.0329)  normalized_mse_mask: 0.0008 (0.0018)  rmse_m_all: 17.7095 (17.1290)  actual_mask_ratio: 0.0666 (0.0699)  actual_prediction_mask_ratio: 0.2121 (0.2208)  ignored_patch_ratio: 0.0550 (0.0432)  time: 0.0839  data: 0.0029  max mem: 1904
[17:39:45.364907] Val: [24] Total time: 0:00:47 (0.0886 s / it)
[17:39:45.366867] val stats: {'loss': 0.0017243490711269765, 'mae_m_mask': 0.8577284444319634, 'rmse_m_mask': 1.145461588612189, 'normalized_mse_mask': 0.0017243490711269765, 'rmse_m_all': 17.128966046542658, 'actual_mask_ratio': 0.06990061117437499, 'actual_prediction_mask_ratio': 0.22084709342156744, 'ignored_patch_ratio': 0.04319662906886489, 'supervised_pixel_count': 11054205.0}
[17:39:49.257501] log_dir: /tank/data/SFS/xinyis/data/bathymetry/MAE-Topography/Downstream_Task_Bathy/cross_validation_v5_Stage2NormMSE_MeterSelect/runs/holdout_CA_D004Stage2NormMSE_MeterSelect_D001NoDataSafe/train_stage2_normMSE_meterSelect_CA_KlamathRiver_TopoBathy_2018_D18_fromStage1Best_e120_lr1e-5_b4_acc4/tb
[17:39:49.451001] Epoch: [25]  [  0/759]  eta: 0:02:26  lr: 0.000009  loss: 0.0181 (0.0181)  mae_m_mask: 0.3189 (0.3189)  rmse_m_mask: 0.5471 (0.5471)  normalized_mse_mask: 0.0181 (0.0181)  rmse_m_all: 4.8182 (4.8182)  actual_mask_ratio: 0.0735 (0.0735)  actual_prediction_mask_ratio: 0.2361 (0.2361)  ignored_patch_ratio: 0.0204 (0.0204)  time: 0.1928  data: 0.0823  max mem: 1904
[17:39:51.701451] Epoch: [25]  [ 20/759]  eta: 0:01:25  lr: 0.000009  loss: 0.0139 (0.0220)  mae_m_mask: 0.2613 (0.2737)  rmse_m_mask: 0.4054 (0.4220)  normalized_mse_mask: 0.0139 (0.0220)  rmse_m_all: 7.2184 (8.0196)  actual_mask_ratio: 0.0697 (0.0703)  actual_prediction_mask_ratio: 0.2358 (0.2333)  ignored_patch_ratio: 0.0000 (0.0054)  time: 0.1125  data: 0.0001  max mem: 1904
[17:39:53.924673] Epoch: [25]  [ 40/759]  eta: 0:01:21  lr: 0.000009  loss: 0.0165 (0.0250)  mae_m_mask: 0.2053 (0.2525)  rmse_m_mask: 0.2773 (0.3760)  normalized_mse_mask: 0.0165 (0.0250)  rmse_m_all: 6.7422 (7.8740)  actual_mask_ratio: 0.0755 (0.0722)  actual_prediction_mask_ratio: 0.2426 (0.2388)  ignored_patch_ratio: 0.0000 (0.0037)  time: 0.1111  data: 0.0001  max mem: 1904
[17:39:56.179294] Epoch: [25]  [ 60/759]  eta: 0:01:19  lr: 0.000009  loss: 0.0147 (0.0238)  mae_m_mask: 0.1940 (0.2364)  rmse_m_mask: 0.2785 (0.3484)  normalized_mse_mask: 0.0147 (0.0238)  rmse_m_all: 6.0625 (7.3801)  actual_mask_ratio: 0.0703 (0.0718)  actual_prediction_mask_ratio: 0.2307 (0.2360)  ignored_patch_ratio: 0.0000 (0.0035)  time: 0.1127  data: 0.0001  max mem: 1904
[17:39:58.456869] Epoch: [25]  [ 80/759]  eta: 0:01:17  lr: 0.000009  loss: 0.0184 (0.0230)  mae_m_mask: 0.1929 (0.2276)  rmse_m_mask: 0.2566 (0.3336)  normalized_mse_mask: 0.0184 (0.0230)  rmse_m_all: 5.4119 (7.3292)  actual_mask_ratio: 0.0731 (0.0717)  actual_prediction_mask_ratio: 0.2371 (0.2350)  ignored_patch_ratio: 0.0000 (0.0029)  time: 0.1138  data: 0.0001  max mem: 1904
[17:40:00.705607] Epoch: [25]  [100/759]  eta: 0:01:14  lr: 0.000009  loss: 0.0113 (0.0222)  mae_m_mask: 0.2021 (0.2279)  rmse_m_mask: 0.2901 (0.3344)  normalized_mse_mask: 0.0113 (0.0222)  rmse_m_all: 7.4006 (7.4376)  actual_mask_ratio: 0.0703 (0.0714)  actual_prediction_mask_ratio: 0.2309 (0.2345)  ignored_patch_ratio: 0.0000 (0.0031)  time: 0.1124  data: 0.0001  max mem: 1904
[17:40:02.994884] Epoch: [25]  [120/759]  eta: 0:01:12  lr: 0.000009  loss: 0.0138 (0.0214)  mae_m_mask: 0.2179 (0.2264)  rmse_m_mask: 0.3155 (0.3305)  normalized_mse_mask: 0.0138 (0.0214)  rmse_m_all: 7.0666 (7.3718)  actual_mask_ratio: 0.0714 (0.0716)  actual_prediction_mask_ratio: 0.2290 (0.2342)  ignored_patch_ratio: 0.0000 (0.0028)  time: 0.1144  data: 0.0001  max mem: 1904
[17:40:05.251601] Epoch: [25]  [140/759]  eta: 0:01:10  lr: 0.000009  loss: 0.0168 (0.0215)  mae_m_mask: 0.2137 (0.2271)  rmse_m_mask: 0.3039 (0.3320)  normalized_mse_mask: 0.0168 (0.0215)  rmse_m_all: 5.9647 (7.2611)  actual_mask_ratio: 0.0698 (0.0715)  actual_prediction_mask_ratio: 0.2324 (0.2345)  ignored_patch_ratio: 0.0000 (0.0027)  time: 0.1128  data: 0.0001  max mem: 1904
[17:40:07.513332] Epoch: [25]  [160/759]  eta: 0:01:07  lr: 0.000009  loss: 0.0119 (0.0214)  mae_m_mask: 0.1921 (0.2270)  rmse_m_mask: 0.2872 (0.3326)  normalized_mse_mask: 0.0119 (0.0214)  rmse_m_all: 6.9662 (7.2832)  actual_mask_ratio: 0.0726 (0.0716)  actual_prediction_mask_ratio: 0.2358 (0.2340)  ignored_patch_ratio: 0.0000 (0.0024)  time: 0.1131  data: 0.0001  max mem: 1904
[17:40:09.739589] Epoch: [25]  [180/759]  eta: 0:01:05  lr: 0.000009  loss: 0.0106 (0.0208)  mae_m_mask: 0.2214 (0.2277)  rmse_m_mask: 0.3040 (0.3338)  normalized_mse_mask: 0.0106 (0.0208)  rmse_m_all: 8.2080 (7.4116)  actual_mask_ratio: 0.0726 (0.0714)  actual_prediction_mask_ratio: 0.2391 (0.2338)  ignored_patch_ratio: 0.0000 (0.0024)  time: 0.1113  data: 0.0001  max mem: 1904
[17:40:12.308895] Epoch: [25]  [200/759]  eta: 0:01:04  lr: 0.000009  loss: 0.0139 (0.0205)  mae_m_mask: 0.2075 (0.2294)  rmse_m_mask: 0.3190 (0.3369)  normalized_mse_mask: 0.0139 (0.0205)  rmse_m_all: 5.0108 (7.3146)  actual_mask_ratio: 0.0703 (0.0714)  actual_prediction_mask_ratio: 0.2364 (0.2338)  ignored_patch_ratio: 0.0000 (0.0024)  time: 0.1284  data: 0.0517  max mem: 1904
[17:40:14.818983] Epoch: [25]  [220/759]  eta: 0:01:02  lr: 0.000009  loss: 0.0193 (0.0211)  mae_m_mask: 0.2342 (0.2311)  rmse_m_mask: 0.3524 (0.3419)  normalized_mse_mask: 0.0193 (0.0211)  rmse_m_all: 6.8066 (7.2552)  actual_mask_ratio: 0.0726 (0.0715)  actual_prediction_mask_ratio: 0.2426 (0.2344)  ignored_patch_ratio: 0.0000 (0.0023)  time: 0.1255  data: 0.0323  max mem: 1904
[17:40:17.155703] Epoch: [25]  [240/759]  eta: 0:01:00  lr: 0.000009  loss: 0.0076 (0.0210)  mae_m_mask: 0.2405 (0.2320)  rmse_m_mask: 0.3249 (0.3435)  normalized_mse_mask: 0.0076 (0.0210)  rmse_m_all: 5.0075 (7.1747)  actual_mask_ratio: 0.0743 (0.0717)  actual_prediction_mask_ratio: 0.2392 (0.2350)  ignored_patch_ratio: 0.0000 (0.0021)  time: 0.1168  data: 0.0001  max mem: 1904
[17:40:19.291851] Epoch: [25]  [260/759]  eta: 0:00:57  lr: 0.000009  loss: 0.0082 (0.0212)  mae_m_mask: 0.2709 (0.2341)  rmse_m_mask: 0.3774 (0.3467)  normalized_mse_mask: 0.0082 (0.0212)  rmse_m_all: 9.1694 (7.3031)  actual_mask_ratio: 0.0720 (0.0717)  actual_prediction_mask_ratio: 0.2370 (0.2350)  ignored_patch_ratio: 0.0000 (0.0021)  time: 0.1068  data: 0.0001  max mem: 1904
[17:40:21.543364] Epoch: [25]  [280/759]  eta: 0:00:55  lr: 0.000009  loss: 0.0160 (0.0212)  mae_m_mask: 0.1816 (0.2345)  rmse_m_mask: 0.2659 (0.3461)  normalized_mse_mask: 0.0160 (0.0212)  rmse_m_all: 5.3433 (7.2502)  actual_mask_ratio: 0.0737 (0.0718)  actual_prediction_mask_ratio: 0.2460 (0.2355)  ignored_patch_ratio: 0.0000 (0.0021)  time: 0.1125  data: 0.0001  max mem: 1904
[17:40:23.758470] Epoch: [25]  [300/759]  eta: 0:00:52  lr: 0.000009  loss: 0.0059 (0.0209)  mae_m_mask: 0.2486 (0.2362)  rmse_m_mask: 0.3800 (0.3483)  normalized_mse_mask: 0.0059 (0.0209)  rmse_m_all: 8.3756 (7.4323)  actual_mask_ratio: 0.0731 (0.0719)  actual_prediction_mask_ratio: 0.2350 (0.2354)  ignored_patch_ratio: 0.0000 (0.0024)  time: 0.1107  data: 0.0001  max mem: 1904
[17:40:25.982065] Epoch: [25]  [320/759]  eta: 0:00:50  lr: 0.000009  loss: 0.0227 (0.0210)  mae_m_mask: 0.2251 (0.2361)  rmse_m_mask: 0.3495 (0.3485)  normalized_mse_mask: 0.0227 (0.0210)  rmse_m_all: 6.0215 (7.3813)  actual_mask_ratio: 0.0720 (0.0719)  actual_prediction_mask_ratio: 0.2364 (0.2354)  ignored_patch_ratio: 0.0000 (0.0025)  time: 0.1111  data: 0.0001  max mem: 1904
[17:40:28.211548] Epoch: [25]  [340/759]  eta: 0:00:47  lr: 0.000009  loss: 0.0116 (0.0210)  mae_m_mask: 0.2651 (0.2373)  rmse_m_mask: 0.3617 (0.3499)  normalized_mse_mask: 0.0116 (0.0210)  rmse_m_all: 7.7062 (7.4493)  actual_mask_ratio: 0.0675 (0.0717)  actual_prediction_mask_ratio: 0.2273 (0.2351)  ignored_patch_ratio: 0.0000 (0.0024)  time: 0.1114  data: 0.0001  max mem: 1904
[17:40:30.478492] Epoch: [25]  [360/759]  eta: 0:00:45  lr: 0.000009  loss: 0.0140 (0.0211)  mae_m_mask: 0.2213 (0.2374)  rmse_m_mask: 0.3237 (0.3512)  normalized_mse_mask: 0.0140 (0.0211)  rmse_m_all: 5.0618 (7.4094)  actual_mask_ratio: 0.0737 (0.0718)  actual_prediction_mask_ratio: 0.2421 (0.2352)  ignored_patch_ratio: 0.0000 (0.0024)  time: 0.1133  data: 0.0021  max mem: 1904
[17:40:32.712739] Epoch: [25]  [380/759]  eta: 0:00:43  lr: 0.000009  loss: 0.0183 (0.0223)  mae_m_mask: 0.2645 (0.2396)  rmse_m_mask: 0.3830 (0.3545)  normalized_mse_mask: 0.0183 (0.0223)  rmse_m_all: 5.8844 (7.4071)  actual_mask_ratio: 0.0682 (0.0717)  actual_prediction_mask_ratio: 0.2307 (0.2350)  ignored_patch_ratio: 0.0000 (0.0024)  time: 0.1117  data: 0.0001  max mem: 1904
[17:40:34.872849] Epoch: [25]  [400/759]  eta: 0:00:40  lr: 0.000009  loss: 0.0081 (0.0223)  mae_m_mask: 0.1959 (0.2384)  rmse_m_mask: 0.2709 (0.3526)  normalized_mse_mask: 0.0081 (0.0223)  rmse_m_all: 7.6724 (7.3834)  actual_mask_ratio: 0.0726 (0.0717)  actual_prediction_mask_ratio: 0.2347 (0.2350)  ignored_patch_ratio: 0.0000 (0.0023)  time: 0.1080  data: 0.0001  max mem: 1904
[17:40:37.284718] Epoch: [25]  [420/759]  eta: 0:00:38  lr: 0.000009  loss: 0.0152 (0.0223)  mae_m_mask: 0.1973 (0.2377)  rmse_m_mask: 0.2737 (0.3518)  normalized_mse_mask: 0.0152 (0.0223)  rmse_m_all: 6.2123 (7.3647)  actual_mask_ratio: 0.0703 (0.0716)  actual_prediction_mask_ratio: 0.2373 (0.2352)  ignored_patch_ratio: 0.0000 (0.0023)  time: 0.1206  data: 0.0482  max mem: 1904
[17:40:39.373233] Epoch: [25]  [440/759]  eta: 0:00:36  lr: 0.000009  loss: 0.0091 (0.0219)  mae_m_mask: 0.2167 (0.2383)  rmse_m_mask: 0.3627 (0.3525)  normalized_mse_mask: 0.0091 (0.0219)  rmse_m_all: 8.7984 (7.3809)  actual_mask_ratio: 0.0726 (0.0716)  actual_prediction_mask_ratio: 0.2421 (0.2351)  ignored_patch_ratio: 0.0000 (0.0023)  time: 0.1044  data: 0.0134  max mem: 1904
[17:40:41.691359] Epoch: [25]  [460/759]  eta: 0:00:33  lr: 0.000009  loss: 0.0102 (0.0217)  mae_m_mask: 0.2107 (0.2392)  rmse_m_mask: 0.3052 (0.3530)  normalized_mse_mask: 0.0102 (0.0217)  rmse_m_all: 7.5615 (7.3849)  actual_mask_ratio: 0.0709 (0.0716)  actual_prediction_mask_ratio: 0.2387 (0.2351)  ignored_patch_ratio: 0.0000 (0.0025)  time: 0.1159  data: 0.0001  max mem: 1904
[17:40:44.333563] Epoch: [25]  [480/759]  eta: 0:00:31  lr: 0.000009  loss: 0.0116 (0.0216)  mae_m_mask: 0.2059 (0.2391)  rmse_m_mask: 0.3047 (0.3526)  normalized_mse_mask: 0.0116 (0.0216)  rmse_m_all: 7.9808 (7.3906)  actual_mask_ratio: 0.0707 (0.0716)  actual_prediction_mask_ratio: 0.2400 (0.2351)  ignored_patch_ratio: 0.0000 (0.0025)  time: 0.1321  data: 0.0269  max mem: 1904
[17:40:49.105338] Epoch: [25]  [500/759]  eta: 0:00:30  lr: 0.000009  loss: 0.0120 (0.0217)  mae_m_mask: 0.2476 (0.2398)  rmse_m_mask: 0.3532 (0.3535)  normalized_mse_mask: 0.0120 (0.0217)  rmse_m_all: 5.3692 (7.3288)  actual_mask_ratio: 0.0720 (0.0716)  actual_prediction_mask_ratio: 0.2438 (0.2353)  ignored_patch_ratio: 0.0000 (0.0025)  time: 0.2386  data: 0.1567  max mem: 1904
[17:40:51.419865] Epoch: [25]  [520/759]  eta: 0:00:28  lr: 0.000009  loss: 0.0134 (0.0218)  mae_m_mask: 0.2363 (0.2409)  rmse_m_mask: 0.3361 (0.3554)  normalized_mse_mask: 0.0134 (0.0218)  rmse_m_all: 8.8468 (7.3851)  actual_mask_ratio: 0.0703 (0.0717)  actual_prediction_mask_ratio: 0.2330 (0.2352)  ignored_patch_ratio: 0.0000 (0.0024)  time: 0.1157  data: 0.0001  max mem: 1904
[17:40:53.733462] Epoch: [25]  [540/759]  eta: 0:00:26  lr: 0.000009  loss: 0.0081 (0.0215)  mae_m_mask: 0.2223 (0.2420)  rmse_m_mask: 0.3595 (0.3569)  normalized_mse_mask: 0.0081 (0.0215)  rmse_m_all: 9.3086 (7.4688)  actual_mask_ratio: 0.0726 (0.0717)  actual_prediction_mask_ratio: 0.2426 (0.2353)  ignored_patch_ratio: 0.0000 (0.0024)  time: 0.1156  data: 0.0001  max mem: 1904
[17:40:56.044608] Epoch: [25]  [560/759]  eta: 0:00:23  lr: 0.000009  loss: 0.0141 (0.0215)  mae_m_mask: 0.2148 (0.2416)  rmse_m_mask: 0.3111 (0.3567)  normalized_mse_mask: 0.0141 (0.0215)  rmse_m_all: 7.0401 (7.4446)  actual_mask_ratio: 0.0703 (0.0717)  actual_prediction_mask_ratio: 0.2296 (0.2351)  ignored_patch_ratio: 0.0000 (0.0023)  time: 0.1155  data: 0.0001  max mem: 1904
[17:40:58.360595] Epoch: [25]  [580/759]  eta: 0:00:21  lr: 0.000009  loss: 0.0139 (0.0217)  mae_m_mask: 0.2093 (0.2406)  rmse_m_mask: 0.3131 (0.3557)  normalized_mse_mask: 0.0139 (0.0217)  rmse_m_all: 5.0991 (7.4006)  actual_mask_ratio: 0.0726 (0.0717)  actual_prediction_mask_ratio: 0.2398 (0.2354)  ignored_patch_ratio: 0.0000 (0.0023)  time: 0.1158  data: 0.0001  max mem: 1904
[17:41:00.673975] Epoch: [25]  [600/759]  eta: 0:00:18  lr: 0.000009  loss: 0.0163 (0.0219)  mae_m_mask: 0.2023 (0.2400)  rmse_m_mask: 0.3267 (0.3547)  normalized_mse_mask: 0.0163 (0.0219)  rmse_m_all: 6.6492 (7.3780)  actual_mask_ratio: 0.0697 (0.0716)  actual_prediction_mask_ratio: 0.2364 (0.2351)  ignored_patch_ratio: 0.0000 (0.0024)  time: 0.1156  data: 0.0001  max mem: 1904
[17:41:02.990957] Epoch: [25]  [620/759]  eta: 0:00:16  lr: 0.000009  loss: 0.0063 (0.0217)  mae_m_mask: 0.2158 (0.2399)  rmse_m_mask: 0.2971 (0.3543)  normalized_mse_mask: 0.0063 (0.0217)  rmse_m_all: 6.6039 (7.3831)  actual_mask_ratio: 0.0709 (0.0716)  actual_prediction_mask_ratio: 0.2381 (0.2351)  ignored_patch_ratio: 0.0000 (0.0024)  time: 0.1158  data: 0.0001  max mem: 1904
[17:41:05.276667] Epoch: [25]  [640/759]  eta: 0:00:14  lr: 0.000009  loss: 0.0199 (0.0219)  mae_m_mask: 0.2435 (0.2397)  rmse_m_mask: 0.3255 (0.3537)  normalized_mse_mask: 0.0199 (0.0219)  rmse_m_all: 5.1474 (7.3588)  actual_mask_ratio: 0.0720 (0.0716)  actual_prediction_mask_ratio: 0.2279 (0.2349)  ignored_patch_ratio: 0.0000 (0.0024)  time: 0.1143  data: 0.0001  max mem: 1904
[17:41:07.577243] Epoch: [25]  [660/759]  eta: 0:00:11  lr: 0.000009  loss: 0.0127 (0.0216)  mae_m_mask: 0.1927 (0.2393)  rmse_m_mask: 0.2817 (0.3529)  normalized_mse_mask: 0.0127 (0.0216)  rmse_m_all: 8.6021 (7.3778)  actual_mask_ratio: 0.0709 (0.0716)  actual_prediction_mask_ratio: 0.2370 (0.2348)  ignored_patch_ratio: 0.0000 (0.0023)  time: 0.1150  data: 0.0001  max mem: 1904
[17:41:09.896187] Epoch: [25]  [680/759]  eta: 0:00:09  lr: 0.000009  loss: 0.0118 (0.0215)  mae_m_mask: 0.1982 (0.2386)  rmse_m_mask: 0.2769 (0.3515)  normalized_mse_mask: 0.0118 (0.0215)  rmse_m_all: 7.1413 (7.3838)  actual_mask_ratio: 0.0731 (0.0716)  actual_prediction_mask_ratio: 0.2319 (0.2349)  ignored_patch_ratio: 0.0000 (0.0023)  time: 0.1159  data: 0.0001  max mem: 1904
[17:41:12.210589] Epoch: [25]  [700/759]  eta: 0:00:06  lr: 0.000009  loss: 0.0205 (0.0218)  mae_m_mask: 0.2341 (0.2387)  rmse_m_mask: 0.3543 (0.3521)  normalized_mse_mask: 0.0205 (0.0218)  rmse_m_all: 6.7716 (7.3674)  actual_mask_ratio: 0.0777 (0.0717)  actual_prediction_mask_ratio: 0.2426 (0.2350)  ignored_patch_ratio: 0.0000 (0.0023)  time: 0.1157  data: 0.0001  max mem: 1904
[17:41:14.524376] Epoch: [25]  [720/759]  eta: 0:00:04  lr: 0.000009  loss: 0.0087 (0.0219)  mae_m_mask: 0.2372 (0.2385)  rmse_m_mask: 0.3461 (0.3519)  normalized_mse_mask: 0.0087 (0.0219)  rmse_m_all: 6.2132 (7.3471)  actual_mask_ratio: 0.0731 (0.0717)  actual_prediction_mask_ratio: 0.2415 (0.2352)  ignored_patch_ratio: 0.0000 (0.0022)  time: 0.1157  data: 0.0001  max mem: 1904
[17:41:16.834354] Epoch: [25]  [740/759]  eta: 0:00:02  lr: 0.000009  loss: 0.0076 (0.0218)  mae_m_mask: 0.2208 (0.2383)  rmse_m_mask: 0.3350 (0.3515)  normalized_mse_mask: 0.0076 (0.0218)  rmse_m_all: 6.3614 (7.3709)  actual_mask_ratio: 0.0714 (0.0717)  actual_prediction_mask_ratio: 0.2330 (0.2351)  ignored_patch_ratio: 0.0000 (0.0022)  time: 0.1155  data: 0.0001  max mem: 1904
[17:41:18.910584] Epoch: [25]  [758/759]  eta: 0:00:00  lr: 0.000009  loss: 0.0124 (0.0217)  mae_m_mask: 0.1975 (0.2382)  rmse_m_mask: 0.2879 (0.3510)  normalized_mse_mask: 0.0124 (0.0217)  rmse_m_all: 8.2549 (7.3845)  actual_mask_ratio: 0.0732 (0.0717)  actual_prediction_mask_ratio: 0.2367 (0.2352)  ignored_patch_ratio: 0.0000 (0.0022)  time: 0.1157  data: 0.0001  max mem: 1904
[17:41:18.941312] Epoch: [25] Total time: 0:01:29 (0.1182 s / it)
[17:41:18.943538] Averaged stats: {'lr': 8.937418977315384e-06, 'loss': 0.021368805822356514, 'mae_m_mask': 0.2364611542052256, 'rmse_m_mask': 0.3737806350961183, 'normalized_mse_mask': 0.021368805822356514, 'rmse_m_all': 7.384488245322613, 'actual_mask_ratio': 0.07173296237396315, 'actual_prediction_mask_ratio': 0.23515746608003482, 'ignored_patch_ratio': 0.002177197471437718, 'supervised_pixel_count': 14696055.0}
[17:41:19.130862] Val: [25]  [  0/533]  eta: 0:01:38  loss: 0.0100 (0.0100)  mae_m_mask: 0.9162 (0.9162)  rmse_m_mask: 1.1277 (1.1277)  normalized_mse_mask: 0.0100 (0.0100)  rmse_m_all: 13.8166 (13.8166)  actual_mask_ratio: 0.0787 (0.0787)  actual_prediction_mask_ratio: 0.2431 (0.2431)  ignored_patch_ratio: 0.0488 (0.0488)  time: 0.1848  data: 0.0940  max mem: 1904
[17:41:23.449202] Val: [25]  [ 50/533]  eta: 0:00:42  loss: 0.0013 (0.0036)  mae_m_mask: 0.6378 (0.7026)  rmse_m_mask: 0.7724 (0.8240)  normalized_mse_mask: 0.0013 (0.0036)  rmse_m_all: 13.3000 (14.1144)  actual_mask_ratio: 0.0694 (0.0693)  actual_prediction_mask_ratio: 0.2120 (0.2147)  ignored_patch_ratio: 0.0527 (0.0550)  time: 0.0868  data: 0.0001  max mem: 1904
[17:41:27.829223] Val: [25]  [100/533]  eta: 0:00:38  loss: 0.0004 (0.0022)  mae_m_mask: 0.5409 (0.6686)  rmse_m_mask: 0.7500 (0.7959)  normalized_mse_mask: 0.0004 (0.0022)  rmse_m_all: 17.8956 (15.7261)  actual_mask_ratio: 0.0645 (0.0686)  actual_prediction_mask_ratio: 0.2076 (0.2139)  ignored_patch_ratio: 0.0550 (0.0538)  time: 0.0872  data: 0.0001  max mem: 1904
[17:41:32.222319] Val: [25]  [150/533]  eta: 0:00:33  loss: 0.0008 (0.0018)  mae_m_mask: 0.3968 (0.6455)  rmse_m_mask: 0.5699 (0.7713)  normalized_mse_mask: 0.0008 (0.0018)  rmse_m_all: 11.3795 (15.6817)  actual_mask_ratio: 0.0707 (0.0688)  actual_prediction_mask_ratio: 0.2326 (0.2153)  ignored_patch_ratio: 0.0488 (0.0542)  time: 0.0881  data: 0.0001  max mem: 1904
[17:41:36.831158] Val: [25]  [200/533]  eta: 0:00:29  loss: 0.0013 (0.0017)  mae_m_mask: 0.7932 (0.6582)  rmse_m_mask: 0.9129 (0.7835)  normalized_mse_mask: 0.0013 (0.0017)  rmse_m_all: 14.0622 (15.1581)  actual_mask_ratio: 0.0760 (0.0695)  actual_prediction_mask_ratio: 0.2427 (0.2204)  ignored_patch_ratio: 0.0000 (0.0447)  time: 0.0917  data: 0.0001  max mem: 1904
[17:41:41.233685] Val: [25]  [250/533]  eta: 0:00:25  loss: 0.0009 (0.0017)  mae_m_mask: 0.8779 (0.7451)  rmse_m_mask: 1.0150 (0.8763)  normalized_mse_mask: 0.0009 (0.0017)  rmse_m_all: 14.7464 (15.5193)  actual_mask_ratio: 0.0725 (0.0702)  actual_prediction_mask_ratio: 0.2314 (0.2225)  ignored_patch_ratio: 0.0306 (0.0393)  time: 0.0894  data: 0.0001  max mem: 1904
[17:41:45.598602] Val: [25]  [300/533]  eta: 0:00:20  loss: 0.0005 (0.0017)  mae_m_mask: 0.7855 (0.7895)  rmse_m_mask: 0.9275 (0.9244)  normalized_mse_mask: 0.0005 (0.0017)  rmse_m_all: 23.4240 (16.5995)  actual_mask_ratio: 0.0700 (0.0704)  actual_prediction_mask_ratio: 0.2121 (0.2229)  ignored_patch_ratio: 0.0516 (0.0394)  time: 0.0866  data: 0.0001  max mem: 1904
[17:41:49.988889] Val: [25]  [350/533]  eta: 0:00:16  loss: 0.0005 (0.0016)  mae_m_mask: 0.6551 (0.7872)  rmse_m_mask: 0.7751 (0.9221)  normalized_mse_mask: 0.0005 (0.0016)  rmse_m_all: 19.6368 (16.7991)  actual_mask_ratio: 0.0698 (0.0705)  actual_prediction_mask_ratio: 0.2170 (0.2230)  ignored_patch_ratio: 0.0391 (0.0384)  time: 0.0877  data: 0.0001  max mem: 1904
[17:41:54.323777] Val: [25]  [400/533]  eta: 0:00:11  loss: 0.0007 (0.0015)  mae_m_mask: 0.6611 (0.7998)  rmse_m_mask: 0.8117 (0.9363)  normalized_mse_mask: 0.0007 (0.0015)  rmse_m_all: 18.8997 (17.1781)  actual_mask_ratio: 0.0683 (0.0702)  actual_prediction_mask_ratio: 0.2164 (0.2218)  ignored_patch_ratio: 0.0476 (0.0400)  time: 0.0874  data: 0.0001  max mem: 1904
[17:41:58.702469] Val: [25]  [450/533]  eta: 0:00:07  loss: 0.0008 (0.0016)  mae_m_mask: 0.9408 (0.8205)  rmse_m_mask: 1.0382 (0.9643)  normalized_mse_mask: 0.0008 (0.0016)  rmse_m_all: 17.1046 (17.1922)  actual_mask_ratio: 0.0670 (0.0702)  actual_prediction_mask_ratio: 0.2143 (0.2217)  ignored_patch_ratio: 0.0612 (0.0412)  time: 0.0873  data: 0.0001  max mem: 1904
[17:42:03.097892] Val: [25]  [500/533]  eta: 0:00:02  loss: 0.0003 (0.0015)  mae_m_mask: 0.4599 (0.8039)  rmse_m_mask: 0.5486 (0.9463)  normalized_mse_mask: 0.0003 (0.0015)  rmse_m_all: 16.5172 (17.2435)  actual_mask_ratio: 0.0673 (0.0700)  actual_prediction_mask_ratio: 0.2116 (0.2212)  ignored_patch_ratio: 0.0573 (0.0425)  time: 0.0893  data: 0.0001  max mem: 1904
[17:42:05.855937] Val: [25]  [532/533]  eta: 0:00:00  loss: 0.0006 (0.0015)  mae_m_mask: 0.6991 (0.7980)  rmse_m_mask: 0.8004 (0.9397)  normalized_mse_mask: 0.0006 (0.0015)  rmse_m_all: 17.8813 (17.2987)  actual_mask_ratio: 0.0666 (0.0699)  actual_prediction_mask_ratio: 0.2121 (0.2208)  ignored_patch_ratio: 0.0550 (0.0432)  time: 0.0844  data: 0.0001  max mem: 1904
[17:42:05.898542] Val: [25] Total time: 0:00:46 (0.0881 s / it)
[17:42:05.900613] val stats: {'loss': 0.0015328418244209931, 'mae_m_mask': 0.7880115000416908, 'rmse_m_mask': 1.0486525104221247, 'normalized_mse_mask': 0.0015328418244209931, 'rmse_m_all': 17.29867801702045, 'actual_mask_ratio': 0.06990061117437499, 'actual_prediction_mask_ratio': 0.22084709342156744, 'ignored_patch_ratio': 0.04319662906886489, 'supervised_pixel_count': 11054205.0}
[17:42:10.171727] log_dir: /tank/data/SFS/xinyis/data/bathymetry/MAE-Topography/Downstream_Task_Bathy/cross_validation_v5_Stage2NormMSE_MeterSelect/runs/holdout_CA_D004Stage2NormMSE_MeterSelect_D001NoDataSafe/train_stage2_normMSE_meterSelect_CA_KlamathRiver_TopoBathy_2018_D18_fromStage1Best_e120_lr1e-5_b4_acc4/tb
[17:42:10.371592] Epoch: [26]  [  0/759]  eta: 0:02:31  lr: 0.000009  loss: 0.0460 (0.0460)  mae_m_mask: 0.3660 (0.3660)  rmse_m_mask: 0.5042 (0.5042)  normalized_mse_mask: 0.0460 (0.0460)  rmse_m_all: 6.7380 (6.7380)  actual_mask_ratio: 0.0709 (0.0709)  actual_prediction_mask_ratio: 0.2364 (0.2364)  ignored_patch_ratio: 0.0000 (0.0000)  time: 0.1992  data: 0.0847  max mem: 1904
[17:42:12.592128] Epoch: [26]  [ 20/759]  eta: 0:01:25  lr: 0.000009  loss: 0.0120 (0.0179)  mae_m_mask: 0.2297 (0.2332)  rmse_m_mask: 0.3029 (0.3268)  normalized_mse_mask: 0.0120 (0.0179)  rmse_m_all: 7.6274 (7.4932)  actual_mask_ratio: 0.0714 (0.0706)  actual_prediction_mask_ratio: 0.2302 (0.2288)  ignored_patch_ratio: 0.0000 (0.0013)  time: 0.1110  data: 0.0001  max mem: 1904
[17:42:14.832843] Epoch: [26]  [ 40/759]  eta: 0:01:21  lr: 0.000009  loss: 0.0128 (0.0178)  mae_m_mask: 0.1949 (0.2297)  rmse_m_mask: 0.2941 (0.3241)  normalized_mse_mask: 0.0128 (0.0178)  rmse_m_all: 6.9511 (7.6556)  actual_mask_ratio: 0.0726 (0.0712)  actual_prediction_mask_ratio: 0.2356 (0.2332)  ignored_patch_ratio: 0.0000 (0.0018)  time: 0.1120  data: 0.0001  max mem: 1904
[17:42:17.070782] Epoch: [26]  [ 60/759]  eta: 0:01:19  lr: 0.000009  loss: 0.0103 (0.0190)  mae_m_mask: 0.2071 (0.2287)  rmse_m_mask: 0.3010 (0.3271)  normalized_mse_mask: 0.0103 (0.0190)  rmse_m_all: 7.3436 (7.7869)  actual_mask_ratio: 0.0663 (0.0704)  actual_prediction_mask_ratio: 0.2251 (0.2323)  ignored_patch_ratio: 0.0000 (0.0012)  time: 0.1119  data: 0.0001  max mem: 1904
[17:42:19.285609] Epoch: [26]  [ 80/759]  eta: 0:01:16  lr: 0.000009  loss: 0.0110 (0.0194)  mae_m_mask: 0.2322 (0.2329)  rmse_m_mask: 0.3345 (0.3339)  normalized_mse_mask: 0.0110 (0.0194)  rmse_m_all: 6.4390 (7.6629)  actual_mask_ratio: 0.0726 (0.0705)  actual_prediction_mask_ratio: 0.2398 (0.2341)  ignored_patch_ratio: 0.0000 (0.0013)  time: 0.1107  data: 0.0001  max mem: 1904
[17:42:21.525505] Epoch: [26]  [100/759]  eta: 0:01:14  lr: 0.000009  loss: 0.0255 (0.0218)  mae_m_mask: 0.1880 (0.2336)  rmse_m_mask: 0.2678 (0.3410)  normalized_mse_mask: 0.0255 (0.0218)  rmse_m_all: 6.8754 (7.4989)  actual_mask_ratio: 0.0735 (0.0710)  actual_prediction_mask_ratio: 0.2409 (0.2349)  ignored_patch_ratio: 0.0000 (0.0017)  time: 0.1120  data: 0.0001  max mem: 1904
[17:42:23.772269] Epoch: [26]  [120/759]  eta: 0:01:11  lr: 0.000009  loss: 0.0098 (0.0212)  mae_m_mask: 0.2177 (0.2302)  rmse_m_mask: 0.3182 (0.3379)  normalized_mse_mask: 0.0098 (0.0212)  rmse_m_all: 6.5158 (7.3375)  actual_mask_ratio: 0.0720 (0.0712)  actual_prediction_mask_ratio: 0.2398 (0.2360)  ignored_patch_ratio: 0.0000 (0.0015)  time: 0.1123  data: 0.0001  max mem: 1904
[17:42:25.996626] Epoch: [26]  [140/759]  eta: 0:01:09  lr: 0.000009  loss: 0.0226 (0.0217)  mae_m_mask: 0.2014 (0.2288)  rmse_m_mask: 0.3074 (0.3358)  normalized_mse_mask: 0.0226 (0.0217)  rmse_m_all: 5.8139 (7.2505)  actual_mask_ratio: 0.0726 (0.0714)  actual_prediction_mask_ratio: 0.2404 (0.2360)  ignored_patch_ratio: 0.0000 (0.0013)  time: 0.1112  data: 0.0001  max mem: 1904
[17:42:28.237842] Epoch: [26]  [160/759]  eta: 0:01:07  lr: 0.000009  loss: 0.0179 (0.0214)  mae_m_mask: 0.2398 (0.2329)  rmse_m_mask: 0.3814 (0.3449)  normalized_mse_mask: 0.0179 (0.0214)  rmse_m_all: 7.5250 (7.3016)  actual_mask_ratio: 0.0714 (0.0714)  actual_prediction_mask_ratio: 0.2393 (0.2364)  ignored_patch_ratio: 0.0000 (0.0013)  time: 0.1120  data: 0.0001  max mem: 1904
[17:42:30.467015] Epoch: [26]  [180/759]  eta: 0:01:04  lr: 0.000009  loss: 0.0157 (0.0221)  mae_m_mask: 0.2418 (0.2336)  rmse_m_mask: 0.3319 (0.3457)  normalized_mse_mask: 0.0157 (0.0221)  rmse_m_all: 5.0940 (7.1711)  actual_mask_ratio: 0.0692 (0.0712)  actual_prediction_mask_ratio: 0.2309 (0.2355)  ignored_patch_ratio: 0.0000 (0.0016)  time: 0.1114  data: 0.0001  max mem: 1904
[17:42:32.688966] Epoch: [26]  [200/759]  eta: 0:01:02  lr: 0.000009  loss: 0.0144 (0.0219)  mae_m_mask: 0.2014 (0.2338)  rmse_m_mask: 0.2874 (0.3469)  normalized_mse_mask: 0.0144 (0.0219)  rmse_m_all: 8.3751 (7.1787)  actual_mask_ratio: 0.0737 (0.0713)  actual_prediction_mask_ratio: 0.2313 (0.2353)  ignored_patch_ratio: 0.0000 (0.0017)  time: 0.1111  data: 0.0001  max mem: 1904
[17:42:34.900794] Epoch: [26]  [220/759]  eta: 0:01:00  lr: 0.000009  loss: 0.0101 (0.0217)  mae_m_mask: 0.2307 (0.2356)  rmse_m_mask: 0.3438 (0.3495)  normalized_mse_mask: 0.0101 (0.0217)  rmse_m_all: 6.0000 (7.1974)  actual_mask_ratio: 0.0703 (0.0713)  actual_prediction_mask_ratio: 0.2296 (0.2349)  ignored_patch_ratio: 0.0000 (0.0020)  time: 0.1106  data: 0.0001  max mem: 1904
[17:42:37.103622] Epoch: [26]  [240/759]  eta: 0:00:57  lr: 0.000009  loss: 0.0124 (0.0222)  mae_m_mask: 0.2431 (0.2378)  rmse_m_mask: 0.3561 (0.3523)  normalized_mse_mask: 0.0124 (0.0222)  rmse_m_all: 6.7471 (7.2823)  actual_mask_ratio: 0.0743 (0.0714)  actual_prediction_mask_ratio: 0.2370 (0.2353)  ignored_patch_ratio: 0.0000 (0.0019)  time: 0.1101  data: 0.0001  max mem: 1904
[17:42:39.054281] Epoch: [26]  [260/759]  eta: 0:00:55  lr: 0.000009  loss: 0.0185 (0.0222)  mae_m_mask: 0.2091 (0.2381)  rmse_m_mask: 0.2868 (0.3513)  normalized_mse_mask: 0.0185 (0.0222)  rmse_m_all: 5.9539 (7.2909)  actual_mask_ratio: 0.0692 (0.0713)  actual_prediction_mask_ratio: 0.2313 (0.2352)  ignored_patch_ratio: 0.0000 (0.0018)  time: 0.0975  data: 0.0243  max mem: 1904
[17:42:41.369138] Epoch: [26]  [280/759]  eta: 0:00:53  lr: 0.000009  loss: 0.0092 (0.0218)  mae_m_mask: 0.1979 (0.2359)  rmse_m_mask: 0.2753 (0.3474)  normalized_mse_mask: 0.0092 (0.0218)  rmse_m_all: 6.2581 (7.2408)  actual_mask_ratio: 0.0680 (0.0712)  actual_prediction_mask_ratio: 0.2455 (0.2353)  ignored_patch_ratio: 0.0000 (0.0017)  time: 0.1157  data: 0.0235  max mem: 1904
[17:42:43.585806] Epoch: [26]  [300/759]  eta: 0:00:50  lr: 0.000009  loss: 0.0151 (0.0213)  mae_m_mask: 0.1930 (0.2350)  rmse_m_mask: 0.2779 (0.3470)  normalized_mse_mask: 0.0151 (0.0213)  rmse_m_all: 9.4503 (7.3233)  actual_mask_ratio: 0.0714 (0.0712)  actual_prediction_mask_ratio: 0.2290 (0.2350)  ignored_patch_ratio: 0.0000 (0.0019)  time: 0.1108  data: 0.0001  max mem: 1904
[17:42:45.909619] Epoch: [26]  [320/759]  eta: 0:00:48  lr: 0.000009  loss: 0.0236 (0.0220)  mae_m_mask: 0.2311 (0.2353)  rmse_m_mask: 0.3333 (0.3475)  normalized_mse_mask: 0.0236 (0.0220)  rmse_m_all: 6.0693 (7.2807)  actual_mask_ratio: 0.0714 (0.0712)  actual_prediction_mask_ratio: 0.2415 (0.2351)  ignored_patch_ratio: 0.0000 (0.0022)  time: 0.1162  data: 0.0001  max mem: 1904
[17:42:48.122081] Epoch: [26]  [340/759]  eta: 0:00:46  lr: 0.000009  loss: 0.0125 (0.0220)  mae_m_mask: 0.2386 (0.2363)  rmse_m_mask: 0.3381 (0.3491)  normalized_mse_mask: 0.0125 (0.0220)  rmse_m_all: 7.9861 (7.3110)  actual_mask_ratio: 0.0714 (0.0712)  actual_prediction_mask_ratio: 0.2348 (0.2353)  ignored_patch_ratio: 0.0000 (0.0022)  time: 0.1106  data: 0.0001  max mem: 1904
[17:42:50.393983] Epoch: [26]  [360/759]  eta: 0:00:44  lr: 0.000009  loss: 0.0105 (0.0220)  mae_m_mask: 0.1883 (0.2365)  rmse_m_mask: 0.2493 (0.3493)  normalized_mse_mask: 0.0105 (0.0220)  rmse_m_all: 7.4735 (7.3203)  actual_mask_ratio: 0.0720 (0.0713)  actual_prediction_mask_ratio: 0.2460 (0.2353)  ignored_patch_ratio: 0.0000 (0.0023)  time: 0.1136  data: 0.0001  max mem: 1904
[17:42:52.667045] Epoch: [26]  [380/759]  eta: 0:00:42  lr: 0.000009  loss: 0.0105 (0.0216)  mae_m_mask: 0.1870 (0.2350)  rmse_m_mask: 0.2776 (0.3469)  normalized_mse_mask: 0.0105 (0.0216)  rmse_m_all: 5.0466 (7.2773)  actual_mask_ratio: 0.0737 (0.0714)  actual_prediction_mask_ratio: 0.2398 (0.2354)  ignored_patch_ratio: 0.0000 (0.0022)  time: 0.1136  data: 0.0001  max mem: 1904
[17:42:54.918380] Epoch: [26]  [400/759]  eta: 0:00:40  lr: 0.000009  loss: 0.0134 (0.0213)  mae_m_mask: 0.1974 (0.2345)  rmse_m_mask: 0.3093 (0.3466)  normalized_mse_mask: 0.0134 (0.0213)  rmse_m_all: 5.6571 (7.2304)  actual_mask_ratio: 0.0731 (0.0714)  actual_prediction_mask_ratio: 0.2336 (0.2352)  ignored_patch_ratio: 0.0000 (0.0022)  time: 0.1125  data: 0.0001  max mem: 1904
[17:42:57.197716] Epoch: [26]  [420/759]  eta: 0:00:37  lr: 0.000009  loss: 0.0088 (0.0211)  mae_m_mask: 0.2276 (0.2346)  rmse_m_mask: 0.3468 (0.3474)  normalized_mse_mask: 0.0088 (0.0211)  rmse_m_all: 7.0286 (7.2575)  actual_mask_ratio: 0.0754 (0.0715)  actual_prediction_mask_ratio: 0.2319 (0.2352)  ignored_patch_ratio: 0.0000 (0.0021)  time: 0.1139  data: 0.0001  max mem: 1904
[17:42:59.468571] Epoch: [26]  [440/759]  eta: 0:00:35  lr: 0.000009  loss: 0.0082 (0.0209)  mae_m_mask: 0.2188 (0.2340)  rmse_m_mask: 0.2957 (0.3459)  normalized_mse_mask: 0.0082 (0.0209)  rmse_m_all: 6.2750 (7.2832)  actual_mask_ratio: 0.0720 (0.0715)  actual_prediction_mask_ratio: 0.2381 (0.2351)  ignored_patch_ratio: 0.0000 (0.0022)  time: 0.1135  data: 0.0001  max mem: 1904
[17:43:01.686682] Epoch: [26]  [460/759]  eta: 0:00:33  lr: 0.000009  loss: 0.0086 (0.0209)  mae_m_mask: 0.2327 (0.2344)  rmse_m_mask: 0.3536 (0.3470)  normalized_mse_mask: 0.0086 (0.0209)  rmse_m_all: 9.0007 (7.3236)  actual_mask_ratio: 0.0709 (0.0715)  actual_prediction_mask_ratio: 0.2313 (0.2350)  ignored_patch_ratio: 0.0000 (0.0024)  time: 0.1109  data: 0.0001  max mem: 1904
[17:43:03.725008] Epoch: [26]  [480/759]  eta: 0:00:31  lr: 0.000009  loss: 0.0115 (0.0210)  mae_m_mask: 0.2027 (0.2338)  rmse_m_mask: 0.2850 (0.3459)  normalized_mse_mask: 0.0115 (0.0210)  rmse_m_all: 7.5289 (7.3243)  actual_mask_ratio: 0.0703 (0.0715)  actual_prediction_mask_ratio: 0.2353 (0.2349)  ignored_patch_ratio: 0.0000 (0.0023)  time: 0.1019  data: 0.0001  max mem: 1904
[17:43:06.225206] Epoch: [26]  [500/759]  eta: 0:00:28  lr: 0.000009  loss: 0.0118 (0.0207)  mae_m_mask: 0.2031 (0.2337)  rmse_m_mask: 0.2834 (0.3452)  normalized_mse_mask: 0.0118 (0.0207)  rmse_m_all: 9.0768 (7.3494)  actual_mask_ratio: 0.0692 (0.0714)  actual_prediction_mask_ratio: 0.2370 (0.2347)  ignored_patch_ratio: 0.0000 (0.0024)  time: 0.1250  data: 0.0547  max mem: 1904
[17:43:08.069121] Epoch: [26]  [520/759]  eta: 0:00:26  lr: 0.000009  loss: 0.0087 (0.0210)  mae_m_mask: 0.2078 (0.2336)  rmse_m_mask: 0.3169 (0.3457)  normalized_mse_mask: 0.0087 (0.0210)  rmse_m_all: 5.2906 (7.2718)  actual_mask_ratio: 0.0748 (0.0716)  actual_prediction_mask_ratio: 0.2407 (0.2350)  ignored_patch_ratio: 0.0000 (0.0023)  time: 0.0922  data: 0.0001  max mem: 1904
[17:43:10.411484] Epoch: [26]  [540/759]  eta: 0:00:24  lr: 0.000009  loss: 0.0122 (0.0211)  mae_m_mask: 0.1829 (0.2325)  rmse_m_mask: 0.2915 (0.3439)  normalized_mse_mask: 0.0122 (0.0211)  rmse_m_all: 4.4149 (7.2383)  actual_mask_ratio: 0.0726 (0.0716)  actual_prediction_mask_ratio: 0.2398 (0.2351)  ignored_patch_ratio: 0.0000 (0.0023)  time: 0.1171  data: 0.0001  max mem: 1904
[17:43:12.757730] Epoch: [26]  [560/759]  eta: 0:00:22  lr: 0.000009  loss: 0.0128 (0.0210)  mae_m_mask: 0.2276 (0.2323)  rmse_m_mask: 0.3220 (0.3437)  normalized_mse_mask: 0.0128 (0.0210)  rmse_m_all: 6.3030 (7.2220)  actual_mask_ratio: 0.0697 (0.0716)  actual_prediction_mask_ratio: 0.2279 (0.2350)  ignored_patch_ratio: 0.0000 (0.0023)  time: 0.1173  data: 0.0001  max mem: 1904
[17:43:15.104681] Epoch: [26]  [580/759]  eta: 0:00:19  lr: 0.000009  loss: 0.0079 (0.0208)  mae_m_mask: 0.2021 (0.2319)  rmse_m_mask: 0.2944 (0.3426)  normalized_mse_mask: 0.0079 (0.0208)  rmse_m_all: 8.3253 (7.2455)  actual_mask_ratio: 0.0731 (0.0716)  actual_prediction_mask_ratio: 0.2341 (0.2349)  ignored_patch_ratio: 0.0000 (0.0023)  time: 0.1173  data: 0.0001  max mem: 1904
[17:43:17.448121] Epoch: [26]  [600/759]  eta: 0:00:17  lr: 0.000009  loss: 0.0100 (0.0209)  mae_m_mask: 0.2355 (0.2332)  rmse_m_mask: 0.3636 (0.3440)  normalized_mse_mask: 0.0100 (0.0209)  rmse_m_all: 5.8607 (7.2524)  actual_mask_ratio: 0.0714 (0.0715)  actual_prediction_mask_ratio: 0.2330 (0.2348)  ignored_patch_ratio: 0.0000 (0.0024)  time: 0.1171  data: 0.0001  max mem: 1904
[17:43:19.799689] Epoch: [26]  [620/759]  eta: 0:00:15  lr: 0.000009  loss: 0.0112 (0.0210)  mae_m_mask: 0.2249 (0.2342)  rmse_m_mask: 0.3525 (0.3456)  normalized_mse_mask: 0.0112 (0.0210)  rmse_m_all: 7.7915 (7.2732)  actual_mask_ratio: 0.0686 (0.0715)  actual_prediction_mask_ratio: 0.2307 (0.2347)  ignored_patch_ratio: 0.0000 (0.0023)  time: 0.1175  data: 0.0001  max mem: 1904
[17:43:22.143441] Epoch: [26]  [640/759]  eta: 0:00:13  lr: 0.000009  loss: 0.0129 (0.0209)  mae_m_mask: 0.2279 (0.2345)  rmse_m_mask: 0.2999 (0.3454)  normalized_mse_mask: 0.0129 (0.0209)  rmse_m_all: 8.1209 (7.3087)  actual_mask_ratio: 0.0726 (0.0716)  actual_prediction_mask_ratio: 0.2381 (0.2350)  ignored_patch_ratio: 0.0000 (0.0023)  time: 0.1171  data: 0.0001  max mem: 1904
[17:43:24.487956] Epoch: [26]  [660/759]  eta: 0:00:11  lr: 0.000009  loss: 0.0174 (0.0213)  mae_m_mask: 0.1848 (0.2344)  rmse_m_mask: 0.2697 (0.3458)  normalized_mse_mask: 0.0174 (0.0213)  rmse_m_all: 6.0141 (7.2831)  actual_mask_ratio: 0.0731 (0.0716)  actual_prediction_mask_ratio: 0.2404 (0.2351)  ignored_patch_ratio: 0.0000 (0.0023)  time: 0.1172  data: 0.0001  max mem: 1904
[17:43:26.833287] Epoch: [26]  [680/759]  eta: 0:00:08  lr: 0.000009  loss: 0.0203 (0.0217)  mae_m_mask: 0.2512 (0.2351)  rmse_m_mask: 0.3523 (0.3470)  normalized_mse_mask: 0.0203 (0.0217)  rmse_m_all: 6.4509 (7.2794)  actual_mask_ratio: 0.0726 (0.0717)  actual_prediction_mask_ratio: 0.2421 (0.2352)  ignored_patch_ratio: 0.0000 (0.0022)  time: 0.1172  data: 0.0001  max mem: 1904
[17:43:29.178918] Epoch: [26]  [700/759]  eta: 0:00:06  lr: 0.000009  loss: 0.0069 (0.0214)  mae_m_mask: 0.2376 (0.2352)  rmse_m_mask: 0.3518 (0.3472)  normalized_mse_mask: 0.0069 (0.0214)  rmse_m_all: 5.2465 (7.2538)  actual_mask_ratio: 0.0748 (0.0717)  actual_prediction_mask_ratio: 0.2392 (0.2353)  ignored_patch_ratio: 0.0000 (0.0021)  time: 0.1172  data: 0.0001  max mem: 1904
[17:43:31.524126] Epoch: [26]  [720/759]  eta: 0:00:04  lr: 0.000009  loss: 0.0086 (0.0212)  mae_m_mask: 0.2359 (0.2357)  rmse_m_mask: 0.3171 (0.3480)  normalized_mse_mask: 0.0086 (0.0212)  rmse_m_all: 7.8886 (7.2852)  actual_mask_ratio: 0.0707 (0.0717)  actual_prediction_mask_ratio: 0.2256 (0.2351)  ignored_patch_ratio: 0.0000 (0.0022)  time: 0.1172  data: 0.0001  max mem: 1904
[17:43:33.865373] Epoch: [26]  [740/759]  eta: 0:00:02  lr: 0.000009  loss: 0.0177 (0.0213)  mae_m_mask: 0.2514 (0.2361)  rmse_m_mask: 0.3554 (0.3490)  normalized_mse_mask: 0.0177 (0.0213)  rmse_m_all: 5.6154 (7.2833)  actual_mask_ratio: 0.0726 (0.0717)  actual_prediction_mask_ratio: 0.2407 (0.2352)  ignored_patch_ratio: 0.0000 (0.0022)  time: 0.1170  data: 0.0001  max mem: 1904
[17:43:35.973699] Epoch: [26]  [758/759]  eta: 0:00:00  lr: 0.000009  loss: 0.0073 (0.0211)  mae_m_mask: 0.1988 (0.2355)  rmse_m_mask: 0.2954 (0.3484)  normalized_mse_mask: 0.0073 (0.0211)  rmse_m_all: 8.1840 (7.2833)  actual_mask_ratio: 0.0720 (0.0717)  actual_prediction_mask_ratio: 0.2337 (0.2352)  ignored_patch_ratio: 0.0000 (0.0022)  time: 0.1174  data: 0.0001  max mem: 1904
[17:43:36.001969] Epoch: [26] Total time: 0:01:25 (0.1131 s / it)
[17:43:36.005799] Averaged stats: {'lr': 8.855876507660143e-06, 'loss': 0.02090424518984354, 'mae_m_mask': 0.2332423631780431, 'rmse_m_mask': 0.3697116900392831, 'normalized_mse_mask': 0.02090424518984354, 'rmse_m_all': 7.283306868179984, 'actual_mask_ratio': 0.07174793428622372, 'actual_prediction_mask_ratio': 0.23521428501260452, 'ignored_patch_ratio': 0.0021771977855596933, 'supervised_pixel_count': 14699311.0}
[17:43:36.188303] Val: [26]  [  0/533]  eta: 0:01:35  loss: 0.0109 (0.0109)  mae_m_mask: 0.9998 (0.9998)  rmse_m_mask: 1.2015 (1.2015)  normalized_mse_mask: 0.0109 (0.0109)  rmse_m_all: 13.8117 (13.8117)  actual_mask_ratio: 0.0787 (0.0787)  actual_prediction_mask_ratio: 0.2431 (0.2431)  ignored_patch_ratio: 0.0488 (0.0488)  time: 0.1799  data: 0.0853  max mem: 1904
[17:43:40.814440] Val: [26]  [ 50/533]  eta: 0:00:45  loss: 0.0015 (0.0039)  mae_m_mask: 0.6678 (0.7488)  rmse_m_mask: 0.8106 (0.8717)  normalized_mse_mask: 0.0015 (0.0039)  rmse_m_all: 13.2979 (14.0937)  actual_mask_ratio: 0.0694 (0.0693)  actual_prediction_mask_ratio: 0.2120 (0.2147)  ignored_patch_ratio: 0.0527 (0.0550)  time: 0.0937  data: 0.0001  max mem: 1904
[17:43:45.523225] Val: [26]  [100/533]  eta: 0:00:40  loss: 0.0004 (0.0023)  mae_m_mask: 0.5560 (0.6995)  rmse_m_mask: 0.7431 (0.8287)  normalized_mse_mask: 0.0004 (0.0023)  rmse_m_all: 17.8613 (15.7015)  actual_mask_ratio: 0.0645 (0.0686)  actual_prediction_mask_ratio: 0.2076 (0.2139)  ignored_patch_ratio: 0.0550 (0.0538)  time: 0.0938  data: 0.0001  max mem: 1904
[17:43:49.943832] Val: [26]  [150/533]  eta: 0:00:35  loss: 0.0006 (0.0019)  mae_m_mask: 0.3899 (0.6685)  rmse_m_mask: 0.5530 (0.7954)  normalized_mse_mask: 0.0006 (0.0019)  rmse_m_all: 11.3541 (15.6567)  actual_mask_ratio: 0.0707 (0.0688)  actual_prediction_mask_ratio: 0.2326 (0.2153)  ignored_patch_ratio: 0.0488 (0.0542)  time: 0.0866  data: 0.0001  max mem: 1904
[17:43:54.296085] Val: [26]  [200/533]  eta: 0:00:30  loss: 0.0011 (0.0018)  mae_m_mask: 0.7285 (0.6625)  rmse_m_mask: 0.7998 (0.7880)  normalized_mse_mask: 0.0011 (0.0018)  rmse_m_all: 14.0403 (15.1324)  actual_mask_ratio: 0.0760 (0.0695)  actual_prediction_mask_ratio: 0.2427 (0.2204)  ignored_patch_ratio: 0.0000 (0.0447)  time: 0.0889  data: 0.0001  max mem: 1904
[17:43:58.702100] Val: [26]  [250/533]  eta: 0:00:25  loss: 0.0010 (0.0017)  mae_m_mask: 0.9277 (0.7344)  rmse_m_mask: 1.1315 (0.8658)  normalized_mse_mask: 0.0010 (0.0017)  rmse_m_all: 14.7130 (15.4920)  actual_mask_ratio: 0.0725 (0.0702)  actual_prediction_mask_ratio: 0.2314 (0.2225)  ignored_patch_ratio: 0.0306 (0.0393)  time: 0.0884  data: 0.0001  max mem: 1904
[17:44:03.019130] Val: [26]  [300/533]  eta: 0:00:20  loss: 0.0004 (0.0017)  mae_m_mask: 0.6905 (0.7871)  rmse_m_mask: 0.8563 (0.9230)  normalized_mse_mask: 0.0004 (0.0017)  rmse_m_all: 23.4118 (16.5705)  actual_mask_ratio: 0.0700 (0.0704)  actual_prediction_mask_ratio: 0.2121 (0.2229)  ignored_patch_ratio: 0.0516 (0.0394)  time: 0.0860  data: 0.0001  max mem: 1904
[17:44:07.381135] Val: [26]  [350/533]  eta: 0:00:16  loss: 0.0006 (0.0016)  mae_m_mask: 0.6874 (0.7838)  rmse_m_mask: 0.8694 (0.9199)  normalized_mse_mask: 0.0006 (0.0016)  rmse_m_all: 19.6233 (16.7694)  actual_mask_ratio: 0.0698 (0.0705)  actual_prediction_mask_ratio: 0.2170 (0.2230)  ignored_patch_ratio: 0.0391 (0.0384)  time: 0.0876  data: 0.0001  max mem: 1904
[17:44:11.691969] Val: [26]  [400/533]  eta: 0:00:11  loss: 0.0008 (0.0015)  mae_m_mask: 0.7040 (0.8066)  rmse_m_mask: 0.8436 (0.9447)  normalized_mse_mask: 0.0008 (0.0015)  rmse_m_all: 18.8725 (17.1477)  actual_mask_ratio: 0.0683 (0.0702)  actual_prediction_mask_ratio: 0.2164 (0.2218)  ignored_patch_ratio: 0.0476 (0.0400)  time: 0.0859  data: 0.0001  max mem: 1904
[17:44:16.022388] Val: [26]  [450/533]  eta: 0:00:07  loss: 0.0010 (0.0017)  mae_m_mask: 0.9745 (0.8359)  rmse_m_mask: 1.2108 (0.9819)  normalized_mse_mask: 0.0010 (0.0017)  rmse_m_all: 17.0504 (17.1617)  actual_mask_ratio: 0.0670 (0.0702)  actual_prediction_mask_ratio: 0.2143 (0.2217)  ignored_patch_ratio: 0.0612 (0.0412)  time: 0.0868  data: 0.0001  max mem: 1904
[17:44:20.352398] Val: [26]  [500/533]  eta: 0:00:02  loss: 0.0003 (0.0016)  mae_m_mask: 0.5284 (0.8199)  rmse_m_mask: 0.6374 (0.9641)  normalized_mse_mask: 0.0003 (0.0016)  rmse_m_all: 16.4804 (17.2130)  actual_mask_ratio: 0.0673 (0.0700)  actual_prediction_mask_ratio: 0.2116 (0.2212)  ignored_patch_ratio: 0.0573 (0.0425)  time: 0.0873  data: 0.0001  max mem: 1904
[17:44:23.073880] Val: [26]  [532/533]  eta: 0:00:00  loss: 0.0006 (0.0016)  mae_m_mask: 0.6699 (0.8152)  rmse_m_mask: 0.8330 (0.9589)  normalized_mse_mask: 0.0006 (0.0016)  rmse_m_all: 17.8413 (17.2681)  actual_mask_ratio: 0.0666 (0.0699)  actual_prediction_mask_ratio: 0.2121 (0.2208)  ignored_patch_ratio: 0.0550 (0.0432)  time: 0.0836  data: 0.0001  max mem: 1904
[17:44:23.103549] Val: [26] Total time: 0:00:47 (0.0884 s / it)
[17:44:23.108425] val stats: {'loss': 0.001579755997768539, 'mae_m_mask': 0.7999815092636128, 'rmse_m_mask': 1.0702717373120858, 'normalized_mse_mask': 0.001579755997768539, 'rmse_m_all': 17.268126467155472, 'actual_mask_ratio': 0.06990061117437499, 'actual_prediction_mask_ratio': 0.22084709342156744, 'ignored_patch_ratio': 0.04319662906886489, 'supervised_pixel_count': 11054205.0}
[17:44:27.299725] log_dir: /tank/data/SFS/xinyis/data/bathymetry/MAE-Topography/Downstream_Task_Bathy/cross_validation_v5_Stage2NormMSE_MeterSelect/runs/holdout_CA_D004Stage2NormMSE_MeterSelect_D001NoDataSafe/train_stage2_normMSE_meterSelect_CA_KlamathRiver_TopoBathy_2018_D18_fromStage1Best_e120_lr1e-5_b4_acc4/tb
[17:44:27.498831] Epoch: [27]  [  0/759]  eta: 0:02:30  lr: 0.000009  loss: 0.0181 (0.0181)  mae_m_mask: 0.2203 (0.2203)  rmse_m_mask: 0.3985 (0.3985)  normalized_mse_mask: 0.0181 (0.0181)  rmse_m_all: 6.7967 (6.7967)  actual_mask_ratio: 0.0845 (0.0845)  actual_prediction_mask_ratio: 0.2789 (0.2789)  ignored_patch_ratio: 0.0000 (0.0000)  time: 0.1984  data: 0.0883  max mem: 1904
[17:44:29.817391] Epoch: [27]  [ 20/759]  eta: 0:01:28  lr: 0.000009  loss: 0.0149 (0.0195)  mae_m_mask: 0.2112 (0.2190)  rmse_m_mask: 0.3024 (0.3101)  normalized_mse_mask: 0.0149 (0.0195)  rmse_m_all: 6.1789 (7.4623)  actual_mask_ratio: 0.0731 (0.0742)  actual_prediction_mask_ratio: 0.2415 (0.2440)  ignored_patch_ratio: 0.0000 (0.0014)  time: 0.1159  data: 0.0001  max mem: 1904
[17:44:32.117449] Epoch: [27]  [ 40/759]  eta: 0:01:24  lr: 0.000009  loss: 0.0204 (0.0235)  mae_m_mask: 0.2114 (0.2317)  rmse_m_mask: 0.3409 (0.3374)  normalized_mse_mask: 0.0204 (0.0235)  rmse_m_all: 6.0723 (7.4841)  actual_mask_ratio: 0.0731 (0.0736)  actual_prediction_mask_ratio: 0.2392 (0.2398)  ignored_patch_ratio: 0.0000 (0.0012)  time: 0.1150  data: 0.0001  max mem: 1904
[17:44:34.437288] Epoch: [27]  [ 60/759]  eta: 0:01:21  lr: 0.000009  loss: 0.0098 (0.0213)  mae_m_mask: 0.1882 (0.2213)  rmse_m_mask: 0.2697 (0.3247)  normalized_mse_mask: 0.0098 (0.0213)  rmse_m_all: 6.9823 (7.2605)  actual_mask_ratio: 0.0720 (0.0737)  actual_prediction_mask_ratio: 0.2388 (0.2401)  ignored_patch_ratio: 0.0000 (0.0009)  time: 0.1160  data: 0.0002  max mem: 1904
[17:44:36.638750] Epoch: [27]  [ 80/759]  eta: 0:01:18  lr: 0.000009  loss: 0.0099 (0.0224)  mae_m_mask: 0.2165 (0.2230)  rmse_m_mask: 0.3375 (0.3287)  normalized_mse_mask: 0.0099 (0.0224)  rmse_m_all: 4.2280 (6.9730)  actual_mask_ratio: 0.0743 (0.0738)  actual_prediction_mask_ratio: 0.2392 (0.2395)  ignored_patch_ratio: 0.0000 (0.0007)  time: 0.1100  data: 0.0001  max mem: 1904
[17:44:38.878446] Epoch: [27]  [100/759]  eta: 0:01:15  lr: 0.000009  loss: 0.0121 (0.0210)  mae_m_mask: 0.2051 (0.2245)  rmse_m_mask: 0.3323 (0.3340)  normalized_mse_mask: 0.0121 (0.0210)  rmse_m_all: 8.6757 (7.1287)  actual_mask_ratio: 0.0714 (0.0733)  actual_prediction_mask_ratio: 0.2375 (0.2384)  ignored_patch_ratio: 0.0000 (0.0005)  time: 0.1119  data: 0.0002  max mem: 1904
[17:44:41.126097] Epoch: [27]  [120/759]  eta: 0:01:12  lr: 0.000009  loss: 0.0073 (0.0200)  mae_m_mask: 0.2212 (0.2302)  rmse_m_mask: 0.3650 (0.3438)  normalized_mse_mask: 0.0073 (0.0200)  rmse_m_all: 6.1948 (7.1014)  actual_mask_ratio: 0.0731 (0.0734)  actual_prediction_mask_ratio: 0.2364 (0.2379)  ignored_patch_ratio: 0.0000 (0.0006)  time: 0.1123  data: 0.0001  max mem: 1904
[17:44:43.386393] Epoch: [27]  [140/759]  eta: 0:01:10  lr: 0.000009  loss: 0.0155 (0.0204)  mae_m_mask: 0.2317 (0.2322)  rmse_m_mask: 0.3647 (0.3470)  normalized_mse_mask: 0.0155 (0.0204)  rmse_m_all: 7.4057 (7.2280)  actual_mask_ratio: 0.0714 (0.0733)  actual_prediction_mask_ratio: 0.2364 (0.2373)  ignored_patch_ratio: 0.0000 (0.0009)  time: 0.1130  data: 0.0001  max mem: 1904
[17:44:45.646100] Epoch: [27]  [160/759]  eta: 0:01:08  lr: 0.000009  loss: 0.0065 (0.0199)  mae_m_mask: 0.2044 (0.2314)  rmse_m_mask: 0.2989 (0.3450)  normalized_mse_mask: 0.0065 (0.0199)  rmse_m_all: 7.3906 (7.2648)  actual_mask_ratio: 0.0714 (0.0731)  actual_prediction_mask_ratio: 0.2398 (0.2375)  ignored_patch_ratio: 0.0000 (0.0009)  time: 0.1129  data: 0.0001  max mem: 1904
[17:44:47.901762] Epoch: [27]  [180/759]  eta: 0:01:05  lr: 0.000009  loss: 0.0115 (0.0196)  mae_m_mask: 0.2036 (0.2291)  rmse_m_mask: 0.3035 (0.3415)  normalized_mse_mask: 0.0115 (0.0196)  rmse_m_all: 6.5549 (7.1384)  actual_mask_ratio: 0.0726 (0.0731)  actual_prediction_mask_ratio: 0.2364 (0.2374)  ignored_patch_ratio: 0.0000 (0.0010)  time: 0.1127  data: 0.0001  max mem: 1904
[17:44:50.168404] Epoch: [27]  [200/759]  eta: 0:01:03  lr: 0.000009  loss: 0.0141 (0.0196)  mae_m_mask: 0.2021 (0.2269)  rmse_m_mask: 0.2819 (0.3377)  normalized_mse_mask: 0.0141 (0.0196)  rmse_m_all: 6.9203 (7.1544)  actual_mask_ratio: 0.0709 (0.0728)  actual_prediction_mask_ratio: 0.2361 (0.2370)  ignored_patch_ratio: 0.0000 (0.0012)  time: 0.1133  data: 0.0001  max mem: 1904
[17:44:52.416417] Epoch: [27]  [220/759]  eta: 0:01:01  lr: 0.000009  loss: 0.0103 (0.0193)  mae_m_mask: 0.2254 (0.2282)  rmse_m_mask: 0.3007 (0.3391)  normalized_mse_mask: 0.0103 (0.0193)  rmse_m_all: 7.0299 (7.1346)  actual_mask_ratio: 0.0714 (0.0729)  actual_prediction_mask_ratio: 0.2398 (0.2376)  ignored_patch_ratio: 0.0000 (0.0013)  time: 0.1123  data: 0.0001  max mem: 1904
[17:44:54.642442] Epoch: [27]  [240/759]  eta: 0:00:58  lr: 0.000009  loss: 0.0153 (0.0197)  mae_m_mask: 0.2462 (0.2300)  rmse_m_mask: 0.3254 (0.3412)  normalized_mse_mask: 0.0153 (0.0197)  rmse_m_all: 5.1675 (7.0990)  actual_mask_ratio: 0.0709 (0.0728)  actual_prediction_mask_ratio: 0.2358 (0.2374)  ignored_patch_ratio: 0.0000 (0.0014)  time: 0.1113  data: 0.0001  max mem: 1904
[17:44:56.891501] Epoch: [27]  [260/759]  eta: 0:00:56  lr: 0.000009  loss: 0.0091 (0.0193)  mae_m_mask: 0.2123 (0.2299)  rmse_m_mask: 0.2994 (0.3416)  normalized_mse_mask: 0.0091 (0.0193)  rmse_m_all: 6.7483 (7.1416)  actual_mask_ratio: 0.0709 (0.0727)  actual_prediction_mask_ratio: 0.2353 (0.2372)  ignored_patch_ratio: 0.0000 (0.0014)  time: 0.1124  data: 0.0001  max mem: 1904
[17:44:59.134390] Epoch: [27]  [280/759]  eta: 0:00:54  lr: 0.000009  loss: 0.0067 (0.0191)  mae_m_mask: 0.2041 (0.2307)  rmse_m_mask: 0.2833 (0.3416)  normalized_mse_mask: 0.0067 (0.0191)  rmse_m_all: 8.5359 (7.2753)  actual_mask_ratio: 0.0726 (0.0728)  actual_prediction_mask_ratio: 0.2432 (0.2373)  ignored_patch_ratio: 0.0000 (0.0014)  time: 0.1121  data: 0.0001  max mem: 1904
[17:45:01.330313] Epoch: [27]  [300/759]  eta: 0:00:51  lr: 0.000009  loss: 0.0144 (0.0191)  mae_m_mask: 0.2142 (0.2308)  rmse_m_mask: 0.3135 (0.3424)  normalized_mse_mask: 0.0144 (0.0191)  rmse_m_all: 5.8798 (7.2641)  actual_mask_ratio: 0.0714 (0.0727)  actual_prediction_mask_ratio: 0.2336 (0.2373)  ignored_patch_ratio: 0.0000 (0.0013)  time: 0.1098  data: 0.0001  max mem: 1904
[17:45:03.158438] Epoch: [27]  [320/759]  eta: 0:00:49  lr: 0.000009  loss: 0.0113 (0.0188)  mae_m_mask: 0.2168 (0.2302)  rmse_m_mask: 0.2986 (0.3410)  normalized_mse_mask: 0.0113 (0.0188)  rmse_m_all: 7.3783 (7.2798)  actual_mask_ratio: 0.0703 (0.0725)  actual_prediction_mask_ratio: 0.2313 (0.2367)  ignored_patch_ratio: 0.0000 (0.0016)  time: 0.0914  data: 0.0139  max mem: 1904
[17:45:05.592055] Epoch: [27]  [340/759]  eta: 0:00:47  lr: 0.000009  loss: 0.0259 (0.0192)  mae_m_mask: 0.2712 (0.2340)  rmse_m_mask: 0.4047 (0.3469)  normalized_mse_mask: 0.0259 (0.0192)  rmse_m_all: 6.3875 (7.3308)  actual_mask_ratio: 0.0686 (0.0724)  actual_prediction_mask_ratio: 0.2350 (0.2366)  ignored_patch_ratio: 0.0000 (0.0017)  time: 0.1216  data: 0.0367  max mem: 1904
[17:45:07.896045] Epoch: [27]  [360/759]  eta: 0:00:44  lr: 0.000009  loss: 0.0121 (0.0196)  mae_m_mask: 0.2105 (0.2338)  rmse_m_mask: 0.3047 (0.3461)  normalized_mse_mask: 0.0121 (0.0196)  rmse_m_all: 4.2913 (7.2536)  actual_mask_ratio: 0.0737 (0.0724)  actual_prediction_mask_ratio: 0.2347 (0.2368)  ignored_patch_ratio: 0.0000 (0.0018)  time: 0.1151  data: 0.0001  max mem: 1904
[17:45:10.215606] Epoch: [27]  [380/759]  eta: 0:00:42  lr: 0.000009  loss: 0.0088 (0.0193)  mae_m_mask: 0.2175 (0.2339)  rmse_m_mask: 0.3319 (0.3459)  normalized_mse_mask: 0.0088 (0.0193)  rmse_m_all: 7.4012 (7.2911)  actual_mask_ratio: 0.0669 (0.0722)  actual_prediction_mask_ratio: 0.2205 (0.2362)  ignored_patch_ratio: 0.0000 (0.0018)  time: 0.1159  data: 0.0001  max mem: 1904
[17:45:12.485236] Epoch: [27]  [400/759]  eta: 0:00:40  lr: 0.000009  loss: 0.0150 (0.0192)  mae_m_mask: 0.2149 (0.2331)  rmse_m_mask: 0.3074 (0.3442)  normalized_mse_mask: 0.0150 (0.0192)  rmse_m_all: 8.2707 (7.3069)  actual_mask_ratio: 0.0743 (0.0723)  actual_prediction_mask_ratio: 0.2313 (0.2362)  ignored_patch_ratio: 0.0000 (0.0018)  time: 0.1134  data: 0.0001  max mem: 1904
[17:45:14.672468] Epoch: [27]  [420/759]  eta: 0:00:38  lr: 0.000009  loss: 0.0080 (0.0188)  mae_m_mask: 0.2625 (0.2345)  rmse_m_mask: 0.3649 (0.3459)  normalized_mse_mask: 0.0080 (0.0188)  rmse_m_all: 7.0329 (7.3824)  actual_mask_ratio: 0.0720 (0.0723)  actual_prediction_mask_ratio: 0.2350 (0.2364)  ignored_patch_ratio: 0.0000 (0.0018)  time: 0.1093  data: 0.0001  max mem: 1904
[17:45:16.905048] Epoch: [27]  [440/759]  eta: 0:00:35  lr: 0.000009  loss: 0.0240 (0.0191)  mae_m_mask: 0.1914 (0.2330)  rmse_m_mask: 0.2758 (0.3440)  normalized_mse_mask: 0.0240 (0.0191)  rmse_m_all: 4.4747 (7.3032)  actual_mask_ratio: 0.0703 (0.0722)  actual_prediction_mask_ratio: 0.2319 (0.2363)  ignored_patch_ratio: 0.0000 (0.0018)  time: 0.1116  data: 0.0001  max mem: 1904
[17:45:19.157165] Epoch: [27]  [460/759]  eta: 0:00:33  lr: 0.000009  loss: 0.0230 (0.0194)  mae_m_mask: 0.2092 (0.2337)  rmse_m_mask: 0.3173 (0.3455)  normalized_mse_mask: 0.0230 (0.0194)  rmse_m_all: 6.3249 (7.2914)  actual_mask_ratio: 0.0724 (0.0722)  actual_prediction_mask_ratio: 0.2415 (0.2362)  ignored_patch_ratio: 0.0000 (0.0018)  time: 0.1126  data: 0.0001  max mem: 1904
[17:45:21.397761] Epoch: [27]  [480/759]  eta: 0:00:31  lr: 0.000009  loss: 0.0102 (0.0197)  mae_m_mask: 0.2042 (0.2333)  rmse_m_mask: 0.2647 (0.3447)  normalized_mse_mask: 0.0102 (0.0197)  rmse_m_all: 6.2580 (7.2802)  actual_mask_ratio: 0.0703 (0.0722)  actual_prediction_mask_ratio: 0.2228 (0.2360)  ignored_patch_ratio: 0.0000 (0.0019)  time: 0.1120  data: 0.0001  max mem: 1904
[17:45:23.640444] Epoch: [27]  [500/759]  eta: 0:00:29  lr: 0.000009  loss: 0.0158 (0.0199)  mae_m_mask: 0.1950 (0.2331)  rmse_m_mask: 0.2903 (0.3450)  normalized_mse_mask: 0.0158 (0.0199)  rmse_m_all: 6.8615 (7.2892)  actual_mask_ratio: 0.0720 (0.0722)  actual_prediction_mask_ratio: 0.2398 (0.2363)  ignored_patch_ratio: 0.0000 (0.0019)  time: 0.1121  data: 0.0001  max mem: 1904
[17:45:25.871351] Epoch: [27]  [520/759]  eta: 0:00:26  lr: 0.000009  loss: 0.0098 (0.0198)  mae_m_mask: 0.2459 (0.2335)  rmse_m_mask: 0.3245 (0.3457)  normalized_mse_mask: 0.0098 (0.0198)  rmse_m_all: 6.0713 (7.2852)  actual_mask_ratio: 0.0731 (0.0722)  actual_prediction_mask_ratio: 0.2353 (0.2363)  ignored_patch_ratio: 0.0000 (0.0020)  time: 0.1115  data: 0.0001  max mem: 1904
[17:45:28.146522] Epoch: [27]  [540/759]  eta: 0:00:24  lr: 0.000009  loss: 0.0108 (0.0197)  mae_m_mask: 0.2216 (0.2338)  rmse_m_mask: 0.3288 (0.3455)  normalized_mse_mask: 0.0108 (0.0197)  rmse_m_all: 7.1666 (7.3285)  actual_mask_ratio: 0.0692 (0.0720)  actual_prediction_mask_ratio: 0.2120 (0.2356)  ignored_patch_ratio: 0.0000 (0.0021)  time: 0.1137  data: 0.0001  max mem: 1904
[17:45:30.279397] Epoch: [27]  [560/759]  eta: 0:00:22  lr: 0.000009  loss: 0.0182 (0.0198)  mae_m_mask: 0.2106 (0.2351)  rmse_m_mask: 0.2963 (0.3478)  normalized_mse_mask: 0.0182 (0.0198)  rmse_m_all: 7.1139 (7.3184)  actual_mask_ratio: 0.0719 (0.0720)  actual_prediction_mask_ratio: 0.2381 (0.2356)  ignored_patch_ratio: 0.0000 (0.0021)  time: 0.1066  data: 0.0001  max mem: 1904
[17:45:32.612874] Epoch: [27]  [580/759]  eta: 0:00:20  lr: 0.000009  loss: 0.0150 (0.0198)  mae_m_mask: 0.2408 (0.2356)  rmse_m_mask: 0.3366 (0.3482)  normalized_mse_mask: 0.0150 (0.0198)  rmse_m_all: 5.7996 (7.3177)  actual_mask_ratio: 0.0728 (0.0720)  actual_prediction_mask_ratio: 0.2334 (0.2356)  ignored_patch_ratio: 0.0000 (0.0021)  time: 0.1166  data: 0.0452  max mem: 1904
[17:45:34.676875] Epoch: [27]  [600/759]  eta: 0:00:17  lr: 0.000009  loss: 0.0070 (0.0198)  mae_m_mask: 0.2226 (0.2353)  rmse_m_mask: 0.2989 (0.3474)  normalized_mse_mask: 0.0070 (0.0198)  rmse_m_all: 8.9117 (7.3279)  actual_mask_ratio: 0.0703 (0.0720)  actual_prediction_mask_ratio: 0.2387 (0.2356)  ignored_patch_ratio: 0.0000 (0.0021)  time: 0.1032  data: 0.0001  max mem: 1904
[17:45:36.984788] Epoch: [27]  [620/759]  eta: 0:00:15  lr: 0.000009  loss: 0.0108 (0.0201)  mae_m_mask: 0.2122 (0.2347)  rmse_m_mask: 0.3269 (0.3466)  normalized_mse_mask: 0.0108 (0.0201)  rmse_m_all: 8.0629 (7.3568)  actual_mask_ratio: 0.0726 (0.0720)  actual_prediction_mask_ratio: 0.2455 (0.2359)  ignored_patch_ratio: 0.0000 (0.0020)  time: 0.1153  data: 0.0001  max mem: 1904
[17:45:39.276159] Epoch: [27]  [640/759]  eta: 0:00:13  lr: 0.000009  loss: 0.0232 (0.0204)  mae_m_mask: 0.2510 (0.2352)  rmse_m_mask: 0.3374 (0.3471)  normalized_mse_mask: 0.0232 (0.0204)  rmse_m_all: 7.2902 (7.3609)  actual_mask_ratio: 0.0698 (0.0720)  actual_prediction_mask_ratio: 0.2336 (0.2357)  ignored_patch_ratio: 0.0000 (0.0020)  time: 0.1145  data: 0.0001  max mem: 1904
[17:45:41.556550] Epoch: [27]  [660/759]  eta: 0:00:11  lr: 0.000009  loss: 0.0165 (0.0205)  mae_m_mask: 0.2229 (0.2355)  rmse_m_mask: 0.3167 (0.3472)  normalized_mse_mask: 0.0165 (0.0205)  rmse_m_all: 6.6439 (7.3409)  actual_mask_ratio: 0.0681 (0.0718)  actual_prediction_mask_ratio: 0.2222 (0.2355)  ignored_patch_ratio: 0.0000 (0.0020)  time: 0.1140  data: 0.0001  max mem: 1904
[17:45:43.876118] Epoch: [27]  [680/759]  eta: 0:00:08  lr: 0.000009  loss: 0.0132 (0.0205)  mae_m_mask: 0.2522 (0.2360)  rmse_m_mask: 0.3780 (0.3484)  normalized_mse_mask: 0.0132 (0.0205)  rmse_m_all: 8.3831 (7.3643)  actual_mask_ratio: 0.0731 (0.0718)  actual_prediction_mask_ratio: 0.2404 (0.2355)  ignored_patch_ratio: 0.0000 (0.0020)  time: 0.1159  data: 0.0001  max mem: 1904
[17:45:46.200526] Epoch: [27]  [700/759]  eta: 0:00:06  lr: 0.000009  loss: 0.0112 (0.0205)  mae_m_mask: 0.2239 (0.2359)  rmse_m_mask: 0.3308 (0.3484)  normalized_mse_mask: 0.0112 (0.0205)  rmse_m_all: 6.5754 (7.3651)  actual_mask_ratio: 0.0743 (0.0719)  actual_prediction_mask_ratio: 0.2337 (0.2355)  ignored_patch_ratio: 0.0000 (0.0020)  time: 0.1162  data: 0.0001  max mem: 1904
[17:45:48.518112] Epoch: [27]  [720/759]  eta: 0:00:04  lr: 0.000009  loss: 0.0182 (0.0210)  mae_m_mask: 0.2105 (0.2358)  rmse_m_mask: 0.2985 (0.3487)  normalized_mse_mask: 0.0182 (0.0210)  rmse_m_all: 5.2891 (7.3410)  actual_mask_ratio: 0.0714 (0.0718)  actual_prediction_mask_ratio: 0.2326 (0.2354)  ignored_patch_ratio: 0.0000 (0.0020)  time: 0.1158  data: 0.0001  max mem: 1904
[17:45:50.840946] Epoch: [27]  [740/759]  eta: 0:00:02  lr: 0.000009  loss: 0.0165 (0.0211)  mae_m_mask: 0.2653 (0.2364)  rmse_m_mask: 0.4018 (0.3496)  normalized_mse_mask: 0.0165 (0.0211)  rmse_m_all: 7.1027 (7.3477)  actual_mask_ratio: 0.0709 (0.0718)  actual_prediction_mask_ratio: 0.2279 (0.2353)  ignored_patch_ratio: 0.0000 (0.0020)  time: 0.1161  data: 0.0001  max mem: 1904
[17:45:52.916638] Epoch: [27]  [758/759]  eta: 0:00:00  lr: 0.000009  loss: 0.0089 (0.0211)  mae_m_mask: 0.2352 (0.2368)  rmse_m_mask: 0.3445 (0.3505)  normalized_mse_mask: 0.0089 (0.0211)  rmse_m_all: 6.0130 (7.3651)  actual_mask_ratio: 0.0687 (0.0717)  actual_prediction_mask_ratio: 0.2313 (0.2352)  ignored_patch_ratio: 0.0000 (0.0022)  time: 0.1156  data: 0.0001  max mem: 1904
[17:45:52.946898] Epoch: [27] Total time: 0:01:25 (0.1128 s / it)
[17:45:52.948985] Averaged stats: {'lr': 8.771725680354373e-06, 'loss': 0.02077143385345971, 'mae_m_mask': 0.23464810070102335, 'rmse_m_mask': 0.37275163921180343, 'normalized_mse_mask': 0.02077143385345971, 'rmse_m_all': 7.36506086132429, 'actual_mask_ratio': 0.07173168984130122, 'actual_prediction_mask_ratio': 0.23515425678416202, 'ignored_patch_ratio': 0.002175703507324138, 'supervised_pixel_count': 14695933.0}
[17:45:53.130805] Val: [27]  [  0/533]  eta: 0:01:35  loss: 0.0112 (0.0112)  mae_m_mask: 1.0577 (1.0577)  rmse_m_mask: 1.2554 (1.2554)  normalized_mse_mask: 0.0112 (0.0112)  rmse_m_all: 13.8262 (13.8262)  actual_mask_ratio: 0.0787 (0.0787)  actual_prediction_mask_ratio: 0.2431 (0.2431)  ignored_patch_ratio: 0.0488 (0.0488)  time: 0.1791  data: 0.0911  max mem: 1904
[17:45:57.499278] Val: [27]  [ 50/533]  eta: 0:00:43  loss: 0.0018 (0.0040)  mae_m_mask: 0.7072 (0.7892)  rmse_m_mask: 0.8461 (0.9138)  normalized_mse_mask: 0.0018 (0.0040)  rmse_m_all: 13.3117 (14.1094)  actual_mask_ratio: 0.0694 (0.0693)  actual_prediction_mask_ratio: 0.2120 (0.2147)  ignored_patch_ratio: 0.0527 (0.0550)  time: 0.0871  data: 0.0001  max mem: 1904
[17:46:01.826116] Val: [27]  [100/533]  eta: 0:00:38  loss: 0.0004 (0.0024)  mae_m_mask: 0.6648 (0.7286)  rmse_m_mask: 0.7384 (0.8587)  normalized_mse_mask: 0.0004 (0.0024)  rmse_m_all: 17.9072 (15.7208)  actual_mask_ratio: 0.0645 (0.0686)  actual_prediction_mask_ratio: 0.2076 (0.2139)  ignored_patch_ratio: 0.0550 (0.0538)  time: 0.0864  data: 0.0001  max mem: 1904
[17:46:06.104305] Val: [27]  [150/533]  eta: 0:00:33  loss: 0.0006 (0.0019)  mae_m_mask: 0.4338 (0.6955)  rmse_m_mask: 0.5592 (0.8250)  normalized_mse_mask: 0.0006 (0.0019)  rmse_m_all: 11.3574 (15.6734)  actual_mask_ratio: 0.0707 (0.0688)  actual_prediction_mask_ratio: 0.2326 (0.2153)  ignored_patch_ratio: 0.0488 (0.0542)  time: 0.0845  data: 0.0001  max mem: 1904
[17:46:10.403757] Val: [27]  [200/533]  eta: 0:00:28  loss: 0.0011 (0.0018)  mae_m_mask: 0.6559 (0.6763)  rmse_m_mask: 0.7430 (0.8033)  normalized_mse_mask: 0.0011 (0.0018)  rmse_m_all: 14.0401 (15.1477)  actual_mask_ratio: 0.0760 (0.0695)  actual_prediction_mask_ratio: 0.2427 (0.2204)  ignored_patch_ratio: 0.0000 (0.0447)  time: 0.0858  data: 0.0001  max mem: 1904
[17:46:14.712223] Val: [27]  [250/533]  eta: 0:00:24  loss: 0.0010 (0.0017)  mae_m_mask: 0.9555 (0.7344)  rmse_m_mask: 1.1126 (0.8679)  normalized_mse_mask: 0.0010 (0.0017)  rmse_m_all: 14.7114 (15.5043)  actual_mask_ratio: 0.0725 (0.0702)  actual_prediction_mask_ratio: 0.2314 (0.2225)  ignored_patch_ratio: 0.0306 (0.0393)  time: 0.0857  data: 0.0001  max mem: 1904
[17:46:19.037020] Val: [27]  [300/533]  eta: 0:00:20  loss: 0.0005 (0.0017)  mae_m_mask: 0.7166 (0.8021)  rmse_m_mask: 0.8742 (0.9416)  normalized_mse_mask: 0.0005 (0.0017)  rmse_m_all: 23.3751 (16.5808)  actual_mask_ratio: 0.0700 (0.0704)  actual_prediction_mask_ratio: 0.2121 (0.2229)  ignored_patch_ratio: 0.0516 (0.0394)  time: 0.0875  data: 0.0001  max mem: 1904
[17:46:23.418052] Val: [27]  [350/533]  eta: 0:00:15  loss: 0.0008 (0.0016)  mae_m_mask: 0.7772 (0.8004)  rmse_m_mask: 0.9228 (0.9398)  normalized_mse_mask: 0.0008 (0.0016)  rmse_m_all: 19.6176 (16.7784)  actual_mask_ratio: 0.0698 (0.0705)  actual_prediction_mask_ratio: 0.2170 (0.2230)  ignored_patch_ratio: 0.0391 (0.0384)  time: 0.0881  data: 0.0001  max mem: 1904
[17:46:27.752405] Val: [27]  [400/533]  eta: 0:00:11  loss: 0.0009 (0.0016)  mae_m_mask: 0.8550 (0.8309)  rmse_m_mask: 0.9740 (0.9732)  normalized_mse_mask: 0.0009 (0.0016)  rmse_m_all: 18.8675 (17.1563)  actual_mask_ratio: 0.0683 (0.0702)  actual_prediction_mask_ratio: 0.2164 (0.2218)  ignored_patch_ratio: 0.0476 (0.0400)  time: 0.0859  data: 0.0001  max mem: 1904
[17:46:32.129299] Val: [27]  [450/533]  eta: 0:00:07  loss: 0.0012 (0.0017)  mae_m_mask: 1.0219 (0.8683)  rmse_m_mask: 1.3717 (1.0184)  normalized_mse_mask: 0.0012 (0.0017)  rmse_m_all: 17.0455 (17.1691)  actual_mask_ratio: 0.0670 (0.0702)  actual_prediction_mask_ratio: 0.2143 (0.2217)  ignored_patch_ratio: 0.0612 (0.0412)  time: 0.0893  data: 0.0001  max mem: 1904
[17:46:36.608105] Val: [27]  [500/533]  eta: 0:00:02  loss: 0.0004 (0.0017)  mae_m_mask: 0.5502 (0.8529)  rmse_m_mask: 0.6692 (1.0012)  normalized_mse_mask: 0.0004 (0.0017)  rmse_m_all: 16.4907 (17.2218)  actual_mask_ratio: 0.0673 (0.0700)  actual_prediction_mask_ratio: 0.2116 (0.2212)  ignored_patch_ratio: 0.0573 (0.0425)  time: 0.0904  data: 0.0001  max mem: 1904
[17:46:39.397840] Val: [27]  [532/533]  eta: 0:00:00  loss: 0.0007 (0.0017)  mae_m_mask: 0.7218 (0.8498)  rmse_m_mask: 0.9107 (0.9975)  normalized_mse_mask: 0.0007 (0.0017)  rmse_m_all: 17.8626 (17.2768)  actual_mask_ratio: 0.0666 (0.0699)  actual_prediction_mask_ratio: 0.2121 (0.2208)  ignored_patch_ratio: 0.0550 (0.0432)  time: 0.0870  data: 0.0001  max mem: 1904
[17:46:39.467272] Val: [27] Total time: 0:00:46 (0.0873 s / it)
[17:46:39.468058] val stats: {'loss': 0.001663171668935373, 'mae_m_mask': 0.8298905698394652, 'rmse_m_mask': 1.1137592395697011, 'normalized_mse_mask': 0.001663171668935373, 'rmse_m_all': 17.27677781407426, 'actual_mask_ratio': 0.06990061117437499, 'actual_prediction_mask_ratio': 0.22084709342156744, 'ignored_patch_ratio': 0.04319662906886489, 'supervised_pixel_count': 11054205.0}
[17:46:43.814661] log_dir: /tank/data/SFS/xinyis/data/bathymetry/MAE-Topography/Downstream_Task_Bathy/cross_validation_v5_Stage2NormMSE_MeterSelect/runs/holdout_CA_D004Stage2NormMSE_MeterSelect_D001NoDataSafe/train_stage2_normMSE_meterSelect_CA_KlamathRiver_TopoBathy_2018_D18_fromStage1Best_e120_lr1e-5_b4_acc4/tb
[17:46:44.024484] Epoch: [28]  [  0/759]  eta: 0:02:38  lr: 0.000009  loss: 0.0024 (0.0024)  mae_m_mask: 0.2555 (0.2555)  rmse_m_mask: 0.3478 (0.3478)  normalized_mse_mask: 0.0024 (0.0024)  rmse_m_all: 7.1125 (7.1125)  actual_mask_ratio: 0.0703 (0.0703)  actual_prediction_mask_ratio: 0.2409 (0.2409)  ignored_patch_ratio: 0.0000 (0.0000)  time: 0.2090  data: 0.0938  max mem: 1904
[17:46:46.334944] Epoch: [28]  [ 20/759]  eta: 0:01:28  lr: 0.000009  loss: 0.0198 (0.0242)  mae_m_mask: 0.1876 (0.1977)  rmse_m_mask: 0.2613 (0.2891)  normalized_mse_mask: 0.0198 (0.0242)  rmse_m_all: 6.0346 (6.8260)  actual_mask_ratio: 0.0714 (0.0707)  actual_prediction_mask_ratio: 0.2381 (0.2373)  ignored_patch_ratio: 0.0000 (0.0002)  time: 0.1155  data: 0.0001  max mem: 1904
[17:46:48.714675] Epoch: [28]  [ 40/759]  eta: 0:01:25  lr: 0.000009  loss: 0.0125 (0.0256)  mae_m_mask: 0.2020 (0.2088)  rmse_m_mask: 0.2850 (0.3048)  normalized_mse_mask: 0.0125 (0.0256)  rmse_m_all: 6.8451 (7.4258)  actual_mask_ratio: 0.0743 (0.0721)  actual_prediction_mask_ratio: 0.2432 (0.2407)  ignored_patch_ratio: 0.0000 (0.0011)  time: 0.1189  data: 0.0001  max mem: 1904
[17:46:51.094955] Epoch: [28]  [ 60/759]  eta: 0:01:23  lr: 0.000009  loss: 0.0099 (0.0249)  mae_m_mask: 0.2357 (0.2243)  rmse_m_mask: 0.3354 (0.3310)  normalized_mse_mask: 0.0099 (0.0249)  rmse_m_all: 5.4718 (7.1100)  actual_mask_ratio: 0.0716 (0.0717)  actual_prediction_mask_ratio: 0.2381 (0.2389)  ignored_patch_ratio: 0.0000 (0.0011)  time: 0.1190  data: 0.0001  max mem: 1904
[17:46:53.477017] Epoch: [28]  [ 80/759]  eta: 0:01:20  lr: 0.000009  loss: 0.0144 (0.0238)  mae_m_mask: 0.1951 (0.2210)  rmse_m_mask: 0.2622 (0.3240)  normalized_mse_mask: 0.0144 (0.0238)  rmse_m_all: 6.1605 (7.0402)  actual_mask_ratio: 0.0686 (0.0712)  actual_prediction_mask_ratio: 0.2302 (0.2365)  ignored_patch_ratio: 0.0000 (0.0008)  time: 0.1191  data: 0.0001  max mem: 1904
[17:46:55.819896] Epoch: [28]  [100/759]  eta: 0:01:18  lr: 0.000009  loss: 0.0151 (0.0232)  mae_m_mask: 0.2547 (0.2269)  rmse_m_mask: 0.3354 (0.3342)  normalized_mse_mask: 0.0151 (0.0232)  rmse_m_all: 6.9279 (7.2054)  actual_mask_ratio: 0.0686 (0.0709)  actual_prediction_mask_ratio: 0.2336 (0.2349)  ignored_patch_ratio: 0.0000 (0.0017)  time: 0.1171  data: 0.0001  max mem: 1904
[17:46:58.156947] Epoch: [28]  [120/759]  eta: 0:01:15  lr: 0.000009  loss: 0.0162 (0.0246)  mae_m_mask: 0.2010 (0.2256)  rmse_m_mask: 0.3041 (0.3318)  normalized_mse_mask: 0.0162 (0.0246)  rmse_m_all: 5.0086 (6.9713)  actual_mask_ratio: 0.0709 (0.0710)  actual_prediction_mask_ratio: 0.2309 (0.2350)  ignored_patch_ratio: 0.0000 (0.0020)  time: 0.1168  data: 0.0001  max mem: 1904
[17:47:00.415462] Epoch: [28]  [140/759]  eta: 0:01:12  lr: 0.000009  loss: 0.0065 (0.0254)  mae_m_mask: 0.2276 (0.2278)  rmse_m_mask: 0.3096 (0.3346)  normalized_mse_mask: 0.0065 (0.0254)  rmse_m_all: 7.2758 (7.0681)  actual_mask_ratio: 0.0720 (0.0711)  actual_prediction_mask_ratio: 0.2415 (0.2357)  ignored_patch_ratio: 0.0000 (0.0024)  time: 0.1129  data: 0.0001  max mem: 1904
[17:47:02.666448] Epoch: [28]  [160/759]  eta: 0:01:10  lr: 0.000009  loss: 0.0129 (0.0251)  mae_m_mask: 0.2656 (0.2339)  rmse_m_mask: 0.3957 (0.3454)  normalized_mse_mask: 0.0129 (0.0251)  rmse_m_all: 6.7574 (7.2080)  actual_mask_ratio: 0.0720 (0.0711)  actual_prediction_mask_ratio: 0.2336 (0.2357)  ignored_patch_ratio: 0.0000 (0.0024)  time: 0.1125  data: 0.0001  max mem: 1904
[17:47:04.928455] Epoch: [28]  [180/759]  eta: 0:01:07  lr: 0.000009  loss: 0.0207 (0.0251)  mae_m_mask: 0.2325 (0.2356)  rmse_m_mask: 0.3380 (0.3472)  normalized_mse_mask: 0.0207 (0.0251)  rmse_m_all: 4.9753 (7.1249)  actual_mask_ratio: 0.0709 (0.0711)  actual_prediction_mask_ratio: 0.2330 (0.2356)  ignored_patch_ratio: 0.0000 (0.0025)  time: 0.1131  data: 0.0001  max mem: 1904
[17:47:07.197660] Epoch: [28]  [200/759]  eta: 0:01:05  lr: 0.000009  loss: 0.0121 (0.0243)  mae_m_mask: 0.2125 (0.2358)  rmse_m_mask: 0.3137 (0.3478)  normalized_mse_mask: 0.0121 (0.0243)  rmse_m_all: 9.2857 (7.3220)  actual_mask_ratio: 0.0692 (0.0710)  actual_prediction_mask_ratio: 0.2262 (0.2348)  ignored_patch_ratio: 0.0000 (0.0022)  time: 0.1134  data: 0.0001  max mem: 1904
[17:47:09.462528] Epoch: [28]  [220/759]  eta: 0:01:02  lr: 0.000009  loss: 0.0155 (0.0235)  mae_m_mask: 0.2583 (0.2383)  rmse_m_mask: 0.3764 (0.3534)  normalized_mse_mask: 0.0155 (0.0235)  rmse_m_all: 7.6392 (7.4424)  actual_mask_ratio: 0.0737 (0.0713)  actual_prediction_mask_ratio: 0.2438 (0.2353)  ignored_patch_ratio: 0.0000 (0.0021)  time: 0.1132  data: 0.0001  max mem: 1904
[17:47:11.711503] Epoch: [28]  [240/759]  eta: 0:01:00  lr: 0.000009  loss: 0.0132 (0.0232)  mae_m_mask: 0.2162 (0.2390)  rmse_m_mask: 0.3218 (0.3544)  normalized_mse_mask: 0.0132 (0.0232)  rmse_m_all: 4.9807 (7.3246)  actual_mask_ratio: 0.0748 (0.0715)  actual_prediction_mask_ratio: 0.2381 (0.2357)  ignored_patch_ratio: 0.0000 (0.0021)  time: 0.1124  data: 0.0001  max mem: 1904
[17:47:13.975899] Epoch: [28]  [260/759]  eta: 0:00:57  lr: 0.000009  loss: 0.0076 (0.0233)  mae_m_mask: 0.2207 (0.2390)  rmse_m_mask: 0.3423 (0.3539)  normalized_mse_mask: 0.0076 (0.0233)  rmse_m_all: 4.1916 (7.2565)  actual_mask_ratio: 0.0697 (0.0714)  actual_prediction_mask_ratio: 0.2387 (0.2357)  ignored_patch_ratio: 0.0000 (0.0020)  time: 0.1132  data: 0.0001  max mem: 1904
[17:47:16.223482] Epoch: [28]  [280/759]  eta: 0:00:55  lr: 0.000009  loss: 0.0177 (0.0229)  mae_m_mask: 0.1663 (0.2378)  rmse_m_mask: 0.2418 (0.3524)  normalized_mse_mask: 0.0177 (0.0229)  rmse_m_all: 4.1305 (7.1203)  actual_mask_ratio: 0.0711 (0.0716)  actual_prediction_mask_ratio: 0.2364 (0.2362)  ignored_patch_ratio: 0.0000 (0.0020)  time: 0.1123  data: 0.0001  max mem: 1904
[17:47:18.458263] Epoch: [28]  [300/759]  eta: 0:00:52  lr: 0.000009  loss: 0.0142 (0.0230)  mae_m_mask: 0.2315 (0.2376)  rmse_m_mask: 0.3347 (0.3515)  normalized_mse_mask: 0.0142 (0.0230)  rmse_m_all: 7.0869 (7.1073)  actual_mask_ratio: 0.0710 (0.0716)  actual_prediction_mask_ratio: 0.2319 (0.2361)  ignored_patch_ratio: 0.0000 (0.0019)  time: 0.1117  data: 0.0001  max mem: 1904
[17:47:20.676604] Epoch: [28]  [320/759]  eta: 0:00:50  lr: 0.000009  loss: 0.0091 (0.0226)  mae_m_mask: 0.2331 (0.2373)  rmse_m_mask: 0.3257 (0.3515)  normalized_mse_mask: 0.0091 (0.0226)  rmse_m_all: 7.3980 (7.1155)  actual_mask_ratio: 0.0709 (0.0715)  actual_prediction_mask_ratio: 0.2392 (0.2363)  ignored_patch_ratio: 0.0000 (0.0019)  time: 0.1109  data: 0.0001  max mem: 1904
[17:47:22.914529] Epoch: [28]  [340/759]  eta: 0:00:48  lr: 0.000009  loss: 0.0077 (0.0223)  mae_m_mask: 0.2053 (0.2362)  rmse_m_mask: 0.3010 (0.3488)  normalized_mse_mask: 0.0077 (0.0223)  rmse_m_all: 8.5814 (7.1587)  actual_mask_ratio: 0.0760 (0.0717)  actual_prediction_mask_ratio: 0.2455 (0.2364)  ignored_patch_ratio: 0.0000 (0.0019)  time: 0.1118  data: 0.0001  max mem: 1904
[17:47:25.127891] Epoch: [28]  [360/759]  eta: 0:00:45  lr: 0.000009  loss: 0.0075 (0.0217)  mae_m_mask: 0.2472 (0.2367)  rmse_m_mask: 0.3490 (0.3497)  normalized_mse_mask: 0.0075 (0.0217)  rmse_m_all: 8.0523 (7.2488)  actual_mask_ratio: 0.0726 (0.0718)  actual_prediction_mask_ratio: 0.2477 (0.2365)  ignored_patch_ratio: 0.0000 (0.0018)  time: 0.1106  data: 0.0001  max mem: 1904
[17:47:26.932332] Epoch: [28]  [380/759]  eta: 0:00:42  lr: 0.000009  loss: 0.0113 (0.0216)  mae_m_mask: 0.2157 (0.2367)  rmse_m_mask: 0.3018 (0.3499)  normalized_mse_mask: 0.0113 (0.0216)  rmse_m_all: 5.0362 (7.2022)  actual_mask_ratio: 0.0703 (0.0717)  actual_prediction_mask_ratio: 0.2268 (0.2361)  ignored_patch_ratio: 0.0000 (0.0017)  time: 0.0902  data: 0.0001  max mem: 1904
[17:47:30.003203] Epoch: [28]  [400/759]  eta: 0:00:41  lr: 0.000009  loss: 0.0169 (0.0214)  mae_m_mask: 0.1919 (0.2348)  rmse_m_mask: 0.2564 (0.3465)  normalized_mse_mask: 0.0169 (0.0214)  rmse_m_all: 4.0730 (7.1145)  actual_mask_ratio: 0.0731 (0.0718)  actual_prediction_mask_ratio: 0.2472 (0.2365)  ignored_patch_ratio: 0.0000 (0.0017)  time: 0.1535  data: 0.0480  max mem: 1904
[17:47:32.185828] Epoch: [28]  [420/759]  eta: 0:00:38  lr: 0.000009  loss: 0.0089 (0.0211)  mae_m_mask: 0.2378 (0.2354)  rmse_m_mask: 0.3512 (0.3476)  normalized_mse_mask: 0.0089 (0.0211)  rmse_m_all: 8.1692 (7.1487)  actual_mask_ratio: 0.0748 (0.0719)  actual_prediction_mask_ratio: 0.2375 (0.2367)  ignored_patch_ratio: 0.0000 (0.0017)  time: 0.1091  data: 0.0001  max mem: 1904
[17:47:34.470610] Epoch: [28]  [440/759]  eta: 0:00:36  lr: 0.000009  loss: 0.0058 (0.0206)  mae_m_mask: 0.2398 (0.2366)  rmse_m_mask: 0.3585 (0.3496)  normalized_mse_mask: 0.0058 (0.0206)  rmse_m_all: 8.3167 (7.2235)  actual_mask_ratio: 0.0714 (0.0718)  actual_prediction_mask_ratio: 0.2256 (0.2362)  ignored_patch_ratio: 0.0000 (0.0017)  time: 0.1142  data: 0.0001  max mem: 1904
[17:47:36.766055] Epoch: [28]  [460/759]  eta: 0:00:34  lr: 0.000009  loss: 0.0169 (0.0210)  mae_m_mask: 0.2586 (0.2375)  rmse_m_mask: 0.3677 (0.3511)  normalized_mse_mask: 0.0169 (0.0210)  rmse_m_all: 8.3433 (7.2550)  actual_mask_ratio: 0.0692 (0.0717)  actual_prediction_mask_ratio: 0.2320 (0.2358)  ignored_patch_ratio: 0.0000 (0.0017)  time: 0.1147  data: 0.0001  max mem: 1904
[17:47:39.032151] Epoch: [28]  [480/759]  eta: 0:00:32  lr: 0.000009  loss: 0.0152 (0.0210)  mae_m_mask: 0.2305 (0.2378)  rmse_m_mask: 0.3424 (0.3515)  normalized_mse_mask: 0.0152 (0.0210)  rmse_m_all: 7.7758 (7.2923)  actual_mask_ratio: 0.0714 (0.0717)  actual_prediction_mask_ratio: 0.2285 (0.2357)  ignored_patch_ratio: 0.0000 (0.0016)  time: 0.1133  data: 0.0001  max mem: 1904
[17:47:41.287716] Epoch: [28]  [500/759]  eta: 0:00:29  lr: 0.000009  loss: 0.0203 (0.0211)  mae_m_mask: 0.1768 (0.2364)  rmse_m_mask: 0.2460 (0.3494)  normalized_mse_mask: 0.0203 (0.0211)  rmse_m_all: 3.3621 (7.2087)  actual_mask_ratio: 0.0697 (0.0716)  actual_prediction_mask_ratio: 0.2364 (0.2356)  ignored_patch_ratio: 0.0000 (0.0016)  time: 0.1127  data: 0.0001  max mem: 1904
[17:47:43.537499] Epoch: [28]  [520/759]  eta: 0:00:27  lr: 0.000009  loss: 0.0128 (0.0210)  mae_m_mask: 0.2709 (0.2377)  rmse_m_mask: 0.3992 (0.3522)  normalized_mse_mask: 0.0128 (0.0210)  rmse_m_all: 8.2665 (7.2723)  actual_mask_ratio: 0.0697 (0.0716)  actual_prediction_mask_ratio: 0.2251 (0.2354)  ignored_patch_ratio: 0.0000 (0.0016)  time: 0.1124  data: 0.0001  max mem: 1904
[17:47:45.788457] Epoch: [28]  [540/759]  eta: 0:00:25  lr: 0.000009  loss: 0.0119 (0.0209)  mae_m_mask: 0.2017 (0.2374)  rmse_m_mask: 0.2759 (0.3511)  normalized_mse_mask: 0.0119 (0.0209)  rmse_m_all: 6.3103 (7.2766)  actual_mask_ratio: 0.0686 (0.0716)  actual_prediction_mask_ratio: 0.2286 (0.2351)  ignored_patch_ratio: 0.0000 (0.0017)  time: 0.1125  data: 0.0001  max mem: 1904
[17:47:48.041337] Epoch: [28]  [560/759]  eta: 0:00:22  lr: 0.000009  loss: 0.0161 (0.0211)  mae_m_mask: 0.2107 (0.2364)  rmse_m_mask: 0.2907 (0.3491)  normalized_mse_mask: 0.0161 (0.0211)  rmse_m_all: 5.3204 (7.2158)  actual_mask_ratio: 0.0720 (0.0715)  actual_prediction_mask_ratio: 0.2381 (0.2350)  ignored_patch_ratio: 0.0000 (0.0019)  time: 0.1126  data: 0.0001  max mem: 1904
[17:47:50.304417] Epoch: [28]  [580/759]  eta: 0:00:20  lr: 0.000009  loss: 0.0183 (0.0212)  mae_m_mask: 0.2457 (0.2367)  rmse_m_mask: 0.3356 (0.3491)  normalized_mse_mask: 0.0183 (0.0212)  rmse_m_all: 7.8387 (7.2458)  actual_mask_ratio: 0.0709 (0.0715)  actual_prediction_mask_ratio: 0.2375 (0.2349)  ignored_patch_ratio: 0.0000 (0.0019)  time: 0.1131  data: 0.0001  max mem: 1904
[17:47:52.567532] Epoch: [28]  [600/759]  eta: 0:00:18  lr: 0.000009  loss: 0.0160 (0.0213)  mae_m_mask: 0.2366 (0.2369)  rmse_m_mask: 0.3602 (0.3492)  normalized_mse_mask: 0.0160 (0.0213)  rmse_m_all: 5.3801 (7.2405)  actual_mask_ratio: 0.0692 (0.0715)  actual_prediction_mask_ratio: 0.2364 (0.2349)  ignored_patch_ratio: 0.0000 (0.0020)  time: 0.1131  data: 0.0001  max mem: 1904
[17:47:54.836479] Epoch: [28]  [620/759]  eta: 0:00:15  lr: 0.000009  loss: 0.0106 (0.0211)  mae_m_mask: 0.2190 (0.2365)  rmse_m_mask: 0.3283 (0.3487)  normalized_mse_mask: 0.0106 (0.0211)  rmse_m_all: 6.4418 (7.2427)  actual_mask_ratio: 0.0709 (0.0714)  actual_prediction_mask_ratio: 0.2290 (0.2348)  ignored_patch_ratio: 0.0000 (0.0020)  time: 0.1134  data: 0.0001  max mem: 1904
[17:47:56.809417] Epoch: [28]  [640/759]  eta: 0:00:13  lr: 0.000009  loss: 0.0140 (0.0212)  mae_m_mask: 0.2150 (0.2362)  rmse_m_mask: 0.3047 (0.3482)  normalized_mse_mask: 0.0140 (0.0212)  rmse_m_all: 7.6050 (7.2532)  actual_mask_ratio: 0.0737 (0.0715)  actual_prediction_mask_ratio: 0.2439 (0.2350)  ignored_patch_ratio: 0.0000 (0.0021)  time: 0.0986  data: 0.0001  max mem: 1904
[17:47:59.298332] Epoch: [28]  [660/759]  eta: 0:00:11  lr: 0.000009  loss: 0.0162 (0.0211)  mae_m_mask: 0.1948 (0.2352)  rmse_m_mask: 0.2876 (0.3468)  normalized_mse_mask: 0.0162 (0.0211)  rmse_m_all: 5.6903 (7.2136)  actual_mask_ratio: 0.0731 (0.0716)  actual_prediction_mask_ratio: 0.2353 (0.2352)  ignored_patch_ratio: 0.0000 (0.0021)  time: 0.1244  data: 0.0509  max mem: 1904
[17:48:01.369191] Epoch: [28]  [680/759]  eta: 0:00:08  lr: 0.000009  loss: 0.0068 (0.0210)  mae_m_mask: 0.1748 (0.2345)  rmse_m_mask: 0.2488 (0.3458)  normalized_mse_mask: 0.0068 (0.0210)  rmse_m_all: 6.7416 (7.2123)  actual_mask_ratio: 0.0754 (0.0717)  actual_prediction_mask_ratio: 0.2421 (0.2354)  ignored_patch_ratio: 0.0000 (0.0020)  time: 0.1035  data: 0.0001  max mem: 1904
[17:48:03.717110] Epoch: [28]  [700/759]  eta: 0:00:06  lr: 0.000009  loss: 0.0196 (0.0210)  mae_m_mask: 0.2562 (0.2349)  rmse_m_mask: 0.3670 (0.3462)  normalized_mse_mask: 0.0196 (0.0210)  rmse_m_all: 9.1057 (7.2508)  actual_mask_ratio: 0.0680 (0.0716)  actual_prediction_mask_ratio: 0.2183 (0.2350)  ignored_patch_ratio: 0.0000 (0.0021)  time: 0.1174  data: 0.0001  max mem: 1904
[17:48:06.021439] Epoch: [28]  [720/759]  eta: 0:00:04  lr: 0.000009  loss: 0.0105 (0.0209)  mae_m_mask: 0.2238 (0.2354)  rmse_m_mask: 0.3055 (0.3471)  normalized_mse_mask: 0.0105 (0.0209)  rmse_m_all: 8.1466 (7.2897)  actual_mask_ratio: 0.0744 (0.0716)  actual_prediction_mask_ratio: 0.2404 (0.2350)  ignored_patch_ratio: 0.0000 (0.0021)  time: 0.1152  data: 0.0001  max mem: 1904
[17:48:08.327612] Epoch: [28]  [740/759]  eta: 0:00:02  lr: 0.000009  loss: 0.0176 (0.0210)  mae_m_mask: 0.2015 (0.2356)  rmse_m_mask: 0.2827 (0.3472)  normalized_mse_mask: 0.0176 (0.0210)  rmse_m_all: 5.6396 (7.2847)  actual_mask_ratio: 0.0733 (0.0716)  actual_prediction_mask_ratio: 0.2381 (0.2350)  ignored_patch_ratio: 0.0000 (0.0022)  time: 0.1153  data: 0.0001  max mem: 1904
[17:48:10.395406] Epoch: [28]  [758/759]  eta: 0:00:00  lr: 0.000009  loss: 0.0091 (0.0210)  mae_m_mask: 0.2232 (0.2352)  rmse_m_mask: 0.3265 (0.3467)  normalized_mse_mask: 0.0091 (0.0210)  rmse_m_all: 8.0343 (7.2966)  actual_mask_ratio: 0.0771 (0.0717)  actual_prediction_mask_ratio: 0.2392 (0.2352)  ignored_patch_ratio: 0.0000 (0.0022)  time: 0.1151  data: 0.0001  max mem: 1904
[17:48:10.426094] Epoch: [28] Total time: 0:01:26 (0.1141 s / it)
[17:48:10.429588] Averaged stats: {'lr': 8.685024168171574e-06, 'loss': 0.02069323022914118, 'mae_m_mask': 0.23359444451056063, 'rmse_m_mask': 0.3698918254715176, 'normalized_mse_mask': 0.02069323022914118, 'rmse_m_all': 7.296603662223212, 'actual_mask_ratio': 0.07173607359997368, 'actual_prediction_mask_ratio': 0.2351746902124998, 'ignored_patch_ratio': 0.002177197392907224, 'supervised_pixel_count': 14696550.0}
[17:48:10.603222] Val: [28]  [  0/533]  eta: 0:01:30  loss: 0.0098 (0.0098)  mae_m_mask: 0.9399 (0.9399)  rmse_m_mask: 1.1378 (1.1378)  normalized_mse_mask: 0.0098 (0.0098)  rmse_m_all: 13.8047 (13.8047)  actual_mask_ratio: 0.0787 (0.0787)  actual_prediction_mask_ratio: 0.2431 (0.2431)  ignored_patch_ratio: 0.0488 (0.0488)  time: 0.1706  data: 0.0872  max mem: 1904
[17:48:15.080539] Val: [28]  [ 50/533]  eta: 0:00:44  loss: 0.0014 (0.0036)  mae_m_mask: 0.6442 (0.7186)  rmse_m_mask: 0.7813 (0.8422)  normalized_mse_mask: 0.0014 (0.0036)  rmse_m_all: 13.2774 (14.0895)  actual_mask_ratio: 0.0694 (0.0693)  actual_prediction_mask_ratio: 0.2120 (0.2147)  ignored_patch_ratio: 0.0527 (0.0550)  time: 0.0892  data: 0.0002  max mem: 1904
[17:48:19.483882] Val: [28]  [100/533]  eta: 0:00:38  loss: 0.0004 (0.0022)  mae_m_mask: 0.5401 (0.6802)  rmse_m_mask: 0.7414 (0.8098)  normalized_mse_mask: 0.0004 (0.0022)  rmse_m_all: 17.8583 (15.6975)  actual_mask_ratio: 0.0645 (0.0686)  actual_prediction_mask_ratio: 0.2076 (0.2139)  ignored_patch_ratio: 0.0550 (0.0538)  time: 0.0886  data: 0.0001  max mem: 1904
[17:48:23.850195] Val: [28]  [150/533]  eta: 0:00:34  loss: 0.0008 (0.0018)  mae_m_mask: 0.3986 (0.6553)  rmse_m_mask: 0.5784 (0.7838)  normalized_mse_mask: 0.0008 (0.0018)  rmse_m_all: 11.3709 (15.6520)  actual_mask_ratio: 0.0707 (0.0688)  actual_prediction_mask_ratio: 0.2326 (0.2153)  ignored_patch_ratio: 0.0488 (0.0542)  time: 0.0857  data: 0.0001  max mem: 1904
[17:48:28.240311] Val: [28]  [200/533]  eta: 0:00:29  loss: 0.0013 (0.0017)  mae_m_mask: 0.7759 (0.6629)  rmse_m_mask: 0.8818 (0.7908)  normalized_mse_mask: 0.0013 (0.0017)  rmse_m_all: 14.0411 (15.1296)  actual_mask_ratio: 0.0760 (0.0695)  actual_prediction_mask_ratio: 0.2427 (0.2204)  ignored_patch_ratio: 0.0000 (0.0447)  time: 0.0893  data: 0.0001  max mem: 1904
[17:48:32.727254] Val: [28]  [250/533]  eta: 0:00:25  loss: 0.0009 (0.0018)  mae_m_mask: 0.8672 (0.7477)  rmse_m_mask: 1.0499 (0.8816)  normalized_mse_mask: 0.0009 (0.0018)  rmse_m_all: 14.7148 (15.4909)  actual_mask_ratio: 0.0725 (0.0702)  actual_prediction_mask_ratio: 0.2314 (0.2225)  ignored_patch_ratio: 0.0306 (0.0393)  time: 0.0883  data: 0.0001  max mem: 1904
[17:48:37.152509] Val: [28]  [300/533]  eta: 0:00:20  loss: 0.0005 (0.0017)  mae_m_mask: 0.7599 (0.7955)  rmse_m_mask: 0.9027 (0.9340)  normalized_mse_mask: 0.0005 (0.0017)  rmse_m_all: 23.4255 (16.5696)  actual_mask_ratio: 0.0700 (0.0704)  actual_prediction_mask_ratio: 0.2121 (0.2229)  ignored_patch_ratio: 0.0516 (0.0394)  time: 0.0891  data: 0.0001  max mem: 1904
[17:48:41.535134] Val: [28]  [350/533]  eta: 0:00:16  loss: 0.0006 (0.0016)  mae_m_mask: 0.7115 (0.7934)  rmse_m_mask: 0.8402 (0.9321)  normalized_mse_mask: 0.0006 (0.0016)  rmse_m_all: 19.6263 (16.7698)  actual_mask_ratio: 0.0698 (0.0705)  actual_prediction_mask_ratio: 0.2170 (0.2230)  ignored_patch_ratio: 0.0391 (0.0384)  time: 0.0872  data: 0.0001  max mem: 1904
[17:48:45.858285] Val: [28]  [400/533]  eta: 0:00:11  loss: 0.0008 (0.0015)  mae_m_mask: 0.6504 (0.8083)  rmse_m_mask: 0.8114 (0.9486)  normalized_mse_mask: 0.0008 (0.0015)  rmse_m_all: 18.8755 (17.1486)  actual_mask_ratio: 0.0683 (0.0702)  actual_prediction_mask_ratio: 0.2164 (0.2218)  ignored_patch_ratio: 0.0476 (0.0400)  time: 0.0869  data: 0.0001  max mem: 1904
[17:48:50.184043] Val: [28]  [450/533]  eta: 0:00:07  loss: 0.0008 (0.0016)  mae_m_mask: 0.9642 (0.8300)  rmse_m_mask: 1.1084 (0.9776)  normalized_mse_mask: 0.0008 (0.0016)  rmse_m_all: 17.0339 (17.1626)  actual_mask_ratio: 0.0670 (0.0702)  actual_prediction_mask_ratio: 0.2143 (0.2217)  ignored_patch_ratio: 0.0612 (0.0412)  time: 0.0874  data: 0.0001  max mem: 1904
[17:48:54.606906] Val: [28]  [500/533]  eta: 0:00:02  loss: 0.0003 (0.0015)  mae_m_mask: 0.4645 (0.8133)  rmse_m_mask: 0.5679 (0.9594)  normalized_mse_mask: 0.0003 (0.0015)  rmse_m_all: 16.4713 (17.2133)  actual_mask_ratio: 0.0673 (0.0700)  actual_prediction_mask_ratio: 0.2116 (0.2212)  ignored_patch_ratio: 0.0573 (0.0425)  time: 0.0901  data: 0.0001  max mem: 1904
[17:48:57.565864] Val: [28]  [532/533]  eta: 0:00:00  loss: 0.0006 (0.0016)  mae_m_mask: 0.7075 (0.8075)  rmse_m_mask: 0.8347 (0.9529)  normalized_mse_mask: 0.0006 (0.0016)  rmse_m_all: 17.8593 (17.2683)  actual_mask_ratio: 0.0666 (0.0699)  actual_prediction_mask_ratio: 0.2121 (0.2208)  ignored_patch_ratio: 0.0550 (0.0432)  time: 0.0902  data: 0.0001  max mem: 1904
[17:48:57.595185] Val: [28] Total time: 0:00:47 (0.0885 s / it)
[17:48:57.595778] val stats: {'loss': 0.0015484867692970481, 'mae_m_mask': 0.7963727696429351, 'rmse_m_mask': 1.0610643705452412, 'normalized_mse_mask': 0.0015484867692970481, 'rmse_m_all': 17.26825263755183, 'actual_mask_ratio': 0.06990061117437499, 'actual_prediction_mask_ratio': 0.22084709342156744, 'ignored_patch_ratio': 0.04319662906886489, 'supervised_pixel_count': 11054205.0}
[17:49:01.530194] log_dir: /tank/data/SFS/xinyis/data/bathymetry/MAE-Topography/Downstream_Task_Bathy/cross_validation_v5_Stage2NormMSE_MeterSelect/runs/holdout_CA_D004Stage2NormMSE_MeterSelect_D001NoDataSafe/train_stage2_normMSE_meterSelect_CA_KlamathRiver_TopoBathy_2018_D18_fromStage1Best_e120_lr1e-5_b4_acc4/tb
[17:49:01.735131] Epoch: [29]  [  0/759]  eta: 0:02:35  lr: 0.000009  loss: 0.0541 (0.0541)  mae_m_mask: 0.2204 (0.2204)  rmse_m_mask: 0.2920 (0.2920)  normalized_mse_mask: 0.0541 (0.0541)  rmse_m_all: 9.4509 (9.4509)  actual_mask_ratio: 0.0698 (0.0698)  actual_prediction_mask_ratio: 0.2450 (0.2450)  ignored_patch_ratio: 0.0006 (0.0006)  time: 0.2044  data: 0.0852  max mem: 1904
[17:49:04.049974] Epoch: [29]  [ 20/759]  eta: 0:01:28  lr: 0.000009  loss: 0.0138 (0.0317)  mae_m_mask: 0.1970 (0.2150)  rmse_m_mask: 0.3121 (0.3204)  normalized_mse_mask: 0.0138 (0.0317)  rmse_m_all: 4.1290 (5.9878)  actual_mask_ratio: 0.0709 (0.0732)  actual_prediction_mask_ratio: 0.2358 (0.2388)  ignored_patch_ratio: 0.0000 (0.0014)  time: 0.1157  data: 0.0001  max mem: 1904
[17:49:06.362959] Epoch: [29]  [ 40/759]  eta: 0:01:24  lr: 0.000009  loss: 0.0081 (0.0247)  mae_m_mask: 0.1988 (0.2182)  rmse_m_mask: 0.2926 (0.3246)  normalized_mse_mask: 0.0081 (0.0247)  rmse_m_all: 9.4415 (7.2633)  actual_mask_ratio: 0.0727 (0.0732)  actual_prediction_mask_ratio: 0.2347 (0.2386)  ignored_patch_ratio: 0.0000 (0.0017)  time: 0.1156  data: 0.0001  max mem: 1904
[17:49:08.667425] Epoch: [29]  [ 60/759]  eta: 0:01:21  lr: 0.000009  loss: 0.0218 (0.0258)  mae_m_mask: 0.1922 (0.2223)  rmse_m_mask: 0.2930 (0.3274)  normalized_mse_mask: 0.0218 (0.0258)  rmse_m_all: 6.0451 (7.0819)  actual_mask_ratio: 0.0760 (0.0736)  actual_prediction_mask_ratio: 0.2472 (0.2406)  ignored_patch_ratio: 0.0000 (0.0017)  time: 0.1152  data: 0.0001  max mem: 1904
[17:49:11.008476] Epoch: [29]  [ 80/759]  eta: 0:01:19  lr: 0.000009  loss: 0.0134 (0.0236)  mae_m_mask: 0.1890 (0.2248)  rmse_m_mask: 0.2488 (0.3326)  normalized_mse_mask: 0.0134 (0.0236)  rmse_m_all: 5.9024 (7.1409)  actual_mask_ratio: 0.0726 (0.0734)  actual_prediction_mask_ratio: 0.2285 (0.2382)  ignored_patch_ratio: 0.0000 (0.0016)  time: 0.1170  data: 0.0001  max mem: 1904
[17:49:13.335365] Epoch: [29]  [100/759]  eta: 0:01:16  lr: 0.000009  loss: 0.0156 (0.0238)  mae_m_mask: 0.2095 (0.2241)  rmse_m_mask: 0.2984 (0.3301)  normalized_mse_mask: 0.0156 (0.0238)  rmse_m_all: 5.7537 (7.0506)  actual_mask_ratio: 0.0709 (0.0729)  actual_prediction_mask_ratio: 0.2353 (0.2375)  ignored_patch_ratio: 0.0000 (0.0021)  time: 0.1163  data: 0.0001  max mem: 1904
[17:49:15.655467] Epoch: [29]  [120/759]  eta: 0:01:14  lr: 0.000009  loss: 0.0224 (0.0249)  mae_m_mask: 0.2092 (0.2239)  rmse_m_mask: 0.2872 (0.3279)  normalized_mse_mask: 0.0224 (0.0249)  rmse_m_all: 6.6635 (6.9715)  actual_mask_ratio: 0.0709 (0.0725)  actual_prediction_mask_ratio: 0.2330 (0.2372)  ignored_patch_ratio: 0.0000 (0.0024)  time: 0.1160  data: 0.0001  max mem: 1904
[17:49:17.997654] Epoch: [29]  [140/759]  eta: 0:01:12  lr: 0.000009  loss: 0.0066 (0.0256)  mae_m_mask: 0.2346 (0.2280)  rmse_m_mask: 0.3403 (0.3329)  normalized_mse_mask: 0.0066 (0.0256)  rmse_m_all: 7.5416 (7.1478)  actual_mask_ratio: 0.0680 (0.0721)  actual_prediction_mask_ratio: 0.2295 (0.2364)  ignored_patch_ratio: 0.0000 (0.0024)  time: 0.1171  data: 0.0001  max mem: 1904
[17:49:20.313797] Epoch: [29]  [160/759]  eta: 0:01:09  lr: 0.000009  loss: 0.0123 (0.0247)  mae_m_mask: 0.2178 (0.2287)  rmse_m_mask: 0.2995 (0.3327)  normalized_mse_mask: 0.0123 (0.0247)  rmse_m_all: 5.7741 (7.1571)  actual_mask_ratio: 0.0686 (0.0719)  actual_prediction_mask_ratio: 0.2269 (0.2358)  ignored_patch_ratio: 0.0000 (0.0024)  time: 0.1158  data: 0.0001  max mem: 1904
[17:49:22.629399] Epoch: [29]  [180/759]  eta: 0:01:07  lr: 0.000009  loss: 0.0116 (0.0240)  mae_m_mask: 0.2328 (0.2313)  rmse_m_mask: 0.3686 (0.3375)  normalized_mse_mask: 0.0116 (0.0240)  rmse_m_all: 5.9565 (7.2009)  actual_mask_ratio: 0.0714 (0.0719)  actual_prediction_mask_ratio: 0.2398 (0.2360)  ignored_patch_ratio: 0.0000 (0.0024)  time: 0.1157  data: 0.0001  max mem: 1904
[17:49:24.939743] Epoch: [29]  [200/759]  eta: 0:01:05  lr: 0.000009  loss: 0.0143 (0.0239)  mae_m_mask: 0.2342 (0.2338)  rmse_m_mask: 0.3643 (0.3419)  normalized_mse_mask: 0.0143 (0.0239)  rmse_m_all: 6.8055 (7.2547)  actual_mask_ratio: 0.0714 (0.0718)  actual_prediction_mask_ratio: 0.2409 (0.2361)  ignored_patch_ratio: 0.0000 (0.0023)  time: 0.1155  data: 0.0001  max mem: 1904
[17:49:27.223739] Epoch: [29]  [220/759]  eta: 0:01:02  lr: 0.000009  loss: 0.0150 (0.0235)  mae_m_mask: 0.2523 (0.2357)  rmse_m_mask: 0.3423 (0.3457)  normalized_mse_mask: 0.0150 (0.0235)  rmse_m_all: 9.4960 (7.4003)  actual_mask_ratio: 0.0715 (0.0720)  actual_prediction_mask_ratio: 0.2381 (0.2361)  ignored_patch_ratio: 0.0000 (0.0023)  time: 0.1142  data: 0.0001  max mem: 1904
[17:49:29.489066] Epoch: [29]  [240/759]  eta: 0:01:00  lr: 0.000009  loss: 0.0148 (0.0233)  mae_m_mask: 0.2305 (0.2345)  rmse_m_mask: 0.3435 (0.3445)  normalized_mse_mask: 0.0148 (0.0233)  rmse_m_all: 7.2077 (7.3400)  actual_mask_ratio: 0.0704 (0.0719)  actual_prediction_mask_ratio: 0.2336 (0.2360)  ignored_patch_ratio: 0.0000 (0.0023)  time: 0.1132  data: 0.0001  max mem: 1904
[17:49:31.757115] Epoch: [29]  [260/759]  eta: 0:00:57  lr: 0.000009  loss: 0.0082 (0.0225)  mae_m_mask: 0.2143 (0.2333)  rmse_m_mask: 0.2944 (0.3418)  normalized_mse_mask: 0.0082 (0.0225)  rmse_m_all: 6.9651 (7.3317)  actual_mask_ratio: 0.0714 (0.0719)  actual_prediction_mask_ratio: 0.2325 (0.2360)  ignored_patch_ratio: 0.0000 (0.0022)  time: 0.1134  data: 0.0001  max mem: 1904
[17:49:34.029890] Epoch: [29]  [280/759]  eta: 0:00:55  lr: 0.000009  loss: 0.0089 (0.0223)  mae_m_mask: 0.2392 (0.2339)  rmse_m_mask: 0.3457 (0.3420)  normalized_mse_mask: 0.0089 (0.0223)  rmse_m_all: 5.2094 (7.2988)  actual_mask_ratio: 0.0714 (0.0718)  actual_prediction_mask_ratio: 0.2330 (0.2355)  ignored_patch_ratio: 0.0000 (0.0022)  time: 0.1136  data: 0.0001  max mem: 1904
[17:49:36.248238] Epoch: [29]  [300/759]  eta: 0:00:52  lr: 0.000009  loss: 0.0064 (0.0218)  mae_m_mask: 0.1990 (0.2337)  rmse_m_mask: 0.3147 (0.3417)  normalized_mse_mask: 0.0064 (0.0218)  rmse_m_all: 6.3194 (7.2797)  actual_mask_ratio: 0.0714 (0.0718)  actual_prediction_mask_ratio: 0.2364 (0.2354)  ignored_patch_ratio: 0.0000 (0.0022)  time: 0.1109  data: 0.0001  max mem: 1904
[17:49:38.454655] Epoch: [29]  [320/759]  eta: 0:00:50  lr: 0.000009  loss: 0.0223 (0.0221)  mae_m_mask: 0.1839 (0.2316)  rmse_m_mask: 0.2763 (0.3389)  normalized_mse_mask: 0.0223 (0.0221)  rmse_m_all: 4.8191 (7.1944)  actual_mask_ratio: 0.0737 (0.0719)  actual_prediction_mask_ratio: 0.2409 (0.2357)  ignored_patch_ratio: 0.0000 (0.0022)  time: 0.1103  data: 0.0001  max mem: 1904
[17:49:40.704020] Epoch: [29]  [340/759]  eta: 0:00:48  lr: 0.000009  loss: 0.0054 (0.0214)  mae_m_mask: 0.2317 (0.2324)  rmse_m_mask: 0.3382 (0.3401)  normalized_mse_mask: 0.0054 (0.0214)  rmse_m_all: 7.0138 (7.2355)  actual_mask_ratio: 0.0697 (0.0718)  actual_prediction_mask_ratio: 0.2307 (0.2355)  ignored_patch_ratio: 0.0000 (0.0021)  time: 0.1124  data: 0.0001  max mem: 1904
[17:49:42.927843] Epoch: [29]  [360/759]  eta: 0:00:45  lr: 0.000009  loss: 0.0125 (0.0212)  mae_m_mask: 0.2288 (0.2323)  rmse_m_mask: 0.3327 (0.3397)  normalized_mse_mask: 0.0125 (0.0212)  rmse_m_all: 6.4569 (7.2275)  actual_mask_ratio: 0.0703 (0.0718)  actual_prediction_mask_ratio: 0.2307 (0.2353)  ignored_patch_ratio: 0.0000 (0.0021)  time: 0.1112  data: 0.0001  max mem: 1904
[17:49:45.124539] Epoch: [29]  [380/759]  eta: 0:00:43  lr: 0.000009  loss: 0.0118 (0.0210)  mae_m_mask: 0.2077 (0.2320)  rmse_m_mask: 0.3122 (0.3396)  normalized_mse_mask: 0.0118 (0.0210)  rmse_m_all: 6.5676 (7.1916)  actual_mask_ratio: 0.0751 (0.0719)  actual_prediction_mask_ratio: 0.2381 (0.2355)  ignored_patch_ratio: 0.0000 (0.0022)  time: 0.1098  data: 0.0001  max mem: 1904
[17:49:47.372016] Epoch: [29]  [400/759]  eta: 0:00:41  lr: 0.000009  loss: 0.0167 (0.0212)  mae_m_mask: 0.2069 (0.2319)  rmse_m_mask: 0.2933 (0.3391)  normalized_mse_mask: 0.0167 (0.0212)  rmse_m_all: 5.4685 (7.1395)  actual_mask_ratio: 0.0709 (0.0718)  actual_prediction_mask_ratio: 0.2310 (0.2353)  ignored_patch_ratio: 0.0000 (0.0021)  time: 0.1123  data: 0.0001  max mem: 1904
[17:49:49.582113] Epoch: [29]  [420/759]  eta: 0:00:38  lr: 0.000009  loss: 0.0132 (0.0214)  mae_m_mask: 0.2662 (0.2326)  rmse_m_mask: 0.3648 (0.3399)  normalized_mse_mask: 0.0132 (0.0214)  rmse_m_all: 9.1596 (7.2052)  actual_mask_ratio: 0.0726 (0.0717)  actual_prediction_mask_ratio: 0.2404 (0.2352)  ignored_patch_ratio: 0.0000 (0.0023)  time: 0.1105  data: 0.0001  max mem: 1904
[17:49:51.254167] Epoch: [29]  [440/759]  eta: 0:00:35  lr: 0.000009  loss: 0.0104 (0.0213)  mae_m_mask: 0.1649 (0.2320)  rmse_m_mask: 0.2249 (0.3385)  normalized_mse_mask: 0.0104 (0.0213)  rmse_m_all: 6.3636 (7.1973)  actual_mask_ratio: 0.0711 (0.0717)  actual_prediction_mask_ratio: 0.2251 (0.2348)  ignored_patch_ratio: 0.0000 (0.0025)  time: 0.0836  data: 0.0001  max mem: 1904
[17:49:54.093074] Epoch: [29]  [460/759]  eta: 0:00:34  lr: 0.000009  loss: 0.0184 (0.0214)  mae_m_mask: 0.1960 (0.2315)  rmse_m_mask: 0.3147 (0.3386)  normalized_mse_mask: 0.0184 (0.0214)  rmse_m_all: 4.5965 (7.1365)  actual_mask_ratio: 0.0720 (0.0717)  actual_prediction_mask_ratio: 0.2443 (0.2351)  ignored_patch_ratio: 0.0000 (0.0024)  time: 0.1419  data: 0.0501  max mem: 1904
[17:49:56.334666] Epoch: [29]  [480/759]  eta: 0:00:31  lr: 0.000009  loss: 0.0095 (0.0212)  mae_m_mask: 0.2187 (0.2315)  rmse_m_mask: 0.3307 (0.3387)  normalized_mse_mask: 0.0095 (0.0212)  rmse_m_all: 8.7592 (7.2054)  actual_mask_ratio: 0.0726 (0.0718)  actual_prediction_mask_ratio: 0.2449 (0.2353)  ignored_patch_ratio: 0.0000 (0.0023)  time: 0.1120  data: 0.0001  max mem: 1904
[17:49:58.604789] Epoch: [29]  [500/759]  eta: 0:00:29  lr: 0.000009  loss: 0.0096 (0.0208)  mae_m_mask: 0.2098 (0.2308)  rmse_m_mask: 0.3051 (0.3377)  normalized_mse_mask: 0.0096 (0.0208)  rmse_m_all: 7.9464 (7.2004)  actual_mask_ratio: 0.0726 (0.0717)  actual_prediction_mask_ratio: 0.2302 (0.2351)  ignored_patch_ratio: 0.0000 (0.0023)  time: 0.1135  data: 0.0001  max mem: 1904
[17:50:00.922208] Epoch: [29]  [520/759]  eta: 0:00:27  lr: 0.000009  loss: 0.0085 (0.0208)  mae_m_mask: 0.1938 (0.2305)  rmse_m_mask: 0.2833 (0.3369)  normalized_mse_mask: 0.0085 (0.0208)  rmse_m_all: 8.6730 (7.2283)  actual_mask_ratio: 0.0749 (0.0718)  actual_prediction_mask_ratio: 0.2330 (0.2351)  ignored_patch_ratio: 0.0000 (0.0023)  time: 0.1158  data: 0.0001  max mem: 1904
[17:50:03.220564] Epoch: [29]  [540/759]  eta: 0:00:24  lr: 0.000009  loss: 0.0104 (0.0208)  mae_m_mask: 0.2156 (0.2303)  rmse_m_mask: 0.3102 (0.3364)  normalized_mse_mask: 0.0104 (0.0208)  rmse_m_all: 7.9427 (7.2620)  actual_mask_ratio: 0.0714 (0.0717)  actual_prediction_mask_ratio: 0.2324 (0.2350)  ignored_patch_ratio: 0.0000 (0.0023)  time: 0.1149  data: 0.0001  max mem: 1904
[17:50:05.449742] Epoch: [29]  [560/759]  eta: 0:00:22  lr: 0.000009  loss: 0.0205 (0.0208)  mae_m_mask: 0.2340 (0.2299)  rmse_m_mask: 0.3368 (0.3360)  normalized_mse_mask: 0.0205 (0.0208)  rmse_m_all: 6.1107 (7.2669)  actual_mask_ratio: 0.0743 (0.0717)  actual_prediction_mask_ratio: 0.2449 (0.2352)  ignored_patch_ratio: 0.0000 (0.0022)  time: 0.1114  data: 0.0001  max mem: 1904
[17:50:07.719515] Epoch: [29]  [580/759]  eta: 0:00:20  lr: 0.000009  loss: 0.0175 (0.0209)  mae_m_mask: 0.2434 (0.2310)  rmse_m_mask: 0.3408 (0.3385)  normalized_mse_mask: 0.0175 (0.0209)  rmse_m_all: 9.1684 (7.2968)  actual_mask_ratio: 0.0692 (0.0717)  actual_prediction_mask_ratio: 0.2279 (0.2351)  ignored_patch_ratio: 0.0000 (0.0022)  time: 0.1134  data: 0.0001  max mem: 1904
[17:50:09.942056] Epoch: [29]  [600/759]  eta: 0:00:18  lr: 0.000009  loss: 0.0120 (0.0210)  mae_m_mask: 0.2100 (0.2315)  rmse_m_mask: 0.2989 (0.3398)  normalized_mse_mask: 0.0120 (0.0210)  rmse_m_all: 7.2814 (7.3016)  actual_mask_ratio: 0.0726 (0.0717)  actual_prediction_mask_ratio: 0.2426 (0.2353)  ignored_patch_ratio: 0.0000 (0.0022)  time: 0.1111  data: 0.0001  max mem: 1904
[17:50:12.135486] Epoch: [29]  [620/759]  eta: 0:00:15  lr: 0.000009  loss: 0.0136 (0.0210)  mae_m_mask: 0.2600 (0.2328)  rmse_m_mask: 0.3811 (0.3422)  normalized_mse_mask: 0.0136 (0.0210)  rmse_m_all: 8.7861 (7.3392)  actual_mask_ratio: 0.0714 (0.0717)  actual_prediction_mask_ratio: 0.2268 (0.2351)  ignored_patch_ratio: 0.0000 (0.0023)  time: 0.1096  data: 0.0001  max mem: 1904
[17:50:14.340933] Epoch: [29]  [640/759]  eta: 0:00:13  lr: 0.000009  loss: 0.0126 (0.0209)  mae_m_mask: 0.2240 (0.2331)  rmse_m_mask: 0.3159 (0.3424)  normalized_mse_mask: 0.0126 (0.0209)  rmse_m_all: 6.9996 (7.3577)  actual_mask_ratio: 0.0704 (0.0717)  actual_prediction_mask_ratio: 0.2375 (0.2351)  ignored_patch_ratio: 0.0000 (0.0022)  time: 0.1102  data: 0.0001  max mem: 1904
[17:50:16.585995] Epoch: [29]  [660/759]  eta: 0:00:11  lr: 0.000009  loss: 0.0118 (0.0208)  mae_m_mask: 0.2652 (0.2356)  rmse_m_mask: 0.4017 (0.3463)  normalized_mse_mask: 0.0118 (0.0208)  rmse_m_all: 7.4221 (7.3788)  actual_mask_ratio: 0.0720 (0.0716)  actual_prediction_mask_ratio: 0.2296 (0.2349)  ignored_patch_ratio: 0.0000 (0.0022)  time: 0.1122  data: 0.0001  max mem: 1904
[17:50:18.839210] Epoch: [29]  [680/759]  eta: 0:00:08  lr: 0.000009  loss: 0.0106 (0.0207)  mae_m_mask: 0.2040 (0.2349)  rmse_m_mask: 0.3104 (0.3450)  normalized_mse_mask: 0.0106 (0.0207)  rmse_m_all: 5.2560 (7.3624)  actual_mask_ratio: 0.0743 (0.0717)  actual_prediction_mask_ratio: 0.2523 (0.2352)  ignored_patch_ratio: 0.0000 (0.0022)  time: 0.1126  data: 0.0001  max mem: 1904
[17:50:21.127221] Epoch: [29]  [700/759]  eta: 0:00:06  lr: 0.000009  loss: 0.0182 (0.0209)  mae_m_mask: 0.2268 (0.2350)  rmse_m_mask: 0.3540 (0.3451)  normalized_mse_mask: 0.0182 (0.0209)  rmse_m_all: 6.6852 (7.3481)  actual_mask_ratio: 0.0718 (0.0717)  actual_prediction_mask_ratio: 0.2268 (0.2350)  ignored_patch_ratio: 0.0000 (0.0022)  time: 0.1144  data: 0.0001  max mem: 1904
[17:50:22.852030] Epoch: [29]  [720/759]  eta: 0:00:04  lr: 0.000009  loss: 0.0192 (0.0209)  mae_m_mask: 0.2158 (0.2350)  rmse_m_mask: 0.2936 (0.3451)  normalized_mse_mask: 0.0192 (0.0209)  rmse_m_all: 7.7085 (7.3609)  actual_mask_ratio: 0.0686 (0.0717)  actual_prediction_mask_ratio: 0.2296 (0.2351)  ignored_patch_ratio: 0.0000 (0.0022)  time: 0.0862  data: 0.0001  max mem: 1904
[17:50:25.640039] Epoch: [29]  [740/759]  eta: 0:00:02  lr: 0.000009  loss: 0.0139 (0.0209)  mae_m_mask: 0.2601 (0.2360)  rmse_m_mask: 0.3707 (0.3467)  normalized_mse_mask: 0.0139 (0.0209)  rmse_m_all: 5.6249 (7.3456)  actual_mask_ratio: 0.0737 (0.0717)  actual_prediction_mask_ratio: 0.2409 (0.2351)  ignored_patch_ratio: 0.0000 (0.0022)  time: 0.1394  data: 0.0484  max mem: 1904
[17:50:27.589077] Epoch: [29]  [758/759]  eta: 0:00:00  lr: 0.000009  loss: 0.0112 (0.0208)  mae_m_mask: 0.2012 (0.2359)  rmse_m_mask: 0.2807 (0.3467)  normalized_mse_mask: 0.0112 (0.0208)  rmse_m_all: 7.0688 (7.3459)  actual_mask_ratio: 0.0747 (0.0717)  actual_prediction_mask_ratio: 0.2319 (0.2352)  ignored_patch_ratio: 0.0000 (0.0022)  time: 0.1053  data: 0.0001  max mem: 1904
[17:50:27.622574] Epoch: [29] Total time: 0:01:26 (0.1134 s / it)
[17:50:27.624342] Averaged stats: {'lr': 8.595831391997437e-06, 'loss': 0.02020977178584172, 'mae_m_mask': 0.23298087823774097, 'rmse_m_mask': 0.36892338925794776, 'normalized_mse_mask': 0.02020977178584172, 'rmse_m_all': 7.345863959691898, 'actual_mask_ratio': 0.07174157600589734, 'actual_prediction_mask_ratio': 0.23517776909867139, 'ignored_patch_ratio': 0.002177197471437718, 'supervised_pixel_count': 14695161.0}
[17:50:27.787973] Val: [29]  [  0/533]  eta: 0:01:25  loss: 0.0111 (0.0111)  mae_m_mask: 1.0545 (1.0545)  rmse_m_mask: 1.2469 (1.2469)  normalized_mse_mask: 0.0111 (0.0111)  rmse_m_all: 13.7439 (13.7439)  actual_mask_ratio: 0.0787 (0.0787)  actual_prediction_mask_ratio: 0.2431 (0.2431)  ignored_patch_ratio: 0.0488 (0.0488)  time: 0.1611  data: 0.0851  max mem: 1904
[17:50:32.224341] Val: [29]  [ 50/533]  eta: 0:00:43  loss: 0.0019 (0.0040)  mae_m_mask: 0.6873 (0.7991)  rmse_m_mask: 0.8555 (0.9252)  normalized_mse_mask: 0.0019 (0.0040)  rmse_m_all: 13.2276 (14.0307)  actual_mask_ratio: 0.0694 (0.0693)  actual_prediction_mask_ratio: 0.2120 (0.2147)  ignored_patch_ratio: 0.0527 (0.0550)  time: 0.0885  data: 0.0001  max mem: 1904
[17:50:36.636067] Val: [29]  [100/533]  eta: 0:00:38  loss: 0.0004 (0.0024)  mae_m_mask: 0.5843 (0.7363)  rmse_m_mask: 0.7121 (0.8686)  normalized_mse_mask: 0.0004 (0.0024)  rmse_m_all: 17.7964 (15.6315)  actual_mask_ratio: 0.0645 (0.0686)  actual_prediction_mask_ratio: 0.2076 (0.2139)  ignored_patch_ratio: 0.0550 (0.0538)  time: 0.0878  data: 0.0001  max mem: 1904
[17:50:40.982437] Val: [29]  [150/533]  eta: 0:00:33  loss: 0.0006 (0.0019)  mae_m_mask: 0.4204 (0.7013)  rmse_m_mask: 0.5675 (0.8321)  normalized_mse_mask: 0.0006 (0.0019)  rmse_m_all: 11.3339 (15.5855)  actual_mask_ratio: 0.0707 (0.0688)  actual_prediction_mask_ratio: 0.2326 (0.2153)  ignored_patch_ratio: 0.0488 (0.0542)  time: 0.0872  data: 0.0001  max mem: 1904
[17:50:45.354407] Val: [29]  [200/533]  eta: 0:00:29  loss: 0.0011 (0.0018)  mae_m_mask: 0.6488 (0.6802)  rmse_m_mask: 0.7634 (0.8086)  normalized_mse_mask: 0.0011 (0.0018)  rmse_m_all: 13.9931 (15.0662)  actual_mask_ratio: 0.0760 (0.0695)  actual_prediction_mask_ratio: 0.2427 (0.2204)  ignored_patch_ratio: 0.0000 (0.0447)  time: 0.0869  data: 0.0001  max mem: 1904
[17:50:49.750278] Val: [29]  [250/533]  eta: 0:00:24  loss: 0.0010 (0.0017)  mae_m_mask: 0.9531 (0.7412)  rmse_m_mask: 1.1538 (0.8755)  normalized_mse_mask: 0.0010 (0.0017)  rmse_m_all: 14.6603 (15.4249)  actual_mask_ratio: 0.0725 (0.0702)  actual_prediction_mask_ratio: 0.2314 (0.2225)  ignored_patch_ratio: 0.0306 (0.0393)  time: 0.0878  data: 0.0001  max mem: 1904
[17:50:54.122683] Val: [29]  [300/533]  eta: 0:00:20  loss: 0.0005 (0.0017)  mae_m_mask: 0.7041 (0.8004)  rmse_m_mask: 0.8600 (0.9405)  normalized_mse_mask: 0.0005 (0.0017)  rmse_m_all: 23.2964 (16.4979)  actual_mask_ratio: 0.0700 (0.0704)  actual_prediction_mask_ratio: 0.2121 (0.2229)  ignored_patch_ratio: 0.0516 (0.0394)  time: 0.0883  data: 0.0001  max mem: 1904
[17:50:58.539994] Val: [29]  [350/533]  eta: 0:00:16  loss: 0.0008 (0.0016)  mae_m_mask: 0.7830 (0.7965)  rmse_m_mask: 0.9273 (0.9367)  normalized_mse_mask: 0.0008 (0.0016)  rmse_m_all: 19.5403 (16.6971)  actual_mask_ratio: 0.0698 (0.0705)  actual_prediction_mask_ratio: 0.2170 (0.2230)  ignored_patch_ratio: 0.0391 (0.0384)  time: 0.0888  data: 0.0001  max mem: 1904
[17:51:03.043270] Val: [29]  [400/533]  eta: 0:00:11  loss: 0.0008 (0.0016)  mae_m_mask: 0.7963 (0.8256)  rmse_m_mask: 0.9441 (0.9685)  normalized_mse_mask: 0.0008 (0.0016)  rmse_m_all: 18.8121 (17.0745)  actual_mask_ratio: 0.0683 (0.0702)  actual_prediction_mask_ratio: 0.2164 (0.2218)  ignored_patch_ratio: 0.0476 (0.0400)  time: 0.0894  data: 0.0001  max mem: 1904
[17:51:07.463120] Val: [29]  [450/533]  eta: 0:00:07  loss: 0.0011 (0.0017)  mae_m_mask: 0.9971 (0.8588)  rmse_m_mask: 1.2850 (1.0096)  normalized_mse_mask: 0.0011 (0.0017)  rmse_m_all: 16.9685 (17.0881)  actual_mask_ratio: 0.0670 (0.0702)  actual_prediction_mask_ratio: 0.2143 (0.2217)  ignored_patch_ratio: 0.0612 (0.0412)  time: 0.0875  data: 0.0001  max mem: 1904
[17:51:11.810168] Val: [29]  [500/533]  eta: 0:00:02  loss: 0.0004 (0.0016)  mae_m_mask: 0.5864 (0.8447)  rmse_m_mask: 0.7326 (0.9937)  normalized_mse_mask: 0.0004 (0.0016)  rmse_m_all: 16.3935 (17.1386)  actual_mask_ratio: 0.0673 (0.0700)  actual_prediction_mask_ratio: 0.2116 (0.2212)  ignored_patch_ratio: 0.0573 (0.0425)  time: 0.0864  data: 0.0001  max mem: 1904
[17:51:14.551153] Val: [29]  [532/533]  eta: 0:00:00  loss: 0.0007 (0.0017)  mae_m_mask: 0.7060 (0.8412)  rmse_m_mask: 0.9312 (0.9896)  normalized_mse_mask: 0.0007 (0.0017)  rmse_m_all: 17.8044 (17.1931)  actual_mask_ratio: 0.0666 (0.0699)  actual_prediction_mask_ratio: 0.2121 (0.2208)  ignored_patch_ratio: 0.0550 (0.0432)  time: 0.0854  data: 0.0001  max mem: 1904
[17:51:14.581258] Val: [29] Total time: 0:00:46 (0.0881 s / it)
[17:51:14.582880] val stats: {'loss': 0.0016336112074441655, 'mae_m_mask': 0.8222001439396747, 'rmse_m_mask': 1.0982937393740528, 'normalized_mse_mask': 0.0016336112074441655, 'rmse_m_all': 17.193114964644412, 'actual_mask_ratio': 0.06990061117437499, 'actual_prediction_mask_ratio': 0.22084709342156744, 'ignored_patch_ratio': 0.04319662906886489, 'supervised_pixel_count': 11054205.0}
[17:51:18.749552] log_dir: /tank/data/SFS/xinyis/data/bathymetry/MAE-Topography/Downstream_Task_Bathy/cross_validation_v5_Stage2NormMSE_MeterSelect/runs/holdout_CA_D004Stage2NormMSE_MeterSelect_D001NoDataSafe/train_stage2_normMSE_meterSelect_CA_KlamathRiver_TopoBathy_2018_D18_fromStage1Best_e120_lr1e-5_b4_acc4/tb
[17:51:18.947002] Epoch: [30]  [  0/759]  eta: 0:02:29  lr: 0.000009  loss: 0.0053 (0.0053)  mae_m_mask: 0.2667 (0.2667)  rmse_m_mask: 0.3688 (0.3688)  normalized_mse_mask: 0.0053 (0.0053)  rmse_m_all: 6.8726 (6.8726)  actual_mask_ratio: 0.0669 (0.0669)  actual_prediction_mask_ratio: 0.2211 (0.2211)  ignored_patch_ratio: 0.0000 (0.0000)  time: 0.1969  data: 0.0857  max mem: 1904
[17:51:21.279570] Epoch: [30]  [ 20/759]  eta: 0:01:28  lr: 0.000009  loss: 0.0102 (0.0229)  mae_m_mask: 0.2398 (0.2616)  rmse_m_mask: 0.3427 (0.3851)  normalized_mse_mask: 0.0102 (0.0229)  rmse_m_all: 6.9537 (7.1299)  actual_mask_ratio: 0.0720 (0.0711)  actual_prediction_mask_ratio: 0.2339 (0.2335)  ignored_patch_ratio: 0.0000 (0.0042)  time: 0.1166  data: 0.0001  max mem: 1904
[17:51:23.613407] Epoch: [30]  [ 40/759]  eta: 0:01:25  lr: 0.000009  loss: 0.0177 (0.0217)  mae_m_mask: 0.2178 (0.2575)  rmse_m_mask: 0.3144 (0.3806)  normalized_mse_mask: 0.0177 (0.0217)  rmse_m_all: 5.6650 (6.8777)  actual_mask_ratio: 0.0731 (0.0712)  actual_prediction_mask_ratio: 0.2438 (0.2332)  ignored_patch_ratio: 0.0000 (0.0047)  time: 0.1167  data: 0.0001  max mem: 1904
[17:51:25.947729] Epoch: [30]  [ 60/759]  eta: 0:01:22  lr: 0.000009  loss: 0.0129 (0.0216)  mae_m_mask: 0.2499 (0.2583)  rmse_m_mask: 0.3405 (0.3772)  normalized_mse_mask: 0.0129 (0.0216)  rmse_m_all: 7.8920 (7.4527)  actual_mask_ratio: 0.0703 (0.0712)  actual_prediction_mask_ratio: 0.2313 (0.2330)  ignored_patch_ratio: 0.0000 (0.0040)  time: 0.1167  data: 0.0001  max mem: 1904
[17:51:28.282241] Epoch: [30]  [ 80/759]  eta: 0:01:19  lr: 0.000009  loss: 0.0131 (0.0231)  mae_m_mask: 0.2070 (0.2530)  rmse_m_mask: 0.2907 (0.3660)  normalized_mse_mask: 0.0131 (0.0231)  rmse_m_all: 5.5456 (7.0941)  actual_mask_ratio: 0.0716 (0.0710)  actual_prediction_mask_ratio: 0.2358 (0.2340)  ignored_patch_ratio: 0.0000 (0.0032)  time: 0.1167  data: 0.0001  max mem: 1904
[17:51:30.615210] Epoch: [30]  [100/759]  eta: 0:01:17  lr: 0.000009  loss: 0.0137 (0.0227)  mae_m_mask: 0.2106 (0.2451)  rmse_m_mask: 0.3070 (0.3552)  normalized_mse_mask: 0.0137 (0.0227)  rmse_m_all: 7.3492 (6.9244)  actual_mask_ratio: 0.0721 (0.0714)  actual_prediction_mask_ratio: 0.2421 (0.2354)  ignored_patch_ratio: 0.0000 (0.0027)  time: 0.1166  data: 0.0001  max mem: 1904
[17:51:32.950072] Epoch: [30]  [120/759]  eta: 0:01:14  lr: 0.000009  loss: 0.0065 (0.0214)  mae_m_mask: 0.2241 (0.2419)  rmse_m_mask: 0.3325 (0.3526)  normalized_mse_mask: 0.0065 (0.0214)  rmse_m_all: 5.9195 (6.9745)  actual_mask_ratio: 0.0703 (0.0714)  actual_prediction_mask_ratio: 0.2404 (0.2358)  ignored_patch_ratio: 0.0000 (0.0025)  time: 0.1167  data: 0.0001  max mem: 1904
[17:51:35.285448] Epoch: [30]  [140/759]  eta: 0:01:12  lr: 0.000009  loss: 0.0197 (0.0217)  mae_m_mask: 0.2074 (0.2444)  rmse_m_mask: 0.3217 (0.3574)  normalized_mse_mask: 0.0197 (0.0217)  rmse_m_all: 6.4810 (7.0284)  actual_mask_ratio: 0.0737 (0.0715)  actual_prediction_mask_ratio: 0.2347 (0.2354)  ignored_patch_ratio: 0.0000 (0.0026)  time: 0.1167  data: 0.0001  max mem: 1904
[17:51:37.616771] Epoch: [30]  [160/759]  eta: 0:01:10  lr: 0.000009  loss: 0.0128 (0.0230)  mae_m_mask: 0.2162 (0.2422)  rmse_m_mask: 0.3107 (0.3552)  normalized_mse_mask: 0.0128 (0.0230)  rmse_m_all: 7.3085 (7.0957)  actual_mask_ratio: 0.0726 (0.0717)  actual_prediction_mask_ratio: 0.2426 (0.2359)  ignored_patch_ratio: 0.0000 (0.0024)  time: 0.1165  data: 0.0001  max mem: 1904
[17:51:39.954381] Epoch: [30]  [180/759]  eta: 0:01:07  lr: 0.000009  loss: 0.0094 (0.0227)  mae_m_mask: 0.2441 (0.2439)  rmse_m_mask: 0.3463 (0.3580)  normalized_mse_mask: 0.0094 (0.0227)  rmse_m_all: 4.3937 (7.0705)  actual_mask_ratio: 0.0720 (0.0719)  actual_prediction_mask_ratio: 0.2387 (0.2358)  ignored_patch_ratio: 0.0000 (0.0026)  time: 0.1168  data: 0.0001  max mem: 1904
[17:51:42.290160] Epoch: [30]  [200/759]  eta: 0:01:05  lr: 0.000009  loss: 0.0092 (0.0219)  mae_m_mask: 0.2628 (0.2456)  rmse_m_mask: 0.3879 (0.3610)  normalized_mse_mask: 0.0092 (0.0219)  rmse_m_all: 7.9139 (7.1810)  actual_mask_ratio: 0.0698 (0.0716)  actual_prediction_mask_ratio: 0.2330 (0.2349)  ignored_patch_ratio: 0.0000 (0.0023)  time: 0.1168  data: 0.0001  max mem: 1904
[17:51:44.620637] Epoch: [30]  [220/759]  eta: 0:01:03  lr: 0.000009  loss: 0.0182 (0.0228)  mae_m_mask: 0.2088 (0.2429)  rmse_m_mask: 0.2882 (0.3561)  normalized_mse_mask: 0.0182 (0.0228)  rmse_m_all: 7.4948 (7.1334)  actual_mask_ratio: 0.0737 (0.0719)  actual_prediction_mask_ratio: 0.2389 (0.2354)  ignored_patch_ratio: 0.0000 (0.0023)  time: 0.1165  data: 0.0001  max mem: 1904
[17:51:46.954702] Epoch: [30]  [240/759]  eta: 0:01:00  lr: 0.000009  loss: 0.0160 (0.0226)  mae_m_mask: 0.2046 (0.2410)  rmse_m_mask: 0.3140 (0.3541)  normalized_mse_mask: 0.0160 (0.0226)  rmse_m_all: 7.2745 (7.1985)  actual_mask_ratio: 0.0686 (0.0717)  actual_prediction_mask_ratio: 0.2358 (0.2351)  ignored_patch_ratio: 0.0000 (0.0021)  time: 0.1167  data: 0.0001  max mem: 1904
[17:51:49.210943] Epoch: [30]  [260/759]  eta: 0:00:58  lr: 0.000009  loss: 0.0117 (0.0230)  mae_m_mask: 0.2027 (0.2395)  rmse_m_mask: 0.2991 (0.3516)  normalized_mse_mask: 0.0117 (0.0230)  rmse_m_all: 6.0963 (7.1426)  actual_mask_ratio: 0.0697 (0.0715)  actual_prediction_mask_ratio: 0.2375 (0.2348)  ignored_patch_ratio: 0.0000 (0.0021)  time: 0.1128  data: 0.0001  max mem: 1904
[17:51:51.462892] Epoch: [30]  [280/759]  eta: 0:00:55  lr: 0.000009  loss: 0.0180 (0.0233)  mae_m_mask: 0.2372 (0.2401)  rmse_m_mask: 0.3336 (0.3527)  normalized_mse_mask: 0.0180 (0.0233)  rmse_m_all: 6.9877 (7.1821)  actual_mask_ratio: 0.0703 (0.0715)  actual_prediction_mask_ratio: 0.2273 (0.2346)  ignored_patch_ratio: 0.0000 (0.0020)  time: 0.1126  data: 0.0001  max mem: 1904
[17:51:53.718329] Epoch: [30]  [300/759]  eta: 0:00:53  lr: 0.000009  loss: 0.0090 (0.0227)  mae_m_mask: 0.2375 (0.2426)  rmse_m_mask: 0.3470 (0.3559)  normalized_mse_mask: 0.0090 (0.0227)  rmse_m_all: 6.3483 (7.2592)  actual_mask_ratio: 0.0692 (0.0714)  actual_prediction_mask_ratio: 0.2370 (0.2344)  ignored_patch_ratio: 0.0000 (0.0021)  time: 0.1127  data: 0.0001  max mem: 1904
[17:51:55.943166] Epoch: [30]  [320/759]  eta: 0:00:50  lr: 0.000009  loss: 0.0265 (0.0232)  mae_m_mask: 0.1757 (0.2406)  rmse_m_mask: 0.2801 (0.3529)  normalized_mse_mask: 0.0265 (0.0232)  rmse_m_all: 6.0815 (7.2079)  actual_mask_ratio: 0.0716 (0.0715)  actual_prediction_mask_ratio: 0.2387 (0.2348)  ignored_patch_ratio: 0.0000 (0.0022)  time: 0.1112  data: 0.0001  max mem: 1904
[17:51:58.134933] Epoch: [30]  [340/759]  eta: 0:00:48  lr: 0.000009  loss: 0.0176 (0.0232)  mae_m_mask: 0.2075 (0.2388)  rmse_m_mask: 0.2679 (0.3503)  normalized_mse_mask: 0.0176 (0.0232)  rmse_m_all: 4.7512 (7.1067)  actual_mask_ratio: 0.0680 (0.0713)  actual_prediction_mask_ratio: 0.2290 (0.2344)  ignored_patch_ratio: 0.0000 (0.0025)  time: 0.1096  data: 0.0001  max mem: 1904
[17:52:00.328289] Epoch: [30]  [360/759]  eta: 0:00:45  lr: 0.000009  loss: 0.0086 (0.0228)  mae_m_mask: 0.2301 (0.2391)  rmse_m_mask: 0.3416 (0.3511)  normalized_mse_mask: 0.0086 (0.0228)  rmse_m_all: 5.6417 (7.0930)  actual_mask_ratio: 0.0726 (0.0714)  actual_prediction_mask_ratio: 0.2313 (0.2345)  ignored_patch_ratio: 0.0000 (0.0024)  time: 0.1096  data: 0.0001  max mem: 1904
[17:52:02.545550] Epoch: [30]  [380/759]  eta: 0:00:43  lr: 0.000009  loss: 0.0052 (0.0224)  mae_m_mask: 0.1992 (0.2376)  rmse_m_mask: 0.2775 (0.3488)  normalized_mse_mask: 0.0052 (0.0224)  rmse_m_all: 7.3993 (7.1235)  actual_mask_ratio: 0.0692 (0.0713)  actual_prediction_mask_ratio: 0.2188 (0.2342)  ignored_patch_ratio: 0.0000 (0.0025)  time: 0.1108  data: 0.0001  max mem: 1904
[17:52:04.758719] Epoch: [30]  [400/759]  eta: 0:00:41  lr: 0.000009  loss: 0.0162 (0.0223)  mae_m_mask: 0.2131 (0.2371)  rmse_m_mask: 0.3214 (0.3482)  normalized_mse_mask: 0.0162 (0.0223)  rmse_m_all: 7.8201 (7.1511)  actual_mask_ratio: 0.0754 (0.0715)  actual_prediction_mask_ratio: 0.2364 (0.2346)  ignored_patch_ratio: 0.0000 (0.0024)  time: 0.1106  data: 0.0001  max mem: 1904
[17:52:06.961508] Epoch: [30]  [420/759]  eta: 0:00:38  lr: 0.000008  loss: 0.0157 (0.0222)  mae_m_mask: 0.2073 (0.2364)  rmse_m_mask: 0.2914 (0.3470)  normalized_mse_mask: 0.0157 (0.0222)  rmse_m_all: 7.8516 (7.1939)  actual_mask_ratio: 0.0709 (0.0716)  actual_prediction_mask_ratio: 0.2291 (0.2345)  ignored_patch_ratio: 0.0000 (0.0023)  time: 0.1101  data: 0.0001  max mem: 1904
[17:52:09.142976] Epoch: [30]  [440/759]  eta: 0:00:36  lr: 0.000008  loss: 0.0129 (0.0219)  mae_m_mask: 0.2065 (0.2371)  rmse_m_mask: 0.2904 (0.3479)  normalized_mse_mask: 0.0129 (0.0219)  rmse_m_all: 7.2741 (7.1836)  actual_mask_ratio: 0.0686 (0.0715)  actual_prediction_mask_ratio: 0.2273 (0.2343)  ignored_patch_ratio: 0.0000 (0.0024)  time: 0.1090  data: 0.0001  max mem: 1904
[17:52:11.369923] Epoch: [30]  [460/759]  eta: 0:00:34  lr: 0.000008  loss: 0.0100 (0.0217)  mae_m_mask: 0.2161 (0.2369)  rmse_m_mask: 0.3174 (0.3478)  normalized_mse_mask: 0.0100 (0.0217)  rmse_m_all: 8.8697 (7.2502)  actual_mask_ratio: 0.0726 (0.0715)  actual_prediction_mask_ratio: 0.2415 (0.2345)  ignored_patch_ratio: 0.0000 (0.0025)  time: 0.1113  data: 0.0001  max mem: 1904
[17:52:13.583417] Epoch: [30]  [480/759]  eta: 0:00:31  lr: 0.000008  loss: 0.0152 (0.0216)  mae_m_mask: 0.1916 (0.2358)  rmse_m_mask: 0.2639 (0.3462)  normalized_mse_mask: 0.0152 (0.0216)  rmse_m_all: 5.6964 (7.2140)  actual_mask_ratio: 0.0709 (0.0716)  actual_prediction_mask_ratio: 0.2336 (0.2345)  ignored_patch_ratio: 0.0000 (0.0025)  time: 0.1106  data: 0.0001  max mem: 1904
[17:52:15.647731] Epoch: [30]  [500/759]  eta: 0:00:29  lr: 0.000008  loss: 0.0164 (0.0216)  mae_m_mask: 0.1962 (0.2353)  rmse_m_mask: 0.2627 (0.3451)  normalized_mse_mask: 0.0164 (0.0216)  rmse_m_all: 7.1591 (7.2359)  actual_mask_ratio: 0.0731 (0.0716)  actual_prediction_mask_ratio: 0.2395 (0.2346)  ignored_patch_ratio: 0.0000 (0.0024)  time: 0.1032  data: 0.0001  max mem: 1904
[17:52:18.133303] Epoch: [30]  [520/759]  eta: 0:00:27  lr: 0.000008  loss: 0.0099 (0.0214)  mae_m_mask: 0.2075 (0.2347)  rmse_m_mask: 0.3046 (0.3439)  normalized_mse_mask: 0.0099 (0.0214)  rmse_m_all: 7.6793 (7.2729)  actual_mask_ratio: 0.0743 (0.0716)  actual_prediction_mask_ratio: 0.2421 (0.2348)  ignored_patch_ratio: 0.0000 (0.0024)  time: 0.1242  data: 0.0505  max mem: 1904
[17:52:20.039677] Epoch: [30]  [540/759]  eta: 0:00:24  lr: 0.000008  loss: 0.0167 (0.0214)  mae_m_mask: 0.1905 (0.2344)  rmse_m_mask: 0.2684 (0.3443)  normalized_mse_mask: 0.0167 (0.0214)  rmse_m_all: 6.9211 (7.2757)  actual_mask_ratio: 0.0709 (0.0717)  actual_prediction_mask_ratio: 0.2316 (0.2350)  ignored_patch_ratio: 0.0000 (0.0024)  time: 0.0953  data: 0.0001  max mem: 1904
[17:52:22.337097] Epoch: [30]  [560/759]  eta: 0:00:22  lr: 0.000008  loss: 0.0103 (0.0211)  mae_m_mask: 0.2277 (0.2345)  rmse_m_mask: 0.3190 (0.3449)  normalized_mse_mask: 0.0103 (0.0211)  rmse_m_all: 6.8985 (7.2664)  actual_mask_ratio: 0.0760 (0.0718)  actual_prediction_mask_ratio: 0.2449 (0.2352)  ignored_patch_ratio: 0.0000 (0.0024)  time: 0.1148  data: 0.0001  max mem: 1904
[17:52:24.630930] Epoch: [30]  [580/759]  eta: 0:00:20  lr: 0.000008  loss: 0.0158 (0.0213)  mae_m_mask: 0.2091 (0.2344)  rmse_m_mask: 0.3114 (0.3452)  normalized_mse_mask: 0.0158 (0.0213)  rmse_m_all: 6.6737 (7.2398)  actual_mask_ratio: 0.0743 (0.0719)  actual_prediction_mask_ratio: 0.2398 (0.2353)  ignored_patch_ratio: 0.0000 (0.0023)  time: 0.1146  data: 0.0001  max mem: 1904
[17:52:26.923131] Epoch: [30]  [600/759]  eta: 0:00:18  lr: 0.000008  loss: 0.0171 (0.0213)  mae_m_mask: 0.2272 (0.2352)  rmse_m_mask: 0.3245 (0.3472)  normalized_mse_mask: 0.0171 (0.0213)  rmse_m_all: 6.7273 (7.2635)  actual_mask_ratio: 0.0697 (0.0718)  actual_prediction_mask_ratio: 0.2256 (0.2352)  ignored_patch_ratio: 0.0000 (0.0023)  time: 0.1146  data: 0.0001  max mem: 1904
[17:52:29.218613] Epoch: [30]  [620/759]  eta: 0:00:15  lr: 0.000008  loss: 0.0130 (0.0213)  mae_m_mask: 0.2463 (0.2357)  rmse_m_mask: 0.3372 (0.3481)  normalized_mse_mask: 0.0130 (0.0213)  rmse_m_all: 6.4548 (7.2746)  actual_mask_ratio: 0.0731 (0.0719)  actual_prediction_mask_ratio: 0.2397 (0.2354)  ignored_patch_ratio: 0.0000 (0.0023)  time: 0.1147  data: 0.0001  max mem: 1904
[17:52:31.435781] Epoch: [30]  [640/759]  eta: 0:00:13  lr: 0.000008  loss: 0.0093 (0.0213)  mae_m_mask: 0.2445 (0.2365)  rmse_m_mask: 0.3649 (0.3491)  normalized_mse_mask: 0.0093 (0.0213)  rmse_m_all: 6.4968 (7.2860)  actual_mask_ratio: 0.0726 (0.0719)  actual_prediction_mask_ratio: 0.2455 (0.2355)  ignored_patch_ratio: 0.0000 (0.0023)  time: 0.1108  data: 0.0001  max mem: 1904
[17:52:33.669858] Epoch: [30]  [660/759]  eta: 0:00:11  lr: 0.000008  loss: 0.0173 (0.0213)  mae_m_mask: 0.2154 (0.2362)  rmse_m_mask: 0.2907 (0.3482)  normalized_mse_mask: 0.0173 (0.0213)  rmse_m_all: 6.5462 (7.2672)  actual_mask_ratio: 0.0729 (0.0719)  actual_prediction_mask_ratio: 0.2449 (0.2355)  ignored_patch_ratio: 0.0000 (0.0024)  time: 0.1117  data: 0.0001  max mem: 1904
[17:52:35.915491] Epoch: [30]  [680/759]  eta: 0:00:08  lr: 0.000008  loss: 0.0095 (0.0212)  mae_m_mask: 0.2171 (0.2361)  rmse_m_mask: 0.3345 (0.3483)  normalized_mse_mask: 0.0095 (0.0212)  rmse_m_all: 7.8902 (7.3046)  actual_mask_ratio: 0.0697 (0.0719)  actual_prediction_mask_ratio: 0.2290 (0.2354)  ignored_patch_ratio: 0.0000 (0.0023)  time: 0.1122  data: 0.0001  max mem: 1904
[17:52:38.162679] Epoch: [30]  [700/759]  eta: 0:00:06  lr: 0.000008  loss: 0.0146 (0.0211)  mae_m_mask: 0.2418 (0.2367)  rmse_m_mask: 0.3711 (0.3494)  normalized_mse_mask: 0.0146 (0.0211)  rmse_m_all: 10.0642 (7.3832)  actual_mask_ratio: 0.0686 (0.0718)  actual_prediction_mask_ratio: 0.2188 (0.2351)  ignored_patch_ratio: 0.0000 (0.0023)  time: 0.1123  data: 0.0001  max mem: 1904
[17:52:40.365080] Epoch: [30]  [720/759]  eta: 0:00:04  lr: 0.000008  loss: 0.0095 (0.0210)  mae_m_mask: 0.2568 (0.2371)  rmse_m_mask: 0.3281 (0.3500)  normalized_mse_mask: 0.0095 (0.0210)  rmse_m_all: 6.1135 (7.3772)  actual_mask_ratio: 0.0737 (0.0718)  actual_prediction_mask_ratio: 0.2443 (0.2353)  ignored_patch_ratio: 0.0000 (0.0022)  time: 0.1101  data: 0.0001  max mem: 1904
[17:52:42.600618] Epoch: [30]  [740/759]  eta: 0:00:02  lr: 0.000008  loss: 0.0128 (0.0210)  mae_m_mask: 0.2079 (0.2366)  rmse_m_mask: 0.3276 (0.3493)  normalized_mse_mask: 0.0128 (0.0210)  rmse_m_all: 5.0337 (7.3577)  actual_mask_ratio: 0.0697 (0.0718)  actual_prediction_mask_ratio: 0.2375 (0.2352)  ignored_patch_ratio: 0.0000 (0.0022)  time: 0.1117  data: 0.0001  max mem: 1904
[17:52:44.598561] Epoch: [30]  [758/759]  eta: 0:00:00  lr: 0.000008  loss: 0.0098 (0.0208)  mae_m_mask: 0.2402 (0.2367)  rmse_m_mask: 0.3469 (0.3492)  normalized_mse_mask: 0.0098 (0.0208)  rmse_m_all: 8.0103 (7.3690)  actual_mask_ratio: 0.0714 (0.0717)  actual_prediction_mask_ratio: 0.2295 (0.2352)  ignored_patch_ratio: 0.0000 (0.0022)  time: 0.1113  data: 0.0001  max mem: 1904
[17:52:44.630040] Epoch: [30] Total time: 0:01:25 (0.1131 s / it)
[17:52:44.630408] Averaged stats: {'lr': 8.504208480105492e-06, 'loss': 0.020442575237102797, 'mae_m_mask': 0.23441464463005746, 'rmse_m_mask': 0.37145298402954186, 'normalized_mse_mask': 0.020442575237102797, 'rmse_m_all': 7.368985327336157, 'actual_mask_ratio': 0.07173994486373561, 'actual_prediction_mask_ratio': 0.23518086147245526, 'ignored_patch_ratio': 0.002177197628498706, 'supervised_pixel_count': 14696750.0}
[17:52:44.809287] Val: [30]  [  0/533]  eta: 0:01:33  loss: 0.0100 (0.0100)  mae_m_mask: 0.8985 (0.8985)  rmse_m_mask: 1.1161 (1.1161)  normalized_mse_mask: 0.0100 (0.0100)  rmse_m_all: 13.9794 (13.9794)  actual_mask_ratio: 0.0787 (0.0787)  actual_prediction_mask_ratio: 0.2431 (0.2431)  ignored_patch_ratio: 0.0488 (0.0488)  time: 0.1763  data: 0.0856  max mem: 1904
[17:52:48.467277] Val: [30]  [ 50/533]  eta: 0:00:36  loss: 0.0011 (0.0036)  mae_m_mask: 0.6080 (0.6796)  rmse_m_mask: 0.7252 (0.8031)  normalized_mse_mask: 0.0011 (0.0036)  rmse_m_all: 13.4174 (14.2437)  actual_mask_ratio: 0.0694 (0.0693)  actual_prediction_mask_ratio: 0.2120 (0.2147)  ignored_patch_ratio: 0.0527 (0.0550)  time: 0.0591  data: 0.0001  max mem: 1904
[17:52:52.048035] Val: [30]  [100/533]  eta: 0:00:31  loss: 0.0005 (0.0021)  mae_m_mask: 0.5695 (0.6597)  rmse_m_mask: 0.7313 (0.7892)  normalized_mse_mask: 0.0005 (0.0021)  rmse_m_all: 18.0545 (15.8736)  actual_mask_ratio: 0.0645 (0.0686)  actual_prediction_mask_ratio: 0.2076 (0.2139)  ignored_patch_ratio: 0.0550 (0.0538)  time: 0.0667  data: 0.0001  max mem: 1904
[17:52:56.506066] Val: [30]  [150/533]  eta: 0:00:30  loss: 0.0008 (0.0017)  mae_m_mask: 0.3865 (0.6385)  rmse_m_mask: 0.5202 (0.7652)  normalized_mse_mask: 0.0008 (0.0017)  rmse_m_all: 11.4780 (15.8299)  actual_mask_ratio: 0.0707 (0.0688)  actual_prediction_mask_ratio: 0.2326 (0.2153)  ignored_patch_ratio: 0.0488 (0.0542)  time: 0.0884  data: 0.0001  max mem: 1904
[17:53:00.960331] Val: [30]  [200/533]  eta: 0:00:27  loss: 0.0014 (0.0017)  mae_m_mask: 0.8445 (0.6602)  rmse_m_mask: 0.9582 (0.7866)  normalized_mse_mask: 0.0014 (0.0017)  rmse_m_all: 14.1978 (15.2997)  actual_mask_ratio: 0.0760 (0.0695)  actual_prediction_mask_ratio: 0.2427 (0.2204)  ignored_patch_ratio: 0.0000 (0.0447)  time: 0.0879  data: 0.0001  max mem: 1904
[17:53:05.367963] Val: [30]  [250/533]  eta: 0:00:23  loss: 0.0010 (0.0018)  mae_m_mask: 0.7952 (0.7522)  rmse_m_mask: 1.0121 (0.8847)  normalized_mse_mask: 0.0010 (0.0018)  rmse_m_all: 14.8938 (15.6633)  actual_mask_ratio: 0.0725 (0.0702)  actual_prediction_mask_ratio: 0.2314 (0.2225)  ignored_patch_ratio: 0.0306 (0.0393)  time: 0.0869  data: 0.0001  max mem: 1904
[17:53:09.744062] Val: [30]  [300/533]  eta: 0:00:19  loss: 0.0005 (0.0017)  mae_m_mask: 0.7803 (0.8010)  rmse_m_mask: 0.9298 (0.9384)  normalized_mse_mask: 0.0005 (0.0017)  rmse_m_all: 23.6648 (16.7549)  actual_mask_ratio: 0.0700 (0.0704)  actual_prediction_mask_ratio: 0.2121 (0.2229)  ignored_patch_ratio: 0.0516 (0.0394)  time: 0.0887  data: 0.0001  max mem: 1904
[17:53:14.166778] Val: [30]  [350/533]  eta: 0:00:15  loss: 0.0006 (0.0016)  mae_m_mask: 0.6228 (0.8018)  rmse_m_mask: 0.7604 (0.9394)  normalized_mse_mask: 0.0006 (0.0016)  rmse_m_all: 19.8450 (16.9571)  actual_mask_ratio: 0.0698 (0.0705)  actual_prediction_mask_ratio: 0.2170 (0.2230)  ignored_patch_ratio: 0.0391 (0.0384)  time: 0.0899  data: 0.0001  max mem: 1904
[17:53:18.671354] Val: [30]  [400/533]  eta: 0:00:11  loss: 0.0007 (0.0015)  mae_m_mask: 0.6834 (0.8106)  rmse_m_mask: 0.8337 (0.9495)  normalized_mse_mask: 0.0007 (0.0015)  rmse_m_all: 19.0961 (17.3414)  actual_mask_ratio: 0.0683 (0.0702)  actual_prediction_mask_ratio: 0.2164 (0.2218)  ignored_patch_ratio: 0.0476 (0.0400)  time: 0.0897  data: 0.0001  max mem: 1904
[17:53:23.137935] Val: [30]  [450/533]  eta: 0:00:07  loss: 0.0009 (0.0016)  mae_m_mask: 0.9692 (0.8304)  rmse_m_mask: 1.0718 (0.9764)  normalized_mse_mask: 0.0009 (0.0016)  rmse_m_all: 17.2303 (17.3552)  actual_mask_ratio: 0.0670 (0.0702)  actual_prediction_mask_ratio: 0.2143 (0.2217)  ignored_patch_ratio: 0.0612 (0.0412)  time: 0.0884  data: 0.0001  max mem: 1904
[17:53:27.673815] Val: [30]  [500/533]  eta: 0:00:02  loss: 0.0004 (0.0015)  mae_m_mask: 0.5256 (0.8132)  rmse_m_mask: 0.6233 (0.9574)  normalized_mse_mask: 0.0004 (0.0015)  rmse_m_all: 16.6651 (17.4065)  actual_mask_ratio: 0.0673 (0.0700)  actual_prediction_mask_ratio: 0.2116 (0.2212)  ignored_patch_ratio: 0.0573 (0.0425)  time: 0.0912  data: 0.0001  max mem: 1904
[17:53:30.558387] Val: [30]  [532/533]  eta: 0:00:00  loss: 0.0005 (0.0016)  mae_m_mask: 0.6187 (0.8071)  rmse_m_mask: 0.7157 (0.9507)  normalized_mse_mask: 0.0005 (0.0016)  rmse_m_all: 18.0736 (17.4626)  actual_mask_ratio: 0.0666 (0.0699)  actual_prediction_mask_ratio: 0.2121 (0.2208)  ignored_patch_ratio: 0.0550 (0.0432)  time: 0.0890  data: 0.0001  max mem: 1904
[17:53:30.585550] Val: [30] Total time: 0:00:45 (0.0862 s / it)
[17:53:30.586795] val stats: {'loss': 0.0015649094218886217, 'mae_m_mask': 0.7989976288647058, 'rmse_m_mask': 1.066542290266172, 'normalized_mse_mask': 0.0015649094218886217, 'rmse_m_all': 17.462553761466136, 'actual_mask_ratio': 0.06990061117437499, 'actual_prediction_mask_ratio': 0.22084709342156744, 'ignored_patch_ratio': 0.04319662906886489, 'supervised_pixel_count': 11054205.0}
[17:53:34.923085] log_dir: /tank/data/SFS/xinyis/data/bathymetry/MAE-Topography/Downstream_Task_Bathy/cross_validation_v5_Stage2NormMSE_MeterSelect/runs/holdout_CA_D004Stage2NormMSE_MeterSelect_D001NoDataSafe/train_stage2_normMSE_meterSelect_CA_KlamathRiver_TopoBathy_2018_D18_fromStage1Best_e120_lr1e-5_b4_acc4/tb
[17:53:35.119407] Epoch: [31]  [  0/759]  eta: 0:02:28  lr: 0.000008  loss: 0.0074 (0.0074)  mae_m_mask: 0.1778 (0.1778)  rmse_m_mask: 0.2435 (0.2435)  normalized_mse_mask: 0.0074 (0.0074)  rmse_m_all: 6.9588 (6.9588)  actual_mask_ratio: 0.0720 (0.0720)  actual_prediction_mask_ratio: 0.2506 (0.2506)  ignored_patch_ratio: 0.0000 (0.0000)  time: 0.1958  data: 0.0836  max mem: 1904
[17:53:37.409560] Epoch: [31]  [ 20/759]  eta: 0:01:27  lr: 0.000008  loss: 0.0097 (0.0160)  mae_m_mask: 0.2554 (0.2623)  rmse_m_mask: 0.3668 (0.3847)  normalized_mse_mask: 0.0097 (0.0160)  rmse_m_all: 6.4235 (7.6298)  actual_mask_ratio: 0.0748 (0.0730)  actual_prediction_mask_ratio: 0.2415 (0.2360)  ignored_patch_ratio: 0.0000 (0.0021)  time: 0.1145  data: 0.0001  max mem: 1904
[17:53:39.686567] Epoch: [31]  [ 40/759]  eta: 0:01:23  lr: 0.000008  loss: 0.0087 (0.0192)  mae_m_mask: 0.1972 (0.2492)  rmse_m_mask: 0.2792 (0.3607)  normalized_mse_mask: 0.0087 (0.0192)  rmse_m_all: 6.6230 (7.4962)  actual_mask_ratio: 0.0731 (0.0734)  actual_prediction_mask_ratio: 0.2426 (0.2405)  ignored_patch_ratio: 0.0000 (0.0011)  time: 0.1138  data: 0.0001  max mem: 1904
[17:53:42.008446] Epoch: [31]  [ 60/759]  eta: 0:01:21  lr: 0.000008  loss: 0.0181 (0.0211)  mae_m_mask: 0.2316 (0.2484)  rmse_m_mask: 0.3616 (0.3626)  normalized_mse_mask: 0.0181 (0.0211)  rmse_m_all: 7.8123 (7.4138)  actual_mask_ratio: 0.0726 (0.0730)  actual_prediction_mask_ratio: 0.2341 (0.2381)  ignored_patch_ratio: 0.0000 (0.0013)  time: 0.1161  data: 0.0001  max mem: 1904
[17:53:44.302146] Epoch: [31]  [ 80/759]  eta: 0:01:18  lr: 0.000008  loss: 0.0120 (0.0212)  mae_m_mask: 0.1891 (0.2412)  rmse_m_mask: 0.2624 (0.3524)  normalized_mse_mask: 0.0120 (0.0212)  rmse_m_all: 4.5273 (6.9908)  actual_mask_ratio: 0.0703 (0.0727)  actual_prediction_mask_ratio: 0.2288 (0.2376)  ignored_patch_ratio: 0.0000 (0.0022)  time: 0.1146  data: 0.0001  max mem: 1904
[17:53:46.623960] Epoch: [31]  [100/759]  eta: 0:01:16  lr: 0.000008  loss: 0.0185 (0.0211)  mae_m_mask: 0.1967 (0.2339)  rmse_m_mask: 0.2803 (0.3421)  normalized_mse_mask: 0.0185 (0.0211)  rmse_m_all: 7.7356 (7.1175)  actual_mask_ratio: 0.0669 (0.0717)  actual_prediction_mask_ratio: 0.2234 (0.2348)  ignored_patch_ratio: 0.0000 (0.0028)  time: 0.1161  data: 0.0001  max mem: 1904
[17:53:48.925151] Epoch: [31]  [120/759]  eta: 0:01:13  lr: 0.000008  loss: 0.0108 (0.0216)  mae_m_mask: 0.2680 (0.2419)  rmse_m_mask: 0.3861 (0.3532)  normalized_mse_mask: 0.0108 (0.0216)  rmse_m_all: 5.5114 (7.0220)  actual_mask_ratio: 0.0743 (0.0721)  actual_prediction_mask_ratio: 0.2341 (0.2358)  ignored_patch_ratio: 0.0000 (0.0026)  time: 0.1150  data: 0.0001  max mem: 1904
[17:53:51.240382] Epoch: [31]  [140/759]  eta: 0:01:11  lr: 0.000008  loss: 0.0121 (0.0226)  mae_m_mask: 0.2377 (0.2425)  rmse_m_mask: 0.3552 (0.3556)  normalized_mse_mask: 0.0121 (0.0226)  rmse_m_all: 4.9200 (6.8421)  actual_mask_ratio: 0.0720 (0.0722)  actual_prediction_mask_ratio: 0.2387 (0.2361)  ignored_patch_ratio: 0.0000 (0.0023)  time: 0.1157  data: 0.0001  max mem: 1904
[17:53:53.551524] Epoch: [31]  [160/759]  eta: 0:01:09  lr: 0.000008  loss: 0.0172 (0.0223)  mae_m_mask: 0.1943 (0.2399)  rmse_m_mask: 0.2725 (0.3520)  normalized_mse_mask: 0.0172 (0.0223)  rmse_m_all: 7.3211 (6.9841)  actual_mask_ratio: 0.0724 (0.0720)  actual_prediction_mask_ratio: 0.2347 (0.2357)  ignored_patch_ratio: 0.0000 (0.0025)  time: 0.1155  data: 0.0001  max mem: 1904
[17:53:55.880163] Epoch: [31]  [180/759]  eta: 0:01:07  lr: 0.000008  loss: 0.0090 (0.0232)  mae_m_mask: 0.2168 (0.2377)  rmse_m_mask: 0.2969 (0.3484)  normalized_mse_mask: 0.0090 (0.0232)  rmse_m_all: 4.7592 (6.9322)  actual_mask_ratio: 0.0709 (0.0718)  actual_prediction_mask_ratio: 0.2290 (0.2353)  ignored_patch_ratio: 0.0000 (0.0024)  time: 0.1164  data: 0.0001  max mem: 1904
[17:53:58.208649] Epoch: [31]  [200/759]  eta: 0:01:04  lr: 0.000008  loss: 0.0144 (0.0236)  mae_m_mask: 0.2232 (0.2365)  rmse_m_mask: 0.3124 (0.3464)  normalized_mse_mask: 0.0144 (0.0236)  rmse_m_all: 6.3468 (6.9352)  actual_mask_ratio: 0.0737 (0.0719)  actual_prediction_mask_ratio: 0.2404 (0.2360)  ignored_patch_ratio: 0.0000 (0.0024)  time: 0.1164  data: 0.0001  max mem: 1904
[17:54:00.538475] Epoch: [31]  [220/759]  eta: 0:01:02  lr: 0.000008  loss: 0.0157 (0.0234)  mae_m_mask: 0.1884 (0.2343)  rmse_m_mask: 0.2647 (0.3423)  normalized_mse_mask: 0.0157 (0.0234)  rmse_m_all: 5.2263 (6.9396)  actual_mask_ratio: 0.0731 (0.0720)  actual_prediction_mask_ratio: 0.2455 (0.2365)  ignored_patch_ratio: 0.0000 (0.0023)  time: 0.1165  data: 0.0001  max mem: 1904
[17:54:02.870977] Epoch: [31]  [240/759]  eta: 0:01:00  lr: 0.000008  loss: 0.0058 (0.0225)  mae_m_mask: 0.2058 (0.2329)  rmse_m_mask: 0.3035 (0.3405)  normalized_mse_mask: 0.0058 (0.0225)  rmse_m_all: 7.7186 (7.0041)  actual_mask_ratio: 0.0703 (0.0718)  actual_prediction_mask_ratio: 0.2324 (0.2358)  ignored_patch_ratio: 0.0000 (0.0024)  time: 0.1166  data: 0.0001  max mem: 1904
[17:54:05.197839] Epoch: [31]  [260/759]  eta: 0:00:57  lr: 0.000008  loss: 0.0133 (0.0228)  mae_m_mask: 0.2341 (0.2331)  rmse_m_mask: 0.2974 (0.3398)  normalized_mse_mask: 0.0133 (0.0228)  rmse_m_all: 8.3050 (7.1044)  actual_mask_ratio: 0.0709 (0.0718)  actual_prediction_mask_ratio: 0.2340 (0.2356)  ignored_patch_ratio: 0.0000 (0.0023)  time: 0.1163  data: 0.0001  max mem: 1904
[17:54:07.522008] Epoch: [31]  [280/759]  eta: 0:00:55  lr: 0.000008  loss: 0.0162 (0.0227)  mae_m_mask: 0.2198 (0.2343)  rmse_m_mask: 0.3001 (0.3425)  normalized_mse_mask: 0.0162 (0.0227)  rmse_m_all: 6.4533 (7.1257)  actual_mask_ratio: 0.0720 (0.0718)  actual_prediction_mask_ratio: 0.2426 (0.2358)  ignored_patch_ratio: 0.0000 (0.0023)  time: 0.1162  data: 0.0001  max mem: 1904
[17:54:09.853388] Epoch: [31]  [300/759]  eta: 0:00:53  lr: 0.000008  loss: 0.0129 (0.0231)  mae_m_mask: 0.2293 (0.2345)  rmse_m_mask: 0.3247 (0.3428)  normalized_mse_mask: 0.0129 (0.0231)  rmse_m_all: 6.4436 (7.1371)  actual_mask_ratio: 0.0731 (0.0719)  actual_prediction_mask_ratio: 0.2358 (0.2358)  ignored_patch_ratio: 0.0000 (0.0023)  time: 0.1165  data: 0.0001  max mem: 1904
[17:54:12.182665] Epoch: [31]  [320/759]  eta: 0:00:50  lr: 0.000008  loss: 0.0268 (0.0235)  mae_m_mask: 0.2406 (0.2361)  rmse_m_mask: 0.3715 (0.3458)  normalized_mse_mask: 0.0268 (0.0235)  rmse_m_all: 6.0165 (7.1078)  actual_mask_ratio: 0.0737 (0.0720)  actual_prediction_mask_ratio: 0.2352 (0.2359)  ignored_patch_ratio: 0.0000 (0.0022)  time: 0.1164  data: 0.0001  max mem: 1904
[17:54:14.446419] Epoch: [31]  [340/759]  eta: 0:00:48  lr: 0.000008  loss: 0.0123 (0.0235)  mae_m_mask: 0.1804 (0.2330)  rmse_m_mask: 0.2483 (0.3408)  normalized_mse_mask: 0.0123 (0.0235)  rmse_m_all: 6.3326 (7.0385)  actual_mask_ratio: 0.0720 (0.0720)  actual_prediction_mask_ratio: 0.2409 (0.2360)  ignored_patch_ratio: 0.0000 (0.0021)  time: 0.1132  data: 0.0001  max mem: 1904
[17:54:16.703634] Epoch: [31]  [360/759]  eta: 0:00:46  lr: 0.000008  loss: 0.0105 (0.0232)  mae_m_mask: 0.2315 (0.2344)  rmse_m_mask: 0.3355 (0.3441)  normalized_mse_mask: 0.0105 (0.0232)  rmse_m_all: 7.6133 (7.1159)  actual_mask_ratio: 0.0720 (0.0719)  actual_prediction_mask_ratio: 0.2307 (0.2357)  ignored_patch_ratio: 0.0000 (0.0020)  time: 0.1128  data: 0.0001  max mem: 1904
[17:54:18.906137] Epoch: [31]  [380/759]  eta: 0:00:43  lr: 0.000008  loss: 0.0080 (0.0229)  mae_m_mask: 0.2361 (0.2348)  rmse_m_mask: 0.3478 (0.3443)  normalized_mse_mask: 0.0080 (0.0229)  rmse_m_all: 5.2123 (7.1385)  actual_mask_ratio: 0.0712 (0.0718)  actual_prediction_mask_ratio: 0.2415 (0.2355)  ignored_patch_ratio: 0.0000 (0.0021)  time: 0.1101  data: 0.0001  max mem: 1904
[17:54:21.110577] Epoch: [31]  [400/759]  eta: 0:00:41  lr: 0.000008  loss: 0.0097 (0.0228)  mae_m_mask: 0.1983 (0.2337)  rmse_m_mask: 0.2957 (0.3428)  normalized_mse_mask: 0.0097 (0.0228)  rmse_m_all: 8.4747 (7.1762)  actual_mask_ratio: 0.0692 (0.0717)  actual_prediction_mask_ratio: 0.2234 (0.2351)  ignored_patch_ratio: 0.0000 (0.0021)  time: 0.1102  data: 0.0001  max mem: 1904
[17:54:23.307265] Epoch: [31]  [420/759]  eta: 0:00:38  lr: 0.000008  loss: 0.0162 (0.0228)  mae_m_mask: 0.2508 (0.2344)  rmse_m_mask: 0.3286 (0.3432)  normalized_mse_mask: 0.0162 (0.0228)  rmse_m_all: 6.8530 (7.1959)  actual_mask_ratio: 0.0700 (0.0717)  actual_prediction_mask_ratio: 0.2349 (0.2352)  ignored_patch_ratio: 0.0000 (0.0022)  time: 0.1098  data: 0.0001  max mem: 1904
[17:54:25.514093] Epoch: [31]  [440/759]  eta: 0:00:36  lr: 0.000008  loss: 0.0066 (0.0223)  mae_m_mask: 0.1874 (0.2335)  rmse_m_mask: 0.2649 (0.3423)  normalized_mse_mask: 0.0066 (0.0223)  rmse_m_all: 5.5330 (7.1957)  actual_mask_ratio: 0.0720 (0.0717)  actual_prediction_mask_ratio: 0.2398 (0.2354)  ignored_patch_ratio: 0.0000 (0.0021)  time: 0.1103  data: 0.0001  max mem: 1904
[17:54:27.719252] Epoch: [31]  [460/759]  eta: 0:00:34  lr: 0.000008  loss: 0.0141 (0.0223)  mae_m_mask: 0.2009 (0.2337)  rmse_m_mask: 0.2682 (0.3425)  normalized_mse_mask: 0.0141 (0.0223)  rmse_m_all: 6.9464 (7.2176)  actual_mask_ratio: 0.0720 (0.0718)  actual_prediction_mask_ratio: 0.2415 (0.2357)  ignored_patch_ratio: 0.0000 (0.0021)  time: 0.1102  data: 0.0001  max mem: 1904
[17:54:29.938551] Epoch: [31]  [480/759]  eta: 0:00:31  lr: 0.000008  loss: 0.0085 (0.0223)  mae_m_mask: 0.2239 (0.2340)  rmse_m_mask: 0.3026 (0.3430)  normalized_mse_mask: 0.0085 (0.0223)  rmse_m_all: 8.0722 (7.2364)  actual_mask_ratio: 0.0723 (0.0718)  actual_prediction_mask_ratio: 0.2375 (0.2356)  ignored_patch_ratio: 0.0000 (0.0020)  time: 0.1109  data: 0.0001  max mem: 1904
[17:54:32.153027] Epoch: [31]  [500/759]  eta: 0:00:29  lr: 0.000008  loss: 0.0117 (0.0220)  mae_m_mask: 0.2173 (0.2342)  rmse_m_mask: 0.3201 (0.3443)  normalized_mse_mask: 0.0117 (0.0220)  rmse_m_all: 6.8056 (7.2273)  actual_mask_ratio: 0.0726 (0.0718)  actual_prediction_mask_ratio: 0.2341 (0.2357)  ignored_patch_ratio: 0.0000 (0.0020)  time: 0.1107  data: 0.0001  max mem: 1904
[17:54:34.367840] Epoch: [31]  [520/759]  eta: 0:00:27  lr: 0.000008  loss: 0.0105 (0.0218)  mae_m_mask: 0.2206 (0.2353)  rmse_m_mask: 0.3205 (0.3460)  normalized_mse_mask: 0.0105 (0.0218)  rmse_m_all: 5.5971 (7.2234)  actual_mask_ratio: 0.0731 (0.0719)  actual_prediction_mask_ratio: 0.2378 (0.2359)  ignored_patch_ratio: 0.0000 (0.0019)  time: 0.1107  data: 0.0001  max mem: 1904
[17:54:36.582605] Epoch: [31]  [540/759]  eta: 0:00:24  lr: 0.000008  loss: 0.0103 (0.0216)  mae_m_mask: 0.2001 (0.2346)  rmse_m_mask: 0.2927 (0.3447)  normalized_mse_mask: 0.0103 (0.0216)  rmse_m_all: 5.4000 (7.1690)  actual_mask_ratio: 0.0719 (0.0718)  actual_prediction_mask_ratio: 0.2358 (0.2359)  ignored_patch_ratio: 0.0000 (0.0019)  time: 0.1107  data: 0.0001  max mem: 1904
[17:54:38.788455] Epoch: [31]  [560/759]  eta: 0:00:22  lr: 0.000008  loss: 0.0203 (0.0218)  mae_m_mask: 0.2557 (0.2354)  rmse_m_mask: 0.3672 (0.3468)  normalized_mse_mask: 0.0203 (0.0218)  rmse_m_all: 6.2557 (7.1629)  actual_mask_ratio: 0.0720 (0.0719)  actual_prediction_mask_ratio: 0.2350 (0.2358)  ignored_patch_ratio: 0.0000 (0.0020)  time: 0.1103  data: 0.0001  max mem: 1904
[17:54:40.838825] Epoch: [31]  [580/759]  eta: 0:00:20  lr: 0.000008  loss: 0.0134 (0.0217)  mae_m_mask: 0.2350 (0.2353)  rmse_m_mask: 0.3521 (0.3467)  normalized_mse_mask: 0.0134 (0.0217)  rmse_m_all: 8.8385 (7.2127)  actual_mask_ratio: 0.0731 (0.0719)  actual_prediction_mask_ratio: 0.2432 (0.2360)  ignored_patch_ratio: 0.0000 (0.0019)  time: 0.1025  data: 0.0001  max mem: 1904
[17:54:43.331980] Epoch: [31]  [600/759]  eta: 0:00:18  lr: 0.000008  loss: 0.0096 (0.0214)  mae_m_mask: 0.2350 (0.2360)  rmse_m_mask: 0.3474 (0.3479)  normalized_mse_mask: 0.0096 (0.0214)  rmse_m_all: 7.5928 (7.2231)  actual_mask_ratio: 0.0686 (0.0719)  actual_prediction_mask_ratio: 0.2302 (0.2359)  ignored_patch_ratio: 0.0000 (0.0019)  time: 0.1246  data: 0.0497  max mem: 1904
[17:54:45.004106] Epoch: [31]  [620/759]  eta: 0:00:15  lr: 0.000008  loss: 0.0185 (0.0215)  mae_m_mask: 0.2110 (0.2361)  rmse_m_mask: 0.3134 (0.3482)  normalized_mse_mask: 0.0185 (0.0215)  rmse_m_all: 7.8293 (7.2585)  actual_mask_ratio: 0.0726 (0.0719)  actual_prediction_mask_ratio: 0.2398 (0.2358)  ignored_patch_ratio: 0.0000 (0.0021)  time: 0.0836  data: 0.0001  max mem: 1904
[17:54:46.582791] Epoch: [31]  [640/759]  eta: 0:00:13  lr: 0.000008  loss: 0.0101 (0.0212)  mae_m_mask: 0.2254 (0.2359)  rmse_m_mask: 0.2969 (0.3477)  normalized_mse_mask: 0.0101 (0.0212)  rmse_m_all: 7.6573 (7.2729)  actual_mask_ratio: 0.0720 (0.0718)  actual_prediction_mask_ratio: 0.2258 (0.2357)  ignored_patch_ratio: 0.0000 (0.0021)  time: 0.0789  data: 0.0001  max mem: 1904
[17:54:48.159256] Epoch: [31]  [660/759]  eta: 0:00:10  lr: 0.000008  loss: 0.0120 (0.0211)  mae_m_mask: 0.2629 (0.2367)  rmse_m_mask: 0.3904 (0.3494)  normalized_mse_mask: 0.0120 (0.0211)  rmse_m_all: 5.7983 (7.2723)  actual_mask_ratio: 0.0709 (0.0718)  actual_prediction_mask_ratio: 0.2324 (0.2355)  ignored_patch_ratio: 0.0000 (0.0022)  time: 0.0788  data: 0.0001  max mem: 1904
[17:54:49.732172] Epoch: [31]  [680/759]  eta: 0:00:08  lr: 0.000008  loss: 0.0155 (0.0210)  mae_m_mask: 0.2055 (0.2363)  rmse_m_mask: 0.2745 (0.3485)  normalized_mse_mask: 0.0155 (0.0210)  rmse_m_all: 5.2525 (7.2529)  actual_mask_ratio: 0.0737 (0.0718)  actual_prediction_mask_ratio: 0.2415 (0.2356)  ignored_patch_ratio: 0.0000 (0.0022)  time: 0.0786  data: 0.0001  max mem: 1904
[17:54:51.309828] Epoch: [31]  [700/759]  eta: 0:00:06  lr: 0.000008  loss: 0.0149 (0.0211)  mae_m_mask: 0.2081 (0.2357)  rmse_m_mask: 0.3113 (0.3478)  normalized_mse_mask: 0.0149 (0.0211)  rmse_m_all: 8.7184 (7.2769)  actual_mask_ratio: 0.0703 (0.0718)  actual_prediction_mask_ratio: 0.2341 (0.2355)  ignored_patch_ratio: 0.0000 (0.0021)  time: 0.0788  data: 0.0001  max mem: 1904
[17:54:52.798076] Epoch: [31]  [720/759]  eta: 0:00:04  lr: 0.000008  loss: 0.0102 (0.0209)  mae_m_mask: 0.2128 (0.2350)  rmse_m_mask: 0.2973 (0.3464)  normalized_mse_mask: 0.0102 (0.0209)  rmse_m_all: 7.0123 (7.2821)  actual_mask_ratio: 0.0697 (0.0718)  actual_prediction_mask_ratio: 0.2347 (0.2353)  ignored_patch_ratio: 0.0000 (0.0022)  time: 0.0744  data: 0.0001  max mem: 1904
[17:54:54.394766] Epoch: [31]  [740/759]  eta: 0:00:02  lr: 0.000008  loss: 0.0094 (0.0207)  mae_m_mask: 0.2150 (0.2350)  rmse_m_mask: 0.3297 (0.3466)  normalized_mse_mask: 0.0094 (0.0207)  rmse_m_all: 6.6962 (7.3141)  actual_mask_ratio: 0.0714 (0.0718)  actual_prediction_mask_ratio: 0.2234 (0.2352)  ignored_patch_ratio: 0.0000 (0.0022)  time: 0.0798  data: 0.0001  max mem: 1904
[17:54:55.812004] Epoch: [31]  [758/759]  eta: 0:00:00  lr: 0.000008  loss: 0.0139 (0.0206)  mae_m_mask: 0.2150 (0.2345)  rmse_m_mask: 0.3010 (0.3455)  normalized_mse_mask: 0.0139 (0.0206)  rmse_m_all: 8.3012 (7.3189)  actual_mask_ratio: 0.0714 (0.0717)  actual_prediction_mask_ratio: 0.2421 (0.2352)  ignored_patch_ratio: 0.0000 (0.0022)  time: 0.0789  data: 0.0001  max mem: 1904
[17:54:55.841302] Epoch: [31] Total time: 0:01:20 (0.1066 s / it)
[17:54:55.842484] Averaged stats: {'lr': 8.410218226262836e-06, 'loss': 0.020246634229674036, 'mae_m_mask': 0.2325260365740969, 'rmse_m_mask': 0.36741259725095415, 'normalized_mse_mask': 0.020246634229674036, 'rmse_m_all': 7.3189022814332265, 'actual_mask_ratio': 0.07173571283088528, 'actual_prediction_mask_ratio': 0.23516273855848904, 'ignored_patch_ratio': 0.002177197392907224, 'supervised_pixel_count': 14698894.0}
[17:54:55.979078] Val: [31]  [  0/533]  eta: 0:01:11  loss: 0.0110 (0.0110)  mae_m_mask: 1.1203 (1.1203)  rmse_m_mask: 1.2932 (1.2932)  normalized_mse_mask: 0.0110 (0.0110)  rmse_m_all: 13.6732 (13.6732)  actual_mask_ratio: 0.0787 (0.0787)  actual_prediction_mask_ratio: 0.2431 (0.2431)  ignored_patch_ratio: 0.0488 (0.0488)  time: 0.1342  data: 0.0804  max mem: 1904
[17:54:58.765166] Val: [31]  [ 50/533]  eta: 0:00:27  loss: 0.0020 (0.0042)  mae_m_mask: 0.7598 (0.8420)  rmse_m_mask: 0.9006 (0.9702)  normalized_mse_mask: 0.0020 (0.0042)  rmse_m_all: 13.1757 (13.9665)  actual_mask_ratio: 0.0694 (0.0693)  actual_prediction_mask_ratio: 0.2120 (0.2147)  ignored_patch_ratio: 0.0527 (0.0550)  time: 0.0558  data: 0.0001  max mem: 1904
[17:55:01.557430] Val: [31]  [100/533]  eta: 0:00:24  loss: 0.0004 (0.0025)  mae_m_mask: 0.6095 (0.7749)  rmse_m_mask: 0.7432 (0.9089)  normalized_mse_mask: 0.0004 (0.0025)  rmse_m_all: 17.7122 (15.5581)  actual_mask_ratio: 0.0645 (0.0686)  actual_prediction_mask_ratio: 0.2076 (0.2139)  ignored_patch_ratio: 0.0550 (0.0538)  time: 0.0559  data: 0.0001  max mem: 1904
[17:55:03.539674] Val: [31]  [150/533]  eta: 0:00:19  loss: 0.0006 (0.0020)  mae_m_mask: 0.4311 (0.7373)  rmse_m_mask: 0.5783 (0.8709)  normalized_mse_mask: 0.0006 (0.0020)  rmse_m_all: 11.2574 (15.5069)  actual_mask_ratio: 0.0707 (0.0688)  actual_prediction_mask_ratio: 0.2326 (0.2153)  ignored_patch_ratio: 0.0488 (0.0542)  time: 0.0281  data: 0.0003  max mem: 1904
[17:55:06.148685] Val: [31]  [200/533]  eta: 0:00:17  loss: 0.0011 (0.0019)  mae_m_mask: 0.6486 (0.7042)  rmse_m_mask: 0.7273 (0.8347)  normalized_mse_mask: 0.0011 (0.0019)  rmse_m_all: 13.8976 (14.9888)  actual_mask_ratio: 0.0760 (0.0695)  actual_prediction_mask_ratio: 0.2427 (0.2204)  ignored_patch_ratio: 0.0000 (0.0447)  time: 0.0279  data: 0.0003  max mem: 1904
[17:55:07.609781] Val: [31]  [250/533]  eta: 0:00:13  loss: 0.0010 (0.0018)  mae_m_mask: 0.9650 (0.7575)  rmse_m_mask: 1.1243 (0.8943)  normalized_mse_mask: 0.0010 (0.0018)  rmse_m_all: 14.5471 (15.3405)  actual_mask_ratio: 0.0725 (0.0702)  actual_prediction_mask_ratio: 0.2314 (0.2225)  ignored_patch_ratio: 0.0306 (0.0393)  time: 0.0299  data: 0.0001  max mem: 1904
[17:55:09.077903] Val: [31]  [300/533]  eta: 0:00:10  loss: 0.0006 (0.0018)  mae_m_mask: 0.7351 (0.8223)  rmse_m_mask: 0.8660 (0.9651)  normalized_mse_mask: 0.0006 (0.0018)  rmse_m_all: 23.1406 (16.4027)  actual_mask_ratio: 0.0700 (0.0704)  actual_prediction_mask_ratio: 0.2121 (0.2229)  ignored_patch_ratio: 0.0516 (0.0394)  time: 0.0280  data: 0.0001  max mem: 1904
[17:55:10.444996] Val: [31]  [350/533]  eta: 0:00:07  loss: 0.0009 (0.0017)  mae_m_mask: 0.8118 (0.8165)  rmse_m_mask: 0.9542 (0.9593)  normalized_mse_mask: 0.0009 (0.0017)  rmse_m_all: 19.3749 (16.5993)  actual_mask_ratio: 0.0698 (0.0705)  actual_prediction_mask_ratio: 0.2170 (0.2230)  ignored_patch_ratio: 0.0391 (0.0384)  time: 0.0274  data: 0.0001  max mem: 1904
[17:55:11.833381] Val: [31]  [400/533]  eta: 0:00:05  loss: 0.0009 (0.0016)  mae_m_mask: 0.8872 (0.8510)  rmse_m_mask: 1.0341 (0.9969)  normalized_mse_mask: 0.0009 (0.0016)  rmse_m_all: 18.6168 (16.9730)  actual_mask_ratio: 0.0683 (0.0702)  actual_prediction_mask_ratio: 0.2164 (0.2218)  ignored_patch_ratio: 0.0476 (0.0400)  time: 0.0282  data: 0.0001  max mem: 1904
[17:55:13.225106] Val: [31]  [450/533]  eta: 0:00:03  loss: 0.0012 (0.0018)  mae_m_mask: 1.0452 (0.8882)  rmse_m_mask: 1.4268 (1.0423)  normalized_mse_mask: 0.0012 (0.0018)  rmse_m_all: 16.8416 (16.9869)  actual_mask_ratio: 0.0670 (0.0702)  actual_prediction_mask_ratio: 0.2143 (0.2217)  ignored_patch_ratio: 0.0612 (0.0412)  time: 0.0272  data: 0.0001  max mem: 1904
[17:55:14.596466] Val: [31]  [500/533]  eta: 0:00:01  loss: 0.0004 (0.0017)  mae_m_mask: 0.5848 (0.8738)  rmse_m_mask: 0.6969 (1.0259)  normalized_mse_mask: 0.0004 (0.0017)  rmse_m_all: 16.3467 (17.0398)  actual_mask_ratio: 0.0673 (0.0700)  actual_prediction_mask_ratio: 0.2116 (0.2212)  ignored_patch_ratio: 0.0573 (0.0425)  time: 0.0273  data: 0.0001  max mem: 1904
[17:55:15.462921] Val: [31]  [532/533]  eta: 0:00:00  loss: 0.0009 (0.0017)  mae_m_mask: 0.7431 (0.8707)  rmse_m_mask: 0.9870 (1.0222)  normalized_mse_mask: 0.0009 (0.0017)  rmse_m_all: 17.6938 (17.0940)  actual_mask_ratio: 0.0666 (0.0699)  actual_prediction_mask_ratio: 0.2121 (0.2208)  ignored_patch_ratio: 0.0550 (0.0432)  time: 0.0269  data: 0.0002  max mem: 1904
[17:55:15.493722] Val: [31] Total time: 0:00:19 (0.0369 s / it)
[17:55:15.494077] val stats: {'loss': 0.00170424560602752, 'mae_m_mask': 0.8480633927483294, 'rmse_m_mask': 1.1333013338709055, 'normalized_mse_mask': 0.00170424560602752, 'rmse_m_all': 17.094039408395705, 'actual_mask_ratio': 0.06990061117437499, 'actual_prediction_mask_ratio': 0.22084709342156744, 'ignored_patch_ratio': 0.04319662906886489, 'supervised_pixel_count': 11054205.0}
[17:55:19.672801] log_dir: /tank/data/SFS/xinyis/data/bathymetry/MAE-Topography/Downstream_Task_Bathy/cross_validation_v5_Stage2NormMSE_MeterSelect/runs/holdout_CA_D004Stage2NormMSE_MeterSelect_D001NoDataSafe/train_stage2_normMSE_meterSelect_CA_KlamathRiver_TopoBathy_2018_D18_fromStage1Best_e120_lr1e-5_b4_acc4/tb
[17:55:19.793670] Epoch: [32]  [  0/759]  eta: 0:01:30  lr: 0.000008  loss: 0.0383 (0.0383)  mae_m_mask: 0.1114 (0.1114)  rmse_m_mask: 0.1475 (0.1475)  normalized_mse_mask: 0.0383 (0.0383)  rmse_m_all: 0.7180 (0.7180)  actual_mask_ratio: 0.0663 (0.0663)  actual_prediction_mask_ratio: 0.1973 (0.1973)  ignored_patch_ratio: 0.0000 (0.0000)  time: 0.1199  data: 0.0747  max mem: 1904
[17:55:20.609916] Epoch: [32]  [ 20/759]  eta: 0:00:32  lr: 0.000008  loss: 0.0161 (0.0232)  mae_m_mask: 0.2237 (0.2216)  rmse_m_mask: 0.3256 (0.3365)  normalized_mse_mask: 0.0161 (0.0232)  rmse_m_all: 6.7020 (6.6405)  actual_mask_ratio: 0.0743 (0.0733)  actual_prediction_mask_ratio: 0.2358 (0.2342)  ignored_patch_ratio: 0.0000 (0.0011)  time: 0.0408  data: 0.0001  max mem: 1904
[17:55:21.424606] Epoch: [32]  [ 40/759]  eta: 0:00:30  lr: 0.000008  loss: 0.0124 (0.0194)  mae_m_mask: 0.2282 (0.2258)  rmse_m_mask: 0.3411 (0.3351)  normalized_mse_mask: 0.0124 (0.0194)  rmse_m_all: 6.5269 (7.3834)  actual_mask_ratio: 0.0760 (0.0737)  actual_prediction_mask_ratio: 0.2466 (0.2367)  ignored_patch_ratio: 0.0000 (0.0018)  time: 0.0407  data: 0.0001  max mem: 1904
[17:55:22.261062] Epoch: [32]  [ 60/759]  eta: 0:00:29  lr: 0.000008  loss: 0.0116 (0.0186)  mae_m_mask: 0.1904 (0.2201)  rmse_m_mask: 0.2781 (0.3247)  normalized_mse_mask: 0.0116 (0.0186)  rmse_m_all: 5.3286 (7.2313)  actual_mask_ratio: 0.0709 (0.0729)  actual_prediction_mask_ratio: 0.2358 (0.2360)  ignored_patch_ratio: 0.0000 (0.0015)  time: 0.0418  data: 0.0001  max mem: 1904
[17:55:23.130649] Epoch: [32]  [ 80/759]  eta: 0:00:28  lr: 0.000008  loss: 0.0152 (0.0197)  mae_m_mask: 0.2262 (0.2263)  rmse_m_mask: 0.3488 (0.3323)  normalized_mse_mask: 0.0152 (0.0197)  rmse_m_all: 7.8117 (7.4995)  actual_mask_ratio: 0.0692 (0.0721)  actual_prediction_mask_ratio: 0.2290 (0.2350)  ignored_patch_ratio: 0.0000 (0.0016)  time: 0.0434  data: 0.0001  max mem: 1904
[17:55:24.000201] Epoch: [32]  [100/759]  eta: 0:00:28  lr: 0.000008  loss: 0.0130 (0.0202)  mae_m_mask: 0.2337 (0.2281)  rmse_m_mask: 0.3296 (0.3362)  normalized_mse_mask: 0.0130 (0.0202)  rmse_m_all: 6.8309 (7.5828)  actual_mask_ratio: 0.0714 (0.0717)  actual_prediction_mask_ratio: 0.2307 (0.2331)  ignored_patch_ratio: 0.0000 (0.0021)  time: 0.0434  data: 0.0001  max mem: 1904
[17:55:24.856940] Epoch: [32]  [120/759]  eta: 0:00:27  lr: 0.000008  loss: 0.0197 (0.0211)  mae_m_mask: 0.2176 (0.2282)  rmse_m_mask: 0.3100 (0.3343)  normalized_mse_mask: 0.0197 (0.0211)  rmse_m_all: 6.7884 (7.4062)  actual_mask_ratio: 0.0737 (0.0722)  actual_prediction_mask_ratio: 0.2358 (0.2342)  ignored_patch_ratio: 0.0000 (0.0021)  time: 0.0428  data: 0.0001  max mem: 1904
[17:55:25.720376] Epoch: [32]  [140/759]  eta: 0:00:26  lr: 0.000008  loss: 0.0121 (0.0209)  mae_m_mask: 0.2561 (0.2311)  rmse_m_mask: 0.3547 (0.3394)  normalized_mse_mask: 0.0121 (0.0209)  rmse_m_all: 6.5042 (7.4896)  actual_mask_ratio: 0.0697 (0.0719)  actual_prediction_mask_ratio: 0.2289 (0.2332)  ignored_patch_ratio: 0.0000 (0.0023)  time: 0.0431  data: 0.0001  max mem: 1904
[17:55:26.592704] Epoch: [32]  [160/759]  eta: 0:00:25  lr: 0.000008  loss: 0.0156 (0.0218)  mae_m_mask: 0.2027 (0.2333)  rmse_m_mask: 0.2962 (0.3443)  normalized_mse_mask: 0.0156 (0.0218)  rmse_m_all: 8.0307 (7.5392)  actual_mask_ratio: 0.0697 (0.0718)  actual_prediction_mask_ratio: 0.2351 (0.2331)  ignored_patch_ratio: 0.0000 (0.0020)  time: 0.0436  data: 0.0001  max mem: 1904
[17:55:27.463840] Epoch: [32]  [180/759]  eta: 0:00:24  lr: 0.000008  loss: 0.0103 (0.0208)  mae_m_mask: 0.2056 (0.2306)  rmse_m_mask: 0.3105 (0.3396)  normalized_mse_mask: 0.0103 (0.0208)  rmse_m_all: 7.1839 (7.4631)  actual_mask_ratio: 0.0762 (0.0721)  actual_prediction_mask_ratio: 0.2409 (0.2339)  ignored_patch_ratio: 0.0000 (0.0019)  time: 0.0435  data: 0.0001  max mem: 1904
[17:55:28.331308] Epoch: [32]  [200/759]  eta: 0:00:24  lr: 0.000008  loss: 0.0097 (0.0202)  mae_m_mask: 0.1766 (0.2276)  rmse_m_mask: 0.2611 (0.3348)  normalized_mse_mask: 0.0097 (0.0202)  rmse_m_all: 5.8528 (7.4753)  actual_mask_ratio: 0.0726 (0.0721)  actual_prediction_mask_ratio: 0.2426 (0.2347)  ignored_patch_ratio: 0.0000 (0.0018)  time: 0.0433  data: 0.0001  max mem: 1904
[17:55:29.158493] Epoch: [32]  [220/759]  eta: 0:00:23  lr: 0.000008  loss: 0.0160 (0.0204)  mae_m_mask: 0.2083 (0.2268)  rmse_m_mask: 0.2876 (0.3331)  normalized_mse_mask: 0.0160 (0.0204)  rmse_m_all: 6.3584 (7.4146)  actual_mask_ratio: 0.0703 (0.0719)  actual_prediction_mask_ratio: 0.2290 (0.2343)  ignored_patch_ratio: 0.0000 (0.0020)  time: 0.0413  data: 0.0001  max mem: 1904
[17:55:30.016524] Epoch: [32]  [240/759]  eta: 0:00:22  lr: 0.000008  loss: 0.0124 (0.0201)  mae_m_mask: 0.2807 (0.2317)  rmse_m_mask: 0.3718 (0.3398)  normalized_mse_mask: 0.0124 (0.0201)  rmse_m_all: 8.1940 (7.5419)  actual_mask_ratio: 0.0714 (0.0718)  actual_prediction_mask_ratio: 0.2347 (0.2340)  ignored_patch_ratio: 0.0000 (0.0020)  time: 0.0429  data: 0.0001  max mem: 1904
[17:55:30.874725] Epoch: [32]  [260/759]  eta: 0:00:21  lr: 0.000008  loss: 0.0091 (0.0196)  mae_m_mask: 0.2343 (0.2325)  rmse_m_mask: 0.3363 (0.3418)  normalized_mse_mask: 0.0091 (0.0196)  rmse_m_all: 6.7676 (7.4720)  actual_mask_ratio: 0.0737 (0.0718)  actual_prediction_mask_ratio: 0.2358 (0.2340)  ignored_patch_ratio: 0.0000 (0.0018)  time: 0.0429  data: 0.0001  max mem: 1904
[17:55:31.699748] Epoch: [32]  [280/759]  eta: 0:00:20  lr: 0.000008  loss: 0.0081 (0.0195)  mae_m_mask: 0.2152 (0.2328)  rmse_m_mask: 0.3139 (0.3427)  normalized_mse_mask: 0.0081 (0.0195)  rmse_m_all: 8.3338 (7.5220)  actual_mask_ratio: 0.0714 (0.0718)  actual_prediction_mask_ratio: 0.2381 (0.2342)  ignored_patch_ratio: 0.0000 (0.0018)  time: 0.0412  data: 0.0001  max mem: 1904
[17:55:32.570388] Epoch: [32]  [300/759]  eta: 0:00:19  lr: 0.000008  loss: 0.0178 (0.0195)  mae_m_mask: 0.2293 (0.2313)  rmse_m_mask: 0.3241 (0.3403)  normalized_mse_mask: 0.0178 (0.0195)  rmse_m_all: 4.5360 (7.4102)  actual_mask_ratio: 0.0765 (0.0720)  actual_prediction_mask_ratio: 0.2472 (0.2348)  ignored_patch_ratio: 0.0000 (0.0017)  time: 0.0435  data: 0.0001  max mem: 1904
[17:55:33.389041] Epoch: [32]  [320/759]  eta: 0:00:18  lr: 0.000008  loss: 0.0091 (0.0194)  mae_m_mask: 0.2060 (0.2303)  rmse_m_mask: 0.3269 (0.3392)  normalized_mse_mask: 0.0091 (0.0194)  rmse_m_all: 6.6870 (7.4318)  actual_mask_ratio: 0.0720 (0.0720)  actual_prediction_mask_ratio: 0.2449 (0.2354)  ignored_patch_ratio: 0.0000 (0.0016)  time: 0.0409  data: 0.0001  max mem: 1904
[17:55:34.260988] Epoch: [32]  [340/759]  eta: 0:00:17  lr: 0.000008  loss: 0.0141 (0.0196)  mae_m_mask: 0.1879 (0.2300)  rmse_m_mask: 0.2822 (0.3389)  normalized_mse_mask: 0.0141 (0.0196)  rmse_m_all: 7.4813 (7.4533)  actual_mask_ratio: 0.0709 (0.0719)  actual_prediction_mask_ratio: 0.2285 (0.2351)  ignored_patch_ratio: 0.0000 (0.0018)  time: 0.0436  data: 0.0001  max mem: 1904
[17:55:35.134992] Epoch: [32]  [360/759]  eta: 0:00:17  lr: 0.000008  loss: 0.0130 (0.0195)  mae_m_mask: 0.1986 (0.2293)  rmse_m_mask: 0.3048 (0.3383)  normalized_mse_mask: 0.0130 (0.0195)  rmse_m_all: 5.7631 (7.3998)  actual_mask_ratio: 0.0713 (0.0719)  actual_prediction_mask_ratio: 0.2365 (0.2352)  ignored_patch_ratio: 0.0000 (0.0021)  time: 0.0437  data: 0.0001  max mem: 1904
[17:55:36.007654] Epoch: [32]  [380/759]  eta: 0:00:16  lr: 0.000008  loss: 0.0205 (0.0195)  mae_m_mask: 0.2427 (0.2306)  rmse_m_mask: 0.3505 (0.3407)  normalized_mse_mask: 0.0205 (0.0195)  rmse_m_all: 6.0265 (7.3818)  actual_mask_ratio: 0.0717 (0.0718)  actual_prediction_mask_ratio: 0.2268 (0.2349)  ignored_patch_ratio: 0.0000 (0.0021)  time: 0.0436  data: 0.0001  max mem: 1904
[17:55:36.879878] Epoch: [32]  [400/759]  eta: 0:00:15  lr: 0.000008  loss: 0.0172 (0.0199)  mae_m_mask: 0.2398 (0.2311)  rmse_m_mask: 0.3234 (0.3413)  normalized_mse_mask: 0.0172 (0.0199)  rmse_m_all: 4.7829 (7.3240)  actual_mask_ratio: 0.0704 (0.0718)  actual_prediction_mask_ratio: 0.2350 (0.2352)  ignored_patch_ratio: 0.0000 (0.0021)  time: 0.0436  data: 0.0001  max mem: 1904
[17:55:37.752999] Epoch: [32]  [420/759]  eta: 0:00:14  lr: 0.000008  loss: 0.0168 (0.0201)  mae_m_mask: 0.2465 (0.2320)  rmse_m_mask: 0.3453 (0.3431)  normalized_mse_mask: 0.0168 (0.0201)  rmse_m_all: 6.3854 (7.3066)  actual_mask_ratio: 0.0697 (0.0717)  actual_prediction_mask_ratio: 0.2313 (0.2350)  ignored_patch_ratio: 0.0000 (0.0021)  time: 0.0436  data: 0.0001  max mem: 1904
[17:55:38.628408] Epoch: [32]  [440/759]  eta: 0:00:13  lr: 0.000008  loss: 0.0083 (0.0197)  mae_m_mask: 0.2342 (0.2318)  rmse_m_mask: 0.3140 (0.3429)  normalized_mse_mask: 0.0083 (0.0197)  rmse_m_all: 8.9740 (7.3441)  actual_mask_ratio: 0.0703 (0.0717)  actual_prediction_mask_ratio: 0.2279 (0.2348)  ignored_patch_ratio: 0.0000 (0.0020)  time: 0.0437  data: 0.0001  max mem: 1904
[17:55:39.448735] Epoch: [32]  [460/759]  eta: 0:00:12  lr: 0.000008  loss: 0.0156 (0.0196)  mae_m_mask: 0.2144 (0.2319)  rmse_m_mask: 0.2976 (0.3432)  normalized_mse_mask: 0.0156 (0.0196)  rmse_m_all: 6.5047 (7.3333)  actual_mask_ratio: 0.0743 (0.0718)  actual_prediction_mask_ratio: 0.2449 (0.2352)  ignored_patch_ratio: 0.0000 (0.0019)  time: 0.0410  data: 0.0001  max mem: 1904
[17:55:40.268754] Epoch: [32]  [480/759]  eta: 0:00:11  lr: 0.000008  loss: 0.0151 (0.0197)  mae_m_mask: 0.2301 (0.2329)  rmse_m_mask: 0.3269 (0.3445)  normalized_mse_mask: 0.0151 (0.0197)  rmse_m_all: 5.6711 (7.3417)  actual_mask_ratio: 0.0743 (0.0719)  actual_prediction_mask_ratio: 0.2392 (0.2353)  ignored_patch_ratio: 0.0000 (0.0019)  time: 0.0410  data: 0.0001  max mem: 1904
[17:55:41.091837] Epoch: [32]  [500/759]  eta: 0:00:11  lr: 0.000008  loss: 0.0060 (0.0196)  mae_m_mask: 0.2143 (0.2329)  rmse_m_mask: 0.2896 (0.3447)  normalized_mse_mask: 0.0060 (0.0196)  rmse_m_all: 7.6954 (7.3679)  actual_mask_ratio: 0.0748 (0.0720)  actual_prediction_mask_ratio: 0.2511 (0.2356)  ignored_patch_ratio: 0.0000 (0.0019)  time: 0.0411  data: 0.0001  max mem: 1904
[17:55:41.911030] Epoch: [32]  [520/759]  eta: 0:00:10  lr: 0.000008  loss: 0.0139 (0.0197)  mae_m_mask: 0.1922 (0.2326)  rmse_m_mask: 0.2620 (0.3440)  normalized_mse_mask: 0.0139 (0.0197)  rmse_m_all: 6.1343 (7.3503)  actual_mask_ratio: 0.0737 (0.0721)  actual_prediction_mask_ratio: 0.2370 (0.2360)  ignored_patch_ratio: 0.0000 (0.0018)  time: 0.0409  data: 0.0001  max mem: 1904
[17:55:42.733814] Epoch: [32]  [540/759]  eta: 0:00:09  lr: 0.000008  loss: 0.0177 (0.0199)  mae_m_mask: 0.2128 (0.2328)  rmse_m_mask: 0.3255 (0.3449)  normalized_mse_mask: 0.0177 (0.0199)  rmse_m_all: 4.4749 (7.2887)  actual_mask_ratio: 0.0699 (0.0720)  actual_prediction_mask_ratio: 0.2324 (0.2359)  ignored_patch_ratio: 0.0000 (0.0020)  time: 0.0411  data: 0.0001  max mem: 1904
[17:55:43.553955] Epoch: [32]  [560/759]  eta: 0:00:08  lr: 0.000008  loss: 0.0139 (0.0201)  mae_m_mask: 0.2615 (0.2335)  rmse_m_mask: 0.3902 (0.3462)  normalized_mse_mask: 0.0139 (0.0201)  rmse_m_all: 5.9412 (7.2788)  actual_mask_ratio: 0.0680 (0.0720)  actual_prediction_mask_ratio: 0.2285 (0.2358)  ignored_patch_ratio: 0.0000 (0.0021)  time: 0.0410  data: 0.0001  max mem: 1904
[17:55:44.427912] Epoch: [32]  [580/759]  eta: 0:00:07  lr: 0.000008  loss: 0.0140 (0.0200)  mae_m_mask: 0.2243 (0.2343)  rmse_m_mask: 0.3477 (0.3474)  normalized_mse_mask: 0.0140 (0.0200)  rmse_m_all: 9.5713 (7.3364)  actual_mask_ratio: 0.0703 (0.0719)  actual_prediction_mask_ratio: 0.2273 (0.2357)  ignored_patch_ratio: 0.0000 (0.0021)  time: 0.0437  data: 0.0001  max mem: 1904
[17:55:45.249698] Epoch: [32]  [600/759]  eta: 0:00:06  lr: 0.000008  loss: 0.0149 (0.0200)  mae_m_mask: 0.1985 (0.2336)  rmse_m_mask: 0.2776 (0.3466)  normalized_mse_mask: 0.0149 (0.0200)  rmse_m_all: 7.3468 (7.3515)  actual_mask_ratio: 0.0697 (0.0719)  actual_prediction_mask_ratio: 0.2194 (0.2353)  ignored_patch_ratio: 0.0000 (0.0021)  time: 0.0411  data: 0.0001  max mem: 1904
[17:55:46.095034] Epoch: [32]  [620/759]  eta: 0:00:05  lr: 0.000008  loss: 0.0150 (0.0200)  mae_m_mask: 0.2427 (0.2341)  rmse_m_mask: 0.3228 (0.3471)  normalized_mse_mask: 0.0150 (0.0200)  rmse_m_all: 7.1866 (7.3549)  actual_mask_ratio: 0.0698 (0.0718)  actual_prediction_mask_ratio: 0.2285 (0.2352)  ignored_patch_ratio: 0.0000 (0.0021)  time: 0.0422  data: 0.0001  max mem: 1904
[17:55:46.969880] Epoch: [32]  [640/759]  eta: 0:00:05  lr: 0.000008  loss: 0.0145 (0.0202)  mae_m_mask: 0.2475 (0.2344)  rmse_m_mask: 0.3495 (0.3478)  normalized_mse_mask: 0.0145 (0.0202)  rmse_m_all: 7.1211 (7.3782)  actual_mask_ratio: 0.0703 (0.0718)  actual_prediction_mask_ratio: 0.2330 (0.2352)  ignored_patch_ratio: 0.0000 (0.0020)  time: 0.0437  data: 0.0001  max mem: 1904
[17:55:47.842346] Epoch: [32]  [660/759]  eta: 0:00:04  lr: 0.000008  loss: 0.0074 (0.0201)  mae_m_mask: 0.2008 (0.2345)  rmse_m_mask: 0.3037 (0.3476)  normalized_mse_mask: 0.0074 (0.0201)  rmse_m_all: 8.6547 (7.4175)  actual_mask_ratio: 0.0720 (0.0718)  actual_prediction_mask_ratio: 0.2377 (0.2351)  ignored_patch_ratio: 0.0000 (0.0021)  time: 0.0436  data: 0.0001  max mem: 1904
[17:55:48.713790] Epoch: [32]  [680/759]  eta: 0:00:03  lr: 0.000008  loss: 0.0229 (0.0202)  mae_m_mask: 0.1983 (0.2338)  rmse_m_mask: 0.2842 (0.3461)  normalized_mse_mask: 0.0229 (0.0202)  rmse_m_all: 6.8129 (7.4061)  actual_mask_ratio: 0.0714 (0.0718)  actual_prediction_mask_ratio: 0.2392 (0.2352)  ignored_patch_ratio: 0.0000 (0.0021)  time: 0.0435  data: 0.0001  max mem: 1904
[17:55:49.581081] Epoch: [32]  [700/759]  eta: 0:00:02  lr: 0.000008  loss: 0.0097 (0.0199)  mae_m_mask: 0.1940 (0.2331)  rmse_m_mask: 0.2636 (0.3448)  normalized_mse_mask: 0.0097 (0.0199)  rmse_m_all: 6.9773 (7.3878)  actual_mask_ratio: 0.0731 (0.0718)  actual_prediction_mask_ratio: 0.2381 (0.2352)  ignored_patch_ratio: 0.0000 (0.0022)  time: 0.0433  data: 0.0001  max mem: 1904
[17:55:50.396764] Epoch: [32]  [720/759]  eta: 0:00:01  lr: 0.000008  loss: 0.0111 (0.0202)  mae_m_mask: 0.1918 (0.2328)  rmse_m_mask: 0.2983 (0.3444)  normalized_mse_mask: 0.0111 (0.0202)  rmse_m_all: 5.7556 (7.3690)  actual_mask_ratio: 0.0726 (0.0718)  actual_prediction_mask_ratio: 0.2358 (0.2353)  ignored_patch_ratio: 0.0000 (0.0021)  time: 0.0407  data: 0.0001  max mem: 1904
[17:55:51.210914] Epoch: [32]  [740/759]  eta: 0:00:00  lr: 0.000008  loss: 0.0067 (0.0200)  mae_m_mask: 0.2056 (0.2331)  rmse_m_mask: 0.3490 (0.3448)  normalized_mse_mask: 0.0067 (0.0200)  rmse_m_all: 5.9080 (7.3517)  actual_mask_ratio: 0.0720 (0.0718)  actual_prediction_mask_ratio: 0.2307 (0.2354)  ignored_patch_ratio: 0.0000 (0.0022)  time: 0.0407  data: 0.0001  max mem: 1904
[17:55:51.946737] Epoch: [32]  [758/759]  eta: 0:00:00  lr: 0.000008  loss: 0.0175 (0.0201)  mae_m_mask: 0.2275 (0.2336)  rmse_m_mask: 0.3177 (0.3456)  normalized_mse_mask: 0.0175 (0.0201)  rmse_m_all: 5.9080 (7.3630)  actual_mask_ratio: 0.0692 (0.0718)  actual_prediction_mask_ratio: 0.2268 (0.2352)  ignored_patch_ratio: 0.0000 (0.0022)  time: 0.0410  data: 0.0001  max mem: 1904
[17:55:51.976711] Epoch: [32] Total time: 0:00:32 (0.0426 s / it)
[17:55:51.976874] Averaged stats: {'lr': 8.313925046694485e-06, 'loss': 0.019944908990249262, 'mae_m_mask': 0.2326176897874398, 'rmse_m_mask': 0.36778821767891196, 'normalized_mse_mask': 0.019944908990249262, 'rmse_m_all': 7.362995997169429, 'actual_mask_ratio': 0.071751253058513, 'actual_prediction_mask_ratio': 0.23520717965205826, 'ignored_patch_ratio': 0.0021771977070291996, 'supervised_pixel_count': 14699451.0}
[17:55:52.085322] Val: [32]  [  0/533]  eta: 0:00:56  loss: 0.0107 (0.0107)  mae_m_mask: 1.0483 (1.0483)  rmse_m_mask: 1.2331 (1.2331)  normalized_mse_mask: 0.0107 (0.0107)  rmse_m_all: 13.8179 (13.8179)  actual_mask_ratio: 0.0787 (0.0787)  actual_prediction_mask_ratio: 0.2431 (0.2431)  ignored_patch_ratio: 0.0488 (0.0488)  time: 0.1061  data: 0.0757  max mem: 1904
[17:55:53.457875] Val: [32]  [ 50/533]  eta: 0:00:13  loss: 0.0016 (0.0039)  mae_m_mask: 0.7000 (0.7844)  rmse_m_mask: 0.8427 (0.9089)  normalized_mse_mask: 0.0016 (0.0039)  rmse_m_all: 13.3037 (14.1032)  actual_mask_ratio: 0.0694 (0.0693)  actual_prediction_mask_ratio: 0.2120 (0.2147)  ignored_patch_ratio: 0.0527 (0.0550)  time: 0.0275  data: 0.0001  max mem: 1904
[17:55:54.831348] Val: [32]  [100/533]  eta: 0:00:12  loss: 0.0004 (0.0024)  mae_m_mask: 0.5811 (0.7255)  rmse_m_mask: 0.6927 (0.8556)  normalized_mse_mask: 0.0004 (0.0024)  rmse_m_all: 17.8671 (15.7130)  actual_mask_ratio: 0.0645 (0.0686)  actual_prediction_mask_ratio: 0.2076 (0.2139)  ignored_patch_ratio: 0.0550 (0.0538)  time: 0.0274  data: 0.0001  max mem: 1904
[17:55:56.202673] Val: [32]  [150/533]  eta: 0:00:10  loss: 0.0006 (0.0019)  mae_m_mask: 0.4168 (0.6926)  rmse_m_mask: 0.5548 (0.8218)  normalized_mse_mask: 0.0006 (0.0019)  rmse_m_all: 11.3481 (15.6656)  actual_mask_ratio: 0.0707 (0.0688)  actual_prediction_mask_ratio: 0.2326 (0.2153)  ignored_patch_ratio: 0.0488 (0.0542)  time: 0.0274  data: 0.0001  max mem: 1904
[17:55:57.625321] Val: [32]  [200/533]  eta: 0:00:09  loss: 0.0011 (0.0018)  mae_m_mask: 0.6660 (0.6763)  rmse_m_mask: 0.7775 (0.8032)  normalized_mse_mask: 0.0011 (0.0018)  rmse_m_all: 14.0456 (15.1406)  actual_mask_ratio: 0.0760 (0.0695)  actual_prediction_mask_ratio: 0.2427 (0.2204)  ignored_patch_ratio: 0.0000 (0.0447)  time: 0.0279  data: 0.0001  max mem: 1904
[17:55:59.038774] Val: [32]  [250/533]  eta: 0:00:07  loss: 0.0009 (0.0017)  mae_m_mask: 1.0181 (0.7412)  rmse_m_mask: 1.1440 (0.8745)  normalized_mse_mask: 0.0009 (0.0017)  rmse_m_all: 14.7134 (15.4982)  actual_mask_ratio: 0.0725 (0.0702)  actual_prediction_mask_ratio: 0.2314 (0.2225)  ignored_patch_ratio: 0.0306 (0.0393)  time: 0.0275  data: 0.0001  max mem: 1904
[17:56:00.411270] Val: [32]  [300/533]  eta: 0:00:06  loss: 0.0004 (0.0017)  mae_m_mask: 0.7291 (0.8015)  rmse_m_mask: 0.8845 (0.9401)  normalized_mse_mask: 0.0004 (0.0017)  rmse_m_all: 23.3918 (16.5754)  actual_mask_ratio: 0.0700 (0.0704)  actual_prediction_mask_ratio: 0.2121 (0.2229)  ignored_patch_ratio: 0.0516 (0.0394)  time: 0.0274  data: 0.0001  max mem: 1904
[17:56:01.791711] Val: [32]  [350/533]  eta: 0:00:05  loss: 0.0007 (0.0016)  mae_m_mask: 0.7613 (0.7977)  rmse_m_mask: 0.9150 (0.9363)  normalized_mse_mask: 0.0007 (0.0016)  rmse_m_all: 19.5959 (16.7746)  actual_mask_ratio: 0.0698 (0.0705)  actual_prediction_mask_ratio: 0.2170 (0.2230)  ignored_patch_ratio: 0.0391 (0.0384)  time: 0.0276  data: 0.0001  max mem: 1904
[17:56:03.167590] Val: [32]  [400/533]  eta: 0:00:03  loss: 0.0008 (0.0016)  mae_m_mask: 0.7920 (0.8243)  rmse_m_mask: 0.9384 (0.9654)  normalized_mse_mask: 0.0008 (0.0016)  rmse_m_all: 18.8425 (17.1536)  actual_mask_ratio: 0.0683 (0.0702)  actual_prediction_mask_ratio: 0.2164 (0.2218)  ignored_patch_ratio: 0.0476 (0.0400)  time: 0.0273  data: 0.0001  max mem: 1904
[17:56:04.526450] Val: [32]  [450/533]  eta: 0:00:02  loss: 0.0011 (0.0017)  mae_m_mask: 1.0142 (0.8583)  rmse_m_mask: 1.3868 (1.0073)  normalized_mse_mask: 0.0011 (0.0017)  rmse_m_all: 17.0160 (17.1676)  actual_mask_ratio: 0.0670 (0.0702)  actual_prediction_mask_ratio: 0.2143 (0.2217)  ignored_patch_ratio: 0.0612 (0.0412)  time: 0.0273  data: 0.0001  max mem: 1904
[17:56:05.902145] Val: [32]  [500/533]  eta: 0:00:00  loss: 0.0003 (0.0016)  mae_m_mask: 0.5244 (0.8424)  rmse_m_mask: 0.6836 (0.9896)  normalized_mse_mask: 0.0003 (0.0016)  rmse_m_all: 16.5123 (17.2196)  actual_mask_ratio: 0.0673 (0.0700)  actual_prediction_mask_ratio: 0.2116 (0.2212)  ignored_patch_ratio: 0.0573 (0.0425)  time: 0.0277  data: 0.0001  max mem: 1904
[17:56:06.792567] Val: [32]  [532/533]  eta: 0:00:00  loss: 0.0007 (0.0017)  mae_m_mask: 0.7103 (0.8381)  rmse_m_mask: 0.9079 (0.9847)  normalized_mse_mask: 0.0007 (0.0017)  rmse_m_all: 17.8609 (17.2750)  actual_mask_ratio: 0.0666 (0.0699)  actual_prediction_mask_ratio: 0.2121 (0.2208)  ignored_patch_ratio: 0.0550 (0.0432)  time: 0.0272  data: 0.0001  max mem: 1904
[17:56:06.826603] Val: [32] Total time: 0:00:14 (0.0279 s / it)
[17:56:06.826956] val stats: {'loss': 0.0016251487613860999, 'mae_m_mask': 0.8194154526534317, 'rmse_m_mask': 1.099369632738391, 'normalized_mse_mask': 0.0016251487613860999, 'rmse_m_all': 17.27496498431766, 'actual_mask_ratio': 0.06990061117437499, 'actual_prediction_mask_ratio': 0.22084709342156744, 'ignored_patch_ratio': 0.04319662906886489, 'supervised_pixel_count': 11054205.0}
[17:56:10.888062] log_dir: /tank/data/SFS/xinyis/data/bathymetry/MAE-Topography/Downstream_Task_Bathy/cross_validation_v5_Stage2NormMSE_MeterSelect/runs/holdout_CA_D004Stage2NormMSE_MeterSelect_D001NoDataSafe/train_stage2_normMSE_meterSelect_CA_KlamathRiver_TopoBathy_2018_D18_fromStage1Best_e120_lr1e-5_b4_acc4/tb
[17:56:11.011523] Epoch: [33]  [  0/759]  eta: 0:01:33  lr: 0.000008  loss: 0.0322 (0.0322)  mae_m_mask: 0.1982 (0.1982)  rmse_m_mask: 0.3294 (0.3294)  normalized_mse_mask: 0.0322 (0.0322)  rmse_m_all: 5.4093 (5.4093)  actual_mask_ratio: 0.0720 (0.0720)  actual_prediction_mask_ratio: 0.2319 (0.2319)  ignored_patch_ratio: 0.0000 (0.0000)  time: 0.1229  data: 0.0753  max mem: 1904
[17:56:11.863159] Epoch: [33]  [ 20/759]  eta: 0:00:34  lr: 0.000008  loss: 0.0132 (0.0239)  mae_m_mask: 0.1818 (0.2185)  rmse_m_mask: 0.2949 (0.3268)  normalized_mse_mask: 0.0132 (0.0239)  rmse_m_all: 3.7572 (5.4395)  actual_mask_ratio: 0.0720 (0.0714)  actual_prediction_mask_ratio: 0.2483 (0.2378)  ignored_patch_ratio: 0.0000 (0.0032)  time: 0.0425  data: 0.0001  max mem: 1904
[17:56:12.734046] Epoch: [33]  [ 40/759]  eta: 0:00:32  lr: 0.000008  loss: 0.0099 (0.0219)  mae_m_mask: 0.2395 (0.2387)  rmse_m_mask: 0.3446 (0.3592)  normalized_mse_mask: 0.0099 (0.0219)  rmse_m_all: 8.1769 (7.2162)  actual_mask_ratio: 0.0726 (0.0714)  actual_prediction_mask_ratio: 0.2336 (0.2365)  ignored_patch_ratio: 0.0000 (0.0017)  time: 0.0435  data: 0.0001  max mem: 1904
[17:56:13.605452] Epoch: [33]  [ 60/759]  eta: 0:00:31  lr: 0.000008  loss: 0.0077 (0.0194)  mae_m_mask: 0.2344 (0.2397)  rmse_m_mask: 0.3624 (0.3569)  normalized_mse_mask: 0.0077 (0.0194)  rmse_m_all: 8.3935 (7.5381)  actual_mask_ratio: 0.0742 (0.0719)  actual_prediction_mask_ratio: 0.2370 (0.2371)  ignored_patch_ratio: 0.0000 (0.0027)  time: 0.0435  data: 0.0001  max mem: 1904
[17:56:14.477177] Epoch: [33]  [ 80/759]  eta: 0:00:30  lr: 0.000008  loss: 0.0124 (0.0199)  mae_m_mask: 0.1968 (0.2341)  rmse_m_mask: 0.3111 (0.3464)  normalized_mse_mask: 0.0124 (0.0199)  rmse_m_all: 6.7475 (7.6545)  actual_mask_ratio: 0.0720 (0.0721)  actual_prediction_mask_ratio: 0.2353 (0.2378)  ignored_patch_ratio: 0.0000 (0.0023)  time: 0.0436  data: 0.0001  max mem: 1904
[17:56:15.346510] Epoch: [33]  [100/759]  eta: 0:00:29  lr: 0.000008  loss: 0.0115 (0.0189)  mae_m_mask: 0.1866 (0.2276)  rmse_m_mask: 0.2650 (0.3353)  normalized_mse_mask: 0.0115 (0.0189)  rmse_m_all: 3.5376 (7.2549)  actual_mask_ratio: 0.0743 (0.0723)  actual_prediction_mask_ratio: 0.2342 (0.2373)  ignored_patch_ratio: 0.0000 (0.0020)  time: 0.0434  data: 0.0001  max mem: 1904
[17:56:16.218845] Epoch: [33]  [120/759]  eta: 0:00:28  lr: 0.000008  loss: 0.0089 (0.0190)  mae_m_mask: 0.1997 (0.2226)  rmse_m_mask: 0.2806 (0.3267)  normalized_mse_mask: 0.0089 (0.0190)  rmse_m_all: 6.0349 (7.1048)  actual_mask_ratio: 0.0720 (0.0724)  actual_prediction_mask_ratio: 0.2361 (0.2372)  ignored_patch_ratio: 0.0000 (0.0020)  time: 0.0436  data: 0.0001  max mem: 1904
[17:56:17.090430] Epoch: [33]  [140/759]  eta: 0:00:27  lr: 0.000008  loss: 0.0199 (0.0195)  mae_m_mask: 0.2083 (0.2232)  rmse_m_mask: 0.3083 (0.3298)  normalized_mse_mask: 0.0199 (0.0195)  rmse_m_all: 6.2484 (7.2426)  actual_mask_ratio: 0.0697 (0.0723)  actual_prediction_mask_ratio: 0.2330 (0.2364)  ignored_patch_ratio: 0.0000 (0.0021)  time: 0.0435  data: 0.0001  max mem: 1904
[17:56:17.937702] Epoch: [33]  [160/759]  eta: 0:00:26  lr: 0.000008  loss: 0.0123 (0.0198)  mae_m_mask: 0.2258 (0.2270)  rmse_m_mask: 0.3188 (0.3386)  normalized_mse_mask: 0.0123 (0.0198)  rmse_m_all: 5.8743 (7.1651)  actual_mask_ratio: 0.0748 (0.0723)  actual_prediction_mask_ratio: 0.2511 (0.2371)  ignored_patch_ratio: 0.0000 (0.0024)  time: 0.0423  data: 0.0001  max mem: 1904
[17:56:18.801479] Epoch: [33]  [180/759]  eta: 0:00:25  lr: 0.000008  loss: 0.0225 (0.0209)  mae_m_mask: 0.1849 (0.2260)  rmse_m_mask: 0.2714 (0.3384)  normalized_mse_mask: 0.0225 (0.0209)  rmse_m_all: 4.7632 (7.1023)  actual_mask_ratio: 0.0737 (0.0724)  actual_prediction_mask_ratio: 0.2364 (0.2371)  ignored_patch_ratio: 0.0000 (0.0023)  time: 0.0432  data: 0.0001  max mem: 1904
[17:56:19.611197] Epoch: [33]  [200/759]  eta: 0:00:24  lr: 0.000008  loss: 0.0089 (0.0202)  mae_m_mask: 0.2798 (0.2300)  rmse_m_mask: 0.4050 (0.3444)  normalized_mse_mask: 0.0089 (0.0202)  rmse_m_all: 9.6809 (7.4109)  actual_mask_ratio: 0.0726 (0.0725)  actual_prediction_mask_ratio: 0.2341 (0.2370)  ignored_patch_ratio: 0.0000 (0.0023)  time: 0.0405  data: 0.0001  max mem: 1904
[17:56:20.433085] Epoch: [33]  [220/759]  eta: 0:00:23  lr: 0.000008  loss: 0.0160 (0.0203)  mae_m_mask: 0.2291 (0.2325)  rmse_m_mask: 0.3340 (0.3489)  normalized_mse_mask: 0.0160 (0.0203)  rmse_m_all: 6.9699 (7.4630)  actual_mask_ratio: 0.0697 (0.0723)  actual_prediction_mask_ratio: 0.2319 (0.2367)  ignored_patch_ratio: 0.0000 (0.0022)  time: 0.0411  data: 0.0001  max mem: 1904
[17:56:21.250421] Epoch: [33]  [240/759]  eta: 0:00:22  lr: 0.000008  loss: 0.0102 (0.0201)  mae_m_mask: 0.2249 (0.2330)  rmse_m_mask: 0.3271 (0.3496)  normalized_mse_mask: 0.0102 (0.0201)  rmse_m_all: 6.8816 (7.4453)  actual_mask_ratio: 0.0726 (0.0724)  actual_prediction_mask_ratio: 0.2358 (0.2369)  ignored_patch_ratio: 0.0000 (0.0022)  time: 0.0408  data: 0.0001  max mem: 1904
[17:56:22.066058] Epoch: [33]  [260/759]  eta: 0:00:21  lr: 0.000008  loss: 0.0106 (0.0199)  mae_m_mask: 0.2154 (0.2349)  rmse_m_mask: 0.3431 (0.3519)  normalized_mse_mask: 0.0106 (0.0199)  rmse_m_all: 7.5491 (7.4716)  actual_mask_ratio: 0.0686 (0.0723)  actual_prediction_mask_ratio: 0.2288 (0.2365)  ignored_patch_ratio: 0.0000 (0.0023)  time: 0.0408  data: 0.0001  max mem: 1904
[17:56:22.882829] Epoch: [33]  [280/759]  eta: 0:00:20  lr: 0.000008  loss: 0.0134 (0.0196)  mae_m_mask: 0.2073 (0.2338)  rmse_m_mask: 0.3192 (0.3497)  normalized_mse_mask: 0.0134 (0.0196)  rmse_m_all: 6.6209 (7.4470)  actual_mask_ratio: 0.0703 (0.0722)  actual_prediction_mask_ratio: 0.2375 (0.2364)  ignored_patch_ratio: 0.0000 (0.0022)  time: 0.0408  data: 0.0001  max mem: 1904
[17:56:23.726757] Epoch: [33]  [300/759]  eta: 0:00:19  lr: 0.000008  loss: 0.0109 (0.0193)  mae_m_mask: 0.2269 (0.2328)  rmse_m_mask: 0.3370 (0.3481)  normalized_mse_mask: 0.0109 (0.0193)  rmse_m_all: 4.8094 (7.3302)  actual_mask_ratio: 0.0692 (0.0721)  actual_prediction_mask_ratio: 0.2370 (0.2366)  ignored_patch_ratio: 0.0000 (0.0021)  time: 0.0422  data: 0.0001  max mem: 1904
[17:56:24.567637] Epoch: [33]  [320/759]  eta: 0:00:18  lr: 0.000008  loss: 0.0089 (0.0196)  mae_m_mask: 0.2376 (0.2353)  rmse_m_mask: 0.3282 (0.3509)  normalized_mse_mask: 0.0089 (0.0196)  rmse_m_all: 4.5826 (7.3076)  actual_mask_ratio: 0.0721 (0.0721)  actual_prediction_mask_ratio: 0.2360 (0.2369)  ignored_patch_ratio: 0.0000 (0.0021)  time: 0.0420  data: 0.0001  max mem: 1904
[17:56:25.382945] Epoch: [33]  [340/759]  eta: 0:00:17  lr: 0.000008  loss: 0.0137 (0.0195)  mae_m_mask: 0.2039 (0.2350)  rmse_m_mask: 0.2855 (0.3494)  normalized_mse_mask: 0.0137 (0.0195)  rmse_m_all: 5.5791 (7.2378)  actual_mask_ratio: 0.0723 (0.0721)  actual_prediction_mask_ratio: 0.2330 (0.2367)  ignored_patch_ratio: 0.0000 (0.0024)  time: 0.0407  data: 0.0001  max mem: 1904
[17:56:26.199013] Epoch: [33]  [360/759]  eta: 0:00:16  lr: 0.000008  loss: 0.0099 (0.0195)  mae_m_mask: 0.2313 (0.2355)  rmse_m_mask: 0.3268 (0.3492)  normalized_mse_mask: 0.0099 (0.0195)  rmse_m_all: 7.6841 (7.2683)  actual_mask_ratio: 0.0714 (0.0721)  actual_prediction_mask_ratio: 0.2409 (0.2368)  ignored_patch_ratio: 0.0000 (0.0024)  time: 0.0408  data: 0.0001  max mem: 1904
[17:56:27.019999] Epoch: [33]  [380/759]  eta: 0:00:16  lr: 0.000008  loss: 0.0127 (0.0196)  mae_m_mask: 0.2085 (0.2341)  rmse_m_mask: 0.2748 (0.3467)  normalized_mse_mask: 0.0127 (0.0196)  rmse_m_all: 6.8085 (7.2910)  actual_mask_ratio: 0.0714 (0.0721)  actual_prediction_mask_ratio: 0.2398 (0.2369)  ignored_patch_ratio: 0.0000 (0.0024)  time: 0.0410  data: 0.0001  max mem: 1904
[17:56:27.843104] Epoch: [33]  [400/759]  eta: 0:00:15  lr: 0.000008  loss: 0.0061 (0.0193)  mae_m_mask: 0.2545 (0.2350)  rmse_m_mask: 0.3724 (0.3477)  normalized_mse_mask: 0.0061 (0.0193)  rmse_m_all: 6.9816 (7.3306)  actual_mask_ratio: 0.0704 (0.0719)  actual_prediction_mask_ratio: 0.2234 (0.2363)  ignored_patch_ratio: 0.0000 (0.0023)  time: 0.0411  data: 0.0001  max mem: 1904
[17:56:28.662060] Epoch: [33]  [420/759]  eta: 0:00:14  lr: 0.000008  loss: 0.0199 (0.0195)  mae_m_mask: 0.1991 (0.2347)  rmse_m_mask: 0.3081 (0.3480)  normalized_mse_mask: 0.0199 (0.0195)  rmse_m_all: 6.4734 (7.2818)  actual_mask_ratio: 0.0726 (0.0720)  actual_prediction_mask_ratio: 0.2298 (0.2361)  ignored_patch_ratio: 0.0000 (0.0023)  time: 0.0409  data: 0.0001  max mem: 1904
[17:56:29.472671] Epoch: [33]  [440/759]  eta: 0:00:13  lr: 0.000008  loss: 0.0100 (0.0193)  mae_m_mask: 0.2140 (0.2344)  rmse_m_mask: 0.3208 (0.3473)  normalized_mse_mask: 0.0100 (0.0193)  rmse_m_all: 7.4180 (7.3047)  actual_mask_ratio: 0.0726 (0.0720)  actual_prediction_mask_ratio: 0.2415 (0.2363)  ignored_patch_ratio: 0.0000 (0.0022)  time: 0.0405  data: 0.0001  max mem: 1904
[17:56:30.282434] Epoch: [33]  [460/759]  eta: 0:00:12  lr: 0.000008  loss: 0.0134 (0.0197)  mae_m_mask: 0.2135 (0.2348)  rmse_m_mask: 0.2840 (0.3481)  normalized_mse_mask: 0.0134 (0.0197)  rmse_m_all: 6.2881 (7.2729)  actual_mask_ratio: 0.0703 (0.0719)  actual_prediction_mask_ratio: 0.2270 (0.2361)  ignored_patch_ratio: 0.0000 (0.0023)  time: 0.0405  data: 0.0001  max mem: 1904
[17:56:31.093304] Epoch: [33]  [480/759]  eta: 0:00:11  lr: 0.000008  loss: 0.0196 (0.0199)  mae_m_mask: 0.1751 (0.2336)  rmse_m_mask: 0.2526 (0.3458)  normalized_mse_mask: 0.0196 (0.0199)  rmse_m_all: 6.2922 (7.2589)  actual_mask_ratio: 0.0737 (0.0719)  actual_prediction_mask_ratio: 0.2392 (0.2360)  ignored_patch_ratio: 0.0000 (0.0023)  time: 0.0405  data: 0.0001  max mem: 1904
[17:56:31.903873] Epoch: [33]  [500/759]  eta: 0:00:10  lr: 0.000008  loss: 0.0139 (0.0199)  mae_m_mask: 0.1995 (0.2323)  rmse_m_mask: 0.2826 (0.3439)  normalized_mse_mask: 0.0139 (0.0199)  rmse_m_all: 6.0361 (7.1893)  actual_mask_ratio: 0.0737 (0.0720)  actual_prediction_mask_ratio: 0.2426 (0.2363)  ignored_patch_ratio: 0.0000 (0.0022)  time: 0.0405  data: 0.0001  max mem: 1904
[17:56:32.718189] Epoch: [33]  [520/759]  eta: 0:00:10  lr: 0.000008  loss: 0.0074 (0.0196)  mae_m_mask: 0.2241 (0.2325)  rmse_m_mask: 0.2982 (0.3438)  normalized_mse_mask: 0.0074 (0.0196)  rmse_m_all: 8.2431 (7.2122)  actual_mask_ratio: 0.0686 (0.0720)  actual_prediction_mask_ratio: 0.2217 (0.2359)  ignored_patch_ratio: 0.0000 (0.0021)  time: 0.0407  data: 0.0001  max mem: 1904
[17:56:33.526848] Epoch: [33]  [540/759]  eta: 0:00:09  lr: 0.000008  loss: 0.0117 (0.0195)  mae_m_mask: 0.1994 (0.2321)  rmse_m_mask: 0.2795 (0.3425)  normalized_mse_mask: 0.0117 (0.0195)  rmse_m_all: 7.8216 (7.2649)  actual_mask_ratio: 0.0714 (0.0719)  actual_prediction_mask_ratio: 0.2364 (0.2358)  ignored_patch_ratio: 0.0000 (0.0021)  time: 0.0404  data: 0.0001  max mem: 1904
[17:56:34.336594] Epoch: [33]  [560/759]  eta: 0:00:08  lr: 0.000008  loss: 0.0143 (0.0194)  mae_m_mask: 0.2218 (0.2330)  rmse_m_mask: 0.3125 (0.3435)  normalized_mse_mask: 0.0143 (0.0194)  rmse_m_all: 5.7108 (7.2678)  actual_mask_ratio: 0.0709 (0.0719)  actual_prediction_mask_ratio: 0.2353 (0.2356)  ignored_patch_ratio: 0.0000 (0.0022)  time: 0.0405  data: 0.0001  max mem: 1904
[17:56:35.146532] Epoch: [33]  [580/759]  eta: 0:00:07  lr: 0.000008  loss: 0.0211 (0.0196)  mae_m_mask: 0.2333 (0.2330)  rmse_m_mask: 0.3323 (0.3435)  normalized_mse_mask: 0.0211 (0.0196)  rmse_m_all: 7.3187 (7.2866)  actual_mask_ratio: 0.0714 (0.0718)  actual_prediction_mask_ratio: 0.2268 (0.2355)  ignored_patch_ratio: 0.0000 (0.0023)  time: 0.0405  data: 0.0001  max mem: 1904
[17:56:35.958165] Epoch: [33]  [600/759]  eta: 0:00:06  lr: 0.000008  loss: 0.0238 (0.0202)  mae_m_mask: 0.2403 (0.2331)  rmse_m_mask: 0.3431 (0.3433)  normalized_mse_mask: 0.0238 (0.0202)  rmse_m_all: 4.4664 (7.2318)  actual_mask_ratio: 0.0715 (0.0718)  actual_prediction_mask_ratio: 0.2348 (0.2355)  ignored_patch_ratio: 0.0000 (0.0022)  time: 0.0406  data: 0.0001  max mem: 1904
[17:56:36.768955] Epoch: [33]  [620/759]  eta: 0:00:05  lr: 0.000008  loss: 0.0132 (0.0199)  mae_m_mask: 0.2185 (0.2336)  rmse_m_mask: 0.3300 (0.3441)  normalized_mse_mask: 0.0132 (0.0199)  rmse_m_all: 6.4666 (7.2224)  actual_mask_ratio: 0.0714 (0.0718)  actual_prediction_mask_ratio: 0.2353 (0.2355)  ignored_patch_ratio: 0.0000 (0.0022)  time: 0.0405  data: 0.0001  max mem: 1904
[17:56:37.575329] Epoch: [33]  [640/759]  eta: 0:00:04  lr: 0.000008  loss: 0.0165 (0.0201)  mae_m_mask: 0.2390 (0.2344)  rmse_m_mask: 0.3390 (0.3457)  normalized_mse_mask: 0.0165 (0.0201)  rmse_m_all: 8.1769 (7.2555)  actual_mask_ratio: 0.0743 (0.0719)  actual_prediction_mask_ratio: 0.2392 (0.2357)  ignored_patch_ratio: 0.0000 (0.0022)  time: 0.0403  data: 0.0001  max mem: 1904
[17:56:38.385850] Epoch: [33]  [660/759]  eta: 0:00:04  lr: 0.000008  loss: 0.0134 (0.0202)  mae_m_mask: 0.2105 (0.2342)  rmse_m_mask: 0.2925 (0.3453)  normalized_mse_mask: 0.0134 (0.0202)  rmse_m_all: 7.5201 (7.2688)  actual_mask_ratio: 0.0726 (0.0719)  actual_prediction_mask_ratio: 0.2404 (0.2357)  ignored_patch_ratio: 0.0000 (0.0022)  time: 0.0405  data: 0.0001  max mem: 1904
[17:56:39.195150] Epoch: [33]  [680/759]  eta: 0:00:03  lr: 0.000008  loss: 0.0113 (0.0204)  mae_m_mask: 0.2191 (0.2349)  rmse_m_mask: 0.3356 (0.3463)  normalized_mse_mask: 0.0113 (0.0204)  rmse_m_all: 7.7229 (7.3157)  actual_mask_ratio: 0.0709 (0.0719)  actual_prediction_mask_ratio: 0.2324 (0.2357)  ignored_patch_ratio: 0.0000 (0.0022)  time: 0.0404  data: 0.0001  max mem: 1904
[17:56:40.007047] Epoch: [33]  [700/759]  eta: 0:00:02  lr: 0.000008  loss: 0.0081 (0.0202)  mae_m_mask: 0.2081 (0.2347)  rmse_m_mask: 0.3032 (0.3467)  normalized_mse_mask: 0.0081 (0.0202)  rmse_m_all: 7.0896 (7.3213)  actual_mask_ratio: 0.0703 (0.0719)  actual_prediction_mask_ratio: 0.2296 (0.2356)  ignored_patch_ratio: 0.0000 (0.0022)  time: 0.0406  data: 0.0001  max mem: 1904
[17:56:40.818335] Epoch: [33]  [720/759]  eta: 0:00:01  lr: 0.000008  loss: 0.0145 (0.0204)  mae_m_mask: 0.2597 (0.2351)  rmse_m_mask: 0.3664 (0.3469)  normalized_mse_mask: 0.0145 (0.0204)  rmse_m_all: 6.1134 (7.3169)  actual_mask_ratio: 0.0675 (0.0718)  actual_prediction_mask_ratio: 0.2262 (0.2354)  ignored_patch_ratio: 0.0000 (0.0022)  time: 0.0405  data: 0.0001  max mem: 1904
[17:56:41.626840] Epoch: [33]  [740/759]  eta: 0:00:00  lr: 0.000008  loss: 0.0118 (0.0203)  mae_m_mask: 0.2175 (0.2346)  rmse_m_mask: 0.2974 (0.3462)  normalized_mse_mask: 0.0118 (0.0203)  rmse_m_all: 6.2660 (7.3078)  actual_mask_ratio: 0.0720 (0.0718)  actual_prediction_mask_ratio: 0.2302 (0.2353)  ignored_patch_ratio: 0.0000 (0.0022)  time: 0.0404  data: 0.0001  max mem: 1904
[17:56:42.348078] Epoch: [33]  [758/759]  eta: 0:00:00  lr: 0.000008  loss: 0.0118 (0.0203)  mae_m_mask: 0.2146 (0.2347)  rmse_m_mask: 0.3085 (0.3462)  normalized_mse_mask: 0.0118 (0.0203)  rmse_m_all: 8.1007 (7.3306)  actual_mask_ratio: 0.0714 (0.0717)  actual_prediction_mask_ratio: 0.2262 (0.2352)  ignored_patch_ratio: 0.0000 (0.0022)  time: 0.0402  data: 0.0001  max mem: 1904
[17:56:42.369843] Epoch: [33] Total time: 0:00:31 (0.0415 s / it)
[17:56:42.369958] Averaged stats: {'lr': 8.215394935935899e-06, 'loss': 0.019851311657103757, 'mae_m_mask': 0.23275369226379897, 'rmse_m_mask': 0.3677459858864044, 'normalized_mse_mask': 0.019851311657103757, 'rmse_m_all': 7.330562143771859, 'actual_mask_ratio': 0.07174052374636232, 'actual_prediction_mask_ratio': 0.235168281849351, 'ignored_patch_ratio': 0.002177197628498706, 'supervised_pixel_count': 14695749.0}
[17:56:42.477574] Val: [33]  [  0/533]  eta: 0:00:56  loss: 0.0108 (0.0108)  mae_m_mask: 1.0773 (1.0773)  rmse_m_mask: 1.2571 (1.2571)  normalized_mse_mask: 0.0108 (0.0108)  rmse_m_all: 13.6866 (13.6866)  actual_mask_ratio: 0.0787 (0.0787)  actual_prediction_mask_ratio: 0.2431 (0.2431)  ignored_patch_ratio: 0.0488 (0.0488)  time: 0.1056  data: 0.0760  max mem: 1904
[17:56:43.850585] Val: [33]  [ 50/533]  eta: 0:00:13  loss: 0.0018 (0.0039)  mae_m_mask: 0.7073 (0.8090)  rmse_m_mask: 0.8465 (0.9344)  normalized_mse_mask: 0.0018 (0.0039)  rmse_m_all: 13.1940 (13.9854)  actual_mask_ratio: 0.0694 (0.0693)  actual_prediction_mask_ratio: 0.2120 (0.2147)  ignored_patch_ratio: 0.0527 (0.0550)  time: 0.0274  data: 0.0001  max mem: 1904
[17:56:45.227483] Val: [33]  [100/533]  eta: 0:00:12  loss: 0.0004 (0.0024)  mae_m_mask: 0.6052 (0.7446)  rmse_m_mask: 0.7186 (0.8762)  normalized_mse_mask: 0.0004 (0.0024)  rmse_m_all: 17.7304 (15.5784)  actual_mask_ratio: 0.0645 (0.0686)  actual_prediction_mask_ratio: 0.2076 (0.2139)  ignored_patch_ratio: 0.0550 (0.0538)  time: 0.0275  data: 0.0001  max mem: 1904
[17:56:46.602699] Val: [33]  [150/533]  eta: 0:00:10  loss: 0.0007 (0.0019)  mae_m_mask: 0.4187 (0.7109)  rmse_m_mask: 0.5609 (0.8415)  normalized_mse_mask: 0.0007 (0.0019)  rmse_m_all: 11.2478 (15.5286)  actual_mask_ratio: 0.0707 (0.0688)  actual_prediction_mask_ratio: 0.2326 (0.2153)  ignored_patch_ratio: 0.0488 (0.0542)  time: 0.0274  data: 0.0001  max mem: 1904
[17:56:47.982128] Val: [33]  [200/533]  eta: 0:00:09  loss: 0.0012 (0.0018)  mae_m_mask: 0.6837 (0.6864)  rmse_m_mask: 0.7535 (0.8144)  normalized_mse_mask: 0.0012 (0.0018)  rmse_m_all: 13.9151 (15.0086)  actual_mask_ratio: 0.0760 (0.0695)  actual_prediction_mask_ratio: 0.2427 (0.2204)  ignored_patch_ratio: 0.0000 (0.0447)  time: 0.0276  data: 0.0001  max mem: 1904
[17:56:52.012368] Val: [33]  [250/533]  eta: 0:00:10  loss: 0.0009 (0.0017)  mae_m_mask: 1.0040 (0.7449)  rmse_m_mask: 1.1487 (0.8790)  normalized_mse_mask: 0.0009 (0.0017)  rmse_m_all: 14.5817 (15.3616)  actual_mask_ratio: 0.0725 (0.0702)  actual_prediction_mask_ratio: 0.2314 (0.2225)  ignored_patch_ratio: 0.0306 (0.0393)  time: 0.0330  data: 0.0057  max mem: 1904
[17:56:53.381466] Val: [33]  [300/533]  eta: 0:00:08  loss: 0.0005 (0.0017)  mae_m_mask: 0.7114 (0.8082)  rmse_m_mask: 0.8636 (0.9484)  normalized_mse_mask: 0.0005 (0.0017)  rmse_m_all: 23.1816 (16.4274)  actual_mask_ratio: 0.0700 (0.0704)  actual_prediction_mask_ratio: 0.2121 (0.2229)  ignored_patch_ratio: 0.0516 (0.0394)  time: 0.0274  data: 0.0001  max mem: 1904
[17:56:54.757471] Val: [33]  [350/533]  eta: 0:00:06  loss: 0.0008 (0.0016)  mae_m_mask: 0.7755 (0.8034)  rmse_m_mask: 0.9202 (0.9438)  normalized_mse_mask: 0.0008 (0.0016)  rmse_m_all: 19.4247 (16.6240)  actual_mask_ratio: 0.0698 (0.0705)  actual_prediction_mask_ratio: 0.2170 (0.2230)  ignored_patch_ratio: 0.0391 (0.0384)  time: 0.0275  data: 0.0001  max mem: 1904
[17:56:56.131565] Val: [33]  [400/533]  eta: 0:00:04  loss: 0.0009 (0.0016)  mae_m_mask: 0.8736 (0.8342)  rmse_m_mask: 1.0331 (0.9774)  normalized_mse_mask: 0.0009 (0.0016)  rmse_m_all: 18.6786 (16.9984)  actual_mask_ratio: 0.0683 (0.0702)  actual_prediction_mask_ratio: 0.2164 (0.2218)  ignored_patch_ratio: 0.0476 (0.0400)  time: 0.0274  data: 0.0001  max mem: 1904
[17:56:57.502888] Val: [33]  [450/533]  eta: 0:00:02  loss: 0.0011 (0.0017)  mae_m_mask: 1.0334 (0.8696)  rmse_m_mask: 1.3744 (1.0208)  normalized_mse_mask: 0.0011 (0.0017)  rmse_m_all: 16.8731 (17.0115)  actual_mask_ratio: 0.0670 (0.0702)  actual_prediction_mask_ratio: 0.2143 (0.2217)  ignored_patch_ratio: 0.0612 (0.0412)  time: 0.0274  data: 0.0001  max mem: 1904
[17:56:58.873522] Val: [33]  [500/533]  eta: 0:00:01  loss: 0.0004 (0.0016)  mae_m_mask: 0.5669 (0.8550)  rmse_m_mask: 0.7089 (1.0045)  normalized_mse_mask: 0.0004 (0.0016)  rmse_m_all: 16.3445 (17.0634)  actual_mask_ratio: 0.0673 (0.0700)  actual_prediction_mask_ratio: 0.2116 (0.2212)  ignored_patch_ratio: 0.0573 (0.0425)  time: 0.0275  data: 0.0001  max mem: 1904
[17:56:59.734254] Val: [33]  [532/533]  eta: 0:00:00  loss: 0.0008 (0.0017)  mae_m_mask: 0.7079 (0.8517)  rmse_m_mask: 0.9349 (1.0005)  normalized_mse_mask: 0.0008 (0.0017)  rmse_m_all: 17.7093 (17.1179)  actual_mask_ratio: 0.0666 (0.0699)  actual_prediction_mask_ratio: 0.2121 (0.2208)  ignored_patch_ratio: 0.0550 (0.0432)  time: 0.0265  data: 0.0001  max mem: 1904
[17:56:59.761273] Val: [33] Total time: 0:00:17 (0.0326 s / it)
[17:56:59.761601] val stats: {'loss': 0.0016419804999856658, 'mae_m_mask': 0.8311789717563044, 'rmse_m_mask': 1.1136915991704937, 'normalized_mse_mask': 0.0016419804999856658, 'rmse_m_all': 17.117908457654053, 'actual_mask_ratio': 0.06990061117437499, 'actual_prediction_mask_ratio': 0.22084709342156744, 'ignored_patch_ratio': 0.04319662906886489, 'supervised_pixel_count': 11054205.0}
[17:57:03.836242] log_dir: /tank/data/SFS/xinyis/data/bathymetry/MAE-Topography/Downstream_Task_Bathy/cross_validation_v5_Stage2NormMSE_MeterSelect/runs/holdout_CA_D004Stage2NormMSE_MeterSelect_D001NoDataSafe/train_stage2_normMSE_meterSelect_CA_KlamathRiver_TopoBathy_2018_D18_fromStage1Best_e120_lr1e-5_b4_acc4/tb
[17:57:03.971415] Epoch: [34]  [  0/759]  eta: 0:01:42  lr: 0.000008  loss: 0.0079 (0.0079)  mae_m_mask: 0.1712 (0.1712)  rmse_m_mask: 0.2346 (0.2346)  normalized_mse_mask: 0.0079 (0.0079)  rmse_m_all: 6.0733 (6.0733)  actual_mask_ratio: 0.0641 (0.0641)  actual_prediction_mask_ratio: 0.2160 (0.2160)  ignored_patch_ratio: 0.0000 (0.0000)  time: 0.1347  data: 0.0831  max mem: 1904
[17:57:04.789926] Epoch: [34]  [ 20/759]  eta: 0:00:33  lr: 0.000008  loss: 0.0111 (0.0144)  mae_m_mask: 0.2077 (0.2159)  rmse_m_mask: 0.2954 (0.3332)  normalized_mse_mask: 0.0111 (0.0144)  rmse_m_all: 5.2581 (6.4071)  actual_mask_ratio: 0.0731 (0.0731)  actual_prediction_mask_ratio: 0.2398 (0.2363)  ignored_patch_ratio: 0.0000 (0.0043)  time: 0.0409  data: 0.0001  max mem: 1904
[17:57:05.607890] Epoch: [34]  [ 40/759]  eta: 0:00:31  lr: 0.000008  loss: 0.0088 (0.0149)  mae_m_mask: 0.2112 (0.2328)  rmse_m_mask: 0.3195 (0.3536)  normalized_mse_mask: 0.0088 (0.0149)  rmse_m_all: 7.2633 (6.9062)  actual_mask_ratio: 0.0686 (0.0717)  actual_prediction_mask_ratio: 0.2398 (0.2364)  ignored_patch_ratio: 0.0000 (0.0029)  time: 0.0409  data: 0.0001  max mem: 1904
[17:57:06.435150] Epoch: [34]  [ 60/759]  eta: 0:00:29  lr: 0.000008  loss: 0.0142 (0.0162)  mae_m_mask: 0.2468 (0.2474)  rmse_m_mask: 0.3681 (0.3772)  normalized_mse_mask: 0.0142 (0.0162)  rmse_m_all: 7.2002 (7.1240)  actual_mask_ratio: 0.0726 (0.0721)  actual_prediction_mask_ratio: 0.2336 (0.2363)  ignored_patch_ratio: 0.0000 (0.0028)  time: 0.0413  data: 0.0001  max mem: 1904
[17:57:07.258253] Epoch: [34]  [ 80/759]  eta: 0:00:28  lr: 0.000008  loss: 0.0159 (0.0180)  mae_m_mask: 0.2206 (0.2481)  rmse_m_mask: 0.3215 (0.3748)  normalized_mse_mask: 0.0159 (0.0180)  rmse_m_all: 7.1572 (7.2296)  actual_mask_ratio: 0.0703 (0.0718)  actual_prediction_mask_ratio: 0.2324 (0.2357)  ignored_patch_ratio: 0.0000 (0.0022)  time: 0.0411  data: 0.0001  max mem: 1904
[17:57:08.086629] Epoch: [34]  [100/759]  eta: 0:00:27  lr: 0.000008  loss: 0.0112 (0.0192)  mae_m_mask: 0.2034 (0.2425)  rmse_m_mask: 0.2821 (0.3649)  normalized_mse_mask: 0.0112 (0.0192)  rmse_m_all: 5.7677 (7.0356)  actual_mask_ratio: 0.0714 (0.0720)  actual_prediction_mask_ratio: 0.2421 (0.2364)  ignored_patch_ratio: 0.0000 (0.0023)  time: 0.0414  data: 0.0001  max mem: 1904
[17:57:08.928115] Epoch: [34]  [120/759]  eta: 0:00:26  lr: 0.000008  loss: 0.0213 (0.0206)  mae_m_mask: 0.2461 (0.2429)  rmse_m_mask: 0.3307 (0.3650)  normalized_mse_mask: 0.0213 (0.0206)  rmse_m_all: 7.9909 (7.2293)  actual_mask_ratio: 0.0731 (0.0721)  actual_prediction_mask_ratio: 0.2358 (0.2363)  ignored_patch_ratio: 0.0000 (0.0023)  time: 0.0420  data: 0.0001  max mem: 1904
[17:57:09.802114] Epoch: [34]  [140/759]  eta: 0:00:26  lr: 0.000008  loss: 0.0116 (0.0202)  mae_m_mask: 0.2290 (0.2415)  rmse_m_mask: 0.3343 (0.3618)  normalized_mse_mask: 0.0116 (0.0202)  rmse_m_all: 7.4296 (7.3261)  actual_mask_ratio: 0.0706 (0.0720)  actual_prediction_mask_ratio: 0.2292 (0.2365)  ignored_patch_ratio: 0.0000 (0.0022)  time: 0.0437  data: 0.0001  max mem: 1904
[17:57:10.676830] Epoch: [34]  [160/759]  eta: 0:00:25  lr: 0.000008  loss: 0.0222 (0.0204)  mae_m_mask: 0.2319 (0.2424)  rmse_m_mask: 0.3370 (0.3629)  normalized_mse_mask: 0.0222 (0.0204)  rmse_m_all: 7.3608 (7.3945)  actual_mask_ratio: 0.0726 (0.0720)  actual_prediction_mask_ratio: 0.2489 (0.2371)  ignored_patch_ratio: 0.0000 (0.0021)  time: 0.0437  data: 0.0001  max mem: 1904
[17:57:11.549773] Epoch: [34]  [180/759]  eta: 0:00:24  lr: 0.000008  loss: 0.0134 (0.0211)  mae_m_mask: 0.1986 (0.2423)  rmse_m_mask: 0.2835 (0.3619)  normalized_mse_mask: 0.0134 (0.0211)  rmse_m_all: 8.6662 (7.4221)  actual_mask_ratio: 0.0726 (0.0721)  actual_prediction_mask_ratio: 0.2415 (0.2374)  ignored_patch_ratio: 0.0000 (0.0020)  time: 0.0436  data: 0.0001  max mem: 1904
[17:57:12.422520] Epoch: [34]  [200/759]  eta: 0:00:23  lr: 0.000008  loss: 0.0203 (0.0216)  mae_m_mask: 0.1970 (0.2411)  rmse_m_mask: 0.2859 (0.3582)  normalized_mse_mask: 0.0203 (0.0216)  rmse_m_all: 4.9984 (7.2612)  actual_mask_ratio: 0.0731 (0.0722)  actual_prediction_mask_ratio: 0.2429 (0.2373)  ignored_patch_ratio: 0.0000 (0.0020)  time: 0.0436  data: 0.0001  max mem: 1904
[17:57:13.296215] Epoch: [34]  [220/759]  eta: 0:00:23  lr: 0.000008  loss: 0.0186 (0.0220)  mae_m_mask: 0.2309 (0.2406)  rmse_m_mask: 0.3324 (0.3577)  normalized_mse_mask: 0.0186 (0.0220)  rmse_m_all: 7.3499 (7.2953)  actual_mask_ratio: 0.0698 (0.0720)  actual_prediction_mask_ratio: 0.2273 (0.2363)  ignored_patch_ratio: 0.0000 (0.0018)  time: 0.0437  data: 0.0001  max mem: 1904
[17:57:14.137057] Epoch: [34]  [240/759]  eta: 0:00:22  lr: 0.000008  loss: 0.0055 (0.0212)  mae_m_mask: 0.2010 (0.2386)  rmse_m_mask: 0.2886 (0.3548)  normalized_mse_mask: 0.0055 (0.0212)  rmse_m_all: 5.6044 (7.2492)  actual_mask_ratio: 0.0714 (0.0721)  actual_prediction_mask_ratio: 0.2370 (0.2366)  ignored_patch_ratio: 0.0000 (0.0017)  time: 0.0420  data: 0.0001  max mem: 1904
[17:57:15.007446] Epoch: [34]  [260/759]  eta: 0:00:21  lr: 0.000008  loss: 0.0094 (0.0209)  mae_m_mask: 0.2273 (0.2382)  rmse_m_mask: 0.3308 (0.3544)  normalized_mse_mask: 0.0094 (0.0209)  rmse_m_all: 8.2377 (7.3561)  actual_mask_ratio: 0.0697 (0.0719)  actual_prediction_mask_ratio: 0.2234 (0.2358)  ignored_patch_ratio: 0.0000 (0.0017)  time: 0.0435  data: 0.0001  max mem: 1904
[17:57:15.835444] Epoch: [34]  [280/759]  eta: 0:00:20  lr: 0.000008  loss: 0.0133 (0.0207)  mae_m_mask: 0.1991 (0.2368)  rmse_m_mask: 0.2622 (0.3520)  normalized_mse_mask: 0.0133 (0.0207)  rmse_m_all: 6.6835 (7.3700)  actual_mask_ratio: 0.0748 (0.0721)  actual_prediction_mask_ratio: 0.2411 (0.2363)  ignored_patch_ratio: 0.0000 (0.0017)  time: 0.0414  data: 0.0001  max mem: 1904
[17:57:16.652553] Epoch: [34]  [300/759]  eta: 0:00:19  lr: 0.000008  loss: 0.0069 (0.0205)  mae_m_mask: 0.2363 (0.2371)  rmse_m_mask: 0.3370 (0.3525)  normalized_mse_mask: 0.0069 (0.0205)  rmse_m_all: 5.7663 (7.3983)  actual_mask_ratio: 0.0726 (0.0721)  actual_prediction_mask_ratio: 0.2307 (0.2360)  ignored_patch_ratio: 0.0000 (0.0017)  time: 0.0408  data: 0.0001  max mem: 1904
[17:57:17.471109] Epoch: [34]  [320/759]  eta: 0:00:18  lr: 0.000008  loss: 0.0158 (0.0204)  mae_m_mask: 0.1852 (0.2354)  rmse_m_mask: 0.2787 (0.3496)  normalized_mse_mask: 0.0158 (0.0204)  rmse_m_all: 6.7437 (7.3985)  actual_mask_ratio: 0.0688 (0.0719)  actual_prediction_mask_ratio: 0.2364 (0.2358)  ignored_patch_ratio: 0.0000 (0.0016)  time: 0.0409  data: 0.0001  max mem: 1904
[17:57:18.287984] Epoch: [34]  [340/759]  eta: 0:00:17  lr: 0.000008  loss: 0.0137 (0.0208)  mae_m_mask: 0.2302 (0.2356)  rmse_m_mask: 0.3321 (0.3499)  normalized_mse_mask: 0.0137 (0.0208)  rmse_m_all: 6.4519 (7.4228)  actual_mask_ratio: 0.0709 (0.0719)  actual_prediction_mask_ratio: 0.2333 (0.2358)  ignored_patch_ratio: 0.0000 (0.0015)  time: 0.0408  data: 0.0001  max mem: 1904
[17:57:19.104981] Epoch: [34]  [360/759]  eta: 0:00:16  lr: 0.000008  loss: 0.0140 (0.0208)  mae_m_mask: 0.2045 (0.2358)  rmse_m_mask: 0.3130 (0.3501)  normalized_mse_mask: 0.0140 (0.0208)  rmse_m_all: 7.2412 (7.4318)  actual_mask_ratio: 0.0737 (0.0720)  actual_prediction_mask_ratio: 0.2370 (0.2359)  ignored_patch_ratio: 0.0000 (0.0015)  time: 0.0408  data: 0.0001  max mem: 1904
[17:57:19.921681] Epoch: [34]  [380/759]  eta: 0:00:15  lr: 0.000008  loss: 0.0127 (0.0210)  mae_m_mask: 0.2019 (0.2355)  rmse_m_mask: 0.2911 (0.3497)  normalized_mse_mask: 0.0127 (0.0210)  rmse_m_all: 6.2627 (7.3927)  actual_mask_ratio: 0.0727 (0.0720)  actual_prediction_mask_ratio: 0.2364 (0.2358)  ignored_patch_ratio: 0.0000 (0.0016)  time: 0.0408  data: 0.0001  max mem: 1904
[17:57:20.796880] Epoch: [34]  [400/759]  eta: 0:00:15  lr: 0.000008  loss: 0.0117 (0.0211)  mae_m_mask: 0.2222 (0.2354)  rmse_m_mask: 0.3236 (0.3496)  normalized_mse_mask: 0.0117 (0.0211)  rmse_m_all: 5.4756 (7.3077)  actual_mask_ratio: 0.0738 (0.0721)  actual_prediction_mask_ratio: 0.2443 (0.2360)  ignored_patch_ratio: 0.0000 (0.0017)  time: 0.0437  data: 0.0001  max mem: 1904
[17:57:21.667966] Epoch: [34]  [420/759]  eta: 0:00:14  lr: 0.000008  loss: 0.0124 (0.0211)  mae_m_mask: 0.2545 (0.2363)  rmse_m_mask: 0.3522 (0.3504)  normalized_mse_mask: 0.0124 (0.0211)  rmse_m_all: 5.5990 (7.2882)  actual_mask_ratio: 0.0709 (0.0721)  actual_prediction_mask_ratio: 0.2353 (0.2358)  ignored_patch_ratio: 0.0000 (0.0019)  time: 0.0435  data: 0.0001  max mem: 1904
[17:57:22.488208] Epoch: [34]  [440/759]  eta: 0:00:13  lr: 0.000008  loss: 0.0089 (0.0209)  mae_m_mask: 0.2702 (0.2386)  rmse_m_mask: 0.3816 (0.3529)  normalized_mse_mask: 0.0089 (0.0209)  rmse_m_all: 8.6113 (7.3783)  actual_mask_ratio: 0.0697 (0.0720)  actual_prediction_mask_ratio: 0.2341 (0.2358)  ignored_patch_ratio: 0.0000 (0.0019)  time: 0.0410  data: 0.0001  max mem: 1904
[17:57:23.313245] Epoch: [34]  [460/759]  eta: 0:00:12  lr: 0.000008  loss: 0.0114 (0.0208)  mae_m_mask: 0.2008 (0.2374)  rmse_m_mask: 0.2934 (0.3511)  normalized_mse_mask: 0.0114 (0.0208)  rmse_m_all: 4.8801 (7.3342)  actual_mask_ratio: 0.0720 (0.0720)  actual_prediction_mask_ratio: 0.2319 (0.2357)  ignored_patch_ratio: 0.0000 (0.0020)  time: 0.0412  data: 0.0001  max mem: 1904
[17:57:24.130207] Epoch: [34]  [480/759]  eta: 0:00:11  lr: 0.000008  loss: 0.0106 (0.0207)  mae_m_mask: 0.1623 (0.2357)  rmse_m_mask: 0.2107 (0.3481)  normalized_mse_mask: 0.0106 (0.0207)  rmse_m_all: 4.1621 (7.2730)  actual_mask_ratio: 0.0748 (0.0720)  actual_prediction_mask_ratio: 0.2460 (0.2360)  ignored_patch_ratio: 0.0000 (0.0021)  time: 0.0408  data: 0.0001  max mem: 1904
[17:57:24.945026] Epoch: [34]  [500/759]  eta: 0:00:10  lr: 0.000008  loss: 0.0244 (0.0214)  mae_m_mask: 0.2292 (0.2370)  rmse_m_mask: 0.3372 (0.3503)  normalized_mse_mask: 0.0244 (0.0214)  rmse_m_all: 6.3292 (7.2441)  actual_mask_ratio: 0.0697 (0.0720)  actual_prediction_mask_ratio: 0.2279 (0.2357)  ignored_patch_ratio: 0.0000 (0.0021)  time: 0.0407  data: 0.0001  max mem: 1904
[17:57:25.756057] Epoch: [34]  [520/759]  eta: 0:00:10  lr: 0.000008  loss: 0.0114 (0.0212)  mae_m_mask: 0.1953 (0.2360)  rmse_m_mask: 0.2811 (0.3491)  normalized_mse_mask: 0.0114 (0.0212)  rmse_m_all: 5.2801 (7.2174)  actual_mask_ratio: 0.0714 (0.0720)  actual_prediction_mask_ratio: 0.2290 (0.2356)  ignored_patch_ratio: 0.0000 (0.0021)  time: 0.0405  data: 0.0001  max mem: 1904
[17:57:26.606098] Epoch: [34]  [540/759]  eta: 0:00:09  lr: 0.000008  loss: 0.0127 (0.0212)  mae_m_mask: 0.2718 (0.2378)  rmse_m_mask: 0.4039 (0.3519)  normalized_mse_mask: 0.0127 (0.0212)  rmse_m_all: 5.8213 (7.2179)  actual_mask_ratio: 0.0703 (0.0720)  actual_prediction_mask_ratio: 0.2324 (0.2357)  ignored_patch_ratio: 0.0000 (0.0021)  time: 0.0425  data: 0.0001  max mem: 1904
[17:57:27.417767] Epoch: [34]  [560/759]  eta: 0:00:08  lr: 0.000008  loss: 0.0103 (0.0211)  mae_m_mask: 0.1832 (0.2368)  rmse_m_mask: 0.2791 (0.3502)  normalized_mse_mask: 0.0103 (0.0211)  rmse_m_all: 7.9609 (7.2493)  actual_mask_ratio: 0.0709 (0.0720)  actual_prediction_mask_ratio: 0.2262 (0.2355)  ignored_patch_ratio: 0.0000 (0.0021)  time: 0.0406  data: 0.0001  max mem: 1904
[17:57:28.229513] Epoch: [34]  [580/759]  eta: 0:00:07  lr: 0.000008  loss: 0.0132 (0.0211)  mae_m_mask: 0.1917 (0.2354)  rmse_m_mask: 0.2741 (0.3481)  normalized_mse_mask: 0.0132 (0.0211)  rmse_m_all: 6.7352 (7.2295)  actual_mask_ratio: 0.0721 (0.0720)  actual_prediction_mask_ratio: 0.2353 (0.2355)  ignored_patch_ratio: 0.0000 (0.0020)  time: 0.0406  data: 0.0001  max mem: 1904
[17:57:29.039856] Epoch: [34]  [600/759]  eta: 0:00:06  lr: 0.000008  loss: 0.0146 (0.0211)  mae_m_mask: 0.1997 (0.2347)  rmse_m_mask: 0.3038 (0.3477)  normalized_mse_mask: 0.0146 (0.0211)  rmse_m_all: 5.0932 (7.1896)  actual_mask_ratio: 0.0720 (0.0720)  actual_prediction_mask_ratio: 0.2347 (0.2355)  ignored_patch_ratio: 0.0000 (0.0020)  time: 0.0405  data: 0.0001  max mem: 1904
[17:57:29.851797] Epoch: [34]  [620/759]  eta: 0:00:05  lr: 0.000008  loss: 0.0083 (0.0208)  mae_m_mask: 0.1954 (0.2340)  rmse_m_mask: 0.2839 (0.3468)  normalized_mse_mask: 0.0083 (0.0208)  rmse_m_all: 6.1849 (7.1854)  actual_mask_ratio: 0.0703 (0.0719)  actual_prediction_mask_ratio: 0.2279 (0.2354)  ignored_patch_ratio: 0.0000 (0.0021)  time: 0.0406  data: 0.0001  max mem: 1904
[17:57:30.662217] Epoch: [34]  [640/759]  eta: 0:00:04  lr: 0.000008  loss: 0.0120 (0.0208)  mae_m_mask: 0.2074 (0.2342)  rmse_m_mask: 0.3084 (0.3471)  normalized_mse_mask: 0.0120 (0.0208)  rmse_m_all: 6.5007 (7.1810)  actual_mask_ratio: 0.0709 (0.0719)  actual_prediction_mask_ratio: 0.2443 (0.2355)  ignored_patch_ratio: 0.0000 (0.0020)  time: 0.0405  data: 0.0001  max mem: 1904
[17:57:31.471626] Epoch: [34]  [660/759]  eta: 0:00:04  lr: 0.000008  loss: 0.0116 (0.0208)  mae_m_mask: 0.2350 (0.2345)  rmse_m_mask: 0.3127 (0.3475)  normalized_mse_mask: 0.0116 (0.0208)  rmse_m_all: 8.0354 (7.1804)  actual_mask_ratio: 0.0726 (0.0719)  actual_prediction_mask_ratio: 0.2341 (0.2355)  ignored_patch_ratio: 0.0000 (0.0021)  time: 0.0404  data: 0.0001  max mem: 1904
[17:57:32.283538] Epoch: [34]  [680/759]  eta: 0:00:03  lr: 0.000008  loss: 0.0098 (0.0206)  mae_m_mask: 0.2147 (0.2342)  rmse_m_mask: 0.2768 (0.3464)  normalized_mse_mask: 0.0098 (0.0206)  rmse_m_all: 5.4094 (7.1728)  actual_mask_ratio: 0.0697 (0.0719)  actual_prediction_mask_ratio: 0.2302 (0.2354)  ignored_patch_ratio: 0.0000 (0.0021)  time: 0.0406  data: 0.0001  max mem: 1904
[17:57:33.096850] Epoch: [34]  [700/759]  eta: 0:00:02  lr: 0.000008  loss: 0.0067 (0.0203)  mae_m_mask: 0.2115 (0.2343)  rmse_m_mask: 0.2834 (0.3464)  normalized_mse_mask: 0.0067 (0.0203)  rmse_m_all: 8.4614 (7.2232)  actual_mask_ratio: 0.0709 (0.0718)  actual_prediction_mask_ratio: 0.2290 (0.2353)  ignored_patch_ratio: 0.0000 (0.0020)  time: 0.0406  data: 0.0001  max mem: 1904
[17:57:33.911981] Epoch: [34]  [720/759]  eta: 0:00:01  lr: 0.000008  loss: 0.0116 (0.0203)  mae_m_mask: 0.2409 (0.2345)  rmse_m_mask: 0.3585 (0.3468)  normalized_mse_mask: 0.0116 (0.0203)  rmse_m_all: 8.4693 (7.2708)  actual_mask_ratio: 0.0709 (0.0718)  actual_prediction_mask_ratio: 0.2279 (0.2351)  ignored_patch_ratio: 0.0000 (0.0022)  time: 0.0407  data: 0.0001  max mem: 1904
[17:57:34.726632] Epoch: [34]  [740/759]  eta: 0:00:00  lr: 0.000008  loss: 0.0193 (0.0203)  mae_m_mask: 0.2259 (0.2348)  rmse_m_mask: 0.3326 (0.3472)  normalized_mse_mask: 0.0193 (0.0203)  rmse_m_all: 8.4463 (7.3085)  actual_mask_ratio: 0.0692 (0.0718)  actual_prediction_mask_ratio: 0.2364 (0.2352)  ignored_patch_ratio: 0.0000 (0.0022)  time: 0.0407  data: 0.0001  max mem: 1904
[17:57:35.457552] Epoch: [34]  [758/759]  eta: 0:00:00  lr: 0.000008  loss: 0.0119 (0.0204)  mae_m_mask: 0.2054 (0.2344)  rmse_m_mask: 0.2926 (0.3465)  normalized_mse_mask: 0.0119 (0.0204)  rmse_m_all: 6.1627 (7.2977)  actual_mask_ratio: 0.0717 (0.0718)  actual_prediction_mask_ratio: 0.2358 (0.2352)  ignored_patch_ratio: 0.0000 (0.0022)  time: 0.0408  data: 0.0001  max mem: 1904
[17:57:35.487391] Epoch: [34] Total time: 0:00:31 (0.0417 s / it)
[17:57:35.487565] Averaged stats: {'lr': 8.114695421603179e-06, 'loss': 0.019979494609393286, 'mae_m_mask': 0.23204795413071158, 'rmse_m_mask': 0.36765416406760376, 'normalized_mse_mask': 0.019979494609393286, 'rmse_m_all': 7.297746663979391, 'actual_mask_ratio': 0.07175470822845366, 'actual_prediction_mask_ratio': 0.2352320183760564, 'ignored_patch_ratio': 0.0021771975499682117, 'supervised_pixel_count': 14699826.0}
[17:57:35.602710] Val: [34]  [  0/533]  eta: 0:01:00  loss: 0.0106 (0.0106)  mae_m_mask: 1.0389 (1.0389)  rmse_m_mask: 1.2245 (1.2245)  normalized_mse_mask: 0.0106 (0.0106)  rmse_m_all: 13.6942 (13.6942)  actual_mask_ratio: 0.0787 (0.0787)  actual_prediction_mask_ratio: 0.2431 (0.2431)  ignored_patch_ratio: 0.0488 (0.0488)  time: 0.1131  data: 0.0835  max mem: 1904
[17:57:36.973743] Val: [34]  [ 50/533]  eta: 0:00:14  loss: 0.0016 (0.0038)  mae_m_mask: 0.6927 (0.7743)  rmse_m_mask: 0.8321 (0.8984)  normalized_mse_mask: 0.0016 (0.0038)  rmse_m_all: 13.2227 (14.0107)  actual_mask_ratio: 0.0694 (0.0693)  actual_prediction_mask_ratio: 0.2120 (0.2147)  ignored_patch_ratio: 0.0527 (0.0550)  time: 0.0276  data: 0.0001  max mem: 1904
[17:57:38.350830] Val: [34]  [100/533]  eta: 0:00:12  loss: 0.0004 (0.0023)  mae_m_mask: 0.5727 (0.7151)  rmse_m_mask: 0.6819 (0.8439)  normalized_mse_mask: 0.0004 (0.0023)  rmse_m_all: 17.7580 (15.6039)  actual_mask_ratio: 0.0645 (0.0686)  actual_prediction_mask_ratio: 0.2076 (0.2139)  ignored_patch_ratio: 0.0550 (0.0538)  time: 0.0275  data: 0.0001  max mem: 1904
[17:57:39.780365] Val: [34]  [150/533]  eta: 0:00:10  loss: 0.0007 (0.0018)  mae_m_mask: 0.4002 (0.6828)  rmse_m_mask: 0.5570 (0.8106)  normalized_mse_mask: 0.0007 (0.0018)  rmse_m_all: 11.2385 (15.5494)  actual_mask_ratio: 0.0707 (0.0688)  actual_prediction_mask_ratio: 0.2326 (0.2153)  ignored_patch_ratio: 0.0488 (0.0542)  time: 0.0299  data: 0.0001  max mem: 1904
[17:57:41.219594] Val: [34]  [200/533]  eta: 0:00:09  loss: 0.0011 (0.0017)  mae_m_mask: 0.7138 (0.6707)  rmse_m_mask: 0.7786 (0.7968)  normalized_mse_mask: 0.0011 (0.0017)  rmse_m_all: 13.8970 (15.0281)  actual_mask_ratio: 0.0760 (0.0695)  actual_prediction_mask_ratio: 0.2427 (0.2204)  ignored_patch_ratio: 0.0000 (0.0447)  time: 0.0279  data: 0.0001  max mem: 1904
[17:57:42.643228] Val: [34]  [250/533]  eta: 0:00:08  loss: 0.0009 (0.0017)  mae_m_mask: 0.9738 (0.7398)  rmse_m_mask: 1.1779 (0.8719)  normalized_mse_mask: 0.0009 (0.0017)  rmse_m_all: 14.5555 (15.3776)  actual_mask_ratio: 0.0725 (0.0702)  actual_prediction_mask_ratio: 0.2314 (0.2225)  ignored_patch_ratio: 0.0306 (0.0393)  time: 0.0289  data: 0.0001  max mem: 1904
[17:57:44.060295] Val: [34]  [300/533]  eta: 0:00:06  loss: 0.0004 (0.0017)  mae_m_mask: 0.7378 (0.7960)  rmse_m_mask: 0.8865 (0.9330)  normalized_mse_mask: 0.0004 (0.0017)  rmse_m_all: 23.1651 (16.4399)  actual_mask_ratio: 0.0700 (0.0704)  actual_prediction_mask_ratio: 0.2121 (0.2229)  ignored_patch_ratio: 0.0516 (0.0394)  time: 0.0276  data: 0.0001  max mem: 1904
[17:57:45.433023] Val: [34]  [350/533]  eta: 0:00:05  loss: 0.0006 (0.0016)  mae_m_mask: 0.7189 (0.7910)  rmse_m_mask: 0.8795 (0.9281)  normalized_mse_mask: 0.0006 (0.0016)  rmse_m_all: 19.3956 (16.6350)  actual_mask_ratio: 0.0698 (0.0705)  actual_prediction_mask_ratio: 0.2170 (0.2230)  ignored_patch_ratio: 0.0391 (0.0384)  time: 0.0274  data: 0.0001  max mem: 1904
[17:57:46.805274] Val: [34]  [400/533]  eta: 0:00:03  loss: 0.0008 (0.0015)  mae_m_mask: 0.7575 (0.8157)  rmse_m_mask: 0.9012 (0.9550)  normalized_mse_mask: 0.0008 (0.0015)  rmse_m_all: 18.6705 (17.0089)  actual_mask_ratio: 0.0683 (0.0702)  actual_prediction_mask_ratio: 0.2164 (0.2218)  ignored_patch_ratio: 0.0476 (0.0400)  time: 0.0274  data: 0.0001  max mem: 1904
[17:57:48.169342] Val: [34]  [450/533]  eta: 0:00:02  loss: 0.0010 (0.0017)  mae_m_mask: 0.9947 (0.8465)  rmse_m_mask: 1.2809 (0.9939)  normalized_mse_mask: 0.0010 (0.0017)  rmse_m_all: 16.8646 (17.0217)  actual_mask_ratio: 0.0670 (0.0702)  actual_prediction_mask_ratio: 0.2143 (0.2217)  ignored_patch_ratio: 0.0612 (0.0412)  time: 0.0273  data: 0.0001  max mem: 1904
[17:57:49.540439] Val: [34]  [500/533]  eta: 0:00:00  loss: 0.0003 (0.0016)  mae_m_mask: 0.5197 (0.8312)  rmse_m_mask: 0.6187 (0.9770)  normalized_mse_mask: 0.0003 (0.0016)  rmse_m_all: 16.3842 (17.0757)  actual_mask_ratio: 0.0673 (0.0700)  actual_prediction_mask_ratio: 0.2116 (0.2212)  ignored_patch_ratio: 0.0573 (0.0425)  time: 0.0275  data: 0.0001  max mem: 1904
[17:57:50.398586] Val: [34]  [532/533]  eta: 0:00:00  loss: 0.0007 (0.0016)  mae_m_mask: 0.6928 (0.8271)  rmse_m_mask: 0.9000 (0.9721)  normalized_mse_mask: 0.0007 (0.0016)  rmse_m_all: 17.7213 (17.1303)  actual_mask_ratio: 0.0666 (0.0699)  actual_prediction_mask_ratio: 0.2121 (0.2208)  ignored_patch_ratio: 0.0550 (0.0432)  time: 0.0265  data: 0.0001  max mem: 1904
[17:57:50.429397] Val: [34] Total time: 0:00:14 (0.0280 s / it)
[17:57:50.429757] val stats: {'loss': 0.001584343075652344, 'mae_m_mask': 0.809877051749446, 'rmse_m_mask': 1.083070259291413, 'normalized_mse_mask': 0.001584343075652344, 'rmse_m_all': 17.130275847093248, 'actual_mask_ratio': 0.06990061117437499, 'actual_prediction_mask_ratio': 0.22084709342156744, 'ignored_patch_ratio': 0.04319662906886489, 'supervised_pixel_count': 11054205.0}
[17:57:54.714163] log_dir: /tank/data/SFS/xinyis/data/bathymetry/MAE-Topography/Downstream_Task_Bathy/cross_validation_v5_Stage2NormMSE_MeterSelect/runs/holdout_CA_D004Stage2NormMSE_MeterSelect_D001NoDataSafe/train_stage2_normMSE_meterSelect_CA_KlamathRiver_TopoBathy_2018_D18_fromStage1Best_e120_lr1e-5_b4_acc4/tb
[17:57:55.105987] Epoch: [35]  [  0/759]  eta: 0:04:57  lr: 0.000008  loss: 0.0084 (0.0084)  mae_m_mask: 0.2327 (0.2327)  rmse_m_mask: 0.3047 (0.3047)  normalized_mse_mask: 0.0084 (0.0084)  rmse_m_all: 10.0676 (10.0676)  actual_mask_ratio: 0.0629 (0.0629)  actual_prediction_mask_ratio: 0.2449 (0.2449)  ignored_patch_ratio: 0.0091 (0.0091)  time: 0.3914  data: 0.2197  max mem: 1904
[17:57:55.921082] Epoch: [35]  [ 20/759]  eta: 0:00:42  lr: 0.000008  loss: 0.0126 (0.0147)  mae_m_mask: 0.2310 (0.2326)  rmse_m_mask: 0.3521 (0.3527)  normalized_mse_mask: 0.0126 (0.0147)  rmse_m_all: 8.6924 (8.8922)  actual_mask_ratio: 0.0737 (0.0718)  actual_prediction_mask_ratio: 0.2381 (0.2320)  ignored_patch_ratio: 0.0000 (0.0009)  time: 0.0407  data: 0.0001  max mem: 1904
[17:57:56.738565] Epoch: [35]  [ 40/759]  eta: 0:00:35  lr: 0.000008  loss: 0.0110 (0.0149)  mae_m_mask: 0.2214 (0.2338)  rmse_m_mask: 0.3155 (0.3519)  normalized_mse_mask: 0.0110 (0.0149)  rmse_m_all: 6.3386 (8.0475)  actual_mask_ratio: 0.0703 (0.0716)  actual_prediction_mask_ratio: 0.2273 (0.2318)  ignored_patch_ratio: 0.0000 (0.0023)  time: 0.0408  data: 0.0001  max mem: 1904
[17:57:57.552778] Epoch: [35]  [ 60/759]  eta: 0:00:32  lr: 0.000008  loss: 0.0114 (0.0144)  mae_m_mask: 0.2346 (0.2370)  rmse_m_mask: 0.3108 (0.3499)  normalized_mse_mask: 0.0114 (0.0144)  rmse_m_all: 9.6574 (8.5249)  actual_mask_ratio: 0.0720 (0.0720)  actual_prediction_mask_ratio: 0.2375 (0.2339)  ignored_patch_ratio: 0.0000 (0.0021)  time: 0.0407  data: 0.0001  max mem: 1904
[17:57:58.396642] Epoch: [35]  [ 80/759]  eta: 0:00:30  lr: 0.000008  loss: 0.0170 (0.0161)  mae_m_mask: 0.1892 (0.2310)  rmse_m_mask: 0.2744 (0.3382)  normalized_mse_mask: 0.0170 (0.0161)  rmse_m_all: 4.9058 (7.9629)  actual_mask_ratio: 0.0703 (0.0718)  actual_prediction_mask_ratio: 0.2313 (0.2344)  ignored_patch_ratio: 0.0000 (0.0022)  time: 0.0422  data: 0.0001  max mem: 1904
[17:57:59.226707] Epoch: [35]  [100/759]  eta: 0:00:29  lr: 0.000008  loss: 0.0199 (0.0176)  mae_m_mask: 0.1910 (0.2277)  rmse_m_mask: 0.2732 (0.3345)  normalized_mse_mask: 0.0199 (0.0176)  rmse_m_all: 5.1748 (7.7101)  actual_mask_ratio: 0.0675 (0.0713)  actual_prediction_mask_ratio: 0.2256 (0.2334)  ignored_patch_ratio: 0.0000 (0.0019)  time: 0.0415  data: 0.0001  max mem: 1904
[17:58:00.077748] Epoch: [35]  [120/759]  eta: 0:00:28  lr: 0.000008  loss: 0.0110 (0.0174)  mae_m_mask: 0.2049 (0.2273)  rmse_m_mask: 0.2948 (0.3358)  normalized_mse_mask: 0.0110 (0.0174)  rmse_m_all: 7.0803 (7.6456)  actual_mask_ratio: 0.0709 (0.0715)  actual_prediction_mask_ratio: 0.2298 (0.2335)  ignored_patch_ratio: 0.0000 (0.0018)  time: 0.0425  data: 0.0001  max mem: 1904
[17:58:00.922917] Epoch: [35]  [140/759]  eta: 0:00:27  lr: 0.000008  loss: 0.0172 (0.0183)  mae_m_mask: 0.2511 (0.2316)  rmse_m_mask: 0.3336 (0.3437)  normalized_mse_mask: 0.0172 (0.0183)  rmse_m_all: 6.6981 (7.6686)  actual_mask_ratio: 0.0697 (0.0715)  actual_prediction_mask_ratio: 0.2353 (0.2341)  ignored_patch_ratio: 0.0000 (0.0016)  time: 0.0422  data: 0.0001  max mem: 1904
[17:58:01.745684] Epoch: [35]  [160/759]  eta: 0:00:26  lr: 0.000008  loss: 0.0233 (0.0190)  mae_m_mask: 0.2370 (0.2337)  rmse_m_mask: 0.3268 (0.3445)  normalized_mse_mask: 0.0233 (0.0190)  rmse_m_all: 5.2091 (7.5494)  actual_mask_ratio: 0.0703 (0.0718)  actual_prediction_mask_ratio: 0.2409 (0.2351)  ignored_patch_ratio: 0.0000 (0.0015)  time: 0.0411  data: 0.0001  max mem: 1904
[17:58:02.610208] Epoch: [35]  [180/759]  eta: 0:00:25  lr: 0.000008  loss: 0.0113 (0.0195)  mae_m_mask: 0.1997 (0.2304)  rmse_m_mask: 0.2724 (0.3400)  normalized_mse_mask: 0.0113 (0.0195)  rmse_m_all: 4.5433 (7.4059)  actual_mask_ratio: 0.0709 (0.0718)  actual_prediction_mask_ratio: 0.2319 (0.2348)  ignored_patch_ratio: 0.0000 (0.0018)  time: 0.0432  data: 0.0001  max mem: 1904
[17:58:03.433393] Epoch: [35]  [200/759]  eta: 0:00:24  lr: 0.000008  loss: 0.0125 (0.0199)  mae_m_mask: 0.2395 (0.2301)  rmse_m_mask: 0.3516 (0.3415)  normalized_mse_mask: 0.0125 (0.0199)  rmse_m_all: 4.8443 (7.2581)  actual_mask_ratio: 0.0692 (0.0716)  actual_prediction_mask_ratio: 0.2323 (0.2342)  ignored_patch_ratio: 0.0000 (0.0016)  time: 0.0411  data: 0.0001  max mem: 1904
[17:58:04.250650] Epoch: [35]  [220/759]  eta: 0:00:23  lr: 0.000008  loss: 0.0153 (0.0200)  mae_m_mask: 0.2301 (0.2314)  rmse_m_mask: 0.3647 (0.3444)  normalized_mse_mask: 0.0153 (0.0200)  rmse_m_all: 7.7053 (7.2795)  actual_mask_ratio: 0.0692 (0.0714)  actual_prediction_mask_ratio: 0.2290 (0.2340)  ignored_patch_ratio: 0.0000 (0.0016)  time: 0.0408  data: 0.0001  max mem: 1904
[17:58:05.087897] Epoch: [35]  [240/759]  eta: 0:00:22  lr: 0.000008  loss: 0.0158 (0.0215)  mae_m_mask: 0.2295 (0.2331)  rmse_m_mask: 0.3681 (0.3483)  normalized_mse_mask: 0.0158 (0.0215)  rmse_m_all: 6.6997 (7.2825)  actual_mask_ratio: 0.0714 (0.0714)  actual_prediction_mask_ratio: 0.2415 (0.2341)  ignored_patch_ratio: 0.0000 (0.0015)  time: 0.0418  data: 0.0001  max mem: 1904
[17:58:05.930167] Epoch: [35]  [260/759]  eta: 0:00:21  lr: 0.000008  loss: 0.0110 (0.0214)  mae_m_mask: 0.1779 (0.2315)  rmse_m_mask: 0.2908 (0.3459)  normalized_mse_mask: 0.0110 (0.0214)  rmse_m_all: 5.6876 (7.1878)  actual_mask_ratio: 0.0709 (0.0714)  actual_prediction_mask_ratio: 0.2313 (0.2336)  ignored_patch_ratio: 0.0000 (0.0015)  time: 0.0421  data: 0.0001  max mem: 1904
[17:58:06.742615] Epoch: [35]  [280/759]  eta: 0:00:20  lr: 0.000008  loss: 0.0096 (0.0211)  mae_m_mask: 0.2413 (0.2325)  rmse_m_mask: 0.3457 (0.3467)  normalized_mse_mask: 0.0096 (0.0211)  rmse_m_all: 7.8213 (7.2276)  actual_mask_ratio: 0.0697 (0.0713)  actual_prediction_mask_ratio: 0.2290 (0.2336)  ignored_patch_ratio: 0.0000 (0.0015)  time: 0.0406  data: 0.0001  max mem: 1904
[17:58:07.555827] Epoch: [35]  [300/759]  eta: 0:00:19  lr: 0.000008  loss: 0.0185 (0.0213)  mae_m_mask: 0.2027 (0.2315)  rmse_m_mask: 0.2745 (0.3442)  normalized_mse_mask: 0.0185 (0.0213)  rmse_m_all: 7.9334 (7.3234)  actual_mask_ratio: 0.0697 (0.0712)  actual_prediction_mask_ratio: 0.2256 (0.2333)  ignored_patch_ratio: 0.0000 (0.0017)  time: 0.0406  data: 0.0001  max mem: 1904
[17:58:08.366474] Epoch: [35]  [320/759]  eta: 0:00:18  lr: 0.000008  loss: 0.0125 (0.0215)  mae_m_mask: 0.2186 (0.2317)  rmse_m_mask: 0.3084 (0.3452)  normalized_mse_mask: 0.0125 (0.0215)  rmse_m_all: 7.8331 (7.3464)  actual_mask_ratio: 0.0703 (0.0712)  actual_prediction_mask_ratio: 0.2296 (0.2333)  ignored_patch_ratio: 0.0000 (0.0018)  time: 0.0405  data: 0.0001  max mem: 1904
[17:58:09.176637] Epoch: [35]  [340/759]  eta: 0:00:17  lr: 0.000008  loss: 0.0090 (0.0210)  mae_m_mask: 0.2050 (0.2315)  rmse_m_mask: 0.3069 (0.3441)  normalized_mse_mask: 0.0090 (0.0210)  rmse_m_all: 7.2685 (7.3537)  actual_mask_ratio: 0.0692 (0.0711)  actual_prediction_mask_ratio: 0.2307 (0.2330)  ignored_patch_ratio: 0.0000 (0.0019)  time: 0.0405  data: 0.0001  max mem: 1904
[17:58:10.002365] Epoch: [35]  [360/759]  eta: 0:00:16  lr: 0.000008  loss: 0.0178 (0.0212)  mae_m_mask: 0.2565 (0.2337)  rmse_m_mask: 0.3688 (0.3475)  normalized_mse_mask: 0.0178 (0.0212)  rmse_m_all: 6.1671 (7.3661)  actual_mask_ratio: 0.0734 (0.0712)  actual_prediction_mask_ratio: 0.2409 (0.2335)  ignored_patch_ratio: 0.0000 (0.0018)  time: 0.0413  data: 0.0001  max mem: 1904
[17:58:10.822721] Epoch: [35]  [380/759]  eta: 0:00:16  lr: 0.000008  loss: 0.0198 (0.0212)  mae_m_mask: 0.1962 (0.2335)  rmse_m_mask: 0.2763 (0.3473)  normalized_mse_mask: 0.0198 (0.0212)  rmse_m_all: 7.2740 (7.3908)  actual_mask_ratio: 0.0714 (0.0712)  actual_prediction_mask_ratio: 0.2398 (0.2336)  ignored_patch_ratio: 0.0000 (0.0017)  time: 0.0410  data: 0.0001  max mem: 1904
[17:58:11.644621] Epoch: [35]  [400/759]  eta: 0:00:15  lr: 0.000008  loss: 0.0120 (0.0213)  mae_m_mask: 0.2394 (0.2348)  rmse_m_mask: 0.3301 (0.3495)  normalized_mse_mask: 0.0120 (0.0213)  rmse_m_all: 7.2368 (7.3933)  actual_mask_ratio: 0.0731 (0.0713)  actual_prediction_mask_ratio: 0.2404 (0.2339)  ignored_patch_ratio: 0.0000 (0.0018)  time: 0.0411  data: 0.0001  max mem: 1904
[17:58:12.514737] Epoch: [35]  [420/759]  eta: 0:00:14  lr: 0.000008  loss: 0.0047 (0.0208)  mae_m_mask: 0.1876 (0.2344)  rmse_m_mask: 0.2949 (0.3485)  normalized_mse_mask: 0.0047 (0.0208)  rmse_m_all: 5.7019 (7.3823)  actual_mask_ratio: 0.0748 (0.0714)  actual_prediction_mask_ratio: 0.2381 (0.2342)  ignored_patch_ratio: 0.0000 (0.0017)  time: 0.0435  data: 0.0001  max mem: 1904
[17:58:13.386935] Epoch: [35]  [440/759]  eta: 0:00:13  lr: 0.000008  loss: 0.0091 (0.0208)  mae_m_mask: 0.1815 (0.2338)  rmse_m_mask: 0.2815 (0.3475)  normalized_mse_mask: 0.0091 (0.0208)  rmse_m_all: 7.7302 (7.3925)  actual_mask_ratio: 0.0709 (0.0714)  actual_prediction_mask_ratio: 0.2358 (0.2344)  ignored_patch_ratio: 0.0000 (0.0018)  time: 0.0436  data: 0.0001  max mem: 1904
[17:58:14.222894] Epoch: [35]  [460/759]  eta: 0:00:12  lr: 0.000008  loss: 0.0108 (0.0205)  mae_m_mask: 0.2106 (0.2334)  rmse_m_mask: 0.3117 (0.3465)  normalized_mse_mask: 0.0108 (0.0205)  rmse_m_all: 7.2931 (7.3871)  actual_mask_ratio: 0.0714 (0.0715)  actual_prediction_mask_ratio: 0.2411 (0.2345)  ignored_patch_ratio: 0.0000 (0.0020)  time: 0.0418  data: 0.0001  max mem: 1904
[17:58:15.040470] Epoch: [35]  [480/759]  eta: 0:00:11  lr: 0.000008  loss: 0.0111 (0.0205)  mae_m_mask: 0.1919 (0.2332)  rmse_m_mask: 0.2930 (0.3456)  normalized_mse_mask: 0.0111 (0.0205)  rmse_m_all: 8.2375 (7.4262)  actual_mask_ratio: 0.0748 (0.0716)  actual_prediction_mask_ratio: 0.2438 (0.2349)  ignored_patch_ratio: 0.0000 (0.0020)  time: 0.0408  data: 0.0001  max mem: 1904
[17:58:15.862562] Epoch: [35]  [500/759]  eta: 0:00:10  lr: 0.000008  loss: 0.0084 (0.0202)  mae_m_mask: 0.2350 (0.2340)  rmse_m_mask: 0.3230 (0.3464)  normalized_mse_mask: 0.0084 (0.0202)  rmse_m_all: 6.7134 (7.4419)  actual_mask_ratio: 0.0703 (0.0715)  actual_prediction_mask_ratio: 0.2341 (0.2350)  ignored_patch_ratio: 0.0000 (0.0021)  time: 0.0411  data: 0.0001  max mem: 1904
[17:58:16.678727] Epoch: [35]  [520/759]  eta: 0:00:10  lr: 0.000008  loss: 0.0078 (0.0200)  mae_m_mask: 0.2027 (0.2333)  rmse_m_mask: 0.2878 (0.3448)  normalized_mse_mask: 0.0078 (0.0200)  rmse_m_all: 5.7694 (7.4399)  actual_mask_ratio: 0.0680 (0.0715)  actual_prediction_mask_ratio: 0.2314 (0.2349)  ignored_patch_ratio: 0.0000 (0.0021)  time: 0.0408  data: 0.0001  max mem: 1904
[17:58:17.496668] Epoch: [35]  [540/759]  eta: 0:00:09  lr: 0.000008  loss: 0.0185 (0.0202)  mae_m_mask: 0.1990 (0.2333)  rmse_m_mask: 0.3045 (0.3445)  normalized_mse_mask: 0.0185 (0.0202)  rmse_m_all: 7.5087 (7.4633)  actual_mask_ratio: 0.0720 (0.0715)  actual_prediction_mask_ratio: 0.2375 (0.2352)  ignored_patch_ratio: 0.0000 (0.0021)  time: 0.0409  data: 0.0001  max mem: 1904
[17:58:18.311793] Epoch: [35]  [560/759]  eta: 0:00:08  lr: 0.000008  loss: 0.0146 (0.0203)  mae_m_mask: 0.2202 (0.2335)  rmse_m_mask: 0.3485 (0.3454)  normalized_mse_mask: 0.0146 (0.0203)  rmse_m_all: 7.3230 (7.4936)  actual_mask_ratio: 0.0726 (0.0715)  actual_prediction_mask_ratio: 0.2239 (0.2350)  ignored_patch_ratio: 0.0000 (0.0020)  time: 0.0407  data: 0.0001  max mem: 1904
[17:58:19.127677] Epoch: [35]  [580/759]  eta: 0:00:07  lr: 0.000008  loss: 0.0115 (0.0202)  mae_m_mask: 0.2155 (0.2339)  rmse_m_mask: 0.3027 (0.3466)  normalized_mse_mask: 0.0115 (0.0202)  rmse_m_all: 6.5086 (7.4560)  actual_mask_ratio: 0.0703 (0.0715)  actual_prediction_mask_ratio: 0.2256 (0.2348)  ignored_patch_ratio: 0.0000 (0.0020)  time: 0.0408  data: 0.0001  max mem: 1904
[17:58:19.961656] Epoch: [35]  [600/759]  eta: 0:00:06  lr: 0.000008  loss: 0.0153 (0.0205)  mae_m_mask: 0.1709 (0.2329)  rmse_m_mask: 0.2623 (0.3458)  normalized_mse_mask: 0.0153 (0.0205)  rmse_m_all: 6.1346 (7.4235)  actual_mask_ratio: 0.0722 (0.0715)  actual_prediction_mask_ratio: 0.2358 (0.2346)  ignored_patch_ratio: 0.0000 (0.0020)  time: 0.0417  data: 0.0001  max mem: 1904
[17:58:20.836730] Epoch: [35]  [620/759]  eta: 0:00:05  lr: 0.000008  loss: 0.0096 (0.0204)  mae_m_mask: 0.2085 (0.2327)  rmse_m_mask: 0.2910 (0.3452)  normalized_mse_mask: 0.0096 (0.0204)  rmse_m_all: 6.9959 (7.4288)  actual_mask_ratio: 0.0748 (0.0716)  actual_prediction_mask_ratio: 0.2313 (0.2347)  ignored_patch_ratio: 0.0000 (0.0020)  time: 0.0437  data: 0.0001  max mem: 1904
[17:58:21.704080] Epoch: [35]  [640/759]  eta: 0:00:05  lr: 0.000008  loss: 0.0118 (0.0202)  mae_m_mask: 0.1951 (0.2318)  rmse_m_mask: 0.2582 (0.3439)  normalized_mse_mask: 0.0118 (0.0202)  rmse_m_all: 7.5579 (7.4134)  actual_mask_ratio: 0.0726 (0.0716)  actual_prediction_mask_ratio: 0.2262 (0.2345)  ignored_patch_ratio: 0.0000 (0.0021)  time: 0.0433  data: 0.0001  max mem: 1904
[17:58:22.576854] Epoch: [35]  [660/759]  eta: 0:00:04  lr: 0.000008  loss: 0.0062 (0.0200)  mae_m_mask: 0.2088 (0.2322)  rmse_m_mask: 0.2759 (0.3443)  normalized_mse_mask: 0.0062 (0.0200)  rmse_m_all: 7.5486 (7.4184)  actual_mask_ratio: 0.0669 (0.0715)  actual_prediction_mask_ratio: 0.2353 (0.2345)  ignored_patch_ratio: 0.0000 (0.0021)  time: 0.0436  data: 0.0001  max mem: 1904
[17:58:23.449220] Epoch: [35]  [680/759]  eta: 0:00:03  lr: 0.000008  loss: 0.0167 (0.0199)  mae_m_mask: 0.2091 (0.2323)  rmse_m_mask: 0.3247 (0.3446)  normalized_mse_mask: 0.0167 (0.0199)  rmse_m_all: 5.7633 (7.3868)  actual_mask_ratio: 0.0726 (0.0716)  actual_prediction_mask_ratio: 0.2405 (0.2346)  ignored_patch_ratio: 0.0000 (0.0021)  time: 0.0436  data: 0.0001  max mem: 1904
[17:58:24.317461] Epoch: [35]  [700/759]  eta: 0:00:02  lr: 0.000008  loss: 0.0148 (0.0199)  mae_m_mask: 0.1860 (0.2321)  rmse_m_mask: 0.2886 (0.3440)  normalized_mse_mask: 0.0148 (0.0199)  rmse_m_all: 5.0682 (7.3788)  actual_mask_ratio: 0.0743 (0.0717)  actual_prediction_mask_ratio: 0.2433 (0.2349)  ignored_patch_ratio: 0.0000 (0.0020)  time: 0.0434  data: 0.0001  max mem: 1904
[17:58:25.188877] Epoch: [35]  [720/759]  eta: 0:00:01  lr: 0.000008  loss: 0.0103 (0.0198)  mae_m_mask: 0.1889 (0.2319)  rmse_m_mask: 0.2745 (0.3434)  normalized_mse_mask: 0.0103 (0.0198)  rmse_m_all: 5.4792 (7.3709)  actual_mask_ratio: 0.0743 (0.0717)  actual_prediction_mask_ratio: 0.2438 (0.2351)  ignored_patch_ratio: 0.0000 (0.0020)  time: 0.0435  data: 0.0001  max mem: 1904
[17:58:26.033535] Epoch: [35]  [740/759]  eta: 0:00:00  lr: 0.000008  loss: 0.0096 (0.0199)  mae_m_mask: 0.2193 (0.2319)  rmse_m_mask: 0.3564 (0.3434)  normalized_mse_mask: 0.0096 (0.0199)  rmse_m_all: 6.0280 (7.3681)  actual_mask_ratio: 0.0731 (0.0717)  actual_prediction_mask_ratio: 0.2392 (0.2350)  ignored_patch_ratio: 0.0000 (0.0022)  time: 0.0422  data: 0.0001  max mem: 1904
[17:58:26.761328] Epoch: [35]  [758/759]  eta: 0:00:00  lr: 0.000008  loss: 0.0112 (0.0200)  mae_m_mask: 0.2187 (0.2323)  rmse_m_mask: 0.3445 (0.3439)  normalized_mse_mask: 0.0112 (0.0200)  rmse_m_all: 5.2565 (7.3208)  actual_mask_ratio: 0.0726 (0.0717)  actual_prediction_mask_ratio: 0.2392 (0.2352)  ignored_patch_ratio: 0.0000 (0.0022)  time: 0.0406  data: 0.0001  max mem: 1904
[17:58:26.794036] Epoch: [35] Total time: 0:00:32 (0.0423 s / it)
[17:58:26.794163] Averaged stats: {'lr': 8.011895518113472e-06, 'loss': 0.01960128393562874, 'mae_m_mask': 0.2305976306876793, 'rmse_m_mask': 0.3654634534990752, 'normalized_mse_mask': 0.01960128393562874, 'rmse_m_all': 7.320798947955623, 'actual_mask_ratio': 0.07173440653992735, 'actual_prediction_mask_ratio': 0.23516005002776938, 'ignored_patch_ratio': 0.002164500268551672, 'supervised_pixel_count': 14694556.0}
[17:58:26.906672] Val: [35]  [  0/533]  eta: 0:00:58  loss: 0.0110 (0.0110)  mae_m_mask: 1.0470 (1.0470)  rmse_m_mask: 1.2332 (1.2332)  normalized_mse_mask: 0.0110 (0.0110)  rmse_m_all: 13.6707 (13.6707)  actual_mask_ratio: 0.0787 (0.0787)  actual_prediction_mask_ratio: 0.2431 (0.2431)  ignored_patch_ratio: 0.0488 (0.0488)  time: 0.1106  data: 0.0812  max mem: 1904
[17:58:28.262441] Val: [35]  [ 50/533]  eta: 0:00:13  loss: 0.0016 (0.0038)  mae_m_mask: 0.6935 (0.7666)  rmse_m_mask: 0.8301 (0.8904)  normalized_mse_mask: 0.0016 (0.0038)  rmse_m_all: 13.1887 (13.9769)  actual_mask_ratio: 0.0694 (0.0693)  actual_prediction_mask_ratio: 0.2120 (0.2147)  ignored_patch_ratio: 0.0527 (0.0550)  time: 0.0273  data: 0.0001  max mem: 1904
[17:58:29.629361] Val: [35]  [100/533]  eta: 0:00:12  loss: 0.0004 (0.0023)  mae_m_mask: 0.5574 (0.7108)  rmse_m_mask: 0.6858 (0.8403)  normalized_mse_mask: 0.0004 (0.0023)  rmse_m_all: 17.6982 (15.5649)  actual_mask_ratio: 0.0645 (0.0686)  actual_prediction_mask_ratio: 0.2076 (0.2139)  ignored_patch_ratio: 0.0550 (0.0538)  time: 0.0273  data: 0.0001  max mem: 1904
[17:58:30.994061] Val: [35]  [150/533]  eta: 0:00:10  loss: 0.0007 (0.0019)  mae_m_mask: 0.4007 (0.6798)  rmse_m_mask: 0.5707 (0.8082)  normalized_mse_mask: 0.0007 (0.0019)  rmse_m_all: 11.2151 (15.5105)  actual_mask_ratio: 0.0707 (0.0688)  actual_prediction_mask_ratio: 0.2326 (0.2153)  ignored_patch_ratio: 0.0488 (0.0542)  time: 0.0273  data: 0.0001  max mem: 1904
[17:58:32.363022] Val: [35]  [200/533]  eta: 0:00:09  loss: 0.0011 (0.0018)  mae_m_mask: 0.7166 (0.6697)  rmse_m_mask: 0.7870 (0.7964)  normalized_mse_mask: 0.0011 (0.0018)  rmse_m_all: 13.8870 (14.9910)  actual_mask_ratio: 0.0760 (0.0695)  actual_prediction_mask_ratio: 0.2427 (0.2204)  ignored_patch_ratio: 0.0000 (0.0447)  time: 0.0275  data: 0.0001  max mem: 1904
[17:58:33.735935] Val: [35]  [250/533]  eta: 0:00:07  loss: 0.0009 (0.0017)  mae_m_mask: 0.9426 (0.7398)  rmse_m_mask: 1.1639 (0.8725)  normalized_mse_mask: 0.0009 (0.0017)  rmse_m_all: 14.5169 (15.3398)  actual_mask_ratio: 0.0725 (0.0702)  actual_prediction_mask_ratio: 0.2314 (0.2225)  ignored_patch_ratio: 0.0306 (0.0393)  time: 0.0274  data: 0.0001  max mem: 1904
[17:58:35.105828] Val: [35]  [300/533]  eta: 0:00:06  loss: 0.0004 (0.0017)  mae_m_mask: 0.7317 (0.7946)  rmse_m_mask: 0.8875 (0.9324)  normalized_mse_mask: 0.0004 (0.0017)  rmse_m_all: 23.1107 (16.3999)  actual_mask_ratio: 0.0700 (0.0704)  actual_prediction_mask_ratio: 0.2121 (0.2229)  ignored_patch_ratio: 0.0516 (0.0394)  time: 0.0274  data: 0.0001  max mem: 1904
[17:58:36.477872] Val: [35]  [350/533]  eta: 0:00:05  loss: 0.0007 (0.0016)  mae_m_mask: 0.7059 (0.7906)  rmse_m_mask: 0.8818 (0.9286)  normalized_mse_mask: 0.0007 (0.0016)  rmse_m_all: 19.3622 (16.5958)  actual_mask_ratio: 0.0698 (0.0705)  actual_prediction_mask_ratio: 0.2170 (0.2230)  ignored_patch_ratio: 0.0391 (0.0384)  time: 0.0274  data: 0.0001  max mem: 1904
[17:58:37.846598] Val: [35]  [400/533]  eta: 0:00:03  loss: 0.0008 (0.0015)  mae_m_mask: 0.7806 (0.8152)  rmse_m_mask: 0.9292 (0.9554)  normalized_mse_mask: 0.0008 (0.0015)  rmse_m_all: 18.6062 (16.9685)  actual_mask_ratio: 0.0683 (0.0702)  actual_prediction_mask_ratio: 0.2164 (0.2218)  ignored_patch_ratio: 0.0476 (0.0400)  time: 0.0273  data: 0.0001  max mem: 1904
[17:58:39.215047] Val: [35]  [450/533]  eta: 0:00:02  loss: 0.0011 (0.0017)  mae_m_mask: 0.9998 (0.8459)  rmse_m_mask: 1.2536 (0.9943)  normalized_mse_mask: 0.0011 (0.0017)  rmse_m_all: 16.8376 (16.9816)  actual_mask_ratio: 0.0670 (0.0702)  actual_prediction_mask_ratio: 0.2143 (0.2217)  ignored_patch_ratio: 0.0612 (0.0412)  time: 0.0273  data: 0.0001  max mem: 1904
[17:58:40.578022] Val: [35]  [500/533]  eta: 0:00:00  loss: 0.0003 (0.0016)  mae_m_mask: 0.5391 (0.8307)  rmse_m_mask: 0.6619 (0.9772)  normalized_mse_mask: 0.0003 (0.0016)  rmse_m_all: 16.3546 (17.0354)  actual_mask_ratio: 0.0673 (0.0700)  actual_prediction_mask_ratio: 0.2116 (0.2212)  ignored_patch_ratio: 0.0573 (0.0425)  time: 0.0273  data: 0.0001  max mem: 1904
[17:58:41.434347] Val: [35]  [532/533]  eta: 0:00:00  loss: 0.0006 (0.0016)  mae_m_mask: 0.6988 (0.8259)  rmse_m_mask: 0.8783 (0.9718)  normalized_mse_mask: 0.0006 (0.0016)  rmse_m_all: 17.6796 (17.0901)  actual_mask_ratio: 0.0666 (0.0699)  actual_prediction_mask_ratio: 0.2121 (0.2208)  ignored_patch_ratio: 0.0550 (0.0432)  time: 0.0262  data: 0.0001  max mem: 1904
[17:58:41.464007] Val: [35] Total time: 0:00:14 (0.0275 s / it)
[17:58:41.464371] val stats: {'loss': 0.001594591339696934, 'mae_m_mask': 0.809303221337067, 'rmse_m_mask': 1.0826280452819046, 'normalized_mse_mask': 0.001594591339696934, 'rmse_m_all': 17.09006181577357, 'actual_mask_ratio': 0.06990061117437499, 'actual_prediction_mask_ratio': 0.22084709342156744, 'ignored_patch_ratio': 0.04319662906886489, 'supervised_pixel_count': 11054205.0}
[17:58:45.434745] log_dir: /tank/data/SFS/xinyis/data/bathymetry/MAE-Topography/Downstream_Task_Bathy/cross_validation_v5_Stage2NormMSE_MeterSelect/runs/holdout_CA_D004Stage2NormMSE_MeterSelect_D001NoDataSafe/train_stage2_normMSE_meterSelect_CA_KlamathRiver_TopoBathy_2018_D18_fromStage1Best_e120_lr1e-5_b4_acc4/tb
[17:58:45.565575] Epoch: [36]  [  0/759]  eta: 0:01:38  lr: 0.000008  loss: 0.0310 (0.0310)  mae_m_mask: 0.2147 (0.2147)  rmse_m_mask: 0.2900 (0.2900)  normalized_mse_mask: 0.0310 (0.0310)  rmse_m_all: 3.1285 (3.1285)  actual_mask_ratio: 0.0777 (0.0777)  actual_prediction_mask_ratio: 0.2443 (0.2443)  ignored_patch_ratio: 0.0000 (0.0000)  time: 0.1303  data: 0.0862  max mem: 1904
[17:58:46.386504] Epoch: [36]  [ 20/759]  eta: 0:00:33  lr: 0.000008  loss: 0.0137 (0.0214)  mae_m_mask: 0.2066 (0.2200)  rmse_m_mask: 0.3108 (0.3272)  normalized_mse_mask: 0.0137 (0.0214)  rmse_m_all: 4.6023 (5.4445)  actual_mask_ratio: 0.0716 (0.0727)  actual_prediction_mask_ratio: 0.2353 (0.2369)  ignored_patch_ratio: 0.0000 (0.0005)  time: 0.0410  data: 0.0001  max mem: 1904
[17:58:47.208516] Epoch: [36]  [ 40/759]  eta: 0:00:31  lr: 0.000008  loss: 0.0154 (0.0203)  mae_m_mask: 0.2172 (0.2221)  rmse_m_mask: 0.3104 (0.3305)  normalized_mse_mask: 0.0154 (0.0203)  rmse_m_all: 4.7217 (5.6312)  actual_mask_ratio: 0.0697 (0.0710)  actual_prediction_mask_ratio: 0.2285 (0.2335)  ignored_patch_ratio: 0.0000 (0.0010)  time: 0.0411  data: 0.0001  max mem: 1904
[17:58:48.016137] Epoch: [36]  [ 60/759]  eta: 0:00:29  lr: 0.000008  loss: 0.0118 (0.0191)  mae_m_mask: 0.1908 (0.2248)  rmse_m_mask: 0.2905 (0.3325)  normalized_mse_mask: 0.0118 (0.0191)  rmse_m_all: 7.1698 (6.3874)  actual_mask_ratio: 0.0731 (0.0711)  actual_prediction_mask_ratio: 0.2398 (0.2341)  ignored_patch_ratio: 0.0000 (0.0009)  time: 0.0403  data: 0.0001  max mem: 1904
[17:58:48.825304] Epoch: [36]  [ 80/759]  eta: 0:00:28  lr: 0.000008  loss: 0.0122 (0.0221)  mae_m_mask: 0.2326 (0.2350)  rmse_m_mask: 0.3464 (0.3420)  normalized_mse_mask: 0.0122 (0.0221)  rmse_m_all: 8.3423 (6.9473)  actual_mask_ratio: 0.0714 (0.0713)  actual_prediction_mask_ratio: 0.2375 (0.2352)  ignored_patch_ratio: 0.0000 (0.0010)  time: 0.0404  data: 0.0001  max mem: 1904
[17:58:49.642198] Epoch: [36]  [100/759]  eta: 0:00:27  lr: 0.000008  loss: 0.0219 (0.0226)  mae_m_mask: 0.1885 (0.2353)  rmse_m_mask: 0.2852 (0.3431)  normalized_mse_mask: 0.0219 (0.0226)  rmse_m_all: 5.1594 (6.7956)  actual_mask_ratio: 0.0709 (0.0714)  actual_prediction_mask_ratio: 0.2285 (0.2343)  ignored_patch_ratio: 0.0000 (0.0014)  time: 0.0408  data: 0.0001  max mem: 1904
[17:58:50.456129] Epoch: [36]  [120/759]  eta: 0:00:26  lr: 0.000008  loss: 0.0137 (0.0237)  mae_m_mask: 0.1886 (0.2334)  rmse_m_mask: 0.2680 (0.3425)  normalized_mse_mask: 0.0137 (0.0237)  rmse_m_all: 6.4568 (6.7602)  actual_mask_ratio: 0.0731 (0.0712)  actual_prediction_mask_ratio: 0.2375 (0.2342)  ignored_patch_ratio: 0.0000 (0.0018)  time: 0.0407  data: 0.0001  max mem: 1904
[17:58:51.266298] Epoch: [36]  [140/759]  eta: 0:00:25  lr: 0.000008  loss: 0.0127 (0.0227)  mae_m_mask: 0.2333 (0.2328)  rmse_m_mask: 0.3366 (0.3430)  normalized_mse_mask: 0.0127 (0.0227)  rmse_m_all: 8.1649 (6.9599)  actual_mask_ratio: 0.0703 (0.0712)  actual_prediction_mask_ratio: 0.2330 (0.2348)  ignored_patch_ratio: 0.0000 (0.0016)  time: 0.0405  data: 0.0001  max mem: 1904
[17:58:52.077529] Epoch: [36]  [160/759]  eta: 0:00:24  lr: 0.000008  loss: 0.0141 (0.0223)  mae_m_mask: 0.2176 (0.2325)  rmse_m_mask: 0.2992 (0.3431)  normalized_mse_mask: 0.0141 (0.0223)  rmse_m_all: 5.3767 (6.8742)  actual_mask_ratio: 0.0703 (0.0712)  actual_prediction_mask_ratio: 0.2324 (0.2345)  ignored_patch_ratio: 0.0000 (0.0018)  time: 0.0405  data: 0.0001  max mem: 1904
[17:58:52.888310] Epoch: [36]  [180/759]  eta: 0:00:23  lr: 0.000008  loss: 0.0082 (0.0217)  mae_m_mask: 0.2182 (0.2328)  rmse_m_mask: 0.3321 (0.3453)  normalized_mse_mask: 0.0082 (0.0217)  rmse_m_all: 6.5130 (6.9171)  actual_mask_ratio: 0.0714 (0.0710)  actual_prediction_mask_ratio: 0.2313 (0.2342)  ignored_patch_ratio: 0.0000 (0.0024)  time: 0.0405  data: 0.0001  max mem: 1904
[17:58:53.702618] Epoch: [36]  [200/759]  eta: 0:00:22  lr: 0.000008  loss: 0.0159 (0.0221)  mae_m_mask: 0.2176 (0.2340)  rmse_m_mask: 0.3129 (0.3469)  normalized_mse_mask: 0.0159 (0.0221)  rmse_m_all: 5.8526 (6.8767)  actual_mask_ratio: 0.0726 (0.0712)  actual_prediction_mask_ratio: 0.2381 (0.2349)  ignored_patch_ratio: 0.0000 (0.0024)  time: 0.0407  data: 0.0001  max mem: 1904
[17:58:54.520561] Epoch: [36]  [220/759]  eta: 0:00:22  lr: 0.000008  loss: 0.0113 (0.0218)  mae_m_mask: 0.2055 (0.2328)  rmse_m_mask: 0.2864 (0.3449)  normalized_mse_mask: 0.0113 (0.0218)  rmse_m_all: 6.3192 (6.9528)  actual_mask_ratio: 0.0689 (0.0710)  actual_prediction_mask_ratio: 0.2346 (0.2345)  ignored_patch_ratio: 0.0000 (0.0023)  time: 0.0409  data: 0.0001  max mem: 1904
[17:58:55.340423] Epoch: [36]  [240/759]  eta: 0:00:21  lr: 0.000008  loss: 0.0138 (0.0213)  mae_m_mask: 0.2642 (0.2364)  rmse_m_mask: 0.4132 (0.3511)  normalized_mse_mask: 0.0138 (0.0213)  rmse_m_all: 8.8043 (7.1398)  actual_mask_ratio: 0.0669 (0.0708)  actual_prediction_mask_ratio: 0.2230 (0.2338)  ignored_patch_ratio: 0.0000 (0.0023)  time: 0.0410  data: 0.0001  max mem: 1904
[17:58:56.161301] Epoch: [36]  [260/759]  eta: 0:00:20  lr: 0.000008  loss: 0.0095 (0.0213)  mae_m_mask: 0.2463 (0.2391)  rmse_m_mask: 0.3639 (0.3547)  normalized_mse_mask: 0.0095 (0.0213)  rmse_m_all: 7.7788 (7.2308)  actual_mask_ratio: 0.0720 (0.0708)  actual_prediction_mask_ratio: 0.2443 (0.2341)  ignored_patch_ratio: 0.0000 (0.0022)  time: 0.0410  data: 0.0001  max mem: 1904
[17:58:56.983907] Epoch: [36]  [280/759]  eta: 0:00:19  lr: 0.000008  loss: 0.0133 (0.0212)  mae_m_mask: 0.2590 (0.2409)  rmse_m_mask: 0.3417 (0.3558)  normalized_mse_mask: 0.0133 (0.0212)  rmse_m_all: 7.2339 (7.3846)  actual_mask_ratio: 0.0711 (0.0709)  actual_prediction_mask_ratio: 0.2305 (0.2336)  ignored_patch_ratio: 0.0000 (0.0024)  time: 0.0411  data: 0.0001  max mem: 1904
[17:58:57.800213] Epoch: [36]  [300/759]  eta: 0:00:18  lr: 0.000008  loss: 0.0138 (0.0215)  mae_m_mask: 0.2155 (0.2400)  rmse_m_mask: 0.3063 (0.3547)  normalized_mse_mask: 0.0138 (0.0215)  rmse_m_all: 6.3974 (7.3734)  actual_mask_ratio: 0.0760 (0.0712)  actual_prediction_mask_ratio: 0.2296 (0.2338)  ignored_patch_ratio: 0.0000 (0.0022)  time: 0.0408  data: 0.0001  max mem: 1904
[17:58:58.631675] Epoch: [36]  [320/759]  eta: 0:00:18  lr: 0.000008  loss: 0.0146 (0.0218)  mae_m_mask: 0.2129 (0.2391)  rmse_m_mask: 0.3290 (0.3538)  normalized_mse_mask: 0.0146 (0.0218)  rmse_m_all: 5.3958 (7.3721)  actual_mask_ratio: 0.0714 (0.0712)  actual_prediction_mask_ratio: 0.2347 (0.2338)  ignored_patch_ratio: 0.0000 (0.0023)  time: 0.0415  data: 0.0001  max mem: 1904
[17:58:59.449470] Epoch: [36]  [340/759]  eta: 0:00:17  lr: 0.000008  loss: 0.0218 (0.0217)  mae_m_mask: 0.2570 (0.2404)  rmse_m_mask: 0.3639 (0.3554)  normalized_mse_mask: 0.0218 (0.0217)  rmse_m_all: 8.6223 (7.4241)  actual_mask_ratio: 0.0707 (0.0713)  actual_prediction_mask_ratio: 0.2313 (0.2338)  ignored_patch_ratio: 0.0000 (0.0022)  time: 0.0409  data: 0.0001  max mem: 1904
[17:59:00.268803] Epoch: [36]  [360/759]  eta: 0:00:16  lr: 0.000008  loss: 0.0163 (0.0215)  mae_m_mask: 0.2159 (0.2390)  rmse_m_mask: 0.2915 (0.3528)  normalized_mse_mask: 0.0163 (0.0215)  rmse_m_all: 7.4377 (7.4520)  actual_mask_ratio: 0.0731 (0.0714)  actual_prediction_mask_ratio: 0.2341 (0.2336)  ignored_patch_ratio: 0.0000 (0.0021)  time: 0.0409  data: 0.0001  max mem: 1904
[17:59:01.089268] Epoch: [36]  [380/759]  eta: 0:00:15  lr: 0.000008  loss: 0.0204 (0.0216)  mae_m_mask: 0.2033 (0.2376)  rmse_m_mask: 0.2815 (0.3508)  normalized_mse_mask: 0.0204 (0.0216)  rmse_m_all: 7.5249 (7.4447)  actual_mask_ratio: 0.0705 (0.0714)  actual_prediction_mask_ratio: 0.2449 (0.2341)  ignored_patch_ratio: 0.0000 (0.0021)  time: 0.0410  data: 0.0001  max mem: 1904
[17:59:01.907024] Epoch: [36]  [400/759]  eta: 0:00:14  lr: 0.000008  loss: 0.0167 (0.0219)  mae_m_mask: 0.2201 (0.2381)  rmse_m_mask: 0.3328 (0.3529)  normalized_mse_mask: 0.0167 (0.0219)  rmse_m_all: 8.3114 (7.4563)  actual_mask_ratio: 0.0686 (0.0713)  actual_prediction_mask_ratio: 0.2239 (0.2337)  ignored_patch_ratio: 0.0000 (0.0020)  time: 0.0409  data: 0.0001  max mem: 1904
[17:59:02.724813] Epoch: [36]  [420/759]  eta: 0:00:13  lr: 0.000008  loss: 0.0097 (0.0217)  mae_m_mask: 0.2367 (0.2378)  rmse_m_mask: 0.3123 (0.3523)  normalized_mse_mask: 0.0097 (0.0217)  rmse_m_all: 7.4296 (7.4388)  actual_mask_ratio: 0.0726 (0.0714)  actual_prediction_mask_ratio: 0.2438 (0.2341)  ignored_patch_ratio: 0.0000 (0.0021)  time: 0.0409  data: 0.0001  max mem: 1904
[17:59:03.549914] Epoch: [36]  [440/759]  eta: 0:00:13  lr: 0.000008  loss: 0.0179 (0.0216)  mae_m_mask: 0.2010 (0.2365)  rmse_m_mask: 0.2819 (0.3502)  normalized_mse_mask: 0.0179 (0.0216)  rmse_m_all: 6.7267 (7.4272)  actual_mask_ratio: 0.0709 (0.0714)  actual_prediction_mask_ratio: 0.2358 (0.2341)  ignored_patch_ratio: 0.0000 (0.0021)  time: 0.0412  data: 0.0001  max mem: 1904
[17:59:04.367380] Epoch: [36]  [460/759]  eta: 0:00:12  lr: 0.000008  loss: 0.0111 (0.0214)  mae_m_mask: 0.1824 (0.2347)  rmse_m_mask: 0.2587 (0.3474)  normalized_mse_mask: 0.0111 (0.0214)  rmse_m_all: 6.4703 (7.4013)  actual_mask_ratio: 0.0714 (0.0714)  actual_prediction_mask_ratio: 0.2401 (0.2343)  ignored_patch_ratio: 0.0000 (0.0022)  time: 0.0408  data: 0.0001  max mem: 1904
[17:59:05.183767] Epoch: [36]  [480/759]  eta: 0:00:11  lr: 0.000008  loss: 0.0096 (0.0213)  mae_m_mask: 0.2303 (0.2347)  rmse_m_mask: 0.3251 (0.3471)  normalized_mse_mask: 0.0096 (0.0213)  rmse_m_all: 6.4459 (7.4077)  actual_mask_ratio: 0.0748 (0.0715)  actual_prediction_mask_ratio: 0.2404 (0.2343)  ignored_patch_ratio: 0.0000 (0.0022)  time: 0.0408  data: 0.0001  max mem: 1904
[17:59:06.008398] Epoch: [36]  [500/759]  eta: 0:00:10  lr: 0.000008  loss: 0.0093 (0.0211)  mae_m_mask: 0.2215 (0.2346)  rmse_m_mask: 0.3207 (0.3473)  normalized_mse_mask: 0.0093 (0.0211)  rmse_m_all: 7.4238 (7.4239)  actual_mask_ratio: 0.0726 (0.0716)  actual_prediction_mask_ratio: 0.2364 (0.2344)  ignored_patch_ratio: 0.0000 (0.0022)  time: 0.0412  data: 0.0001  max mem: 1904
[17:59:06.860227] Epoch: [36]  [520/759]  eta: 0:00:09  lr: 0.000008  loss: 0.0136 (0.0211)  mae_m_mask: 0.1961 (0.2338)  rmse_m_mask: 0.2779 (0.3459)  normalized_mse_mask: 0.0136 (0.0211)  rmse_m_all: 6.3766 (7.4110)  actual_mask_ratio: 0.0731 (0.0716)  actual_prediction_mask_ratio: 0.2364 (0.2342)  ignored_patch_ratio: 0.0000 (0.0022)  time: 0.0426  data: 0.0001  max mem: 1904
[17:59:07.730058] Epoch: [36]  [540/759]  eta: 0:00:09  lr: 0.000008  loss: 0.0059 (0.0206)  mae_m_mask: 0.1897 (0.2325)  rmse_m_mask: 0.2680 (0.3436)  normalized_mse_mask: 0.0059 (0.0206)  rmse_m_all: 7.5299 (7.4185)  actual_mask_ratio: 0.0737 (0.0717)  actual_prediction_mask_ratio: 0.2336 (0.2344)  ignored_patch_ratio: 0.0000 (0.0021)  time: 0.0435  data: 0.0001  max mem: 1904
[17:59:08.558815] Epoch: [36]  [560/759]  eta: 0:00:08  lr: 0.000008  loss: 0.0077 (0.0208)  mae_m_mask: 0.1741 (0.2312)  rmse_m_mask: 0.2448 (0.3415)  normalized_mse_mask: 0.0077 (0.0208)  rmse_m_all: 4.3445 (7.3715)  actual_mask_ratio: 0.0720 (0.0717)  actual_prediction_mask_ratio: 0.2415 (0.2348)  ignored_patch_ratio: 0.0000 (0.0020)  time: 0.0414  data: 0.0001  max mem: 1904
[17:59:09.374815] Epoch: [36]  [580/759]  eta: 0:00:07  lr: 0.000008  loss: 0.0075 (0.0207)  mae_m_mask: 0.2181 (0.2318)  rmse_m_mask: 0.3204 (0.3424)  normalized_mse_mask: 0.0075 (0.0207)  rmse_m_all: 7.1072 (7.3823)  actual_mask_ratio: 0.0703 (0.0717)  actual_prediction_mask_ratio: 0.2381 (0.2348)  ignored_patch_ratio: 0.0000 (0.0020)  time: 0.0408  data: 0.0001  max mem: 1904
[17:59:10.192479] Epoch: [36]  [600/759]  eta: 0:00:06  lr: 0.000008  loss: 0.0072 (0.0205)  mae_m_mask: 0.1795 (0.2307)  rmse_m_mask: 0.2728 (0.3405)  normalized_mse_mask: 0.0072 (0.0205)  rmse_m_all: 6.6969 (7.3944)  actual_mask_ratio: 0.0676 (0.0716)  actual_prediction_mask_ratio: 0.2296 (0.2346)  ignored_patch_ratio: 0.0000 (0.0020)  time: 0.0409  data: 0.0001  max mem: 1904
[17:59:11.007732] Epoch: [36]  [620/759]  eta: 0:00:05  lr: 0.000008  loss: 0.0131 (0.0204)  mae_m_mask: 0.2405 (0.2313)  rmse_m_mask: 0.3540 (0.3416)  normalized_mse_mask: 0.0131 (0.0204)  rmse_m_all: 8.4300 (7.4144)  actual_mask_ratio: 0.0742 (0.0716)  actual_prediction_mask_ratio: 0.2423 (0.2347)  ignored_patch_ratio: 0.0000 (0.0022)  time: 0.0407  data: 0.0001  max mem: 1904
[17:59:11.823972] Epoch: [36]  [640/759]  eta: 0:00:04  lr: 0.000008  loss: 0.0148 (0.0203)  mae_m_mask: 0.2222 (0.2318)  rmse_m_mask: 0.3201 (0.3425)  normalized_mse_mask: 0.0148 (0.0203)  rmse_m_all: 6.7839 (7.4053)  actual_mask_ratio: 0.0737 (0.0716)  actual_prediction_mask_ratio: 0.2302 (0.2346)  ignored_patch_ratio: 0.0000 (0.0022)  time: 0.0408  data: 0.0001  max mem: 1904
[17:59:12.642139] Epoch: [36]  [660/759]  eta: 0:00:04  lr: 0.000008  loss: 0.0095 (0.0203)  mae_m_mask: 0.2183 (0.2322)  rmse_m_mask: 0.3291 (0.3436)  normalized_mse_mask: 0.0095 (0.0203)  rmse_m_all: 6.7321 (7.4222)  actual_mask_ratio: 0.0692 (0.0716)  actual_prediction_mask_ratio: 0.2262 (0.2344)  ignored_patch_ratio: 0.0000 (0.0022)  time: 0.0409  data: 0.0001  max mem: 1904
[17:59:13.454478] Epoch: [36]  [680/759]  eta: 0:00:03  lr: 0.000008  loss: 0.0104 (0.0204)  mae_m_mask: 0.2145 (0.2321)  rmse_m_mask: 0.3637 (0.3450)  normalized_mse_mask: 0.0104 (0.0204)  rmse_m_all: 6.2697 (7.3850)  actual_mask_ratio: 0.0765 (0.0717)  actual_prediction_mask_ratio: 0.2477 (0.2348)  ignored_patch_ratio: 0.0000 (0.0022)  time: 0.0406  data: 0.0001  max mem: 1904
[17:59:14.269830] Epoch: [36]  [700/759]  eta: 0:00:02  lr: 0.000008  loss: 0.0107 (0.0205)  mae_m_mask: 0.1823 (0.2317)  rmse_m_mask: 0.2818 (0.3447)  normalized_mse_mask: 0.0107 (0.0205)  rmse_m_all: 6.4960 (7.3712)  actual_mask_ratio: 0.0720 (0.0717)  actual_prediction_mask_ratio: 0.2392 (0.2349)  ignored_patch_ratio: 0.0000 (0.0022)  time: 0.0407  data: 0.0001  max mem: 1904
[17:59:15.085116] Epoch: [36]  [720/759]  eta: 0:00:01  lr: 0.000008  loss: 0.0161 (0.0204)  mae_m_mask: 0.2251 (0.2319)  rmse_m_mask: 0.3015 (0.3449)  normalized_mse_mask: 0.0161 (0.0204)  rmse_m_all: 8.0049 (7.3656)  actual_mask_ratio: 0.0737 (0.0718)  actual_prediction_mask_ratio: 0.2494 (0.2351)  ignored_patch_ratio: 0.0000 (0.0022)  time: 0.0407  data: 0.0001  max mem: 1904
[17:59:15.902030] Epoch: [36]  [740/759]  eta: 0:00:00  lr: 0.000008  loss: 0.0086 (0.0202)  mae_m_mask: 0.2269 (0.2318)  rmse_m_mask: 0.3277 (0.3449)  normalized_mse_mask: 0.0086 (0.0202)  rmse_m_all: 8.0472 (7.3770)  actual_mask_ratio: 0.0714 (0.0718)  actual_prediction_mask_ratio: 0.2426 (0.2352)  ignored_patch_ratio: 0.0000 (0.0022)  time: 0.0408  data: 0.0001  max mem: 1904
[17:59:16.665252] Epoch: [36]  [758/759]  eta: 0:00:00  lr: 0.000008  loss: 0.0079 (0.0201)  mae_m_mask: 0.1918 (0.2315)  rmse_m_mask: 0.3184 (0.3444)  normalized_mse_mask: 0.0079 (0.0201)  rmse_m_all: 6.4348 (7.3653)  actual_mask_ratio: 0.0731 (0.0717)  actual_prediction_mask_ratio: 0.2409 (0.2352)  ignored_patch_ratio: 0.0000 (0.0022)  time: 0.0423  data: 0.0001  max mem: 1904
[17:59:16.695296] Epoch: [36] Total time: 0:00:31 (0.0412 s / it)
[17:59:16.695444] Averaged stats: {'lr': 7.907065679385632e-06, 'loss': 0.019517402524847453, 'mae_m_mask': 0.2298754371100866, 'rmse_m_mask': 0.36597854308978334, 'normalized_mse_mask': 0.019517402524847453, 'rmse_m_all': 7.365286931375898, 'actual_mask_ratio': 0.07174239969261394, 'actual_prediction_mask_ratio': 0.2351654656280485, 'ignored_patch_ratio': 0.0021771977070291996, 'supervised_pixel_count': 14698296.0}
[17:59:16.806528] Val: [36]  [  0/533]  eta: 0:00:58  loss: 0.0110 (0.0110)  mae_m_mask: 1.0700 (1.0700)  rmse_m_mask: 1.2572 (1.2572)  normalized_mse_mask: 0.0110 (0.0110)  rmse_m_all: 13.7314 (13.7314)  actual_mask_ratio: 0.0787 (0.0787)  actual_prediction_mask_ratio: 0.2431 (0.2431)  ignored_patch_ratio: 0.0488 (0.0488)  time: 0.1092  data: 0.0798  max mem: 1904
[17:59:18.176652] Val: [36]  [ 50/533]  eta: 0:00:14  loss: 0.0018 (0.0039)  mae_m_mask: 0.7021 (0.7876)  rmse_m_mask: 0.8444 (0.9127)  normalized_mse_mask: 0.0018 (0.0039)  rmse_m_all: 13.2439 (14.0392)  actual_mask_ratio: 0.0694 (0.0693)  actual_prediction_mask_ratio: 0.2120 (0.2147)  ignored_patch_ratio: 0.0527 (0.0550)  time: 0.0275  data: 0.0001  max mem: 1904
[17:59:19.543500] Val: [36]  [100/533]  eta: 0:00:12  loss: 0.0004 (0.0024)  mae_m_mask: 0.5814 (0.7268)  rmse_m_mask: 0.6934 (0.8577)  normalized_mse_mask: 0.0004 (0.0024)  rmse_m_all: 17.7785 (15.6381)  actual_mask_ratio: 0.0645 (0.0686)  actual_prediction_mask_ratio: 0.2076 (0.2139)  ignored_patch_ratio: 0.0550 (0.0538)  time: 0.0272  data: 0.0001  max mem: 1904
[17:59:20.889362] Val: [36]  [150/533]  eta: 0:00:10  loss: 0.0006 (0.0019)  mae_m_mask: 0.4216 (0.6940)  rmse_m_mask: 0.5571 (0.8238)  normalized_mse_mask: 0.0006 (0.0019)  rmse_m_all: 11.2846 (15.5884)  actual_mask_ratio: 0.0707 (0.0688)  actual_prediction_mask_ratio: 0.2326 (0.2153)  ignored_patch_ratio: 0.0488 (0.0542)  time: 0.0270  data: 0.0001  max mem: 1904
[17:59:22.239279] Val: [36]  [200/533]  eta: 0:00:09  loss: 0.0011 (0.0018)  mae_m_mask: 0.6930 (0.6762)  rmse_m_mask: 0.7589 (0.8038)  normalized_mse_mask: 0.0011 (0.0018)  rmse_m_all: 13.9887 (15.0658)  actual_mask_ratio: 0.0760 (0.0695)  actual_prediction_mask_ratio: 0.2427 (0.2204)  ignored_patch_ratio: 0.0000 (0.0447)  time: 0.0271  data: 0.0001  max mem: 1904
[17:59:23.594233] Val: [36]  [250/533]  eta: 0:00:07  loss: 0.0009 (0.0017)  mae_m_mask: 0.9972 (0.7418)  rmse_m_mask: 1.2061 (0.8751)  normalized_mse_mask: 0.0009 (0.0017)  rmse_m_all: 14.6210 (15.4186)  actual_mask_ratio: 0.0725 (0.0702)  actual_prediction_mask_ratio: 0.2314 (0.2225)  ignored_patch_ratio: 0.0306 (0.0393)  time: 0.0271  data: 0.0001  max mem: 1904
[17:59:24.965213] Val: [36]  [300/533]  eta: 0:00:06  loss: 0.0004 (0.0017)  mae_m_mask: 0.7273 (0.7992)  rmse_m_mask: 0.8792 (0.9377)  normalized_mse_mask: 0.0004 (0.0017)  rmse_m_all: 23.2480 (16.4879)  actual_mask_ratio: 0.0700 (0.0704)  actual_prediction_mask_ratio: 0.2121 (0.2229)  ignored_patch_ratio: 0.0516 (0.0394)  time: 0.0274  data: 0.0001  max mem: 1904
[17:59:26.379418] Val: [36]  [350/533]  eta: 0:00:05  loss: 0.0007 (0.0016)  mae_m_mask: 0.7479 (0.7944)  rmse_m_mask: 0.8866 (0.9329)  normalized_mse_mask: 0.0007 (0.0016)  rmse_m_all: 19.4899 (16.6859)  actual_mask_ratio: 0.0698 (0.0705)  actual_prediction_mask_ratio: 0.2170 (0.2230)  ignored_patch_ratio: 0.0391 (0.0384)  time: 0.0291  data: 0.0001  max mem: 1904
[17:59:27.759766] Val: [36]  [400/533]  eta: 0:00:03  loss: 0.0008 (0.0015)  mae_m_mask: 0.8064 (0.8216)  rmse_m_mask: 0.9587 (0.9626)  normalized_mse_mask: 0.0008 (0.0015)  rmse_m_all: 18.7288 (17.0619)  actual_mask_ratio: 0.0683 (0.0702)  actual_prediction_mask_ratio: 0.2164 (0.2218)  ignored_patch_ratio: 0.0476 (0.0400)  time: 0.0273  data: 0.0001  max mem: 1904
[17:59:29.129245] Val: [36]  [450/533]  eta: 0:00:02  loss: 0.0011 (0.0017)  mae_m_mask: 1.0205 (0.8544)  rmse_m_mask: 1.3003 (1.0035)  normalized_mse_mask: 0.0011 (0.0017)  rmse_m_all: 16.9439 (17.0755)  actual_mask_ratio: 0.0670 (0.0702)  actual_prediction_mask_ratio: 0.2143 (0.2217)  ignored_patch_ratio: 0.0612 (0.0412)  time: 0.0274  data: 0.0001  max mem: 1904
[17:59:30.495681] Val: [36]  [500/533]  eta: 0:00:00  loss: 0.0004 (0.0016)  mae_m_mask: 0.5483 (0.8403)  rmse_m_mask: 0.6976 (0.9878)  normalized_mse_mask: 0.0004 (0.0016)  rmse_m_all: 16.4174 (17.1281)  actual_mask_ratio: 0.0673 (0.0700)  actual_prediction_mask_ratio: 0.2116 (0.2212)  ignored_patch_ratio: 0.0573 (0.0425)  time: 0.0274  data: 0.0001  max mem: 1904
[17:59:31.353604] Val: [36]  [532/533]  eta: 0:00:00  loss: 0.0007 (0.0017)  mae_m_mask: 0.7077 (0.8363)  rmse_m_mask: 0.9310 (0.9832)  normalized_mse_mask: 0.0007 (0.0017)  rmse_m_all: 17.7814 (17.1831)  actual_mask_ratio: 0.0666 (0.0699)  actual_prediction_mask_ratio: 0.2121 (0.2208)  ignored_patch_ratio: 0.0550 (0.0432)  time: 0.0264  data: 0.0001  max mem: 1904
[17:59:31.383470] Val: [36] Total time: 0:00:14 (0.0276 s / it)
[17:59:31.383825] val stats: {'loss': 0.0016197694095477055, 'mae_m_mask': 0.8178200352493831, 'rmse_m_mask': 1.0933579433816114, 'normalized_mse_mask': 0.0016197694095477055, 'rmse_m_all': 17.183088300823048, 'actual_mask_ratio': 0.06990061117437499, 'actual_prediction_mask_ratio': 0.22084709342156744, 'ignored_patch_ratio': 0.04319662906886489, 'supervised_pixel_count': 11054205.0}
[17:59:35.560200] log_dir: /tank/data/SFS/xinyis/data/bathymetry/MAE-Topography/Downstream_Task_Bathy/cross_validation_v5_Stage2NormMSE_MeterSelect/runs/holdout_CA_D004Stage2NormMSE_MeterSelect_D001NoDataSafe/train_stage2_normMSE_meterSelect_CA_KlamathRiver_TopoBathy_2018_D18_fromStage1Best_e120_lr1e-5_b4_acc4/tb
[17:59:35.716796] Epoch: [37]  [  0/759]  eta: 0:01:58  lr: 0.000008  loss: 0.0276 (0.0276)  mae_m_mask: 0.2319 (0.2319)  rmse_m_mask: 0.5068 (0.5068)  normalized_mse_mask: 0.0276 (0.0276)  rmse_m_all: 3.4136 (3.4136)  actual_mask_ratio: 0.0749 (0.0749)  actual_prediction_mask_ratio: 0.2418 (0.2418)  ignored_patch_ratio: 0.0011 (0.0011)  time: 0.1560  data: 0.0912  max mem: 1904
[17:59:36.860000] Epoch: [37]  [ 20/759]  eta: 0:00:45  lr: 0.000008  loss: 0.0188 (0.0257)  mae_m_mask: 0.2188 (0.2247)  rmse_m_mask: 0.3025 (0.3348)  normalized_mse_mask: 0.0188 (0.0257)  rmse_m_all: 7.1121 (6.9753)  actual_mask_ratio: 0.0703 (0.0711)  actual_prediction_mask_ratio: 0.2245 (0.2311)  ignored_patch_ratio: 0.0000 (0.0005)  time: 0.0571  data: 0.0001  max mem: 1904
[17:59:37.999803] Epoch: [37]  [ 40/759]  eta: 0:00:42  lr: 0.000008  loss: 0.0101 (0.0216)  mae_m_mask: 0.2021 (0.2175)  rmse_m_mask: 0.2798 (0.3199)  normalized_mse_mask: 0.0101 (0.0216)  rmse_m_all: 6.3654 (7.3207)  actual_mask_ratio: 0.0731 (0.0709)  actual_prediction_mask_ratio: 0.2381 (0.2321)  ignored_patch_ratio: 0.0000 (0.0018)  time: 0.0570  data: 0.0001  max mem: 1904
[17:59:39.140803] Epoch: [37]  [ 60/759]  eta: 0:00:41  lr: 0.000008  loss: 0.0142 (0.0229)  mae_m_mask: 0.2338 (0.2347)  rmse_m_mask: 0.3480 (0.3480)  normalized_mse_mask: 0.0142 (0.0229)  rmse_m_all: 7.3862 (7.6833)  actual_mask_ratio: 0.0748 (0.0721)  actual_prediction_mask_ratio: 0.2477 (0.2353)  ignored_patch_ratio: 0.0000 (0.0020)  time: 0.0570  data: 0.0001  max mem: 1904
[17:59:40.233560] Epoch: [37]  [ 80/759]  eta: 0:00:39  lr: 0.000008  loss: 0.0135 (0.0226)  mae_m_mask: 0.2267 (0.2386)  rmse_m_mask: 0.3258 (0.3541)  normalized_mse_mask: 0.0135 (0.0226)  rmse_m_all: 5.6839 (7.4557)  actual_mask_ratio: 0.0748 (0.0726)  actual_prediction_mask_ratio: 0.2460 (0.2381)  ignored_patch_ratio: 0.0000 (0.0015)  time: 0.0546  data: 0.0001  max mem: 1904
[17:59:41.056322] Epoch: [37]  [100/759]  eta: 0:00:35  lr: 0.000008  loss: 0.0067 (0.0209)  mae_m_mask: 0.1999 (0.2324)  rmse_m_mask: 0.2987 (0.3461)  normalized_mse_mask: 0.0067 (0.0209)  rmse_m_all: 6.2740 (7.3432)  actual_mask_ratio: 0.0726 (0.0724)  actual_prediction_mask_ratio: 0.2370 (0.2377)  ignored_patch_ratio: 0.0000 (0.0013)  time: 0.0411  data: 0.0001  max mem: 1904
[17:59:41.879154] Epoch: [37]  [120/759]  eta: 0:00:33  lr: 0.000008  loss: 0.0138 (0.0207)  mae_m_mask: 0.2163 (0.2334)  rmse_m_mask: 0.2854 (0.3461)  normalized_mse_mask: 0.0138 (0.0207)  rmse_m_all: 7.8252 (7.3321)  actual_mask_ratio: 0.0663 (0.0718)  actual_prediction_mask_ratio: 0.2188 (0.2356)  ignored_patch_ratio: 0.0000 (0.0015)  time: 0.0411  data: 0.0001  max mem: 1904
[17:59:42.697900] Epoch: [37]  [140/759]  eta: 0:00:31  lr: 0.000008  loss: 0.0076 (0.0204)  mae_m_mask: 0.2026 (0.2324)  rmse_m_mask: 0.3000 (0.3463)  normalized_mse_mask: 0.0076 (0.0204)  rmse_m_all: 6.1136 (7.3351)  actual_mask_ratio: 0.0706 (0.0719)  actual_prediction_mask_ratio: 0.2364 (0.2358)  ignored_patch_ratio: 0.0000 (0.0017)  time: 0.0409  data: 0.0001  max mem: 1904
[17:59:43.520953] Epoch: [37]  [160/759]  eta: 0:00:29  lr: 0.000008  loss: 0.0255 (0.0226)  mae_m_mask: 0.2541 (0.2365)  rmse_m_mask: 0.3943 (0.3551)  normalized_mse_mask: 0.0255 (0.0226)  rmse_m_all: 4.9077 (7.2337)  actual_mask_ratio: 0.0748 (0.0721)  actual_prediction_mask_ratio: 0.2337 (0.2361)  ignored_patch_ratio: 0.0000 (0.0016)  time: 0.0411  data: 0.0001  max mem: 1904
[17:59:44.338200] Epoch: [37]  [180/759]  eta: 0:00:28  lr: 0.000008  loss: 0.0096 (0.0220)  mae_m_mask: 0.2286 (0.2375)  rmse_m_mask: 0.3286 (0.3560)  normalized_mse_mask: 0.0096 (0.0220)  rmse_m_all: 6.8254 (7.2766)  actual_mask_ratio: 0.0703 (0.0719)  actual_prediction_mask_ratio: 0.2285 (0.2353)  ignored_patch_ratio: 0.0000 (0.0019)  time: 0.0408  data: 0.0001  max mem: 1904
[17:59:45.157220] Epoch: [37]  [200/759]  eta: 0:00:26  lr: 0.000008  loss: 0.0098 (0.0216)  mae_m_mask: 0.2120 (0.2364)  rmse_m_mask: 0.3178 (0.3541)  normalized_mse_mask: 0.0098 (0.0216)  rmse_m_all: 6.8738 (7.3286)  actual_mask_ratio: 0.0731 (0.0720)  actual_prediction_mask_ratio: 0.2392 (0.2357)  ignored_patch_ratio: 0.0000 (0.0018)  time: 0.0409  data: 0.0001  max mem: 1904
[17:59:45.982648] Epoch: [37]  [220/759]  eta: 0:00:25  lr: 0.000008  loss: 0.0146 (0.0211)  mae_m_mask: 0.2278 (0.2368)  rmse_m_mask: 0.3468 (0.3548)  normalized_mse_mask: 0.0146 (0.0211)  rmse_m_all: 4.6619 (7.2982)  actual_mask_ratio: 0.0731 (0.0718)  actual_prediction_mask_ratio: 0.2222 (0.2347)  ignored_patch_ratio: 0.0000 (0.0023)  time: 0.0412  data: 0.0001  max mem: 1904
[17:59:46.799623] Epoch: [37]  [240/759]  eta: 0:00:24  lr: 0.000008  loss: 0.0133 (0.0208)  mae_m_mask: 0.2030 (0.2354)  rmse_m_mask: 0.2877 (0.3508)  normalized_mse_mask: 0.0133 (0.0208)  rmse_m_all: 6.3876 (7.2490)  actual_mask_ratio: 0.0686 (0.0716)  actual_prediction_mask_ratio: 0.2188 (0.2342)  ignored_patch_ratio: 0.0000 (0.0022)  time: 0.0408  data: 0.0001  max mem: 1904
[17:59:47.616365] Epoch: [37]  [260/759]  eta: 0:00:23  lr: 0.000008  loss: 0.0167 (0.0210)  mae_m_mask: 0.2376 (0.2380)  rmse_m_mask: 0.3735 (0.3554)  normalized_mse_mask: 0.0167 (0.0210)  rmse_m_all: 8.5758 (7.3756)  actual_mask_ratio: 0.0711 (0.0716)  actual_prediction_mask_ratio: 0.2353 (0.2340)  ignored_patch_ratio: 0.0000 (0.0022)  time: 0.0408  data: 0.0001  max mem: 1904
[17:59:48.431911] Epoch: [37]  [280/759]  eta: 0:00:21  lr: 0.000008  loss: 0.0068 (0.0204)  mae_m_mask: 0.2268 (0.2391)  rmse_m_mask: 0.3299 (0.3568)  normalized_mse_mask: 0.0068 (0.0204)  rmse_m_all: 7.7157 (7.4274)  actual_mask_ratio: 0.0709 (0.0716)  actual_prediction_mask_ratio: 0.2404 (0.2347)  ignored_patch_ratio: 0.0000 (0.0022)  time: 0.0407  data: 0.0001  max mem: 1904
[17:59:49.248067] Epoch: [37]  [300/759]  eta: 0:00:20  lr: 0.000008  loss: 0.0108 (0.0203)  mae_m_mask: 0.2129 (0.2395)  rmse_m_mask: 0.3108 (0.3571)  normalized_mse_mask: 0.0108 (0.0203)  rmse_m_all: 6.6697 (7.4178)  actual_mask_ratio: 0.0697 (0.0716)  actual_prediction_mask_ratio: 0.2344 (0.2349)  ignored_patch_ratio: 0.0000 (0.0021)  time: 0.0408  data: 0.0001  max mem: 1904
[17:59:50.063427] Epoch: [37]  [320/759]  eta: 0:00:19  lr: 0.000008  loss: 0.0112 (0.0200)  mae_m_mask: 0.2212 (0.2385)  rmse_m_mask: 0.3375 (0.3562)  normalized_mse_mask: 0.0112 (0.0200)  rmse_m_all: 6.4862 (7.3945)  actual_mask_ratio: 0.0709 (0.0716)  actual_prediction_mask_ratio: 0.2381 (0.2351)  ignored_patch_ratio: 0.0000 (0.0022)  time: 0.0407  data: 0.0001  max mem: 1904
[17:59:50.881874] Epoch: [37]  [340/759]  eta: 0:00:18  lr: 0.000008  loss: 0.0081 (0.0203)  mae_m_mask: 0.2025 (0.2379)  rmse_m_mask: 0.2838 (0.3552)  normalized_mse_mask: 0.0081 (0.0203)  rmse_m_all: 5.0260 (7.3112)  actual_mask_ratio: 0.0726 (0.0716)  actual_prediction_mask_ratio: 0.2358 (0.2352)  ignored_patch_ratio: 0.0000 (0.0023)  time: 0.0409  data: 0.0001  max mem: 1904
[17:59:51.699821] Epoch: [37]  [360/759]  eta: 0:00:17  lr: 0.000008  loss: 0.0124 (0.0201)  mae_m_mask: 0.2290 (0.2392)  rmse_m_mask: 0.3920 (0.3575)  normalized_mse_mask: 0.0124 (0.0201)  rmse_m_all: 8.9886 (7.3712)  actual_mask_ratio: 0.0709 (0.0715)  actual_prediction_mask_ratio: 0.2251 (0.2344)  ignored_patch_ratio: 0.0000 (0.0024)  time: 0.0409  data: 0.0001  max mem: 1904
[17:59:52.517188] Epoch: [37]  [380/759]  eta: 0:00:16  lr: 0.000008  loss: 0.0112 (0.0196)  mae_m_mask: 0.2146 (0.2389)  rmse_m_mask: 0.2859 (0.3565)  normalized_mse_mask: 0.0112 (0.0196)  rmse_m_all: 6.0276 (7.3524)  actual_mask_ratio: 0.0731 (0.0716)  actual_prediction_mask_ratio: 0.2381 (0.2349)  ignored_patch_ratio: 0.0000 (0.0024)  time: 0.0408  data: 0.0001  max mem: 1904
[17:59:53.334027] Epoch: [37]  [400/759]  eta: 0:00:15  lr: 0.000008  loss: 0.0114 (0.0196)  mae_m_mask: 0.2111 (0.2387)  rmse_m_mask: 0.3218 (0.3559)  normalized_mse_mask: 0.0114 (0.0196)  rmse_m_all: 6.9088 (7.3672)  actual_mask_ratio: 0.0726 (0.0716)  actual_prediction_mask_ratio: 0.2375 (0.2351)  ignored_patch_ratio: 0.0000 (0.0024)  time: 0.0408  data: 0.0001  max mem: 1904
[17:59:54.148597] Epoch: [37]  [420/759]  eta: 0:00:14  lr: 0.000008  loss: 0.0159 (0.0195)  mae_m_mask: 0.2323 (0.2388)  rmse_m_mask: 0.3861 (0.3559)  normalized_mse_mask: 0.0159 (0.0195)  rmse_m_all: 5.0249 (7.3433)  actual_mask_ratio: 0.0709 (0.0717)  actual_prediction_mask_ratio: 0.2432 (0.2352)  ignored_patch_ratio: 0.0000 (0.0023)  time: 0.0407  data: 0.0001  max mem: 1904
[17:59:54.961882] Epoch: [37]  [440/759]  eta: 0:00:14  lr: 0.000008  loss: 0.0189 (0.0195)  mae_m_mask: 0.2125 (0.2386)  rmse_m_mask: 0.3315 (0.3554)  normalized_mse_mask: 0.0189 (0.0195)  rmse_m_all: 6.9953 (7.3426)  actual_mask_ratio: 0.0709 (0.0717)  actual_prediction_mask_ratio: 0.2336 (0.2351)  ignored_patch_ratio: 0.0000 (0.0022)  time: 0.0406  data: 0.0001  max mem: 1904
[17:59:55.778391] Epoch: [37]  [460/759]  eta: 0:00:13  lr: 0.000008  loss: 0.0156 (0.0193)  mae_m_mask: 0.2215 (0.2380)  rmse_m_mask: 0.3364 (0.3548)  normalized_mse_mask: 0.0156 (0.0193)  rmse_m_all: 7.5549 (7.3733)  actual_mask_ratio: 0.0726 (0.0717)  actual_prediction_mask_ratio: 0.2358 (0.2351)  ignored_patch_ratio: 0.0000 (0.0023)  time: 0.0408  data: 0.0001  max mem: 1904
[17:59:56.599500] Epoch: [37]  [480/759]  eta: 0:00:12  lr: 0.000008  loss: 0.0130 (0.0193)  mae_m_mask: 0.2026 (0.2373)  rmse_m_mask: 0.2979 (0.3535)  normalized_mse_mask: 0.0130 (0.0193)  rmse_m_all: 8.6032 (7.4141)  actual_mask_ratio: 0.0744 (0.0717)  actual_prediction_mask_ratio: 0.2389 (0.2351)  ignored_patch_ratio: 0.0000 (0.0024)  time: 0.0410  data: 0.0001  max mem: 1904
[17:59:57.416000] Epoch: [37]  [500/759]  eta: 0:00:11  lr: 0.000008  loss: 0.0141 (0.0195)  mae_m_mask: 0.2037 (0.2368)  rmse_m_mask: 0.3105 (0.3527)  normalized_mse_mask: 0.0141 (0.0195)  rmse_m_all: 6.9410 (7.4209)  actual_mask_ratio: 0.0760 (0.0719)  actual_prediction_mask_ratio: 0.2494 (0.2355)  ignored_patch_ratio: 0.0000 (0.0023)  time: 0.0408  data: 0.0001  max mem: 1904
[17:59:58.235039] Epoch: [37]  [520/759]  eta: 0:00:10  lr: 0.000008  loss: 0.0168 (0.0197)  mae_m_mask: 0.2215 (0.2366)  rmse_m_mask: 0.2994 (0.3521)  normalized_mse_mask: 0.0168 (0.0197)  rmse_m_all: 8.1020 (7.4595)  actual_mask_ratio: 0.0731 (0.0718)  actual_prediction_mask_ratio: 0.2319 (0.2355)  ignored_patch_ratio: 0.0000 (0.0023)  time: 0.0409  data: 0.0001  max mem: 1904
[17:59:59.052148] Epoch: [37]  [540/759]  eta: 0:00:09  lr: 0.000008  loss: 0.0091 (0.0197)  mae_m_mask: 0.2696 (0.2369)  rmse_m_mask: 0.3604 (0.3523)  normalized_mse_mask: 0.0091 (0.0197)  rmse_m_all: 9.4928 (7.4818)  actual_mask_ratio: 0.0714 (0.0718)  actual_prediction_mask_ratio: 0.2347 (0.2354)  ignored_patch_ratio: 0.0000 (0.0023)  time: 0.0408  data: 0.0001  max mem: 1904
[17:59:59.866227] Epoch: [37]  [560/759]  eta: 0:00:08  lr: 0.000008  loss: 0.0138 (0.0199)  mae_m_mask: 0.2207 (0.2369)  rmse_m_mask: 0.3163 (0.3519)  normalized_mse_mask: 0.0138 (0.0199)  rmse_m_all: 7.0119 (7.4857)  actual_mask_ratio: 0.0726 (0.0718)  actual_prediction_mask_ratio: 0.2364 (0.2352)  ignored_patch_ratio: 0.0000 (0.0024)  time: 0.0407  data: 0.0001  max mem: 1904
[18:00:00.673593] Epoch: [37]  [580/759]  eta: 0:00:07  lr: 0.000008  loss: 0.0131 (0.0199)  mae_m_mask: 0.2263 (0.2370)  rmse_m_mask: 0.3446 (0.3527)  normalized_mse_mask: 0.0131 (0.0199)  rmse_m_all: 6.3405 (7.4600)  actual_mask_ratio: 0.0709 (0.0718)  actual_prediction_mask_ratio: 0.2455 (0.2354)  ignored_patch_ratio: 0.0000 (0.0023)  time: 0.0403  data: 0.0001  max mem: 1904
[18:00:01.483721] Epoch: [37]  [600/759]  eta: 0:00:06  lr: 0.000008  loss: 0.0226 (0.0202)  mae_m_mask: 0.2167 (0.2372)  rmse_m_mask: 0.3395 (0.3532)  normalized_mse_mask: 0.0226 (0.0202)  rmse_m_all: 4.9319 (7.4019)  actual_mask_ratio: 0.0754 (0.0719)  actual_prediction_mask_ratio: 0.2494 (0.2358)  ignored_patch_ratio: 0.0000 (0.0022)  time: 0.0405  data: 0.0001  max mem: 1904
[18:00:02.295801] Epoch: [37]  [620/759]  eta: 0:00:05  lr: 0.000008  loss: 0.0149 (0.0201)  mae_m_mask: 0.1920 (0.2370)  rmse_m_mask: 0.2526 (0.3528)  normalized_mse_mask: 0.0149 (0.0201)  rmse_m_all: 4.6234 (7.3592)  actual_mask_ratio: 0.0726 (0.0719)  actual_prediction_mask_ratio: 0.2336 (0.2357)  ignored_patch_ratio: 0.0000 (0.0022)  time: 0.0406  data: 0.0001  max mem: 1904
[18:00:03.109939] Epoch: [37]  [640/759]  eta: 0:00:05  lr: 0.000008  loss: 0.0098 (0.0199)  mae_m_mask: 0.1941 (0.2363)  rmse_m_mask: 0.2835 (0.3521)  normalized_mse_mask: 0.0098 (0.0199)  rmse_m_all: 6.3582 (7.3437)  actual_mask_ratio: 0.0714 (0.0719)  actual_prediction_mask_ratio: 0.2273 (0.2357)  ignored_patch_ratio: 0.0000 (0.0022)  time: 0.0407  data: 0.0001  max mem: 1904
[18:00:03.923654] Epoch: [37]  [660/759]  eta: 0:00:04  lr: 0.000008  loss: 0.0086 (0.0198)  mae_m_mask: 0.2102 (0.2357)  rmse_m_mask: 0.3064 (0.3508)  normalized_mse_mask: 0.0086 (0.0198)  rmse_m_all: 5.6789 (7.3077)  actual_mask_ratio: 0.0697 (0.0719)  actual_prediction_mask_ratio: 0.2346 (0.2358)  ignored_patch_ratio: 0.0000 (0.0022)  time: 0.0407  data: 0.0001  max mem: 1904
[18:00:04.755245] Epoch: [37]  [680/759]  eta: 0:00:03  lr: 0.000008  loss: 0.0099 (0.0196)  mae_m_mask: 0.2068 (0.2352)  rmse_m_mask: 0.2981 (0.3501)  normalized_mse_mask: 0.0099 (0.0196)  rmse_m_all: 7.7494 (7.3361)  actual_mask_ratio: 0.0720 (0.0720)  actual_prediction_mask_ratio: 0.2468 (0.2360)  ignored_patch_ratio: 0.0000 (0.0022)  time: 0.0415  data: 0.0001  max mem: 1904
[18:00:05.586218] Epoch: [37]  [700/759]  eta: 0:00:02  lr: 0.000008  loss: 0.0145 (0.0196)  mae_m_mask: 0.2113 (0.2348)  rmse_m_mask: 0.3311 (0.3493)  normalized_mse_mask: 0.0145 (0.0196)  rmse_m_all: 7.0858 (7.3473)  actual_mask_ratio: 0.0703 (0.0719)  actual_prediction_mask_ratio: 0.2273 (0.2358)  ignored_patch_ratio: 0.0000 (0.0022)  time: 0.0415  data: 0.0001  max mem: 1904
[18:00:06.461496] Epoch: [37]  [720/759]  eta: 0:00:01  lr: 0.000008  loss: 0.0150 (0.0197)  mae_m_mask: 0.2097 (0.2343)  rmse_m_mask: 0.2916 (0.3485)  normalized_mse_mask: 0.0150 (0.0197)  rmse_m_all: 5.9480 (7.3362)  actual_mask_ratio: 0.0692 (0.0719)  actual_prediction_mask_ratio: 0.2285 (0.2356)  ignored_patch_ratio: 0.0000 (0.0022)  time: 0.0437  data: 0.0001  max mem: 1904
[18:00:07.339368] Epoch: [37]  [740/759]  eta: 0:00:00  lr: 0.000008  loss: 0.0144 (0.0198)  mae_m_mask: 0.2156 (0.2344)  rmse_m_mask: 0.3052 (0.3486)  normalized_mse_mask: 0.0144 (0.0198)  rmse_m_all: 8.0710 (7.3383)  actual_mask_ratio: 0.0680 (0.0718)  actual_prediction_mask_ratio: 0.2211 (0.2354)  ignored_patch_ratio: 0.0000 (0.0022)  time: 0.0439  data: 0.0001  max mem: 1904
[18:00:08.118131] Epoch: [37]  [758/759]  eta: 0:00:00  lr: 0.000008  loss: 0.0123 (0.0198)  mae_m_mask: 0.1787 (0.2336)  rmse_m_mask: 0.2875 (0.3473)  normalized_mse_mask: 0.0123 (0.0198)  rmse_m_all: 6.1952 (7.3302)  actual_mask_ratio: 0.0686 (0.0717)  actual_prediction_mask_ratio: 0.2228 (0.2352)  ignored_patch_ratio: 0.0000 (0.0022)  time: 0.0434  data: 0.0001  max mem: 1904
[18:00:08.147934] Epoch: [37] Total time: 0:00:32 (0.0429 s / it)
[18:00:08.148074] Averaged stats: {'lr': 7.800277750554742e-06, 'loss': 0.01950622444126281, 'mae_m_mask': 0.23118470055746504, 'rmse_m_mask': 0.36757457251557274, 'normalized_mse_mask': 0.01950622444126281, 'rmse_m_all': 7.330220315453249, 'actual_mask_ratio': 0.07173250463934755, 'actual_prediction_mask_ratio': 0.2351747343564536, 'ignored_patch_ratio': 0.002177197392907224, 'supervised_pixel_count': 14697965.0}
[18:00:08.261446] Val: [37]  [  0/533]  eta: 0:00:59  loss: 0.0107 (0.0107)  mae_m_mask: 1.0466 (1.0466)  rmse_m_mask: 1.2389 (1.2389)  normalized_mse_mask: 0.0107 (0.0107)  rmse_m_all: 13.6477 (13.6477)  actual_mask_ratio: 0.0787 (0.0787)  actual_prediction_mask_ratio: 0.2431 (0.2431)  ignored_patch_ratio: 0.0488 (0.0488)  time: 0.1113  data: 0.0819  max mem: 1904
[18:00:09.622831] Val: [37]  [ 50/533]  eta: 0:00:13  loss: 0.0016 (0.0038)  mae_m_mask: 0.6742 (0.7714)  rmse_m_mask: 0.8208 (0.8981)  normalized_mse_mask: 0.0016 (0.0038)  rmse_m_all: 13.1873 (13.9738)  actual_mask_ratio: 0.0694 (0.0693)  actual_prediction_mask_ratio: 0.2120 (0.2147)  ignored_patch_ratio: 0.0527 (0.0550)  time: 0.0274  data: 0.0001  max mem: 1904
[18:00:10.989123] Val: [37]  [100/533]  eta: 0:00:12  loss: 0.0004 (0.0023)  mae_m_mask: 0.5570 (0.7169)  rmse_m_mask: 0.6870 (0.8480)  normalized_mse_mask: 0.0004 (0.0023)  rmse_m_all: 17.6911 (15.5619)  actual_mask_ratio: 0.0645 (0.0686)  actual_prediction_mask_ratio: 0.2076 (0.2139)  ignored_patch_ratio: 0.0550 (0.0538)  time: 0.0273  data: 0.0001  max mem: 1904
[18:00:12.356453] Val: [37]  [150/533]  eta: 0:00:10  loss: 0.0007 (0.0018)  mae_m_mask: 0.4139 (0.6867)  rmse_m_mask: 0.5603 (0.8171)  normalized_mse_mask: 0.0007 (0.0018)  rmse_m_all: 11.2056 (15.5074)  actual_mask_ratio: 0.0707 (0.0688)  actual_prediction_mask_ratio: 0.2326 (0.2153)  ignored_patch_ratio: 0.0488 (0.0542)  time: 0.0273  data: 0.0001  max mem: 1904
[18:00:13.788445] Val: [37]  [200/533]  eta: 0:00:09  loss: 0.0012 (0.0017)  mae_m_mask: 0.7112 (0.6744)  rmse_m_mask: 0.7822 (0.8028)  normalized_mse_mask: 0.0012 (0.0017)  rmse_m_all: 13.8850 (14.9872)  actual_mask_ratio: 0.0760 (0.0695)  actual_prediction_mask_ratio: 0.2427 (0.2204)  ignored_patch_ratio: 0.0000 (0.0447)  time: 0.0284  data: 0.0001  max mem: 1904
[18:00:15.219172] Val: [37]  [250/533]  eta: 0:00:07  loss: 0.0009 (0.0017)  mae_m_mask: 0.9691 (0.7439)  rmse_m_mask: 1.1725 (0.8785)  normalized_mse_mask: 0.0009 (0.0017)  rmse_m_all: 14.5032 (15.3349)  actual_mask_ratio: 0.0725 (0.0702)  actual_prediction_mask_ratio: 0.2314 (0.2225)  ignored_patch_ratio: 0.0306 (0.0393)  time: 0.0285  data: 0.0001  max mem: 1904
[18:00:16.601295] Val: [37]  [300/533]  eta: 0:00:06  loss: 0.0004 (0.0017)  mae_m_mask: 0.7615 (0.8016)  rmse_m_mask: 0.9129 (0.9419)  normalized_mse_mask: 0.0004 (0.0017)  rmse_m_all: 23.0837 (16.3934)  actual_mask_ratio: 0.0700 (0.0704)  actual_prediction_mask_ratio: 0.2121 (0.2229)  ignored_patch_ratio: 0.0516 (0.0394)  time: 0.0274  data: 0.0001  max mem: 1904
[18:00:18.015689] Val: [37]  [350/533]  eta: 0:00:05  loss: 0.0006 (0.0016)  mae_m_mask: 0.7172 (0.7976)  rmse_m_mask: 0.8740 (0.9382)  normalized_mse_mask: 0.0006 (0.0016)  rmse_m_all: 19.3446 (16.5877)  actual_mask_ratio: 0.0698 (0.0705)  actual_prediction_mask_ratio: 0.2170 (0.2230)  ignored_patch_ratio: 0.0391 (0.0384)  time: 0.0277  data: 0.0001  max mem: 1904
[18:00:19.385991] Val: [37]  [400/533]  eta: 0:00:03  loss: 0.0009 (0.0015)  mae_m_mask: 0.7672 (0.8224)  rmse_m_mask: 0.9184 (0.9652)  normalized_mse_mask: 0.0009 (0.0015)  rmse_m_all: 18.6028 (16.9598)  actual_mask_ratio: 0.0683 (0.0702)  actual_prediction_mask_ratio: 0.2164 (0.2218)  ignored_patch_ratio: 0.0476 (0.0400)  time: 0.0272  data: 0.0001  max mem: 1904
[18:00:20.756262] Val: [37]  [450/533]  eta: 0:00:02  loss: 0.0011 (0.0017)  mae_m_mask: 1.0231 (0.8534)  rmse_m_mask: 1.2933 (1.0043)  normalized_mse_mask: 0.0011 (0.0017)  rmse_m_all: 16.8224 (16.9728)  actual_mask_ratio: 0.0670 (0.0702)  actual_prediction_mask_ratio: 0.2143 (0.2217)  ignored_patch_ratio: 0.0612 (0.0412)  time: 0.0274  data: 0.0001  max mem: 1904
[18:00:22.126816] Val: [37]  [500/533]  eta: 0:00:00  loss: 0.0004 (0.0016)  mae_m_mask: 0.5183 (0.8381)  rmse_m_mask: 0.6468 (0.9873)  normalized_mse_mask: 0.0004 (0.0016)  rmse_m_all: 16.3370 (17.0273)  actual_mask_ratio: 0.0673 (0.0700)  actual_prediction_mask_ratio: 0.2116 (0.2212)  ignored_patch_ratio: 0.0573 (0.0425)  time: 0.0274  data: 0.0001  max mem: 1904
[18:00:23.015139] Val: [37]  [532/533]  eta: 0:00:00  loss: 0.0007 (0.0016)  mae_m_mask: 0.7163 (0.8339)  rmse_m_mask: 0.8997 (0.9824)  normalized_mse_mask: 0.0007 (0.0016)  rmse_m_all: 17.6617 (17.0818)  actual_mask_ratio: 0.0666 (0.0699)  actual_prediction_mask_ratio: 0.2121 (0.2208)  ignored_patch_ratio: 0.0550 (0.0432)  time: 0.0280  data: 0.0001  max mem: 1904
[18:00:23.079808] Val: [37] Total time: 0:00:14 (0.0280 s / it)
[18:00:23.080185] val stats: {'loss': 0.001605195404158325, 'mae_m_mask': 0.8169187607748519, 'rmse_m_mask': 1.0931474225896818, 'normalized_mse_mask': 0.001605195404158325, 'rmse_m_all': 17.081819458705624, 'actual_mask_ratio': 0.06990061117437499, 'actual_prediction_mask_ratio': 0.22084709342156744, 'ignored_patch_ratio': 0.04319662906886489, 'supervised_pixel_count': 11054205.0}
[18:00:27.178075] log_dir: /tank/data/SFS/xinyis/data/bathymetry/MAE-Topography/Downstream_Task_Bathy/cross_validation_v5_Stage2NormMSE_MeterSelect/runs/holdout_CA_D004Stage2NormMSE_MeterSelect_D001NoDataSafe/train_stage2_normMSE_meterSelect_CA_KlamathRiver_TopoBathy_2018_D18_fromStage1Best_e120_lr1e-5_b4_acc4/tb
[18:00:27.305682] Epoch: [38]  [  0/759]  eta: 0:01:36  lr: 0.000008  loss: 0.0178 (0.0178)  mae_m_mask: 0.2279 (0.2279)  rmse_m_mask: 0.2991 (0.2991)  normalized_mse_mask: 0.0178 (0.0178)  rmse_m_all: 6.7054 (6.7054)  actual_mask_ratio: 0.0748 (0.0748)  actual_prediction_mask_ratio: 0.2642 (0.2642)  ignored_patch_ratio: 0.0000 (0.0000)  time: 0.1269  data: 0.0815  max mem: 1904
[18:00:28.121527] Epoch: [38]  [ 20/759]  eta: 0:00:33  lr: 0.000008  loss: 0.0114 (0.0164)  mae_m_mask: 0.2384 (0.2474)  rmse_m_mask: 0.3373 (0.3616)  normalized_mse_mask: 0.0114 (0.0164)  rmse_m_all: 6.1393 (7.5229)  actual_mask_ratio: 0.0728 (0.0733)  actual_prediction_mask_ratio: 0.2370 (0.2419)  ignored_patch_ratio: 0.0000 (0.0010)  time: 0.0408  data: 0.0001  max mem: 1904
[18:00:28.937932] Epoch: [38]  [ 40/759]  eta: 0:00:30  lr: 0.000008  loss: 0.0127 (0.0175)  mae_m_mask: 0.2136 (0.2407)  rmse_m_mask: 0.3157 (0.3586)  normalized_mse_mask: 0.0127 (0.0175)  rmse_m_all: 5.5173 (7.1906)  actual_mask_ratio: 0.0697 (0.0718)  actual_prediction_mask_ratio: 0.2279 (0.2357)  ignored_patch_ratio: 0.0000 (0.0031)  time: 0.0408  data: 0.0001  max mem: 1904
[18:00:29.753211] Epoch: [38]  [ 60/759]  eta: 0:00:29  lr: 0.000008  loss: 0.0105 (0.0182)  mae_m_mask: 0.2123 (0.2401)  rmse_m_mask: 0.3120 (0.3638)  normalized_mse_mask: 0.0105 (0.0182)  rmse_m_all: 8.0096 (7.1763)  actual_mask_ratio: 0.0726 (0.0717)  actual_prediction_mask_ratio: 0.2341 (0.2346)  ignored_patch_ratio: 0.0000 (0.0022)  time: 0.0407  data: 0.0001  max mem: 1904
[18:00:30.567555] Epoch: [38]  [ 80/759]  eta: 0:00:28  lr: 0.000008  loss: 0.0125 (0.0188)  mae_m_mask: 0.2417 (0.2411)  rmse_m_mask: 0.3451 (0.3659)  normalized_mse_mask: 0.0125 (0.0188)  rmse_m_all: 7.0789 (7.1556)  actual_mask_ratio: 0.0733 (0.0718)  actual_prediction_mask_ratio: 0.2381 (0.2358)  ignored_patch_ratio: 0.0000 (0.0018)  time: 0.0407  data: 0.0001  max mem: 1904
[18:00:31.383415] Epoch: [38]  [100/759]  eta: 0:00:27  lr: 0.000008  loss: 0.0093 (0.0185)  mae_m_mask: 0.1979 (0.2365)  rmse_m_mask: 0.2779 (0.3596)  normalized_mse_mask: 0.0093 (0.0185)  rmse_m_all: 7.9273 (7.2456)  actual_mask_ratio: 0.0754 (0.0723)  actual_prediction_mask_ratio: 0.2460 (0.2366)  ignored_patch_ratio: 0.0000 (0.0018)  time: 0.0408  data: 0.0001  max mem: 1904
[18:00:32.202698] Epoch: [38]  [120/759]  eta: 0:00:26  lr: 0.000008  loss: 0.0205 (0.0187)  mae_m_mask: 0.2525 (0.2398)  rmse_m_mask: 0.3645 (0.3649)  normalized_mse_mask: 0.0205 (0.0187)  rmse_m_all: 7.1838 (7.3785)  actual_mask_ratio: 0.0726 (0.0721)  actual_prediction_mask_ratio: 0.2358 (0.2360)  ignored_patch_ratio: 0.0000 (0.0024)  time: 0.0409  data: 0.0001  max mem: 1904
[18:00:33.028419] Epoch: [38]  [140/759]  eta: 0:00:25  lr: 0.000008  loss: 0.0074 (0.0183)  mae_m_mask: 0.2336 (0.2388)  rmse_m_mask: 0.3452 (0.3634)  normalized_mse_mask: 0.0074 (0.0183)  rmse_m_all: 4.8728 (7.2483)  actual_mask_ratio: 0.0709 (0.0719)  actual_prediction_mask_ratio: 0.2336 (0.2352)  ignored_patch_ratio: 0.0000 (0.0021)  time: 0.0413  data: 0.0001  max mem: 1904
[18:00:33.852526] Epoch: [38]  [160/759]  eta: 0:00:24  lr: 0.000008  loss: 0.0127 (0.0181)  mae_m_mask: 0.2234 (0.2395)  rmse_m_mask: 0.3243 (0.3635)  normalized_mse_mask: 0.0127 (0.0181)  rmse_m_all: 8.6326 (7.5248)  actual_mask_ratio: 0.0714 (0.0719)  actual_prediction_mask_ratio: 0.2381 (0.2355)  ignored_patch_ratio: 0.0000 (0.0020)  time: 0.0412  data: 0.0001  max mem: 1904
[18:00:34.670366] Epoch: [38]  [180/759]  eta: 0:00:23  lr: 0.000008  loss: 0.0174 (0.0186)  mae_m_mask: 0.2627 (0.2451)  rmse_m_mask: 0.4216 (0.3724)  normalized_mse_mask: 0.0174 (0.0186)  rmse_m_all: 5.8750 (7.5084)  actual_mask_ratio: 0.0720 (0.0721)  actual_prediction_mask_ratio: 0.2336 (0.2357)  ignored_patch_ratio: 0.0000 (0.0020)  time: 0.0409  data: 0.0001  max mem: 1904
[18:00:35.489992] Epoch: [38]  [200/759]  eta: 0:00:23  lr: 0.000008  loss: 0.0135 (0.0183)  mae_m_mask: 0.2193 (0.2435)  rmse_m_mask: 0.3085 (0.3683)  normalized_mse_mask: 0.0135 (0.0183)  rmse_m_all: 6.8685 (7.4935)  actual_mask_ratio: 0.0680 (0.0717)  actual_prediction_mask_ratio: 0.2200 (0.2347)  ignored_patch_ratio: 0.0000 (0.0025)  time: 0.0409  data: 0.0001  max mem: 1904
[18:00:36.313590] Epoch: [38]  [220/759]  eta: 0:00:22  lr: 0.000008  loss: 0.0131 (0.0181)  mae_m_mask: 0.2227 (0.2429)  rmse_m_mask: 0.3457 (0.3675)  normalized_mse_mask: 0.0131 (0.0181)  rmse_m_all: 8.1084 (7.5121)  actual_mask_ratio: 0.0731 (0.0717)  actual_prediction_mask_ratio: 0.2358 (0.2347)  ignored_patch_ratio: 0.0000 (0.0025)  time: 0.0411  data: 0.0001  max mem: 1904
[18:00:37.132009] Epoch: [38]  [240/759]  eta: 0:00:21  lr: 0.000008  loss: 0.0085 (0.0175)  mae_m_mask: 0.1846 (0.2414)  rmse_m_mask: 0.2687 (0.3641)  normalized_mse_mask: 0.0085 (0.0175)  rmse_m_all: 5.8793 (7.3954)  actual_mask_ratio: 0.0697 (0.0715)  actual_prediction_mask_ratio: 0.2194 (0.2341)  ignored_patch_ratio: 0.0000 (0.0024)  time: 0.0409  data: 0.0001  max mem: 1904
[18:00:37.953636] Epoch: [38]  [260/759]  eta: 0:00:20  lr: 0.000008  loss: 0.0197 (0.0182)  mae_m_mask: 0.2107 (0.2390)  rmse_m_mask: 0.2862 (0.3595)  normalized_mse_mask: 0.0197 (0.0182)  rmse_m_all: 4.4921 (7.2713)  actual_mask_ratio: 0.0731 (0.0717)  actual_prediction_mask_ratio: 0.2477 (0.2351)  ignored_patch_ratio: 0.0000 (0.0023)  time: 0.0410  data: 0.0001  max mem: 1904
[18:00:38.780725] Epoch: [38]  [280/759]  eta: 0:00:19  lr: 0.000008  loss: 0.0064 (0.0183)  mae_m_mask: 0.1918 (0.2376)  rmse_m_mask: 0.2721 (0.3558)  normalized_mse_mask: 0.0064 (0.0183)  rmse_m_all: 8.9455 (7.3449)  actual_mask_ratio: 0.0714 (0.0716)  actual_prediction_mask_ratio: 0.2290 (0.2348)  ignored_patch_ratio: 0.0000 (0.0023)  time: 0.0413  data: 0.0001  max mem: 1904
[18:00:39.603911] Epoch: [38]  [300/759]  eta: 0:00:18  lr: 0.000008  loss: 0.0104 (0.0183)  mae_m_mask: 0.1987 (0.2373)  rmse_m_mask: 0.3226 (0.3552)  normalized_mse_mask: 0.0104 (0.0183)  rmse_m_all: 7.4158 (7.4073)  actual_mask_ratio: 0.0720 (0.0716)  actual_prediction_mask_ratio: 0.2381 (0.2350)  ignored_patch_ratio: 0.0000 (0.0023)  time: 0.0411  data: 0.0001  max mem: 1904
[18:00:40.430075] Epoch: [38]  [320/759]  eta: 0:00:18  lr: 0.000008  loss: 0.0151 (0.0189)  mae_m_mask: 0.1945 (0.2361)  rmse_m_mask: 0.2964 (0.3530)  normalized_mse_mask: 0.0151 (0.0189)  rmse_m_all: 6.7584 (7.3770)  actual_mask_ratio: 0.0743 (0.0718)  actual_prediction_mask_ratio: 0.2432 (0.2354)  ignored_patch_ratio: 0.0000 (0.0023)  time: 0.0413  data: 0.0001  max mem: 1904
[18:00:41.251566] Epoch: [38]  [340/759]  eta: 0:00:17  lr: 0.000008  loss: 0.0151 (0.0191)  mae_m_mask: 0.1946 (0.2344)  rmse_m_mask: 0.2737 (0.3501)  normalized_mse_mask: 0.0151 (0.0191)  rmse_m_all: 6.3917 (7.3313)  actual_mask_ratio: 0.0703 (0.0717)  actual_prediction_mask_ratio: 0.2336 (0.2352)  ignored_patch_ratio: 0.0000 (0.0024)  time: 0.0410  data: 0.0001  max mem: 1904
[18:00:42.071219] Epoch: [38]  [360/759]  eta: 0:00:16  lr: 0.000008  loss: 0.0219 (0.0195)  mae_m_mask: 0.1954 (0.2344)  rmse_m_mask: 0.2887 (0.3499)  normalized_mse_mask: 0.0219 (0.0195)  rmse_m_all: 6.1738 (7.2856)  actual_mask_ratio: 0.0731 (0.0717)  actual_prediction_mask_ratio: 0.2370 (0.2353)  ignored_patch_ratio: 0.0000 (0.0023)  time: 0.0409  data: 0.0001  max mem: 1904
[18:00:42.892984] Epoch: [38]  [380/759]  eta: 0:00:15  lr: 0.000008  loss: 0.0080 (0.0191)  mae_m_mask: 0.2210 (0.2341)  rmse_m_mask: 0.3083 (0.3498)  normalized_mse_mask: 0.0080 (0.0191)  rmse_m_all: 6.9275 (7.3324)  actual_mask_ratio: 0.0703 (0.0716)  actual_prediction_mask_ratio: 0.2235 (0.2349)  ignored_patch_ratio: 0.0000 (0.0025)  time: 0.0411  data: 0.0001  max mem: 1904
[18:00:43.707298] Epoch: [38]  [400/759]  eta: 0:00:14  lr: 0.000008  loss: 0.0088 (0.0187)  mae_m_mask: 0.2240 (0.2344)  rmse_m_mask: 0.2895 (0.3498)  normalized_mse_mask: 0.0088 (0.0187)  rmse_m_all: 5.4550 (7.3120)  actual_mask_ratio: 0.0726 (0.0716)  actual_prediction_mask_ratio: 0.2324 (0.2348)  ignored_patch_ratio: 0.0000 (0.0026)  time: 0.0407  data: 0.0001  max mem: 1904
[18:00:44.524294] Epoch: [38]  [420/759]  eta: 0:00:13  lr: 0.000008  loss: 0.0111 (0.0186)  mae_m_mask: 0.2048 (0.2335)  rmse_m_mask: 0.2939 (0.3479)  normalized_mse_mask: 0.0111 (0.0186)  rmse_m_all: 6.2119 (7.2808)  actual_mask_ratio: 0.0743 (0.0716)  actual_prediction_mask_ratio: 0.2353 (0.2348)  ignored_patch_ratio: 0.0000 (0.0025)  time: 0.0408  data: 0.0001  max mem: 1904
[18:00:45.339794] Epoch: [38]  [440/759]  eta: 0:00:13  lr: 0.000008  loss: 0.0128 (0.0190)  mae_m_mask: 0.2305 (0.2337)  rmse_m_mask: 0.3330 (0.3478)  normalized_mse_mask: 0.0128 (0.0190)  rmse_m_all: 7.5020 (7.2870)  actual_mask_ratio: 0.0731 (0.0716)  actual_prediction_mask_ratio: 0.2411 (0.2350)  ignored_patch_ratio: 0.0000 (0.0024)  time: 0.0407  data: 0.0001  max mem: 1904
[18:00:46.159287] Epoch: [38]  [460/759]  eta: 0:00:12  lr: 0.000008  loss: 0.0069 (0.0188)  mae_m_mask: 0.2218 (0.2339)  rmse_m_mask: 0.3163 (0.3489)  normalized_mse_mask: 0.0069 (0.0188)  rmse_m_all: 6.8107 (7.2968)  actual_mask_ratio: 0.0726 (0.0717)  actual_prediction_mask_ratio: 0.2347 (0.2352)  ignored_patch_ratio: 0.0000 (0.0024)  time: 0.0409  data: 0.0001  max mem: 1904
[18:00:46.992059] Epoch: [38]  [480/759]  eta: 0:00:11  lr: 0.000008  loss: 0.0098 (0.0187)  mae_m_mask: 0.1910 (0.2329)  rmse_m_mask: 0.2974 (0.3481)  normalized_mse_mask: 0.0098 (0.0187)  rmse_m_all: 5.0407 (7.2959)  actual_mask_ratio: 0.0714 (0.0717)  actual_prediction_mask_ratio: 0.2290 (0.2350)  ignored_patch_ratio: 0.0000 (0.0024)  time: 0.0416  data: 0.0001  max mem: 1904
[18:00:47.812104] Epoch: [38]  [500/759]  eta: 0:00:10  lr: 0.000008  loss: 0.0095 (0.0187)  mae_m_mask: 0.1988 (0.2324)  rmse_m_mask: 0.3093 (0.3472)  normalized_mse_mask: 0.0095 (0.0187)  rmse_m_all: 7.4139 (7.3232)  actual_mask_ratio: 0.0709 (0.0716)  actual_prediction_mask_ratio: 0.2271 (0.2349)  ignored_patch_ratio: 0.0000 (0.0024)  time: 0.0410  data: 0.0001  max mem: 1904
[18:00:48.632249] Epoch: [38]  [520/759]  eta: 0:00:09  lr: 0.000008  loss: 0.0173 (0.0189)  mae_m_mask: 0.2105 (0.2320)  rmse_m_mask: 0.3016 (0.3466)  normalized_mse_mask: 0.0173 (0.0189)  rmse_m_all: 7.2342 (7.3543)  actual_mask_ratio: 0.0748 (0.0717)  actual_prediction_mask_ratio: 0.2421 (0.2349)  ignored_patch_ratio: 0.0000 (0.0023)  time: 0.0410  data: 0.0001  max mem: 1904
[18:00:49.448918] Epoch: [38]  [540/759]  eta: 0:00:09  lr: 0.000008  loss: 0.0159 (0.0189)  mae_m_mask: 0.1988 (0.2315)  rmse_m_mask: 0.2981 (0.3454)  normalized_mse_mask: 0.0159 (0.0189)  rmse_m_all: 6.8795 (7.3577)  actual_mask_ratio: 0.0709 (0.0717)  actual_prediction_mask_ratio: 0.2387 (0.2350)  ignored_patch_ratio: 0.0000 (0.0023)  time: 0.0408  data: 0.0001  max mem: 1904
[18:00:50.265520] Epoch: [38]  [560/759]  eta: 0:00:08  lr: 0.000008  loss: 0.0140 (0.0189)  mae_m_mask: 0.1767 (0.2302)  rmse_m_mask: 0.2444 (0.3435)  normalized_mse_mask: 0.0140 (0.0189)  rmse_m_all: 7.8125 (7.3493)  actual_mask_ratio: 0.0714 (0.0717)  actual_prediction_mask_ratio: 0.2381 (0.2351)  ignored_patch_ratio: 0.0000 (0.0022)  time: 0.0408  data: 0.0001  max mem: 1904
[18:00:51.086715] Epoch: [38]  [580/759]  eta: 0:00:07  lr: 0.000008  loss: 0.0125 (0.0189)  mae_m_mask: 0.2275 (0.2302)  rmse_m_mask: 0.3296 (0.3434)  normalized_mse_mask: 0.0125 (0.0189)  rmse_m_all: 6.9795 (7.3486)  actual_mask_ratio: 0.0726 (0.0717)  actual_prediction_mask_ratio: 0.2412 (0.2354)  ignored_patch_ratio: 0.0000 (0.0022)  time: 0.0410  data: 0.0001  max mem: 1904
[18:00:51.942379] Epoch: [38]  [600/759]  eta: 0:00:06  lr: 0.000008  loss: 0.0229 (0.0194)  mae_m_mask: 0.1836 (0.2300)  rmse_m_mask: 0.2527 (0.3433)  normalized_mse_mask: 0.0229 (0.0194)  rmse_m_all: 5.5997 (7.3168)  actual_mask_ratio: 0.0703 (0.0717)  actual_prediction_mask_ratio: 0.2251 (0.2353)  ignored_patch_ratio: 0.0000 (0.0021)  time: 0.0428  data: 0.0001  max mem: 1904
[18:00:52.815251] Epoch: [38]  [620/759]  eta: 0:00:05  lr: 0.000008  loss: 0.0182 (0.0197)  mae_m_mask: 0.2436 (0.2305)  rmse_m_mask: 0.3449 (0.3442)  normalized_mse_mask: 0.0182 (0.0197)  rmse_m_all: 7.0543 (7.3300)  actual_mask_ratio: 0.0731 (0.0718)  actual_prediction_mask_ratio: 0.2364 (0.2353)  ignored_patch_ratio: 0.0000 (0.0021)  time: 0.0436  data: 0.0001  max mem: 1904
[18:00:53.688097] Epoch: [38]  [640/759]  eta: 0:00:04  lr: 0.000008  loss: 0.0164 (0.0199)  mae_m_mask: 0.2387 (0.2308)  rmse_m_mask: 0.3584 (0.3442)  normalized_mse_mask: 0.0164 (0.0199)  rmse_m_all: 7.4660 (7.3208)  actual_mask_ratio: 0.0692 (0.0717)  actual_prediction_mask_ratio: 0.2331 (0.2354)  ignored_patch_ratio: 0.0000 (0.0021)  time: 0.0436  data: 0.0001  max mem: 1904
[18:00:54.519828] Epoch: [38]  [660/759]  eta: 0:00:04  lr: 0.000008  loss: 0.0090 (0.0198)  mae_m_mask: 0.1910 (0.2305)  rmse_m_mask: 0.2892 (0.3437)  normalized_mse_mask: 0.0090 (0.0198)  rmse_m_all: 6.3137 (7.3087)  actual_mask_ratio: 0.0720 (0.0718)  actual_prediction_mask_ratio: 0.2336 (0.2354)  ignored_patch_ratio: 0.0000 (0.0021)  time: 0.0416  data: 0.0001  max mem: 1904
[18:00:55.344306] Epoch: [38]  [680/759]  eta: 0:00:03  lr: 0.000008  loss: 0.0165 (0.0197)  mae_m_mask: 0.2211 (0.2310)  rmse_m_mask: 0.3777 (0.3447)  normalized_mse_mask: 0.0165 (0.0197)  rmse_m_all: 6.1552 (7.3237)  actual_mask_ratio: 0.0731 (0.0718)  actual_prediction_mask_ratio: 0.2398 (0.2354)  ignored_patch_ratio: 0.0000 (0.0021)  time: 0.0412  data: 0.0001  max mem: 1904
[18:00:56.162225] Epoch: [38]  [700/759]  eta: 0:00:02  lr: 0.000008  loss: 0.0106 (0.0196)  mae_m_mask: 0.2178 (0.2306)  rmse_m_mask: 0.3096 (0.3440)  normalized_mse_mask: 0.0106 (0.0196)  rmse_m_all: 6.8623 (7.3191)  actual_mask_ratio: 0.0686 (0.0717)  actual_prediction_mask_ratio: 0.2262 (0.2353)  ignored_patch_ratio: 0.0000 (0.0021)  time: 0.0409  data: 0.0001  max mem: 1904
[18:00:57.001643] Epoch: [38]  [720/759]  eta: 0:00:01  lr: 0.000008  loss: 0.0155 (0.0196)  mae_m_mask: 0.2739 (0.2317)  rmse_m_mask: 0.3785 (0.3451)  normalized_mse_mask: 0.0155 (0.0196)  rmse_m_all: 7.6139 (7.3385)  actual_mask_ratio: 0.0760 (0.0718)  actual_prediction_mask_ratio: 0.2426 (0.2353)  ignored_patch_ratio: 0.0000 (0.0022)  time: 0.0419  data: 0.0001  max mem: 1904
[18:00:57.874706] Epoch: [38]  [740/759]  eta: 0:00:00  lr: 0.000008  loss: 0.0149 (0.0195)  mae_m_mask: 0.2457 (0.2323)  rmse_m_mask: 0.3410 (0.3458)  normalized_mse_mask: 0.0149 (0.0195)  rmse_m_all: 5.7085 (7.3191)  actual_mask_ratio: 0.0692 (0.0717)  actual_prediction_mask_ratio: 0.2307 (0.2351)  ignored_patch_ratio: 0.0000 (0.0022)  time: 0.0436  data: 0.0001  max mem: 1904
[18:00:58.644681] Epoch: [38]  [758/759]  eta: 0:00:00  lr: 0.000008  loss: 0.0133 (0.0194)  mae_m_mask: 0.2276 (0.2324)  rmse_m_mask: 0.3107 (0.3459)  normalized_mse_mask: 0.0133 (0.0194)  rmse_m_all: 6.5745 (7.3150)  actual_mask_ratio: 0.0740 (0.0717)  actual_prediction_mask_ratio: 0.2387 (0.2352)  ignored_patch_ratio: 0.0000 (0.0022)  time: 0.0430  data: 0.0001  max mem: 1904
[18:00:58.674388] Epoch: [38] Total time: 0:00:31 (0.0415 s / it)
[18:00:58.674531] Averaged stats: {'lr': 7.691604918733063e-06, 'loss': 0.019182429079917664, 'mae_m_mask': 0.230827180404785, 'rmse_m_mask': 0.3661906891469306, 'normalized_mse_mask': 0.019182429079917664, 'rmse_m_all': 7.314957644549911, 'actual_mask_ratio': 0.07173604044538084, 'actual_prediction_mask_ratio': 0.23516267834523294, 'ignored_patch_ratio': 0.0021771975499682117, 'supervised_pixel_count': 14697185.0}
[18:00:58.782274] Val: [38]  [  0/533]  eta: 0:00:56  loss: 0.0112 (0.0112)  mae_m_mask: 1.0992 (1.0992)  rmse_m_mask: 1.2809 (1.2809)  normalized_mse_mask: 0.0112 (0.0112)  rmse_m_all: 13.6598 (13.6598)  actual_mask_ratio: 0.0787 (0.0787)  actual_prediction_mask_ratio: 0.2431 (0.2431)  ignored_patch_ratio: 0.0488 (0.0488)  time: 0.1058  data: 0.0751  max mem: 1904
[18:01:00.177453] Val: [38]  [ 50/533]  eta: 0:00:14  loss: 0.0017 (0.0040)  mae_m_mask: 0.7099 (0.8072)  rmse_m_mask: 0.8512 (0.9340)  normalized_mse_mask: 0.0017 (0.0040)  rmse_m_all: 13.1908 (13.9755)  actual_mask_ratio: 0.0694 (0.0693)  actual_prediction_mask_ratio: 0.2120 (0.2147)  ignored_patch_ratio: 0.0527 (0.0550)  time: 0.0289  data: 0.0001  max mem: 1904
[18:01:01.621572] Val: [38]  [100/533]  eta: 0:00:12  loss: 0.0004 (0.0024)  mae_m_mask: 0.5830 (0.7395)  rmse_m_mask: 0.6971 (0.8707)  normalized_mse_mask: 0.0004 (0.0024)  rmse_m_all: 17.6762 (15.5657)  actual_mask_ratio: 0.0645 (0.0686)  actual_prediction_mask_ratio: 0.2076 (0.2139)  ignored_patch_ratio: 0.0550 (0.0538)  time: 0.0289  data: 0.0001  max mem: 1904
[18:01:03.037782] Val: [38]  [150/533]  eta: 0:00:11  loss: 0.0006 (0.0019)  mae_m_mask: 0.4235 (0.7066)  rmse_m_mask: 0.5724 (0.8365)  normalized_mse_mask: 0.0006 (0.0019)  rmse_m_all: 11.2135 (15.5122)  actual_mask_ratio: 0.0707 (0.0688)  actual_prediction_mask_ratio: 0.2326 (0.2153)  ignored_patch_ratio: 0.0488 (0.0542)  time: 0.0288  data: 0.0001  max mem: 1904
[18:01:04.484643] Val: [38]  [200/533]  eta: 0:00:09  loss: 0.0010 (0.0018)  mae_m_mask: 0.6706 (0.6826)  rmse_m_mask: 0.7351 (0.8103)  normalized_mse_mask: 0.0010 (0.0018)  rmse_m_all: 13.9045 (14.9913)  actual_mask_ratio: 0.0760 (0.0695)  actual_prediction_mask_ratio: 0.2427 (0.2204)  ignored_patch_ratio: 0.0000 (0.0447)  time: 0.0292  data: 0.0001  max mem: 1904
[18:01:05.889787] Val: [38]  [250/533]  eta: 0:00:08  loss: 0.0010 (0.0017)  mae_m_mask: 1.0003 (0.7442)  rmse_m_mask: 1.1579 (0.8780)  normalized_mse_mask: 0.0010 (0.0017)  rmse_m_all: 14.5273 (15.3408)  actual_mask_ratio: 0.0725 (0.0702)  actual_prediction_mask_ratio: 0.2314 (0.2225)  ignored_patch_ratio: 0.0306 (0.0393)  time: 0.0286  data: 0.0001  max mem: 1904
[18:01:07.257016] Val: [38]  [300/533]  eta: 0:00:06  loss: 0.0004 (0.0017)  mae_m_mask: 0.7357 (0.8048)  rmse_m_mask: 0.8634 (0.9440)  normalized_mse_mask: 0.0004 (0.0017)  rmse_m_all: 23.0868 (16.4018)  actual_mask_ratio: 0.0700 (0.0704)  actual_prediction_mask_ratio: 0.2121 (0.2229)  ignored_patch_ratio: 0.0516 (0.0394)  time: 0.0273  data: 0.0001  max mem: 1904
[18:01:08.626951] Val: [38]  [350/533]  eta: 0:00:05  loss: 0.0007 (0.0016)  mae_m_mask: 0.7631 (0.7990)  rmse_m_mask: 0.9275 (0.9385)  normalized_mse_mask: 0.0007 (0.0016)  rmse_m_all: 19.3724 (16.5970)  actual_mask_ratio: 0.0698 (0.0705)  actual_prediction_mask_ratio: 0.2170 (0.2230)  ignored_patch_ratio: 0.0391 (0.0384)  time: 0.0274  data: 0.0001  max mem: 1904
[18:01:10.072293] Val: [38]  [400/533]  eta: 0:00:03  loss: 0.0009 (0.0016)  mae_m_mask: 0.8221 (0.8282)  rmse_m_mask: 0.9689 (0.9703)  normalized_mse_mask: 0.0009 (0.0016)  rmse_m_all: 18.6260 (16.9695)  actual_mask_ratio: 0.0683 (0.0702)  actual_prediction_mask_ratio: 0.2164 (0.2218)  ignored_patch_ratio: 0.0476 (0.0400)  time: 0.0276  data: 0.0001  max mem: 1904
[18:01:11.452979] Val: [38]  [450/533]  eta: 0:00:02  loss: 0.0011 (0.0017)  mae_m_mask: 1.0419 (0.8637)  rmse_m_mask: 1.3565 (1.0141)  normalized_mse_mask: 0.0011 (0.0017)  rmse_m_all: 16.8204 (16.9823)  actual_mask_ratio: 0.0670 (0.0702)  actual_prediction_mask_ratio: 0.2143 (0.2217)  ignored_patch_ratio: 0.0612 (0.0412)  time: 0.0277  data: 0.0001  max mem: 1904
[18:01:12.824087] Val: [38]  [500/533]  eta: 0:00:00  loss: 0.0004 (0.0016)  mae_m_mask: 0.5644 (0.8496)  rmse_m_mask: 0.7056 (0.9984)  normalized_mse_mask: 0.0004 (0.0016)  rmse_m_all: 16.3298 (17.0359)  actual_mask_ratio: 0.0673 (0.0700)  actual_prediction_mask_ratio: 0.2116 (0.2212)  ignored_patch_ratio: 0.0573 (0.0425)  time: 0.0274  data: 0.0001  max mem: 1904
[18:01:13.683248] Val: [38]  [532/533]  eta: 0:00:00  loss: 0.0008 (0.0017)  mae_m_mask: 0.7056 (0.8455)  rmse_m_mask: 0.9410 (0.9937)  normalized_mse_mask: 0.0008 (0.0017)  rmse_m_all: 17.6752 (17.0906)  actual_mask_ratio: 0.0666 (0.0699)  actual_prediction_mask_ratio: 0.2121 (0.2208)  ignored_patch_ratio: 0.0550 (0.0432)  time: 0.0265  data: 0.0001  max mem: 1904
[18:01:13.704778] Val: [38] Total time: 0:00:15 (0.0282 s / it)
[18:01:13.705129] val stats: {'loss': 0.0016438801069307495, 'mae_m_mask': 0.8254820003000626, 'rmse_m_mask': 1.1052392818895718, 'normalized_mse_mask': 0.0016438801069307495, 'rmse_m_all': 17.09060616028018, 'actual_mask_ratio': 0.06990061117437499, 'actual_prediction_mask_ratio': 0.22084709342156744, 'ignored_patch_ratio': 0.04319662906886489, 'supervised_pixel_count': 11054205.0}
[18:01:17.624244] [EARLY-STOP] No improvement in val_mae_m_mask for 30 epochs. Stop at epoch=38. best=0.7874
[18:01:17.624287] Training time 1:19:13; best_epoch=17 best_val_mae_m_mask=0.786625 (epoch=-1 means untouched pre-training baseline)
============================================================
DONE D034 Stage 2
RUN=/tank/data/SFS/xinyis/data/bathymetry/MAE-Topography/Downstream_Task_Bathy/cross_validation_v5_Stage2NormMSE_MeterSelect/runs/holdout_CA_D004Stage2NormMSE_MeterSelect_D001NoDataSafe/train_stage2_normMSE_meterSelect_CA_KlamathRiver_TopoBathy_2018_D18_fromStage1Best_e120_lr1e-5_b4_acc4
Mon Jul 13 18:01:18 CDT 2026
============================================================
=== DONE D035 ===
/tank/data/SFS/xinyis/data/bathymetry/MAE-Topography/Downstream_Task_Bathy/cross_validation_v5_Stage2NormMSE_MeterSelect/runs/holdout_CA_D004Stage2NormMSE_MeterSelect_D001NoDataSafe/train_stage2_normMSE_meterSelect_CA_KlamathRiver_TopoBathy_2018_D18_fromStage1Best_e120_lr1e-5_b4_acc4
Mon Jul 13 18:01:18 CDT 2026
