============================================================
D035 holdout Stage-2 normalized-MSE optimization / meter-MAE selection
Mon Jul 13 16:39:47 CDT 2026
JOB=1793986
HOLDOUT_PRESET=Santiam
HOLDOUT_NAME=OR_SantiamRiverTB_Topobathy_1_D23
SOURCE_SPLIT=/tank/data/SFS/xinyis/data/bathymetry/MAE-Topography/Downstream_Task_Bathy/cross_validation_v2/splits/holdout_Santiam_D001NoDataSafe
STAGE1_RUN_DIR=/tank/data/SFS/xinyis/data/bathymetry/MAE-Topography/Downstream_Task_Bathy/cross_validation_v4_meterMAE_BaselineEval/runs/holdout_Santiam_D003MeterMAE_BaselineEval_D001NoDataSafe/train_holdout_D003MeterMAE_BaselineEval_D001NoDataSafe_OR_SantiamRiverTB_Topobathy_1_D23_v2_dualmask_meterMAE_BaselineEval_corePixel_Best-val_mae_m_mask_e400_b4_acc4
STAGE1_CKPT=/tank/data/SFS/xinyis/data/bathymetry/MAE-Topography/Downstream_Task_Bathy/cross_validation_v4_meterMAE_BaselineEval/runs/holdout_Santiam_D003MeterMAE_BaselineEval_D001NoDataSafe/train_holdout_D003MeterMAE_BaselineEval_D001NoDataSafe_OR_SantiamRiverTB_Topobathy_1_D23_v2_dualmask_meterMAE_BaselineEval_corePixel_Best-val_mae_m_mask_e400_b4_acc4/checkpoint-best.pth
OUT_DIR=/tank/data/SFS/xinyis/data/bathymetry/MAE-Topography/Downstream_Task_Bathy/cross_validation_v5_Stage2NormMSE_MeterSelect/runs/holdout_Santiam_D004Stage2NormMSE_MeterSelect_D001NoDataSafe/train_stage2_normMSE_meterSelect_OR_SantiamRiverTB_Topobathy_1_D23_fromStage1Best_e120_lr1e-5_b4_acc4
OPTIMIZATION_LOSS=normalized_mse
BEST_METRIC=val_mae_m_mask
EARLY_STOP_METRIC=val_mae_m_mask
BASELINE=Stage-1 checkpoint evaluated at epoch -1
LR=1e-5
EPOCHS=120
PATIENCE=30
============================================================
============================================================
D034 Stage-2 normalized-MSE optimization with meter-MAE checkpoint protection
Mon Jul 13 16:39:48 CDT 2026
HOST=execute-4006.mortimer.hpc.uwm.edu
STAGE1_CKPT=/tank/data/SFS/xinyis/data/bathymetry/MAE-Topography/Downstream_Task_Bathy/cross_validation_v4_meterMAE_BaselineEval/runs/holdout_Santiam_D003MeterMAE_BaselineEval_D001NoDataSafe/train_holdout_D003MeterMAE_BaselineEval_D001NoDataSafe_OR_SantiamRiverTB_Topobathy_1_D23_v2_dualmask_meterMAE_BaselineEval_corePixel_Best-val_mae_m_mask_e400_b4_acc4/checkpoint-best.pth
SPLIT_DIR=/tank/data/SFS/xinyis/data/bathymetry/MAE-Topography/Downstream_Task_Bathy/cross_validation_v2/splits/holdout_Santiam_D001NoDataSafe
OUT_DIR=/tank/data/SFS/xinyis/data/bathymetry/MAE-Topography/Downstream_Task_Bathy/cross_validation_v5_Stage2NormMSE_MeterSelect/runs/holdout_Santiam_D004Stage2NormMSE_MeterSelect_D001NoDataSafe/train_stage2_normMSE_meterSelect_OR_SantiamRiverTB_Topobathy_1_D23_fromStage1Best_e120_lr1e-5_b4_acc4
OPTIMIZATION_LOSS=normalized_mse
BEST_METRIC=val_mae_m_mask
EARLY_STOP_METRIC=val_mae_m_mask
BASELINE_EPOCH=-1 (untouched Stage-1 meter checkpoint)
STAGE2_LR=1e-5
MIN_LR=1e-7
WARMUP_EPOCHS=0
EPOCHS=120
PATIENCE=30
FRESH_RUN=1
OVERWRITE_STAGE2=0
SAFETY=checkpoint-best remains Stage 1 unless Stage 2 improves validation meter MAE
============================================================
81b9c85bc82f3aa77f67851d00e96e65b826f4c798c778d46b150d492ff54c94  /tank/data/SFS/xinyis/data/bathymetry/MAE-Topography/Downstream_Task_Bathy/cross_validation_v4_meterMAE_BaselineEval/runs/holdout_Santiam_D003MeterMAE_BaselineEval_D001NoDataSafe/train_holdout_D003MeterMAE_BaselineEval_D001NoDataSafe_OR_SantiamRiverTB_Topobathy_1_D23_v2_dualmask_meterMAE_BaselineEval_corePixel_Best-val_mae_m_mask_e400_b4_acc4/checkpoint-best.pth
f31ac4486c7aed6007f754ecf2c283ac4bc744d05293b181cdbd5b61a70eaf9c  /tank/data/SFS/xinyis/data/bathymetry/MAE-Topography/Downstream_Task_Bathy/cross_validation_v2/splits/holdout_Santiam_D001NoDataSafe/train_tiles.txt
9c715b1661a46d2a588b189c4ec449a66debe6f954cb789ffd3620804154c74b  /tank/data/SFS/xinyis/data/bathymetry/MAE-Topography/Downstream_Task_Bathy/cross_validation_v2/splits/holdout_Santiam_D001NoDataSafe/val_tiles.txt
efb7fa0514f5cb147535d4b051896dd5d14f7159aef64cbfcd7dcf0f34ddff1d  /tank/data/SFS/xinyis/data/bathymetry/MAE-Topography/Downstream_Task_Bathy/cross_validation_v2/splits/holdout_Santiam_D001NoDataSafe/train_hidden.txt
59dbc45d27f4011fa80bce9267c491026790259ff6654a93a31b8de2a0af0c52  /tank/data/SFS/xinyis/data/bathymetry/MAE-Topography/Downstream_Task_Bathy/cross_validation_v2/splits/holdout_Santiam_D001NoDataSafe/val_hidden.txt
6d6e6822cdd7bd7e63cdd045e7d4cc40874d2fde395adea335bcdcdcc751b8f2  /tank/data/SFS/xinyis/data/bathymetry/MAE-Topography/Downstream_Task_Bathy/cross_validation_v2/splits/holdout_Santiam_D001NoDataSafe/train_loss.txt
1fe8dd9e680d5c64718d384b60ef3d1a0b49786af0d4e7c92f1ed9c509ea0dd5  /tank/data/SFS/xinyis/data/bathymetry/MAE-Topography/Downstream_Task_Bathy/cross_validation_v2/splits/holdout_Santiam_D001NoDataSafe/val_loss.txt
=== CUDA check ===
torch 2.4.0 cuda? True count 1
[GPU] NVIDIA L40S free=43.13 GiB total=44.39 GiB
Mon Jul 13 16:40:03 2026       
+-----------------------------------------------------------------------------------------+
| NVIDIA-SMI 595.45.04              Driver Version: 595.45.04      CUDA Version: 13.2     |
+-----------------------------------------+------------------------+----------------------+
| GPU  Name                 Persistence-M | Bus-Id          Disp.A | Volatile Uncorr. ECC |
| Fan  Temp   Perf          Pwr:Usage/Cap |           Memory-Usage | GPU-Util  Compute M. |
|                                         |                        |               MIG M. |
|=========================================+========================+======================|
|   0  NVIDIA L40S                    Off |   00000000:2A:00.0 Off |                    0 |
| N/A   34C    P0             56W /  350W |       0MiB /  46068MiB |      7%      Default |
|                                         |                        |                  N/A |
+-----------------------------------------+------------------------+----------------------+

+-----------------------------------------------------------------------------------------+
| Processes:                                                                              |
|  GPU   GI   CI              PID   Type   Process name                        GPU Memory |
|        ID   ID                                                               Usage      |
|=========================================================================================|
|  No running processes found                                                             |
+-----------------------------------------------------------------------------------------+
[RESUME] FRESH_RUN=1; start a new Stage-2 run from Stage 1.
False
Not using distributed mode
[16:40:05.981649] job dir: /tank/data/SFS/xinyis/data/bathymetry/MAE-Topography/mae_Retrain
[16:40:05.981711] Namespace(data_root='/tank/data/SFS/xinyis/data/bathymetry/Processed_Results/Tiles_for_MAE_v2/Tiles_1m',
train_dir='',
val_dir='',
test_dir='',
train_list='/tank/data/SFS/xinyis/data/bathymetry/MAE-Topography/Downstream_Task_Bathy/cross_validation_v2/splits/holdout_Santiam_D001NoDataSafe/train_tiles.txt',
val_list='/tank/data/SFS/xinyis/data/bathymetry/MAE-Topography/Downstream_Task_Bathy/cross_validation_v2/splits/holdout_Santiam_D001NoDataSafe/val_tiles.txt',
test_list='',
lcc_mask_path='',
train_lcc_list='',
val_lcc_list='',
test_lcc_list='',
hidden_mask_path='',
loss_mask_path='',
train_hidden_list='/tank/data/SFS/xinyis/data/bathymetry/MAE-Topography/Downstream_Task_Bathy/cross_validation_v2/splits/holdout_Santiam_D001NoDataSafe/train_hidden.txt',
val_hidden_list='/tank/data/SFS/xinyis/data/bathymetry/MAE-Topography/Downstream_Task_Bathy/cross_validation_v2/splits/holdout_Santiam_D001NoDataSafe/val_hidden.txt',
test_hidden_list='',
train_loss_list='/tank/data/SFS/xinyis/data/bathymetry/MAE-Topography/Downstream_Task_Bathy/cross_validation_v2/splits/holdout_Santiam_D001NoDataSafe/train_loss.txt',
val_loss_list='/tank/data/SFS/xinyis/data/bathymetry/MAE-Topography/Downstream_Task_Bathy/cross_validation_v2/splits/holdout_Santiam_D001NoDataSafe/val_loss.txt',
test_loss_list='',
min_loss_pixel_count=1,
min_loss_pixel_ratio=0.0,
min_core_loss_pixel_count=0,
min_core_loss_pixel_ratio=0.0,
lcc_mask_mode='exact',
loss_on_lcc_only=False,
lcc_priority=10.0,
lcc_patch_threshold=0.5,
tile_norm_visible_only=True,
min_lcc_patch_ratio=0.0,
max_lcc_patch_ratio=1.0,
min_valid_visible_patch_ratio=0.7,
loss_region_mode='core',
core_patch_radius=3,
min_core_valid_patch_ratio=0.85,
min_core_prediction_patch_ratio=0.02,
max_core_prediction_patch_ratio=0.9,
extra_eval_dir='',
input_size=336,
in_chans=1,
nodata=-999999.0,
nodata_threshold=-9999.0,
norm_method='meanstd',
norm_json='',
stats_max_files=1000,
model='mae_vit_large_patch16',
mask_ratio=0.75,
norm_pix_loss=False,
tile_norm=True,
tile_norm_eps=0.001,
tile_norm_std_scale=1.5,
bottleneck_norm='inst1d',
optimization_loss='normalized_mse',
loss_mode='mse',
batch_size=4,
epochs=120,
accum_iter=4,
weight_decay=0.05,
lr=1e-05,
blr=0.001,
min_lr=1e-07,
warmup_epochs=0,
num_workers=1,
pin_mem=True,
eval_rmse=True,
baseline_eval_before_training=True,
vis_every=20,
vis_n=10,
history_csv='',
plot_every=1,
no_plot_curves=False,
early_stop_patience=30,
early_stop_metric='val_mae_m_mask',
early_stop_min_delta=0.001,
early_stop_warmup_epochs=0,
early_stop_start_threshold=0.0,
best_metric='val_mae_m_mask',
output_dir='/tank/data/SFS/xinyis/data/bathymetry/MAE-Topography/Downstream_Task_Bathy/cross_validation_v5_Stage2NormMSE_MeterSelect/runs/holdout_Santiam_D004Stage2NormMSE_MeterSelect_D001NoDataSafe/train_stage2_normMSE_meterSelect_OR_SantiamRiverTB_Topobathy_1_D23_fromStage1Best_e120_lr1e-5_b4_acc4',
log_dir='/tank/data/SFS/xinyis/data/bathymetry/MAE-Topography/Downstream_Task_Bathy/cross_validation_v5_Stage2NormMSE_MeterSelect/runs/holdout_Santiam_D004Stage2NormMSE_MeterSelect_D001NoDataSafe/train_stage2_normMSE_meterSelect_OR_SantiamRiverTB_Topobathy_1_D23_fromStage1Best_e120_lr1e-5_b4_acc4/tb',
device='cuda',
seed=0,
resume='',
start_epoch=0,
world_size=1,
local_rank=-1,
dist_on_itp=False,
dist_url='env://',
init_ckpt='/tank/data/SFS/xinyis/data/bathymetry/MAE-Topography/Downstream_Task_Bathy/cross_validation_v4_meterMAE_BaselineEval/runs/holdout_Santiam_D003MeterMAE_BaselineEval_D001NoDataSafe/train_holdout_D003MeterMAE_BaselineEval_D001NoDataSafe_OR_SantiamRiverTB_Topobathy_1_D23_v2_dualmask_meterMAE_BaselineEval_corePixel_Best-val_mae_m_mask_e400_b4_acc4/checkpoint-best.pth',
freeze_encoder=True,
freeze_last_n_encoder_blocks=0,
distributed=False)
[16:40:05.992212] [DATA] Using MAE v2 dual masks: DEM + Hidden_Mask + Loss_Mask_Pixel. mode=exact, tile_norm=True, tile_norm_visible_only=True, tile_norm_std_scale=1.5, tile_norm_eps=0.001, nodata=-999999.0, nodata_threshold=-9999.0, min_valid_visible_patch_ratio=0.7, min_loss_pixel_count=1, min_loss_pixel_ratio=0.0, min_core_loss_pixel_count=0, min_core_loss_pixel_ratio=0.0
[16:40:30.425677] [DEMDualMaskDataset] matched triples: 4392
[16:40:34.449589] [DEMDualMaskDataset] matched triples: 775
[16:40:55.096994] [DEMDualMaskDataset] matched triples: 4392
[16:40:59.005058] [DEMDualMaskDataset] matched triples: 775
[16:41:03.383359] [NORM] computed from train split and saved to: /tank/data/SFS/xinyis/data/bathymetry/MAE-Topography/Downstream_Task_Bathy/cross_validation_v5_Stage2NormMSE_MeterSelect/runs/holdout_Santiam_D004Stage2NormMSE_MeterSelect_D001NoDataSafe/train_stage2_normMSE_meterSelect_OR_SantiamRiverTB_Topobathy_1_D23_fromStage1Best_e120_lr1e-5_b4_acc4/norm_stats_train.json
[16:41:03.383389] [OBJECTIVE] optimization_loss= normalized_mse
[16:41:03.383397] [OBJECTIVE] exact pixel-weighted normalized MSE for stage-2 relative-shape refinement
[16:41:03.383401] [OBJECTIVE] exact region = Loss_Mask_Pixel AND prediction/core patch mask AND valid patch
[16:41:03.383405] [SAFETY] checkpoint and early stopping metrics may remain val_mae_m_mask
[16:41:06.375187] base_lr: 1.00e-03
[16:41:06.375225] actual_lr: 1.00e-05
[16:41:06.375230] effective_batch_size: 16
[16:41:07.042308] [INIT_CKPT] loaded from /tank/data/SFS/xinyis/data/bathymetry/MAE-Topography/Downstream_Task_Bathy/cross_validation_v4_meterMAE_BaselineEval/runs/holdout_Santiam_D003MeterMAE_BaselineEval_D001NoDataSafe/train_holdout_D003MeterMAE_BaselineEval_D001NoDataSafe_OR_SantiamRiverTB_Topobathy_1_D23_v2_dualmask_meterMAE_BaselineEval_corePixel_Best-val_mae_m_mask_e400_b4_acc4/checkpoint-best.pth
[16:41:07.042350] [INIT_CKPT] missing_keys=[]
[16:41:07.042356] [INIT_CKPT] unexpected_keys=[]
[16:41:07.043899] [FREEZE] total params=329,133,312, trainable params=25,876,736
[16:41:07.110577] ============================================================================
[16:41:07.110593] [BASELINE] Validation before any downstream optimizer update
[16:41:07.110598] [BASELINE] epoch_label=-1
[16:41:07.110603] [BASELINE] checkpoint_init=/tank/data/SFS/xinyis/data/bathymetry/MAE-Topography/Downstream_Task_Bathy/cross_validation_v4_meterMAE_BaselineEval/runs/holdout_Santiam_D003MeterMAE_BaselineEval_D001NoDataSafe/train_holdout_D003MeterMAE_BaselineEval_D001NoDataSafe_OR_SantiamRiverTB_Topobathy_1_D23_v2_dualmask_meterMAE_BaselineEval_corePixel_Best-val_mae_m_mask_e400_b4_acc4/checkpoint-best.pth
[16:41:07.110607] [BASELINE] selected_metric=val_mae_m_mask
[16:41:07.110611] ============================================================================
[16:41:10.751264] Baseline_val: [-1]  [  0/194]  eta: 0:11:45  loss: 0.3365 (0.3365)  mae_m_mask: 0.4914 (0.4914)  rmse_m_mask: 0.7211 (0.7211)  normalized_mse_mask: 0.3365 (0.3365)  rmse_m_all: 1.0229 (1.0229)  actual_mask_ratio: 0.0709 (0.0709)  actual_prediction_mask_ratio: 0.2352 (0.2352)  ignored_patch_ratio: 0.0646 (0.0646)  time: 3.6364  data: 0.5001  max mem: 1344
[16:41:13.626893] Baseline_val: [-1]  [ 50/194]  eta: 0:00:18  loss: 0.0131 (0.0675)  mae_m_mask: 0.6585 (0.6822)  rmse_m_mask: 0.8104 (0.8375)  normalized_mse_mask: 0.0131 (0.0675)  rmse_m_all: 10.8279 (8.1196)  actual_mask_ratio: 0.0626 (0.0699)  actual_prediction_mask_ratio: 0.2166 (0.2286)  ignored_patch_ratio: 0.0000 (0.0044)  time: 0.0590  data: 0.0001  max mem: 1347
[16:41:17.683125] Baseline_val: [-1]  [100/194]  eta: 0:00:09  loss: 0.0196 (0.0688)  mae_m_mask: 0.7290 (0.6773)  rmse_m_mask: 0.9686 (0.8380)  normalized_mse_mask: 0.0196 (0.0688)  rmse_m_all: 5.2573 (7.8809)  actual_mask_ratio: 0.0590 (0.0682)  actual_prediction_mask_ratio: 0.2018 (0.2221)  ignored_patch_ratio: 0.0000 (0.0025)  time: 0.0836  data: 0.0001  max mem: 1347
[16:41:21.868712] Baseline_val: [-1]  [150/194]  eta: 0:00:04  loss: 0.0044 (0.0679)  mae_m_mask: 0.7264 (0.7030)  rmse_m_mask: 0.8858 (0.8715)  normalized_mse_mask: 0.0044 (0.0679)  rmse_m_all: 15.4144 (8.7792)  actual_mask_ratio: 0.0697 (0.0675)  actual_prediction_mask_ratio: 0.2175 (0.2175)  ignored_patch_ratio: 0.0000 (0.0024)  time: 0.0835  data: 0.0001  max mem: 1347
[16:41:25.522216] Baseline_val: [-1]  [193/194]  eta: 0:00:00  loss: 0.0914 (0.0754)  mae_m_mask: 0.5715 (0.7058)  rmse_m_mask: 0.6968 (0.8713)  normalized_mse_mask: 0.0914 (0.0754)  rmse_m_all: 1.4736 (9.2670)  actual_mask_ratio: 0.0624 (0.0663)  actual_prediction_mask_ratio: 0.1985 (0.2131)  ignored_patch_ratio: 0.0136 (0.0049)  time: 0.0863  data: 0.0001  max mem: 1347
[16:41:25.545317] Baseline_val: [-1] Total time: 0:00:18 (0.0950 s / it)
[16:41:25.548883] baseline_val stats: {'loss': 0.07650094615309273, 'mae_m_mask': 0.6898146029463731, 'rmse_m_mask': 0.8916488378023931, 'normalized_mse_mask': 0.07650094615309273, 'rmse_m_all': 9.266992324406338, 'actual_mask_ratio': 0.06633703996302541, 'actual_prediction_mask_ratio': 0.21313334448435872, 'ignored_patch_ratio': 0.00489066925245462, 'supervised_pixel_count': 3944867.0}
[16:41:31.996715] [BASELINE-DONE] val_mae_m_mask=0.689815; checkpoint-best initialized=True at epoch=-1
[16:41:31.998140] log_dir: /tank/data/SFS/xinyis/data/bathymetry/MAE-Topography/Downstream_Task_Bathy/cross_validation_v5_Stage2NormMSE_MeterSelect/runs/holdout_Santiam_D004Stage2NormMSE_MeterSelect_D001NoDataSafe/train_stage2_normMSE_meterSelect_OR_SantiamRiverTB_Topobathy_1_D23_fromStage1Best_e120_lr1e-5_b4_acc4/tb
[16:41:32.246582] Epoch: [0]  [   0/1098]  eta: 0:04:32  lr: 0.000010  loss: 0.0086 (0.0086)  mae_m_mask: 0.3790 (0.3790)  rmse_m_mask: 0.5487 (0.5487)  normalized_mse_mask: 0.0086 (0.0086)  rmse_m_all: 9.7147 (9.7147)  actual_mask_ratio: 0.0842 (0.0842)  actual_prediction_mask_ratio: 0.2625 (0.2625)  ignored_patch_ratio: 0.0108 (0.0108)  time: 0.2480  data: 0.0789  max mem: 1593
[16:41:35.090302] Epoch: [0]  [  20/1098]  eta: 0:02:38  lr: 0.000010  loss: 0.0121 (0.0361)  mae_m_mask: 0.3962 (0.4704)  rmse_m_mask: 0.5398 (0.6349)  normalized_mse_mask: 0.0121 (0.0361)  rmse_m_all: 14.6042 (13.7906)  actual_mask_ratio: 0.0741 (0.0739)  actual_prediction_mask_ratio: 0.2315 (0.2345)  ignored_patch_ratio: 0.0187 (0.0224)  time: 0.1422  data: 0.0440  max mem: 1903
[16:41:37.518248] Epoch: [0]  [  40/1098]  eta: 0:02:22  lr: 0.000010  loss: 0.0293 (0.0664)  mae_m_mask: 0.5375 (0.5051)  rmse_m_mask: 0.7170 (0.6857)  normalized_mse_mask: 0.0293 (0.0664)  rmse_m_all: 11.9666 (13.0829)  actual_mask_ratio: 0.0710 (0.0723)  actual_prediction_mask_ratio: 0.2336 (0.2340)  ignored_patch_ratio: 0.0181 (0.0221)  time: 0.1214  data: 0.0462  max mem: 1903
[16:41:39.513427] Epoch: [0]  [  60/1098]  eta: 0:02:07  lr: 0.000010  loss: 0.0031 (0.0545)  mae_m_mask: 0.4489 (0.5055)  rmse_m_mask: 0.6044 (0.6943)  normalized_mse_mask: 0.0031 (0.0545)  rmse_m_all: 13.7439 (13.2496)  actual_mask_ratio: 0.0714 (0.0722)  actual_prediction_mask_ratio: 0.2330 (0.2331)  ignored_patch_ratio: 0.0278 (0.0233)  time: 0.0997  data: 0.0001  max mem: 1903
[16:41:41.746270] Epoch: [0]  [  80/1098]  eta: 0:02:02  lr: 0.000010  loss: 0.0221 (0.0513)  mae_m_mask: 0.4424 (0.5012)  rmse_m_mask: 0.6309 (0.6804)  normalized_mse_mask: 0.0221 (0.0513)  rmse_m_all: 12.5663 (13.3330)  actual_mask_ratio: 0.0723 (0.0722)  actual_prediction_mask_ratio: 0.2312 (0.2330)  ignored_patch_ratio: 0.0238 (0.0227)  time: 0.1116  data: 0.0001  max mem: 1903
[16:41:43.962603] Epoch: [0]  [ 100/1098]  eta: 0:01:58  lr: 0.000010  loss: 0.0131 (0.0485)  mae_m_mask: 0.3485 (0.4819)  rmse_m_mask: 0.4535 (0.6507)  normalized_mse_mask: 0.0131 (0.0485)  rmse_m_all: 12.8491 (13.1651)  actual_mask_ratio: 0.0703 (0.0718)  actual_prediction_mask_ratio: 0.2313 (0.2330)  ignored_patch_ratio: 0.0198 (0.0225)  time: 0.1108  data: 0.0001  max mem: 1903
[16:41:46.221751] Epoch: [0]  [ 120/1098]  eta: 0:01:54  lr: 0.000010  loss: 0.0212 (0.0478)  mae_m_mask: 0.3718 (0.4775)  rmse_m_mask: 0.5442 (0.6406)  normalized_mse_mask: 0.0212 (0.0478)  rmse_m_all: 12.1795 (13.1840)  actual_mask_ratio: 0.0686 (0.0714)  actual_prediction_mask_ratio: 0.2291 (0.2325)  ignored_patch_ratio: 0.0215 (0.0226)  time: 0.1129  data: 0.0001  max mem: 1903
[16:41:48.460524] Epoch: [0]  [ 140/1098]  eta: 0:01:51  lr: 0.000010  loss: 0.0052 (0.0460)  mae_m_mask: 0.4355 (0.4747)  rmse_m_mask: 0.5762 (0.6357)  normalized_mse_mask: 0.0052 (0.0460)  rmse_m_all: 14.1974 (13.2193)  actual_mask_ratio: 0.0710 (0.0714)  actual_prediction_mask_ratio: 0.2265 (0.2322)  ignored_patch_ratio: 0.0176 (0.0222)  time: 0.1119  data: 0.0001  max mem: 1903
[16:41:50.672238] Epoch: [0]  [ 160/1098]  eta: 0:01:48  lr: 0.000010  loss: 0.0184 (0.0449)  mae_m_mask: 0.4478 (0.4749)  rmse_m_mask: 0.5477 (0.6328)  normalized_mse_mask: 0.0184 (0.0449)  rmse_m_all: 13.3919 (13.3247)  actual_mask_ratio: 0.0753 (0.0717)  actual_prediction_mask_ratio: 0.2317 (0.2324)  ignored_patch_ratio: 0.0198 (0.0225)  time: 0.1106  data: 0.0001  max mem: 1903
[16:41:52.931795] Epoch: [0]  [ 180/1098]  eta: 0:01:46  lr: 0.000010  loss: 0.0114 (0.0430)  mae_m_mask: 0.3560 (0.4636)  rmse_m_mask: 0.4729 (0.6158)  normalized_mse_mask: 0.0114 (0.0430)  rmse_m_all: 13.2065 (13.2331)  actual_mask_ratio: 0.0715 (0.0716)  actual_prediction_mask_ratio: 0.2288 (0.2318)  ignored_patch_ratio: 0.0176 (0.0221)  time: 0.1129  data: 0.0001  max mem: 1903
[16:41:55.189137] Epoch: [0]  [ 200/1098]  eta: 0:01:43  lr: 0.000010  loss: 0.0103 (0.0427)  mae_m_mask: 0.4025 (0.4602)  rmse_m_mask: 0.5651 (0.6105)  normalized_mse_mask: 0.0103 (0.0427)  rmse_m_all: 13.9381 (13.2488)  actual_mask_ratio: 0.0710 (0.0716)  actual_prediction_mask_ratio: 0.2297 (0.2316)  ignored_patch_ratio: 0.0221 (0.0225)  time: 0.1128  data: 0.0001  max mem: 1903
[16:41:57.415989] Epoch: [0]  [ 220/1098]  eta: 0:01:40  lr: 0.000010  loss: 0.0118 (0.0457)  mae_m_mask: 0.4366 (0.4618)  rmse_m_mask: 0.6135 (0.6135)  normalized_mse_mask: 0.0118 (0.0457)  rmse_m_all: 13.3957 (13.2085)  actual_mask_ratio: 0.0690 (0.0716)  actual_prediction_mask_ratio: 0.2325 (0.2314)  ignored_patch_ratio: 0.0221 (0.0229)  time: 0.1113  data: 0.0001  max mem: 1903
[16:41:59.781751] Epoch: [0]  [ 240/1098]  eta: 0:01:38  lr: 0.000010  loss: 0.0125 (0.0479)  mae_m_mask: 0.4957 (0.4628)  rmse_m_mask: 0.6313 (0.6157)  normalized_mse_mask: 0.0125 (0.0479)  rmse_m_all: 13.7055 (13.2033)  actual_mask_ratio: 0.0726 (0.0717)  actual_prediction_mask_ratio: 0.2337 (0.2318)  ignored_patch_ratio: 0.0113 (0.0225)  time: 0.1183  data: 0.0433  max mem: 1903
[16:42:02.488477] Epoch: [0]  [ 260/1098]  eta: 0:01:37  lr: 0.000010  loss: 0.0075 (0.0458)  mae_m_mask: 0.5426 (0.4685)  rmse_m_mask: 0.7097 (0.6209)  normalized_mse_mask: 0.0075 (0.0458)  rmse_m_all: 14.0122 (13.2632)  actual_mask_ratio: 0.0717 (0.0718)  actual_prediction_mask_ratio: 0.2358 (0.2321)  ignored_patch_ratio: 0.0170 (0.0224)  time: 0.1353  data: 0.0439  max mem: 1903
[16:42:04.635347] Epoch: [0]  [ 280/1098]  eta: 0:01:34  lr: 0.000010  loss: 0.0052 (0.0464)  mae_m_mask: 0.3840 (0.4697)  rmse_m_mask: 0.5500 (0.6199)  normalized_mse_mask: 0.0052 (0.0464)  rmse_m_all: 12.5664 (13.1763)  actual_mask_ratio: 0.0732 (0.0719)  actual_prediction_mask_ratio: 0.2317 (0.2322)  ignored_patch_ratio: 0.0170 (0.0223)  time: 0.1073  data: 0.0001  max mem: 1903
[16:42:06.888323] Epoch: [0]  [ 300/1098]  eta: 0:01:32  lr: 0.000010  loss: 0.0264 (0.0466)  mae_m_mask: 0.4126 (0.4675)  rmse_m_mask: 0.4959 (0.6172)  normalized_mse_mask: 0.0264 (0.0466)  rmse_m_all: 13.5787 (13.1820)  actual_mask_ratio: 0.0726 (0.0718)  actual_prediction_mask_ratio: 0.2311 (0.2323)  ignored_patch_ratio: 0.0176 (0.0222)  time: 0.1126  data: 0.0001  max mem: 1903
[16:42:09.198598] Epoch: [0]  [ 320/1098]  eta: 0:01:30  lr: 0.000010  loss: 0.0111 (0.0494)  mae_m_mask: 0.4945 (0.4725)  rmse_m_mask: 0.6609 (0.6242)  normalized_mse_mask: 0.0111 (0.0494)  rmse_m_all: 11.8694 (13.2421)  actual_mask_ratio: 0.0729 (0.0719)  actual_prediction_mask_ratio: 0.2391 (0.2325)  ignored_patch_ratio: 0.0232 (0.0223)  time: 0.1155  data: 0.0001  max mem: 1903
[16:42:11.503448] Epoch: [0]  [ 340/1098]  eta: 0:01:27  lr: 0.000010  loss: 0.0318 (0.0490)  mae_m_mask: 0.3582 (0.4717)  rmse_m_mask: 0.4372 (0.6220)  normalized_mse_mask: 0.0318 (0.0490)  rmse_m_all: 13.3878 (13.2149)  actual_mask_ratio: 0.0709 (0.0718)  actual_prediction_mask_ratio: 0.2324 (0.2322)  ignored_patch_ratio: 0.0187 (0.0223)  time: 0.1152  data: 0.0001  max mem: 1903
[16:42:13.809381] Epoch: [0]  [ 360/1098]  eta: 0:01:25  lr: 0.000010  loss: 0.0107 (0.0484)  mae_m_mask: 0.4008 (0.4674)  rmse_m_mask: 0.5275 (0.6185)  normalized_mse_mask: 0.0107 (0.0484)  rmse_m_all: 11.2397 (13.1516)  actual_mask_ratio: 0.0754 (0.0719)  actual_prediction_mask_ratio: 0.2350 (0.2323)  ignored_patch_ratio: 0.0102 (0.0220)  time: 0.1153  data: 0.0001  max mem: 1903
[16:42:16.115823] Epoch: [0]  [ 380/1098]  eta: 0:01:23  lr: 0.000010  loss: 0.0233 (0.0481)  mae_m_mask: 0.3770 (0.4657)  rmse_m_mask: 0.5846 (0.6195)  normalized_mse_mask: 0.0233 (0.0481)  rmse_m_all: 12.3373 (13.1388)  actual_mask_ratio: 0.0719 (0.0719)  actual_prediction_mask_ratio: 0.2332 (0.2325)  ignored_patch_ratio: 0.0102 (0.0218)  time: 0.1153  data: 0.0001  max mem: 1903
[16:42:18.431945] Epoch: [0]  [ 400/1098]  eta: 0:01:20  lr: 0.000010  loss: 0.0054 (0.0472)  mae_m_mask: 0.4616 (0.4670)  rmse_m_mask: 0.6183 (0.6213)  normalized_mse_mask: 0.0054 (0.0472)  rmse_m_all: 14.2100 (13.1732)  actual_mask_ratio: 0.0714 (0.0720)  actual_prediction_mask_ratio: 0.2366 (0.2326)  ignored_patch_ratio: 0.0198 (0.0218)  time: 0.1158  data: 0.0001  max mem: 1903
[16:42:20.737461] Epoch: [0]  [ 420/1098]  eta: 0:01:18  lr: 0.000010  loss: 0.0126 (0.0470)  mae_m_mask: 0.3303 (0.4613)  rmse_m_mask: 0.4051 (0.6142)  normalized_mse_mask: 0.0126 (0.0470)  rmse_m_all: 11.7019 (13.1560)  actual_mask_ratio: 0.0730 (0.0720)  actual_prediction_mask_ratio: 0.2292 (0.2325)  ignored_patch_ratio: 0.0142 (0.0217)  time: 0.1152  data: 0.0001  max mem: 1903
[16:42:23.056015] Epoch: [0]  [ 440/1098]  eta: 0:01:16  lr: 0.000010  loss: 0.0043 (0.0523)  mae_m_mask: 0.4572 (0.4646)  rmse_m_mask: 0.5962 (0.6177)  normalized_mse_mask: 0.0043 (0.0523)  rmse_m_all: 14.0510 (13.2320)  actual_mask_ratio: 0.0719 (0.0720)  actual_prediction_mask_ratio: 0.2322 (0.2327)  ignored_patch_ratio: 0.0210 (0.0217)  time: 0.1159  data: 0.0001  max mem: 1903
[16:42:25.354158] Epoch: [0]  [ 460/1098]  eta: 0:01:13  lr: 0.000010  loss: 0.0069 (0.0510)  mae_m_mask: 0.4624 (0.4651)  rmse_m_mask: 0.5580 (0.6181)  normalized_mse_mask: 0.0069 (0.0510)  rmse_m_all: 13.3008 (13.2059)  actual_mask_ratio: 0.0694 (0.0720)  actual_prediction_mask_ratio: 0.2262 (0.2326)  ignored_patch_ratio: 0.0198 (0.0217)  time: 0.1149  data: 0.0001  max mem: 1903
[16:42:27.654241] Epoch: [0]  [ 480/1098]  eta: 0:01:11  lr: 0.000010  loss: 0.0294 (0.0508)  mae_m_mask: 0.4410 (0.4647)  rmse_m_mask: 0.5542 (0.6179)  normalized_mse_mask: 0.0294 (0.0508)  rmse_m_all: 13.1380 (13.2247)  actual_mask_ratio: 0.0720 (0.0720)  actual_prediction_mask_ratio: 0.2273 (0.2325)  ignored_patch_ratio: 0.0232 (0.0218)  time: 0.1150  data: 0.0001  max mem: 1903
[16:42:29.959916] Epoch: [0]  [ 500/1098]  eta: 0:01:09  lr: 0.000010  loss: 0.0121 (0.0507)  mae_m_mask: 0.5197 (0.4690)  rmse_m_mask: 0.6335 (0.6216)  normalized_mse_mask: 0.0121 (0.0507)  rmse_m_all: 13.5273 (13.2443)  actual_mask_ratio: 0.0694 (0.0719)  actual_prediction_mask_ratio: 0.2294 (0.2324)  ignored_patch_ratio: 0.0210 (0.0218)  time: 0.1152  data: 0.0001  max mem: 1903
[16:42:32.270800] Epoch: [0]  [ 520/1098]  eta: 0:01:06  lr: 0.000010  loss: 0.0078 (0.0502)  mae_m_mask: 0.3888 (0.4682)  rmse_m_mask: 0.4647 (0.6218)  normalized_mse_mask: 0.0078 (0.0502)  rmse_m_all: 12.2603 (13.2674)  actual_mask_ratio: 0.0701 (0.0717)  actual_prediction_mask_ratio: 0.2249 (0.2321)  ignored_patch_ratio: 0.0221 (0.0220)  time: 0.1155  data: 0.0001  max mem: 1903
[16:42:34.568004] Epoch: [0]  [ 540/1098]  eta: 0:01:04  lr: 0.000010  loss: 0.0280 (0.0511)  mae_m_mask: 0.3579 (0.4672)  rmse_m_mask: 0.5251 (0.6200)  normalized_mse_mask: 0.0280 (0.0511)  rmse_m_all: 12.1294 (13.2503)  actual_mask_ratio: 0.0748 (0.0718)  actual_prediction_mask_ratio: 0.2382 (0.2323)  ignored_patch_ratio: 0.0142 (0.0217)  time: 0.1148  data: 0.0001  max mem: 1903
[16:42:36.879249] Epoch: [0]  [ 560/1098]  eta: 0:01:02  lr: 0.000010  loss: 0.0198 (0.0506)  mae_m_mask: 0.4366 (0.4666)  rmse_m_mask: 0.5450 (0.6199)  normalized_mse_mask: 0.0198 (0.0506)  rmse_m_all: 13.3028 (13.2185)  actual_mask_ratio: 0.0739 (0.0719)  actual_prediction_mask_ratio: 0.2310 (0.2323)  ignored_patch_ratio: 0.0221 (0.0216)  time: 0.1155  data: 0.0001  max mem: 1903
[16:42:39.191805] Epoch: [0]  [ 580/1098]  eta: 0:00:59  lr: 0.000010  loss: 0.0063 (0.0522)  mae_m_mask: 0.4965 (0.4683)  rmse_m_mask: 0.6951 (0.6233)  normalized_mse_mask: 0.0063 (0.0522)  rmse_m_all: 14.7377 (13.2275)  actual_mask_ratio: 0.0726 (0.0718)  actual_prediction_mask_ratio: 0.2282 (0.2320)  ignored_patch_ratio: 0.0198 (0.0217)  time: 0.1156  data: 0.0001  max mem: 1903
[16:42:41.505802] Epoch: [0]  [ 600/1098]  eta: 0:00:57  lr: 0.000010  loss: 0.0142 (0.0534)  mae_m_mask: 0.4934 (0.4698)  rmse_m_mask: 0.6275 (0.6251)  normalized_mse_mask: 0.0142 (0.0534)  rmse_m_all: 12.5322 (13.2271)  actual_mask_ratio: 0.0703 (0.0717)  actual_prediction_mask_ratio: 0.2297 (0.2318)  ignored_patch_ratio: 0.0204 (0.0217)  time: 0.1157  data: 0.0001  max mem: 1903
[16:42:43.814111] Epoch: [0]  [ 620/1098]  eta: 0:00:55  lr: 0.000010  loss: 0.0216 (0.0532)  mae_m_mask: 0.4306 (0.4690)  rmse_m_mask: 0.6452 (0.6257)  normalized_mse_mask: 0.0216 (0.0532)  rmse_m_all: 14.2280 (13.2312)  actual_mask_ratio: 0.0727 (0.0718)  actual_prediction_mask_ratio: 0.2331 (0.2318)  ignored_patch_ratio: 0.0232 (0.0219)  time: 0.1154  data: 0.0001  max mem: 1903
[16:42:46.123316] Epoch: [0]  [ 640/1098]  eta: 0:00:52  lr: 0.000010  loss: 0.0070 (0.0524)  mae_m_mask: 0.4202 (0.4675)  rmse_m_mask: 0.4870 (0.6240)  normalized_mse_mask: 0.0070 (0.0524)  rmse_m_all: 12.0618 (13.2131)  actual_mask_ratio: 0.0739 (0.0718)  actual_prediction_mask_ratio: 0.2425 (0.2321)  ignored_patch_ratio: 0.0153 (0.0218)  time: 0.1154  data: 0.0001  max mem: 1903
[16:42:48.430117] Epoch: [0]  [ 660/1098]  eta: 0:00:50  lr: 0.000010  loss: 0.0080 (0.0521)  mae_m_mask: 0.4541 (0.4678)  rmse_m_mask: 0.6391 (0.6246)  normalized_mse_mask: 0.0080 (0.0521)  rmse_m_all: 14.1711 (13.2282)  actual_mask_ratio: 0.0748 (0.0719)  actual_prediction_mask_ratio: 0.2339 (0.2322)  ignored_patch_ratio: 0.0170 (0.0216)  time: 0.1153  data: 0.0001  max mem: 1903
[16:42:50.741271] Epoch: [0]  [ 680/1098]  eta: 0:00:48  lr: 0.000010  loss: 0.0029 (0.0515)  mae_m_mask: 0.3817 (0.4666)  rmse_m_mask: 0.4803 (0.6222)  normalized_mse_mask: 0.0029 (0.0515)  rmse_m_all: 11.6106 (13.2234)  actual_mask_ratio: 0.0713 (0.0718)  actual_prediction_mask_ratio: 0.2289 (0.2321)  ignored_patch_ratio: 0.0198 (0.0218)  time: 0.1155  data: 0.0001  max mem: 1903
[16:42:53.049866] Epoch: [0]  [ 700/1098]  eta: 0:00:46  lr: 0.000010  loss: 0.0178 (0.0514)  mae_m_mask: 0.4279 (0.4661)  rmse_m_mask: 0.5355 (0.6216)  normalized_mse_mask: 0.0178 (0.0514)  rmse_m_all: 13.0110 (13.2386)  actual_mask_ratio: 0.0708 (0.0718)  actual_prediction_mask_ratio: 0.2377 (0.2321)  ignored_patch_ratio: 0.0176 (0.0218)  time: 0.1154  data: 0.0001  max mem: 1903
[16:42:55.355403] Epoch: [0]  [ 720/1098]  eta: 0:00:43  lr: 0.000010  loss: 0.0129 (0.0506)  mae_m_mask: 0.3676 (0.4654)  rmse_m_mask: 0.5171 (0.6207)  normalized_mse_mask: 0.0129 (0.0506)  rmse_m_all: 11.5651 (13.2183)  actual_mask_ratio: 0.0701 (0.0718)  actual_prediction_mask_ratio: 0.2379 (0.2321)  ignored_patch_ratio: 0.0198 (0.0218)  time: 0.1152  data: 0.0001  max mem: 1903
[16:42:57.659910] Epoch: [0]  [ 740/1098]  eta: 0:00:41  lr: 0.000010  loss: 0.0183 (0.0504)  mae_m_mask: 0.3698 (0.4645)  rmse_m_mask: 0.4944 (0.6194)  normalized_mse_mask: 0.0183 (0.0504)  rmse_m_all: 11.4382 (13.1744)  actual_mask_ratio: 0.0715 (0.0718)  actual_prediction_mask_ratio: 0.2299 (0.2322)  ignored_patch_ratio: 0.0170 (0.0217)  time: 0.1152  data: 0.0001  max mem: 1903
[16:42:59.987123] Epoch: [0]  [ 760/1098]  eta: 0:00:39  lr: 0.000010  loss: 0.0098 (0.0503)  mae_m_mask: 0.3664 (0.4643)  rmse_m_mask: 0.4764 (0.6192)  normalized_mse_mask: 0.0098 (0.0503)  rmse_m_all: 13.4851 (13.1747)  actual_mask_ratio: 0.0697 (0.0717)  actual_prediction_mask_ratio: 0.2288 (0.2321)  ignored_patch_ratio: 0.0181 (0.0217)  time: 0.1163  data: 0.0001  max mem: 1903
[16:43:02.311341] Epoch: [0]  [ 780/1098]  eta: 0:00:36  lr: 0.000010  loss: 0.0140 (0.0509)  mae_m_mask: 0.4657 (0.4640)  rmse_m_mask: 0.6150 (0.6187)  normalized_mse_mask: 0.0140 (0.0509)  rmse_m_all: 10.4249 (13.1077)  actual_mask_ratio: 0.0742 (0.0718)  actual_prediction_mask_ratio: 0.2445 (0.2323)  ignored_patch_ratio: 0.0215 (0.0217)  time: 0.1162  data: 0.0001  max mem: 1903
[16:43:04.637724] Epoch: [0]  [ 800/1098]  eta: 0:00:34  lr: 0.000010  loss: 0.0196 (0.0518)  mae_m_mask: 0.4184 (0.4645)  rmse_m_mask: 0.5222 (0.6190)  normalized_mse_mask: 0.0196 (0.0518)  rmse_m_all: 12.0825 (13.1137)  actual_mask_ratio: 0.0715 (0.0718)  actual_prediction_mask_ratio: 0.2308 (0.2322)  ignored_patch_ratio: 0.0204 (0.0217)  time: 0.1163  data: 0.0001  max mem: 1903
[16:43:06.961466] Epoch: [0]  [ 820/1098]  eta: 0:00:32  lr: 0.000010  loss: 0.0096 (0.0515)  mae_m_mask: 0.4540 (0.4665)  rmse_m_mask: 0.6821 (0.6211)  normalized_mse_mask: 0.0096 (0.0515)  rmse_m_all: 13.9374 (13.1222)  actual_mask_ratio: 0.0727 (0.0718)  actual_prediction_mask_ratio: 0.2373 (0.2323)  ignored_patch_ratio: 0.0227 (0.0218)  time: 0.1162  data: 0.0001  max mem: 1903
[16:43:09.283589] Epoch: [0]  [ 840/1098]  eta: 0:00:29  lr: 0.000010  loss: 0.0093 (0.0510)  mae_m_mask: 0.4682 (0.4668)  rmse_m_mask: 0.5446 (0.6215)  normalized_mse_mask: 0.0093 (0.0510)  rmse_m_all: 13.5581 (13.1261)  actual_mask_ratio: 0.0704 (0.0718)  actual_prediction_mask_ratio: 0.2305 (0.2323)  ignored_patch_ratio: 0.0221 (0.0218)  time: 0.1161  data: 0.0001  max mem: 1903
[16:43:11.611583] Epoch: [0]  [ 860/1098]  eta: 0:00:27  lr: 0.000010  loss: 0.0134 (0.0507)  mae_m_mask: 0.5393 (0.4702)  rmse_m_mask: 0.6775 (0.6254)  normalized_mse_mask: 0.0134 (0.0507)  rmse_m_all: 13.7811 (13.1732)  actual_mask_ratio: 0.0701 (0.0718)  actual_prediction_mask_ratio: 0.2272 (0.2323)  ignored_patch_ratio: 0.0198 (0.0218)  time: 0.1164  data: 0.0001  max mem: 1903
[16:43:13.936278] Epoch: [0]  [ 880/1098]  eta: 0:00:25  lr: 0.000010  loss: 0.0428 (0.0523)  mae_m_mask: 0.5467 (0.4728)  rmse_m_mask: 0.6439 (0.6286)  normalized_mse_mask: 0.0428 (0.0523)  rmse_m_all: 13.5040 (13.1516)  actual_mask_ratio: 0.0719 (0.0718)  actual_prediction_mask_ratio: 0.2270 (0.2323)  ignored_patch_ratio: 0.0159 (0.0218)  time: 0.1162  data: 0.0001  max mem: 1903
[16:43:16.262644] Epoch: [0]  [ 900/1098]  eta: 0:00:22  lr: 0.000010  loss: 0.0078 (0.0518)  mae_m_mask: 0.5428 (0.4749)  rmse_m_mask: 0.7252 (0.6311)  normalized_mse_mask: 0.0078 (0.0518)  rmse_m_all: 12.8555 (13.1477)  actual_mask_ratio: 0.0732 (0.0718)  actual_prediction_mask_ratio: 0.2330 (0.2324)  ignored_patch_ratio: 0.0181 (0.0217)  time: 0.1163  data: 0.0001  max mem: 1903
[16:43:18.594898] Epoch: [0]  [ 920/1098]  eta: 0:00:20  lr: 0.000010  loss: 0.0443 (0.0526)  mae_m_mask: 0.5094 (0.4756)  rmse_m_mask: 0.6378 (0.6317)  normalized_mse_mask: 0.0443 (0.0526)  rmse_m_all: 11.2822 (13.1127)  actual_mask_ratio: 0.0692 (0.0718)  actual_prediction_mask_ratio: 0.2297 (0.2323)  ignored_patch_ratio: 0.0119 (0.0216)  time: 0.1166  data: 0.0001  max mem: 1903
[16:43:20.921683] Epoch: [0]  [ 940/1098]  eta: 0:00:18  lr: 0.000010  loss: 0.0262 (0.0533)  mae_m_mask: 0.4557 (0.4764)  rmse_m_mask: 0.6032 (0.6330)  normalized_mse_mask: 0.0262 (0.0533)  rmse_m_all: 11.3650 (13.1006)  actual_mask_ratio: 0.0711 (0.0718)  actual_prediction_mask_ratio: 0.2313 (0.2323)  ignored_patch_ratio: 0.0193 (0.0216)  time: 0.1163  data: 0.0001  max mem: 1903
[16:43:23.244398] Epoch: [0]  [ 960/1098]  eta: 0:00:15  lr: 0.000010  loss: 0.0072 (0.0527)  mae_m_mask: 0.3428 (0.4739)  rmse_m_mask: 0.4282 (0.6295)  normalized_mse_mask: 0.0072 (0.0527)  rmse_m_all: 14.2316 (13.0864)  actual_mask_ratio: 0.0706 (0.0718)  actual_prediction_mask_ratio: 0.2229 (0.2322)  ignored_patch_ratio: 0.0198 (0.0216)  time: 0.1161  data: 0.0001  max mem: 1903
[16:43:25.570809] Epoch: [0]  [ 980/1098]  eta: 0:00:13  lr: 0.000010  loss: 0.0080 (0.0520)  mae_m_mask: 0.4603 (0.4737)  rmse_m_mask: 0.5929 (0.6290)  normalized_mse_mask: 0.0080 (0.0520)  rmse_m_all: 15.0264 (13.1224)  actual_mask_ratio: 0.0731 (0.0718)  actual_prediction_mask_ratio: 0.2341 (0.2323)  ignored_patch_ratio: 0.0176 (0.0215)  time: 0.1163  data: 0.0001  max mem: 1903
[16:43:27.903377] Epoch: [0]  [1000/1098]  eta: 0:00:11  lr: 0.000010  loss: 0.0402 (0.0522)  mae_m_mask: 0.4112 (0.4727)  rmse_m_mask: 0.5289 (0.6275)  normalized_mse_mask: 0.0402 (0.0522)  rmse_m_all: 11.7055 (13.1116)  actual_mask_ratio: 0.0691 (0.0718)  actual_prediction_mask_ratio: 0.2233 (0.2321)  ignored_patch_ratio: 0.0193 (0.0216)  time: 0.1166  data: 0.0001  max mem: 1903
[16:43:30.236168] Epoch: [0]  [1020/1098]  eta: 0:00:09  lr: 0.000010  loss: 0.0249 (0.0519)  mae_m_mask: 0.4022 (0.4718)  rmse_m_mask: 0.5441 (0.6270)  normalized_mse_mask: 0.0249 (0.0519)  rmse_m_all: 12.4956 (13.1197)  actual_mask_ratio: 0.0720 (0.0718)  actual_prediction_mask_ratio: 0.2386 (0.2322)  ignored_patch_ratio: 0.0215 (0.0216)  time: 0.1166  data: 0.0001  max mem: 1903
[16:43:32.507982] Epoch: [0]  [1040/1098]  eta: 0:00:06  lr: 0.000010  loss: 0.0137 (0.0526)  mae_m_mask: 0.4054 (0.4711)  rmse_m_mask: 0.5560 (0.6262)  normalized_mse_mask: 0.0137 (0.0526)  rmse_m_all: 13.0946 (13.1362)  actual_mask_ratio: 0.0742 (0.0718)  actual_prediction_mask_ratio: 0.2330 (0.2322)  ignored_patch_ratio: 0.0244 (0.0216)  time: 0.1136  data: 0.0001  max mem: 1903
[16:43:34.744859] Epoch: [0]  [1060/1098]  eta: 0:00:04  lr: 0.000010  loss: 0.0086 (0.0522)  mae_m_mask: 0.4539 (0.4708)  rmse_m_mask: 0.6151 (0.6256)  normalized_mse_mask: 0.0086 (0.0522)  rmse_m_all: 11.6684 (13.1211)  actual_mask_ratio: 0.0704 (0.0718)  actual_prediction_mask_ratio: 0.2343 (0.2322)  ignored_patch_ratio: 0.0187 (0.0216)  time: 0.1118  data: 0.0001  max mem: 1903
[16:43:36.919516] Epoch: [0]  [1080/1098]  eta: 0:00:02  lr: 0.000010  loss: 0.0169 (0.0521)  mae_m_mask: 0.4490 (0.4710)  rmse_m_mask: 0.5959 (0.6257)  normalized_mse_mask: 0.0169 (0.0521)  rmse_m_all: 13.7163 (13.1314)  actual_mask_ratio: 0.0714 (0.0718)  actual_prediction_mask_ratio: 0.2339 (0.2323)  ignored_patch_ratio: 0.0204 (0.0216)  time: 0.1087  data: 0.0001  max mem: 1903
[16:43:38.720412] Epoch: [0]  [1097/1098]  eta: 0:00:00  lr: 0.000010  loss: 0.0224 (0.0523)  mae_m_mask: 0.3950 (0.4703)  rmse_m_mask: 0.4804 (0.6250)  normalized_mse_mask: 0.0224 (0.0523)  rmse_m_all: 13.1589 (13.1209)  actual_mask_ratio: 0.0717 (0.0718)  actual_prediction_mask_ratio: 0.2339 (0.2323)  ignored_patch_ratio: 0.0159 (0.0216)  time: 0.1062  data: 0.0001  max mem: 1903
[16:43:38.749480] Epoch: [0] Total time: 0:02:06 (0.1154 s / it)
[16:43:38.749937] Averaged stats: {'lr': 9.99943765361558e-06, 'loss': 0.05047160966899164, 'mae_m_mask': 0.4688742626478032, 'rmse_m_mask': 0.6763886792506184, 'normalized_mse_mask': 0.05047160966899164, 'rmse_m_all': 13.120932411354964, 'actual_mask_ratio': 0.07183932110273665, 'actual_prediction_mask_ratio': 0.232326036512526, 'ignored_patch_ratio': 0.021571368087619162, 'supervised_pixel_count': 21816230.0}
[16:43:38.917390] Val: [0]  [  0/194]  eta: 0:00:32  loss: 0.3061 (0.3061)  mae_m_mask: 0.4611 (0.4611)  rmse_m_mask: 0.6808 (0.6808)  normalized_mse_mask: 0.3061 (0.3061)  rmse_m_all: 1.0097 (1.0097)  actual_mask_ratio: 0.0709 (0.0709)  actual_prediction_mask_ratio: 0.2352 (0.2352)  ignored_patch_ratio: 0.0646 (0.0646)  time: 0.1651  data: 0.0800  max mem: 1903
[16:43:43.094063] Val: [0]  [ 50/194]  eta: 0:00:12  loss: 0.0137 (0.0588)  mae_m_mask: 0.6024 (0.7199)  rmse_m_mask: 0.7704 (0.8794)  normalized_mse_mask: 0.0137 (0.0588)  rmse_m_all: 10.5898 (7.9163)  actual_mask_ratio: 0.0626 (0.0699)  actual_prediction_mask_ratio: 0.2166 (0.2286)  ignored_patch_ratio: 0.0000 (0.0044)  time: 0.0845  data: 0.0001  max mem: 1903
[16:43:47.290460] Val: [0]  [100/194]  eta: 0:00:07  loss: 0.0456 (0.0637)  mae_m_mask: 0.7636 (0.7309)  rmse_m_mask: 0.9336 (0.8918)  normalized_mse_mask: 0.0456 (0.0637)  rmse_m_all: 5.0977 (7.6841)  actual_mask_ratio: 0.0590 (0.0682)  actual_prediction_mask_ratio: 0.2018 (0.2221)  ignored_patch_ratio: 0.0000 (0.0025)  time: 0.0840  data: 0.0001  max mem: 1903
[16:43:51.491072] Val: [0]  [150/194]  eta: 0:00:03  loss: 0.0062 (0.0591)  mae_m_mask: 0.7765 (0.7645)  rmse_m_mask: 1.0248 (0.9334)  normalized_mse_mask: 0.0062 (0.0591)  rmse_m_all: 15.0275 (8.5601)  actual_mask_ratio: 0.0697 (0.0675)  actual_prediction_mask_ratio: 0.2175 (0.2175)  ignored_patch_ratio: 0.0000 (0.0024)  time: 0.0840  data: 0.0001  max mem: 1903
[16:43:55.079931] Val: [0]  [193/194]  eta: 0:00:00  loss: 0.0894 (0.0643)  mae_m_mask: 0.5376 (0.7483)  rmse_m_mask: 0.6768 (0.9148)  normalized_mse_mask: 0.0894 (0.0643)  rmse_m_all: 1.5075 (9.0399)  actual_mask_ratio: 0.0624 (0.0663)  actual_prediction_mask_ratio: 0.1985 (0.2131)  ignored_patch_ratio: 0.0136 (0.0049)  time: 0.0829  data: 0.0001  max mem: 1903
[16:43:55.099930] Val: [0] Total time: 0:00:16 (0.0843 s / it)
[16:43:55.102088] val stats: {'loss': 0.06509972086784423, 'mae_m_mask': 0.7365592009690615, 'rmse_m_mask': 0.9577198617262703, 'normalized_mse_mask': 0.06509972086784423, 'rmse_m_all': 9.039880253297767, 'actual_mask_ratio': 0.06633703996302541, 'actual_prediction_mask_ratio': 0.21313334448435872, 'ignored_patch_ratio': 0.00489066925245462, 'supervised_pixel_count': 3944867.0}
[16:44:22.934461] [EARLY-STOP] Activated at epoch=0 (metric=val_mae_m_mask=0.7366; reference_best=0.6898, bad_epochs=1).
[16:44:22.936023] log_dir: /tank/data/SFS/xinyis/data/bathymetry/MAE-Topography/Downstream_Task_Bathy/cross_validation_v5_Stage2NormMSE_MeterSelect/runs/holdout_Santiam_D004Stage2NormMSE_MeterSelect_D001NoDataSafe/train_stage2_normMSE_meterSelect_OR_SantiamRiverTB_Topobathy_1_D23_fromStage1Best_e120_lr1e-5_b4_acc4/tb
[16:44:23.059467] Epoch: [1]  [   0/1098]  eta: 0:02:15  lr: 0.000010  loss: 0.0056 (0.0056)  mae_m_mask: 0.3157 (0.3157)  rmse_m_mask: 0.3821 (0.3821)  normalized_mse_mask: 0.0056 (0.0056)  rmse_m_all: 13.7087 (13.7087)  actual_mask_ratio: 0.0647 (0.0647)  actual_prediction_mask_ratio: 0.2277 (0.2277)  ignored_patch_ratio: 0.0193 (0.0193)  time: 0.1230  data: 0.0736  max mem: 1903
[16:44:23.892681] Epoch: [1]  [  20/1098]  eta: 0:00:49  lr: 0.000010  loss: 0.0039 (0.0845)  mae_m_mask: 0.4334 (0.4534)  rmse_m_mask: 0.5727 (0.5909)  normalized_mse_mask: 0.0039 (0.0845)  rmse_m_all: 13.2899 (13.4074)  actual_mask_ratio: 0.0710 (0.0707)  actual_prediction_mask_ratio: 0.2319 (0.2299)  ignored_patch_ratio: 0.0272 (0.0247)  time: 0.0416  data: 0.0001  max mem: 1903
[16:44:24.701785] Epoch: [1]  [  40/1098]  eta: 0:00:45  lr: 0.000010  loss: 0.0035 (0.0502)  mae_m_mask: 0.3900 (0.4561)  rmse_m_mask: 0.5779 (0.5941)  normalized_mse_mask: 0.0035 (0.0502)  rmse_m_all: 13.7263 (13.5219)  actual_mask_ratio: 0.0724 (0.0717)  actual_prediction_mask_ratio: 0.2290 (0.2314)  ignored_patch_ratio: 0.0238 (0.0245)  time: 0.0404  data: 0.0001  max mem: 1903
[16:44:25.530132] Epoch: [1]  [  60/1098]  eta: 0:00:44  lr: 0.000010  loss: 0.0111 (0.0445)  mae_m_mask: 0.4327 (0.4610)  rmse_m_mask: 0.5895 (0.6046)  normalized_mse_mask: 0.0111 (0.0445)  rmse_m_all: 13.3181 (13.5103)  actual_mask_ratio: 0.0713 (0.0718)  actual_prediction_mask_ratio: 0.2276 (0.2315)  ignored_patch_ratio: 0.0187 (0.0241)  time: 0.0414  data: 0.0001  max mem: 1903
[16:44:27.464034] Epoch: [1]  [  80/1098]  eta: 0:00:56  lr: 0.000010  loss: 0.0265 (0.0456)  mae_m_mask: 0.3657 (0.4501)  rmse_m_mask: 0.4735 (0.5898)  normalized_mse_mask: 0.0265 (0.0456)  rmse_m_all: 11.8456 (12.8738)  actual_mask_ratio: 0.0716 (0.0716)  actual_prediction_mask_ratio: 0.2352 (0.2317)  ignored_patch_ratio: 0.0153 (0.0231)  time: 0.0967  data: 0.0557  max mem: 1903
[16:44:29.058815] Epoch: [1]  [ 100/1098]  eta: 0:01:00  lr: 0.000010  loss: 0.0435 (0.0468)  mae_m_mask: 0.3785 (0.4463)  rmse_m_mask: 0.4817 (0.5873)  normalized_mse_mask: 0.0435 (0.0468)  rmse_m_all: 12.6682 (12.7345)  actual_mask_ratio: 0.0738 (0.0720)  actual_prediction_mask_ratio: 0.2354 (0.2330)  ignored_patch_ratio: 0.0187 (0.0231)  time: 0.0797  data: 0.0001  max mem: 1903
[16:44:30.409789] Epoch: [1]  [ 120/1098]  eta: 0:01:00  lr: 0.000010  loss: 0.0147 (0.0478)  mae_m_mask: 0.4138 (0.4529)  rmse_m_mask: 0.4807 (0.5974)  normalized_mse_mask: 0.0147 (0.0478)  rmse_m_all: 12.6671 (12.6326)  actual_mask_ratio: 0.0695 (0.0719)  actual_prediction_mask_ratio: 0.2277 (0.2322)  ignored_patch_ratio: 0.0193 (0.0226)  time: 0.0675  data: 0.0001  max mem: 1903
[16:44:31.960584] Epoch: [1]  [ 140/1098]  eta: 0:01:01  lr: 0.000010  loss: 0.0185 (0.0465)  mae_m_mask: 0.4844 (0.4615)  rmse_m_mask: 0.6462 (0.6113)  normalized_mse_mask: 0.0185 (0.0465)  rmse_m_all: 12.5931 (12.7459)  actual_mask_ratio: 0.0733 (0.0720)  actual_prediction_mask_ratio: 0.2340 (0.2325)  ignored_patch_ratio: 0.0159 (0.0224)  time: 0.0775  data: 0.0001  max mem: 1903
[16:44:33.497254] Epoch: [1]  [ 160/1098]  eta: 0:01:01  lr: 0.000010  loss: 0.0130 (0.0464)  mae_m_mask: 0.4424 (0.4630)  rmse_m_mask: 0.5675 (0.6129)  normalized_mse_mask: 0.0130 (0.0464)  rmse_m_all: 13.1475 (12.7512)  actual_mask_ratio: 0.0710 (0.0720)  actual_prediction_mask_ratio: 0.2299 (0.2324)  ignored_patch_ratio: 0.0295 (0.0230)  time: 0.0768  data: 0.0001  max mem: 1903
[16:44:36.276740] Epoch: [1]  [ 180/1098]  eta: 0:01:07  lr: 0.000010  loss: 0.0030 (0.0462)  mae_m_mask: 0.4516 (0.4665)  rmse_m_mask: 0.6319 (0.6167)  normalized_mse_mask: 0.0030 (0.0462)  rmse_m_all: 14.4681 (12.7542)  actual_mask_ratio: 0.0701 (0.0718)  actual_prediction_mask_ratio: 0.2209 (0.2315)  ignored_patch_ratio: 0.0221 (0.0233)  time: 0.1389  data: 0.0499  max mem: 1903
[16:44:38.280805] Epoch: [1]  [ 200/1098]  eta: 0:01:08  lr: 0.000010  loss: 0.0314 (0.0467)  mae_m_mask: 0.3851 (0.4616)  rmse_m_mask: 0.4768 (0.6115)  normalized_mse_mask: 0.0314 (0.0467)  rmse_m_all: 12.0854 (12.6276)  actual_mask_ratio: 0.0703 (0.0717)  actual_prediction_mask_ratio: 0.2291 (0.2313)  ignored_patch_ratio: 0.0204 (0.0231)  time: 0.1002  data: 0.0001  max mem: 1903
[16:44:40.591854] Epoch: [1]  [ 220/1098]  eta: 0:01:10  lr: 0.000010  loss: 0.0072 (0.0465)  mae_m_mask: 0.4236 (0.4586)  rmse_m_mask: 0.5282 (0.6058)  normalized_mse_mask: 0.0072 (0.0465)  rmse_m_all: 12.9513 (12.7076)  actual_mask_ratio: 0.0725 (0.0718)  actual_prediction_mask_ratio: 0.2392 (0.2318)  ignored_patch_ratio: 0.0187 (0.0228)  time: 0.1155  data: 0.0001  max mem: 1903
[16:44:42.901097] Epoch: [1]  [ 240/1098]  eta: 0:01:11  lr: 0.000010  loss: 0.0155 (0.0445)  mae_m_mask: 0.3826 (0.4557)  rmse_m_mask: 0.5199 (0.6036)  normalized_mse_mask: 0.0155 (0.0445)  rmse_m_all: 12.2515 (12.6999)  actual_mask_ratio: 0.0703 (0.0718)  actual_prediction_mask_ratio: 0.2253 (0.2318)  ignored_patch_ratio: 0.0164 (0.0226)  time: 0.1154  data: 0.0001  max mem: 1903
[16:44:45.214162] Epoch: [1]  [ 260/1098]  eta: 0:01:11  lr: 0.000010  loss: 0.0368 (0.0452)  mae_m_mask: 0.3986 (0.4580)  rmse_m_mask: 0.5625 (0.6119)  normalized_mse_mask: 0.0368 (0.0452)  rmse_m_all: 13.4000 (12.7149)  actual_mask_ratio: 0.0723 (0.0718)  actual_prediction_mask_ratio: 0.2355 (0.2318)  ignored_patch_ratio: 0.0159 (0.0222)  time: 0.1156  data: 0.0001  max mem: 1903
[16:44:47.526079] Epoch: [1]  [ 280/1098]  eta: 0:01:11  lr: 0.000010  loss: 0.0057 (0.0455)  mae_m_mask: 0.3532 (0.4582)  rmse_m_mask: 0.5253 (0.6127)  normalized_mse_mask: 0.0057 (0.0455)  rmse_m_all: 14.2726 (12.7739)  actual_mask_ratio: 0.0745 (0.0720)  actual_prediction_mask_ratio: 0.2378 (0.2322)  ignored_patch_ratio: 0.0221 (0.0219)  time: 0.1156  data: 0.0001  max mem: 1903
[16:44:49.839830] Epoch: [1]  [ 300/1098]  eta: 0:01:11  lr: 0.000010  loss: 0.0133 (0.0456)  mae_m_mask: 0.3580 (0.4549)  rmse_m_mask: 0.4947 (0.6097)  normalized_mse_mask: 0.0133 (0.0456)  rmse_m_all: 13.3913 (12.8308)  actual_mask_ratio: 0.0740 (0.0721)  actual_prediction_mask_ratio: 0.2264 (0.2322)  ignored_patch_ratio: 0.0221 (0.0220)  time: 0.1157  data: 0.0001  max mem: 1903
[16:44:52.151092] Epoch: [1]  [ 320/1098]  eta: 0:01:10  lr: 0.000010  loss: 0.0234 (0.0453)  mae_m_mask: 0.3426 (0.4516)  rmse_m_mask: 0.4663 (0.6043)  normalized_mse_mask: 0.0234 (0.0453)  rmse_m_all: 11.8030 (12.8165)  actual_mask_ratio: 0.0703 (0.0720)  actual_prediction_mask_ratio: 0.2254 (0.2320)  ignored_patch_ratio: 0.0159 (0.0219)  time: 0.1155  data: 0.0001  max mem: 1903
[16:44:54.459534] Epoch: [1]  [ 340/1098]  eta: 0:01:10  lr: 0.000010  loss: 0.0140 (0.0474)  mae_m_mask: 0.3862 (0.4500)  rmse_m_mask: 0.5023 (0.6013)  normalized_mse_mask: 0.0140 (0.0474)  rmse_m_all: 12.2674 (12.8375)  actual_mask_ratio: 0.0727 (0.0720)  actual_prediction_mask_ratio: 0.2400 (0.2321)  ignored_patch_ratio: 0.0204 (0.0219)  time: 0.1154  data: 0.0001  max mem: 1903
[16:44:56.739942] Epoch: [1]  [ 360/1098]  eta: 0:01:09  lr: 0.000010  loss: 0.0194 (0.0471)  mae_m_mask: 0.3605 (0.4474)  rmse_m_mask: 0.4415 (0.5966)  normalized_mse_mask: 0.0194 (0.0471)  rmse_m_all: 13.8989 (12.9258)  actual_mask_ratio: 0.0706 (0.0719)  actual_prediction_mask_ratio: 0.2333 (0.2322)  ignored_patch_ratio: 0.0227 (0.0220)  time: 0.1140  data: 0.0001  max mem: 1903
[16:44:59.054910] Epoch: [1]  [ 380/1098]  eta: 0:01:08  lr: 0.000010  loss: 0.0056 (0.0466)  mae_m_mask: 0.4588 (0.4510)  rmse_m_mask: 0.5851 (0.6001)  normalized_mse_mask: 0.0056 (0.0466)  rmse_m_all: 13.8831 (12.9787)  actual_mask_ratio: 0.0722 (0.0720)  actual_prediction_mask_ratio: 0.2314 (0.2323)  ignored_patch_ratio: 0.0249 (0.0221)  time: 0.1157  data: 0.0001  max mem: 1903
[16:45:01.349348] Epoch: [1]  [ 400/1098]  eta: 0:01:06  lr: 0.000010  loss: 0.0214 (0.0472)  mae_m_mask: 0.4157 (0.4516)  rmse_m_mask: 0.5753 (0.5996)  normalized_mse_mask: 0.0214 (0.0472)  rmse_m_all: 12.8494 (12.9584)  actual_mask_ratio: 0.0726 (0.0721)  actual_prediction_mask_ratio: 0.2409 (0.2326)  ignored_patch_ratio: 0.0119 (0.0219)  time: 0.1147  data: 0.0001  max mem: 1903
[16:45:03.643220] Epoch: [1]  [ 420/1098]  eta: 0:01:05  lr: 0.000010  loss: 0.0100 (0.0461)  mae_m_mask: 0.3439 (0.4526)  rmse_m_mask: 0.4915 (0.6009)  normalized_mse_mask: 0.0100 (0.0461)  rmse_m_all: 13.9840 (12.9852)  actual_mask_ratio: 0.0709 (0.0720)  actual_prediction_mask_ratio: 0.2397 (0.2327)  ignored_patch_ratio: 0.0278 (0.0220)  time: 0.1147  data: 0.0001  max mem: 1903
[16:45:05.937086] Epoch: [1]  [ 440/1098]  eta: 0:01:04  lr: 0.000010  loss: 0.0035 (0.0481)  mae_m_mask: 0.4276 (0.4523)  rmse_m_mask: 0.5830 (0.6012)  normalized_mse_mask: 0.0035 (0.0481)  rmse_m_all: 11.7575 (13.0033)  actual_mask_ratio: 0.0697 (0.0720)  actual_prediction_mask_ratio: 0.2273 (0.2325)  ignored_patch_ratio: 0.0215 (0.0220)  time: 0.1147  data: 0.0001  max mem: 1904
[16:45:08.246339] Epoch: [1]  [ 460/1098]  eta: 0:01:02  lr: 0.000010  loss: 0.0119 (0.0471)  mae_m_mask: 0.3743 (0.4503)  rmse_m_mask: 0.5143 (0.5999)  normalized_mse_mask: 0.0119 (0.0471)  rmse_m_all: 12.0179 (12.9702)  actual_mask_ratio: 0.0708 (0.0720)  actual_prediction_mask_ratio: 0.2332 (0.2326)  ignored_patch_ratio: 0.0142 (0.0219)  time: 0.1154  data: 0.0001  max mem: 1904
[16:45:10.558639] Epoch: [1]  [ 480/1098]  eta: 0:01:01  lr: 0.000010  loss: 0.0176 (0.0482)  mae_m_mask: 0.4721 (0.4524)  rmse_m_mask: 0.5540 (0.6027)  normalized_mse_mask: 0.0176 (0.0482)  rmse_m_all: 11.6727 (12.9279)  actual_mask_ratio: 0.0711 (0.0720)  actual_prediction_mask_ratio: 0.2358 (0.2327)  ignored_patch_ratio: 0.0170 (0.0218)  time: 0.1156  data: 0.0001  max mem: 1904
[16:45:12.855120] Epoch: [1]  [ 500/1098]  eta: 0:00:59  lr: 0.000010  loss: 0.0081 (0.0482)  mae_m_mask: 0.4731 (0.4526)  rmse_m_mask: 0.5425 (0.6026)  normalized_mse_mask: 0.0081 (0.0482)  rmse_m_all: 14.6464 (12.9861)  actual_mask_ratio: 0.0722 (0.0720)  actual_prediction_mask_ratio: 0.2330 (0.2327)  ignored_patch_ratio: 0.0244 (0.0219)  time: 0.1148  data: 0.0001  max mem: 1904
[16:45:15.143344] Epoch: [1]  [ 520/1098]  eta: 0:00:57  lr: 0.000010  loss: 0.0112 (0.0478)  mae_m_mask: 0.3687 (0.4518)  rmse_m_mask: 0.5089 (0.6010)  normalized_mse_mask: 0.0112 (0.0478)  rmse_m_all: 11.5963 (12.9556)  actual_mask_ratio: 0.0719 (0.0720)  actual_prediction_mask_ratio: 0.2363 (0.2327)  ignored_patch_ratio: 0.0181 (0.0218)  time: 0.1144  data: 0.0001  max mem: 1904
[16:45:17.420946] Epoch: [1]  [ 540/1098]  eta: 0:00:56  lr: 0.000010  loss: 0.0033 (0.0471)  mae_m_mask: 0.4868 (0.4545)  rmse_m_mask: 0.6158 (0.6035)  normalized_mse_mask: 0.0033 (0.0471)  rmse_m_all: 12.6956 (12.9532)  actual_mask_ratio: 0.0719 (0.0720)  actual_prediction_mask_ratio: 0.2305 (0.2326)  ignored_patch_ratio: 0.0198 (0.0219)  time: 0.1138  data: 0.0001  max mem: 1904
[16:45:19.725610] Epoch: [1]  [ 560/1098]  eta: 0:00:54  lr: 0.000010  loss: 0.0367 (0.0476)  mae_m_mask: 0.4421 (0.4565)  rmse_m_mask: 0.5937 (0.6054)  normalized_mse_mask: 0.0367 (0.0476)  rmse_m_all: 12.9170 (12.9520)  actual_mask_ratio: 0.0731 (0.0720)  actual_prediction_mask_ratio: 0.2274 (0.2326)  ignored_patch_ratio: 0.0136 (0.0218)  time: 0.1152  data: 0.0001  max mem: 1904
[16:45:22.037410] Epoch: [1]  [ 580/1098]  eta: 0:00:52  lr: 0.000010  loss: 0.0068 (0.0465)  mae_m_mask: 0.4280 (0.4566)  rmse_m_mask: 0.5096 (0.6043)  normalized_mse_mask: 0.0068 (0.0465)  rmse_m_all: 13.9658 (12.9815)  actual_mask_ratio: 0.0716 (0.0719)  actual_prediction_mask_ratio: 0.2293 (0.2324)  ignored_patch_ratio: 0.0227 (0.0219)  time: 0.1156  data: 0.0001  max mem: 1904
[16:45:24.344630] Epoch: [1]  [ 600/1098]  eta: 0:00:50  lr: 0.000010  loss: 0.0195 (0.0463)  mae_m_mask: 0.3948 (0.4561)  rmse_m_mask: 0.4911 (0.6047)  normalized_mse_mask: 0.0195 (0.0463)  rmse_m_all: 13.2948 (12.9698)  actual_mask_ratio: 0.0714 (0.0719)  actual_prediction_mask_ratio: 0.2287 (0.2322)  ignored_patch_ratio: 0.0221 (0.0219)  time: 0.1153  data: 0.0001  max mem: 1904
[16:45:26.661515] Epoch: [1]  [ 620/1098]  eta: 0:00:49  lr: 0.000010  loss: 0.0121 (0.0466)  mae_m_mask: 0.4842 (0.4578)  rmse_m_mask: 0.6269 (0.6062)  normalized_mse_mask: 0.0121 (0.0466)  rmse_m_all: 12.7360 (12.9575)  actual_mask_ratio: 0.0704 (0.0719)  actual_prediction_mask_ratio: 0.2329 (0.2321)  ignored_patch_ratio: 0.0232 (0.0220)  time: 0.1158  data: 0.0001  max mem: 1904
[16:45:28.954098] Epoch: [1]  [ 640/1098]  eta: 0:00:47  lr: 0.000010  loss: 0.0176 (0.0467)  mae_m_mask: 0.4127 (0.4569)  rmse_m_mask: 0.5706 (0.6050)  normalized_mse_mask: 0.0176 (0.0467)  rmse_m_all: 12.9480 (12.9411)  actual_mask_ratio: 0.0692 (0.0718)  actual_prediction_mask_ratio: 0.2245 (0.2320)  ignored_patch_ratio: 0.0187 (0.0220)  time: 0.1146  data: 0.0001  max mem: 1904
[16:45:31.242390] Epoch: [1]  [ 660/1098]  eta: 0:00:45  lr: 0.000010  loss: 0.0172 (0.0472)  mae_m_mask: 0.4790 (0.4584)  rmse_m_mask: 0.6472 (0.6071)  normalized_mse_mask: 0.0172 (0.0472)  rmse_m_all: 10.9311 (12.8836)  actual_mask_ratio: 0.0733 (0.0719)  actual_prediction_mask_ratio: 0.2416 (0.2322)  ignored_patch_ratio: 0.0176 (0.0219)  time: 0.1144  data: 0.0001  max mem: 1904
[16:45:33.528185] Epoch: [1]  [ 680/1098]  eta: 0:00:43  lr: 0.000010  loss: 0.0338 (0.0499)  mae_m_mask: 0.4642 (0.4603)  rmse_m_mask: 0.6817 (0.6098)  normalized_mse_mask: 0.0338 (0.0499)  rmse_m_all: 12.3105 (12.8965)  actual_mask_ratio: 0.0697 (0.0719)  actual_prediction_mask_ratio: 0.2289 (0.2323)  ignored_patch_ratio: 0.0170 (0.0219)  time: 0.1143  data: 0.0001  max mem: 1904
[16:45:35.825178] Epoch: [1]  [ 700/1098]  eta: 0:00:41  lr: 0.000010  loss: 0.0143 (0.0496)  mae_m_mask: 0.4091 (0.4594)  rmse_m_mask: 0.5654 (0.6083)  normalized_mse_mask: 0.0143 (0.0496)  rmse_m_all: 12.0611 (12.8506)  actual_mask_ratio: 0.0721 (0.0719)  actual_prediction_mask_ratio: 0.2391 (0.2324)  ignored_patch_ratio: 0.0113 (0.0217)  time: 0.1148  data: 0.0001  max mem: 1904
[16:45:38.143223] Epoch: [1]  [ 720/1098]  eta: 0:00:39  lr: 0.000010  loss: 0.0150 (0.0494)  mae_m_mask: 0.4417 (0.4606)  rmse_m_mask: 0.5879 (0.6099)  normalized_mse_mask: 0.0150 (0.0494)  rmse_m_all: 13.7683 (12.8619)  actual_mask_ratio: 0.0704 (0.0719)  actual_prediction_mask_ratio: 0.2270 (0.2323)  ignored_patch_ratio: 0.0210 (0.0218)  time: 0.1159  data: 0.0001  max mem: 1904
[16:45:40.461587] Epoch: [1]  [ 740/1098]  eta: 0:00:37  lr: 0.000010  loss: 0.0114 (0.0489)  mae_m_mask: 0.4295 (0.4601)  rmse_m_mask: 0.5141 (0.6091)  normalized_mse_mask: 0.0114 (0.0489)  rmse_m_all: 12.4483 (12.8665)  actual_mask_ratio: 0.0708 (0.0719)  actual_prediction_mask_ratio: 0.2353 (0.2323)  ignored_patch_ratio: 0.0153 (0.0217)  time: 0.1159  data: 0.0001  max mem: 1904
[16:45:42.764163] Epoch: [1]  [ 760/1098]  eta: 0:00:35  lr: 0.000010  loss: 0.0110 (0.0488)  mae_m_mask: 0.3581 (0.4579)  rmse_m_mask: 0.4938 (0.6066)  normalized_mse_mask: 0.0110 (0.0488)  rmse_m_all: 9.8862 (12.8327)  actual_mask_ratio: 0.0694 (0.0718)  actual_prediction_mask_ratio: 0.2274 (0.2322)  ignored_patch_ratio: 0.0159 (0.0216)  time: 0.1151  data: 0.0001  max mem: 1904
[16:45:45.056386] Epoch: [1]  [ 780/1098]  eta: 0:00:33  lr: 0.000010  loss: 0.0068 (0.0489)  mae_m_mask: 0.4217 (0.4587)  rmse_m_mask: 0.5737 (0.6074)  normalized_mse_mask: 0.0068 (0.0489)  rmse_m_all: 11.6266 (12.8381)  actual_mask_ratio: 0.0724 (0.0719)  actual_prediction_mask_ratio: 0.2267 (0.2323)  ignored_patch_ratio: 0.0170 (0.0216)  time: 0.1146  data: 0.0001  max mem: 1904
[16:45:47.375199] Epoch: [1]  [ 800/1098]  eta: 0:00:31  lr: 0.000010  loss: 0.0119 (0.0488)  mae_m_mask: 0.3939 (0.4581)  rmse_m_mask: 0.5657 (0.6081)  normalized_mse_mask: 0.0119 (0.0488)  rmse_m_all: 12.7537 (12.8319)  actual_mask_ratio: 0.0728 (0.0719)  actual_prediction_mask_ratio: 0.2318 (0.2323)  ignored_patch_ratio: 0.0198 (0.0215)  time: 0.1159  data: 0.0001  max mem: 1904
[16:45:49.641857] Epoch: [1]  [ 820/1098]  eta: 0:00:29  lr: 0.000010  loss: 0.0128 (0.0483)  mae_m_mask: 0.3933 (0.4575)  rmse_m_mask: 0.5215 (0.6070)  normalized_mse_mask: 0.0128 (0.0483)  rmse_m_all: 12.1127 (12.8259)  actual_mask_ratio: 0.0742 (0.0719)  actual_prediction_mask_ratio: 0.2316 (0.2323)  ignored_patch_ratio: 0.0170 (0.0214)  time: 0.1133  data: 0.0001  max mem: 1904
[16:45:51.954589] Epoch: [1]  [ 840/1098]  eta: 0:00:27  lr: 0.000010  loss: 0.0178 (0.0496)  mae_m_mask: 0.5226 (0.4592)  rmse_m_mask: 0.6828 (0.6094)  normalized_mse_mask: 0.0178 (0.0496)  rmse_m_all: 13.9746 (12.8438)  actual_mask_ratio: 0.0739 (0.0719)  actual_prediction_mask_ratio: 0.2330 (0.2324)  ignored_patch_ratio: 0.0198 (0.0214)  time: 0.1156  data: 0.0001  max mem: 1904
[16:45:54.276445] Epoch: [1]  [ 860/1098]  eta: 0:00:25  lr: 0.000010  loss: 0.0069 (0.0493)  mae_m_mask: 0.5622 (0.4609)  rmse_m_mask: 0.6659 (0.6109)  normalized_mse_mask: 0.0069 (0.0493)  rmse_m_all: 14.4120 (12.8575)  actual_mask_ratio: 0.0719 (0.0719)  actual_prediction_mask_ratio: 0.2290 (0.2324)  ignored_patch_ratio: 0.0227 (0.0215)  time: 0.1161  data: 0.0001  max mem: 1904
[16:45:56.573143] Epoch: [1]  [ 880/1098]  eta: 0:00:23  lr: 0.000010  loss: 0.0048 (0.0493)  mae_m_mask: 0.5206 (0.4635)  rmse_m_mask: 0.6814 (0.6136)  normalized_mse_mask: 0.0048 (0.0493)  rmse_m_all: 15.0605 (12.8878)  actual_mask_ratio: 0.0727 (0.0719)  actual_prediction_mask_ratio: 0.2282 (0.2324)  ignored_patch_ratio: 0.0181 (0.0214)  time: 0.1148  data: 0.0001  max mem: 1904
[16:45:58.846400] Epoch: [1]  [ 900/1098]  eta: 0:00:21  lr: 0.000010  loss: 0.0287 (0.0493)  mae_m_mask: 0.5727 (0.4656)  rmse_m_mask: 0.6590 (0.6160)  normalized_mse_mask: 0.0287 (0.0493)  rmse_m_all: 13.0954 (12.8894)  actual_mask_ratio: 0.0703 (0.0719)  actual_prediction_mask_ratio: 0.2297 (0.2324)  ignored_patch_ratio: 0.0142 (0.0212)  time: 0.1136  data: 0.0001  max mem: 1904
[16:46:01.170379] Epoch: [1]  [ 920/1098]  eta: 0:00:18  lr: 0.000010  loss: 0.0146 (0.0494)  mae_m_mask: 0.4165 (0.4653)  rmse_m_mask: 0.5796 (0.6170)  normalized_mse_mask: 0.0146 (0.0494)  rmse_m_all: 12.6309 (12.8546)  actual_mask_ratio: 0.0703 (0.0719)  actual_prediction_mask_ratio: 0.2287 (0.2323)  ignored_patch_ratio: 0.0193 (0.0213)  time: 0.1162  data: 0.0001  max mem: 1904
[16:46:03.465700] Epoch: [1]  [ 940/1098]  eta: 0:00:16  lr: 0.000010  loss: 0.0009 (0.0489)  mae_m_mask: 0.4895 (0.4665)  rmse_m_mask: 0.6437 (0.6190)  normalized_mse_mask: 0.0009 (0.0489)  rmse_m_all: 13.3907 (12.8854)  actual_mask_ratio: 0.0723 (0.0719)  actual_prediction_mask_ratio: 0.2267 (0.2322)  ignored_patch_ratio: 0.0244 (0.0214)  time: 0.1147  data: 0.0001  max mem: 1904
[16:46:05.688870] Epoch: [1]  [ 960/1098]  eta: 0:00:14  lr: 0.000010  loss: 0.0234 (0.0489)  mae_m_mask: 0.4060 (0.4669)  rmse_m_mask: 0.6097 (0.6194)  normalized_mse_mask: 0.0234 (0.0489)  rmse_m_all: 10.5989 (12.8679)  actual_mask_ratio: 0.0742 (0.0719)  actual_prediction_mask_ratio: 0.2389 (0.2323)  ignored_patch_ratio: 0.0181 (0.0214)  time: 0.1111  data: 0.0001  max mem: 1904
[16:46:07.901092] Epoch: [1]  [ 980/1098]  eta: 0:00:12  lr: 0.000010  loss: 0.0036 (0.0486)  mae_m_mask: 0.4602 (0.4681)  rmse_m_mask: 0.5722 (0.6204)  normalized_mse_mask: 0.0036 (0.0486)  rmse_m_all: 14.4423 (12.9077)  actual_mask_ratio: 0.0706 (0.0719)  actual_prediction_mask_ratio: 0.2270 (0.2322)  ignored_patch_ratio: 0.0278 (0.0215)  time: 0.1106  data: 0.0001  max mem: 1904
[16:46:10.120428] Epoch: [1]  [1000/1098]  eta: 0:00:10  lr: 0.000010  loss: 0.0301 (0.0488)  mae_m_mask: 0.4509 (0.4685)  rmse_m_mask: 0.5933 (0.6222)  normalized_mse_mask: 0.0301 (0.0488)  rmse_m_all: 11.4376 (12.8769)  actual_mask_ratio: 0.0714 (0.0719)  actual_prediction_mask_ratio: 0.2327 (0.2322)  ignored_patch_ratio: 0.0142 (0.0214)  time: 0.1109  data: 0.0001  max mem: 1904
[16:46:12.374216] Epoch: [1]  [1020/1098]  eta: 0:00:08  lr: 0.000010  loss: 0.0189 (0.0503)  mae_m_mask: 0.4372 (0.4681)  rmse_m_mask: 0.6096 (0.6221)  normalized_mse_mask: 0.0189 (0.0503)  rmse_m_all: 12.4051 (12.8589)  actual_mask_ratio: 0.0725 (0.0719)  actual_prediction_mask_ratio: 0.2271 (0.2323)  ignored_patch_ratio: 0.0136 (0.0213)  time: 0.1127  data: 0.0001  max mem: 1904
[16:46:14.592760] Epoch: [1]  [1040/1098]  eta: 0:00:06  lr: 0.000010  loss: 0.0143 (0.0501)  mae_m_mask: 0.4377 (0.4678)  rmse_m_mask: 0.5497 (0.6221)  normalized_mse_mask: 0.0143 (0.0501)  rmse_m_all: 11.7580 (12.8501)  actual_mask_ratio: 0.0716 (0.0719)  actual_prediction_mask_ratio: 0.2342 (0.2324)  ignored_patch_ratio: 0.0261 (0.0214)  time: 0.1109  data: 0.0001  max mem: 1904
[16:46:16.860622] Epoch: [1]  [1060/1098]  eta: 0:00:04  lr: 0.000010  loss: 0.0198 (0.0499)  mae_m_mask: 0.4030 (0.4681)  rmse_m_mask: 0.6171 (0.6226)  normalized_mse_mask: 0.0198 (0.0499)  rmse_m_all: 12.9768 (12.8406)  actual_mask_ratio: 0.0705 (0.0719)  actual_prediction_mask_ratio: 0.2309 (0.2324)  ignored_patch_ratio: 0.0170 (0.0214)  time: 0.1134  data: 0.0001  max mem: 1904
[16:46:19.114292] Epoch: [1]  [1080/1098]  eta: 0:00:01  lr: 0.000010  loss: 0.0113 (0.0500)  mae_m_mask: 0.4208 (0.4679)  rmse_m_mask: 0.5550 (0.6220)  normalized_mse_mask: 0.0113 (0.0500)  rmse_m_all: 13.7039 (12.8469)  actual_mask_ratio: 0.0703 (0.0719)  actual_prediction_mask_ratio: 0.2294 (0.2324)  ignored_patch_ratio: 0.0278 (0.0215)  time: 0.1127  data: 0.0001  max mem: 1904
[16:46:21.041406] Epoch: [1]  [1097/1098]  eta: 0:00:00  lr: 0.000010  loss: 0.0113 (0.0499)  mae_m_mask: 0.4090 (0.4680)  rmse_m_mask: 0.5343 (0.6218)  normalized_mse_mask: 0.0113 (0.0499)  rmse_m_all: 12.0558 (12.8423)  actual_mask_ratio: 0.0716 (0.0718)  actual_prediction_mask_ratio: 0.2370 (0.2323)  ignored_patch_ratio: 0.0255 (0.0216)  time: 0.1132  data: 0.0001  max mem: 1904
[16:46:21.071446] Epoch: [1] Total time: 0:01:58 (0.1076 s / it)
[16:46:21.073451] Averaged stats: {'lr': 9.996051730035905e-06, 'loss': 0.048308957844495265, 'mae_m_mask': 0.4665178647557847, 'rmse_m_mask': 0.6719946713776958, 'normalized_mse_mask': 0.048308957844495265, 'rmse_m_all': 12.842263691412295, 'actual_mask_ratio': 0.07183419729503235, 'actual_prediction_mask_ratio': 0.23232187044370803, 'ignored_patch_ratio': 0.02157136749048702, 'supervised_pixel_count': 21816230.0}
[16:46:21.246339] Val: [1]  [  0/194]  eta: 0:00:33  loss: 0.3201 (0.3201)  mae_m_mask: 0.4910 (0.4910)  rmse_m_mask: 0.6925 (0.6925)  normalized_mse_mask: 0.3201 (0.3201)  rmse_m_all: 1.0159 (1.0159)  actual_mask_ratio: 0.0709 (0.0709)  actual_prediction_mask_ratio: 0.2352 (0.2352)  ignored_patch_ratio: 0.0646 (0.0646)  time: 0.1704  data: 0.0837  max mem: 1904
[16:46:25.462776] Val: [1]  [ 50/194]  eta: 0:00:12  loss: 0.0138 (0.0633)  mae_m_mask: 0.6615 (0.7605)  rmse_m_mask: 0.8166 (0.9259)  normalized_mse_mask: 0.0138 (0.0633)  rmse_m_all: 10.5556 (7.9089)  actual_mask_ratio: 0.0626 (0.0699)  actual_prediction_mask_ratio: 0.2166 (0.2286)  ignored_patch_ratio: 0.0000 (0.0044)  time: 0.0849  data: 0.0001  max mem: 1904
[16:46:29.665198] Val: [1]  [100/194]  eta: 0:00:07  loss: 0.0537 (0.0668)  mae_m_mask: 0.8053 (0.7634)  rmse_m_mask: 0.9838 (0.9303)  normalized_mse_mask: 0.0537 (0.0668)  rmse_m_all: 5.1087 (7.6793)  actual_mask_ratio: 0.0590 (0.0682)  actual_prediction_mask_ratio: 0.2018 (0.2221)  ignored_patch_ratio: 0.0000 (0.0025)  time: 0.0840  data: 0.0001  max mem: 1904
[16:46:33.876872] Val: [1]  [150/194]  eta: 0:00:03  loss: 0.0075 (0.0623)  mae_m_mask: 0.8614 (0.8037)  rmse_m_mask: 1.1352 (0.9774)  normalized_mse_mask: 0.0075 (0.0623)  rmse_m_all: 15.0337 (8.5564)  actual_mask_ratio: 0.0697 (0.0675)  actual_prediction_mask_ratio: 0.2175 (0.2175)  ignored_patch_ratio: 0.0000 (0.0024)  time: 0.0842  data: 0.0001  max mem: 1904
[16:46:37.476832] Val: [1]  [193/194]  eta: 0:00:00  loss: 0.1087 (0.0677)  mae_m_mask: 0.5517 (0.7857)  rmse_m_mask: 0.7409 (0.9560)  normalized_mse_mask: 0.1087 (0.0677)  rmse_m_all: 1.5302 (9.0366)  actual_mask_ratio: 0.0624 (0.0663)  actual_prediction_mask_ratio: 0.1985 (0.2131)  ignored_patch_ratio: 0.0136 (0.0049)  time: 0.0834  data: 0.0001  max mem: 1904
[16:46:37.507188] Val: [1] Total time: 0:00:16 (0.0847 s / it)
[16:46:37.511443] val stats: {'loss': 0.06840032527932066, 'mae_m_mask': 0.7766743212529607, 'rmse_m_mask': 1.0124910554937032, 'normalized_mse_mask': 0.06840032527932066, 'rmse_m_all': 9.036551323440886, 'actual_mask_ratio': 0.06633703996302541, 'actual_prediction_mask_ratio': 0.21313334448435872, 'ignored_patch_ratio': 0.00489066925245462, 'supervised_pixel_count': 3944867.0}
[16:46:41.810990] log_dir: /tank/data/SFS/xinyis/data/bathymetry/MAE-Topography/Downstream_Task_Bathy/cross_validation_v5_Stage2NormMSE_MeterSelect/runs/holdout_Santiam_D004Stage2NormMSE_MeterSelect_D001NoDataSafe/train_stage2_normMSE_meterSelect_OR_SantiamRiverTB_Topobathy_1_D23_fromStage1Best_e120_lr1e-5_b4_acc4/tb
[16:46:42.014905] Epoch: [2]  [   0/1098]  eta: 0:03:43  lr: 0.000010  loss: 0.0006 (0.0006)  mae_m_mask: 0.4973 (0.4973)  rmse_m_mask: 0.6698 (0.6698)  normalized_mse_mask: 0.0006 (0.0006)  rmse_m_all: 13.9404 (13.9404)  actual_mask_ratio: 0.0843 (0.0843)  actual_prediction_mask_ratio: 0.2500 (0.2500)  ignored_patch_ratio: 0.0249 (0.0249)  time: 0.2035  data: 0.0850  max mem: 1904
[16:46:44.177660] Epoch: [2]  [  20/1098]  eta: 0:02:01  lr: 0.000010  loss: 0.0093 (0.0251)  mae_m_mask: 0.4849 (0.4892)  rmse_m_mask: 0.6302 (0.6263)  normalized_mse_mask: 0.0093 (0.0251)  rmse_m_all: 12.1545 (13.0504)  actual_mask_ratio: 0.0694 (0.0709)  actual_prediction_mask_ratio: 0.2244 (0.2293)  ignored_patch_ratio: 0.0159 (0.0181)  time: 0.1081  data: 0.0001  max mem: 1904
[16:46:46.344978] Epoch: [2]  [  40/1098]  eta: 0:01:56  lr: 0.000010  loss: 0.0092 (0.0264)  mae_m_mask: 0.3735 (0.4841)  rmse_m_mask: 0.5575 (0.6276)  normalized_mse_mask: 0.0092 (0.0264)  rmse_m_all: 12.4731 (13.1847)  actual_mask_ratio: 0.0715 (0.0704)  actual_prediction_mask_ratio: 0.2304 (0.2287)  ignored_patch_ratio: 0.0210 (0.0198)  time: 0.1083  data: 0.0001  max mem: 1904
[16:46:48.942268] Epoch: [2]  [  60/1098]  eta: 0:02:01  lr: 0.000010  loss: 0.0123 (0.0258)  mae_m_mask: 0.4069 (0.4728)  rmse_m_mask: 0.4915 (0.6138)  normalized_mse_mask: 0.0123 (0.0258)  rmse_m_all: 11.6796 (12.9184)  actual_mask_ratio: 0.0716 (0.0711)  actual_prediction_mask_ratio: 0.2323 (0.2294)  ignored_patch_ratio: 0.0266 (0.0211)  time: 0.1298  data: 0.0503  max mem: 1904
[16:46:50.320429] Epoch: [2]  [  80/1098]  eta: 0:01:46  lr: 0.000010  loss: 0.0143 (0.0383)  mae_m_mask: 0.3438 (0.4574)  rmse_m_mask: 0.4439 (0.5961)  normalized_mse_mask: 0.0143 (0.0383)  rmse_m_all: 13.0289 (12.9494)  actual_mask_ratio: 0.0681 (0.0705)  actual_prediction_mask_ratio: 0.2245 (0.2278)  ignored_patch_ratio: 0.0176 (0.0217)  time: 0.0689  data: 0.0001  max mem: 1904
[16:46:53.013996] Epoch: [2]  [ 100/1098]  eta: 0:01:50  lr: 0.000010  loss: 0.0134 (0.0364)  mae_m_mask: 0.4333 (0.4554)  rmse_m_mask: 0.6084 (0.5996)  normalized_mse_mask: 0.0134 (0.0364)  rmse_m_all: 12.8608 (12.9182)  actual_mask_ratio: 0.0675 (0.0704)  actual_prediction_mask_ratio: 0.2174 (0.2277)  ignored_patch_ratio: 0.0153 (0.0212)  time: 0.1346  data: 0.0460  max mem: 1904
[16:46:55.027295] Epoch: [2]  [ 120/1098]  eta: 0:01:46  lr: 0.000010  loss: 0.0178 (0.0351)  mae_m_mask: 0.3107 (0.4394)  rmse_m_mask: 0.4179 (0.5805)  normalized_mse_mask: 0.0178 (0.0351)  rmse_m_all: 11.6669 (12.7701)  actual_mask_ratio: 0.0740 (0.0710)  actual_prediction_mask_ratio: 0.2378 (0.2289)  ignored_patch_ratio: 0.0085 (0.0197)  time: 0.1006  data: 0.0001  max mem: 1904
[16:46:57.334790] Epoch: [2]  [ 140/1098]  eta: 0:01:45  lr: 0.000010  loss: 0.0198 (0.0336)  mae_m_mask: 0.4143 (0.4371)  rmse_m_mask: 0.5264 (0.5741)  normalized_mse_mask: 0.0198 (0.0336)  rmse_m_all: 13.7746 (12.7936)  actual_mask_ratio: 0.0720 (0.0712)  actual_prediction_mask_ratio: 0.2296 (0.2296)  ignored_patch_ratio: 0.0221 (0.0202)  time: 0.1153  data: 0.0001  max mem: 1904
[16:46:59.628446] Epoch: [2]  [ 160/1098]  eta: 0:01:43  lr: 0.000010  loss: 0.0227 (0.0377)  mae_m_mask: 0.4997 (0.4478)  rmse_m_mask: 0.6566 (0.5846)  normalized_mse_mask: 0.0227 (0.0377)  rmse_m_all: 12.0719 (12.7937)  actual_mask_ratio: 0.0693 (0.0712)  actual_prediction_mask_ratio: 0.2336 (0.2304)  ignored_patch_ratio: 0.0255 (0.0208)  time: 0.1146  data: 0.0001  max mem: 1904
[16:47:01.953028] Epoch: [2]  [ 180/1098]  eta: 0:01:42  lr: 0.000010  loss: 0.0189 (0.0377)  mae_m_mask: 0.3751 (0.4414)  rmse_m_mask: 0.4571 (0.5746)  normalized_mse_mask: 0.0189 (0.0377)  rmse_m_all: 10.9237 (12.7335)  actual_mask_ratio: 0.0716 (0.0714)  actual_prediction_mask_ratio: 0.2323 (0.2307)  ignored_patch_ratio: 0.0181 (0.0206)  time: 0.1162  data: 0.0001  max mem: 1904
[16:47:04.269127] Epoch: [2]  [ 200/1098]  eta: 0:01:40  lr: 0.000010  loss: 0.0087 (0.0366)  mae_m_mask: 0.3864 (0.4404)  rmse_m_mask: 0.4857 (0.5741)  normalized_mse_mask: 0.0087 (0.0366)  rmse_m_all: 13.7011 (12.8430)  actual_mask_ratio: 0.0716 (0.0714)  actual_prediction_mask_ratio: 0.2303 (0.2303)  ignored_patch_ratio: 0.0334 (0.0217)  time: 0.1158  data: 0.0001  max mem: 1904
[16:47:06.568492] Epoch: [2]  [ 220/1098]  eta: 0:01:38  lr: 0.000010  loss: 0.0129 (0.0393)  mae_m_mask: 0.3876 (0.4380)  rmse_m_mask: 0.5396 (0.5736)  normalized_mse_mask: 0.0129 (0.0393)  rmse_m_all: 10.7596 (12.7072)  actual_mask_ratio: 0.0740 (0.0716)  actual_prediction_mask_ratio: 0.2389 (0.2312)  ignored_patch_ratio: 0.0142 (0.0212)  time: 0.1149  data: 0.0001  max mem: 1904
[16:47:08.887516] Epoch: [2]  [ 240/1098]  eta: 0:01:36  lr: 0.000010  loss: 0.0223 (0.0422)  mae_m_mask: 0.4230 (0.4416)  rmse_m_mask: 0.5350 (0.5775)  normalized_mse_mask: 0.0223 (0.0422)  rmse_m_all: 13.0329 (12.8078)  actual_mask_ratio: 0.0695 (0.0715)  actual_prediction_mask_ratio: 0.2307 (0.2313)  ignored_patch_ratio: 0.0187 (0.0214)  time: 0.1159  data: 0.0001  max mem: 1904
[16:47:11.206667] Epoch: [2]  [ 260/1098]  eta: 0:01:34  lr: 0.000010  loss: 0.0093 (0.0418)  mae_m_mask: 0.3636 (0.4397)  rmse_m_mask: 0.4960 (0.5758)  normalized_mse_mask: 0.0093 (0.0418)  rmse_m_all: 11.9535 (12.7158)  actual_mask_ratio: 0.0711 (0.0716)  actual_prediction_mask_ratio: 0.2250 (0.2313)  ignored_patch_ratio: 0.0187 (0.0211)  time: 0.1159  data: 0.0001  max mem: 1904
[16:47:13.518354] Epoch: [2]  [ 280/1098]  eta: 0:01:32  lr: 0.000010  loss: 0.0347 (0.0451)  mae_m_mask: 0.4562 (0.4412)  rmse_m_mask: 0.5346 (0.5756)  normalized_mse_mask: 0.0347 (0.0451)  rmse_m_all: 12.0890 (12.5756)  actual_mask_ratio: 0.0709 (0.0716)  actual_prediction_mask_ratio: 0.2300 (0.2315)  ignored_patch_ratio: 0.0176 (0.0211)  time: 0.1155  data: 0.0001  max mem: 1904
[16:47:15.830775] Epoch: [2]  [ 300/1098]  eta: 0:01:30  lr: 0.000010  loss: 0.0361 (0.0454)  mae_m_mask: 0.4459 (0.4427)  rmse_m_mask: 0.6058 (0.5800)  normalized_mse_mask: 0.0361 (0.0454)  rmse_m_all: 12.5337 (12.5459)  actual_mask_ratio: 0.0726 (0.0718)  actual_prediction_mask_ratio: 0.2377 (0.2320)  ignored_patch_ratio: 0.0227 (0.0212)  time: 0.1156  data: 0.0001  max mem: 1904
[16:47:18.147730] Epoch: [2]  [ 320/1098]  eta: 0:01:28  lr: 0.000010  loss: 0.0048 (0.0437)  mae_m_mask: 0.5263 (0.4470)  rmse_m_mask: 0.6732 (0.5839)  normalized_mse_mask: 0.0048 (0.0437)  rmse_m_all: 14.0144 (12.7151)  actual_mask_ratio: 0.0700 (0.0717)  actual_prediction_mask_ratio: 0.2285 (0.2319)  ignored_patch_ratio: 0.0255 (0.0215)  time: 0.1158  data: 0.0001  max mem: 1904
[16:47:20.462724] Epoch: [2]  [ 340/1098]  eta: 0:01:25  lr: 0.000010  loss: 0.0016 (0.0427)  mae_m_mask: 0.4196 (0.4482)  rmse_m_mask: 0.5464 (0.5843)  normalized_mse_mask: 0.0016 (0.0427)  rmse_m_all: 15.0555 (12.8271)  actual_mask_ratio: 0.0729 (0.0717)  actual_prediction_mask_ratio: 0.2297 (0.2318)  ignored_patch_ratio: 0.0261 (0.0218)  time: 0.1157  data: 0.0001  max mem: 1904
[16:47:22.788117] Epoch: [2]  [ 360/1098]  eta: 0:01:23  lr: 0.000010  loss: 0.0076 (0.0415)  mae_m_mask: 0.3980 (0.4457)  rmse_m_mask: 0.4910 (0.5822)  normalized_mse_mask: 0.0076 (0.0415)  rmse_m_all: 13.0184 (12.8853)  actual_mask_ratio: 0.0748 (0.0717)  actual_prediction_mask_ratio: 0.2301 (0.2319)  ignored_patch_ratio: 0.0164 (0.0217)  time: 0.1162  data: 0.0001  max mem: 1904
[16:47:25.091416] Epoch: [2]  [ 380/1098]  eta: 0:01:21  lr: 0.000010  loss: 0.0058 (0.0409)  mae_m_mask: 0.3834 (0.4478)  rmse_m_mask: 0.5378 (0.5846)  normalized_mse_mask: 0.0058 (0.0409)  rmse_m_all: 13.1398 (12.8601)  actual_mask_ratio: 0.0706 (0.0717)  actual_prediction_mask_ratio: 0.2353 (0.2318)  ignored_patch_ratio: 0.0193 (0.0216)  time: 0.1151  data: 0.0001  max mem: 1904
[16:47:27.412222] Epoch: [2]  [ 400/1098]  eta: 0:01:19  lr: 0.000010  loss: 0.0098 (0.0416)  mae_m_mask: 0.3901 (0.4472)  rmse_m_mask: 0.4772 (0.5863)  normalized_mse_mask: 0.0098 (0.0416)  rmse_m_all: 13.2866 (12.8713)  actual_mask_ratio: 0.0701 (0.0716)  actual_prediction_mask_ratio: 0.2259 (0.2315)  ignored_patch_ratio: 0.0215 (0.0217)  time: 0.1160  data: 0.0001  max mem: 1904
[16:47:29.732404] Epoch: [2]  [ 420/1098]  eta: 0:01:17  lr: 0.000010  loss: 0.0342 (0.0428)  mae_m_mask: 0.4271 (0.4473)  rmse_m_mask: 0.5469 (0.5869)  normalized_mse_mask: 0.0342 (0.0428)  rmse_m_all: 12.7788 (12.8660)  actual_mask_ratio: 0.0719 (0.0716)  actual_prediction_mask_ratio: 0.2275 (0.2316)  ignored_patch_ratio: 0.0181 (0.0217)  time: 0.1160  data: 0.0001  max mem: 1904
[16:47:32.056214] Epoch: [2]  [ 440/1098]  eta: 0:01:14  lr: 0.000010  loss: 0.0425 (0.0441)  mae_m_mask: 0.4196 (0.4472)  rmse_m_mask: 0.5708 (0.5895)  normalized_mse_mask: 0.0425 (0.0441)  rmse_m_all: 13.1555 (12.8538)  actual_mask_ratio: 0.0729 (0.0717)  actual_prediction_mask_ratio: 0.2338 (0.2317)  ignored_patch_ratio: 0.0176 (0.0215)  time: 0.1162  data: 0.0001  max mem: 1904
[16:47:34.385953] Epoch: [2]  [ 460/1098]  eta: 0:01:12  lr: 0.000010  loss: 0.0051 (0.0435)  mae_m_mask: 0.5515 (0.4538)  rmse_m_mask: 0.7760 (0.5975)  normalized_mse_mask: 0.0051 (0.0435)  rmse_m_all: 14.8962 (12.8878)  actual_mask_ratio: 0.0706 (0.0716)  actual_prediction_mask_ratio: 0.2352 (0.2319)  ignored_patch_ratio: 0.0210 (0.0217)  time: 0.1165  data: 0.0001  max mem: 1904
[16:47:36.726127] Epoch: [2]  [ 480/1098]  eta: 0:01:10  lr: 0.000010  loss: 0.0197 (0.0451)  mae_m_mask: 0.4030 (0.4540)  rmse_m_mask: 0.5360 (0.5985)  normalized_mse_mask: 0.0197 (0.0451)  rmse_m_all: 12.8515 (12.9156)  actual_mask_ratio: 0.0687 (0.0715)  actual_prediction_mask_ratio: 0.2257 (0.2315)  ignored_patch_ratio: 0.0227 (0.0220)  time: 0.1170  data: 0.0001  max mem: 1904
[16:47:39.038879] Epoch: [2]  [ 500/1098]  eta: 0:01:08  lr: 0.000010  loss: 0.0191 (0.0450)  mae_m_mask: 0.5018 (0.4564)  rmse_m_mask: 0.6144 (0.6022)  normalized_mse_mask: 0.0191 (0.0450)  rmse_m_all: 13.6122 (12.9192)  actual_mask_ratio: 0.0713 (0.0715)  actual_prediction_mask_ratio: 0.2359 (0.2316)  ignored_patch_ratio: 0.0130 (0.0220)  time: 0.1156  data: 0.0001  max mem: 1904
[16:47:41.381285] Epoch: [2]  [ 520/1098]  eta: 0:01:06  lr: 0.000010  loss: 0.0201 (0.0451)  mae_m_mask: 0.4723 (0.4578)  rmse_m_mask: 0.6683 (0.6043)  normalized_mse_mask: 0.0201 (0.0451)  rmse_m_all: 11.5521 (12.8854)  actual_mask_ratio: 0.0722 (0.0715)  actual_prediction_mask_ratio: 0.2346 (0.2318)  ignored_patch_ratio: 0.0176 (0.0220)  time: 0.1171  data: 0.0001  max mem: 1904
[16:47:43.725579] Epoch: [2]  [ 540/1098]  eta: 0:01:03  lr: 0.000010  loss: 0.0215 (0.0458)  mae_m_mask: 0.3367 (0.4549)  rmse_m_mask: 0.4451 (0.6002)  normalized_mse_mask: 0.0215 (0.0458)  rmse_m_all: 12.8926 (12.8975)  actual_mask_ratio: 0.0715 (0.0715)  actual_prediction_mask_ratio: 0.2303 (0.2319)  ignored_patch_ratio: 0.0187 (0.0218)  time: 0.1172  data: 0.0001  max mem: 1904
[16:47:46.050842] Epoch: [2]  [ 560/1098]  eta: 0:01:01  lr: 0.000010  loss: 0.0134 (0.0467)  mae_m_mask: 0.4065 (0.4547)  rmse_m_mask: 0.5117 (0.6001)  normalized_mse_mask: 0.0134 (0.0467)  rmse_m_all: 11.7025 (12.8477)  actual_mask_ratio: 0.0728 (0.0716)  actual_prediction_mask_ratio: 0.2370 (0.2320)  ignored_patch_ratio: 0.0187 (0.0217)  time: 0.1162  data: 0.0001  max mem: 1904
[16:47:48.364150] Epoch: [2]  [ 580/1098]  eta: 0:00:59  lr: 0.000010  loss: 0.0252 (0.0470)  mae_m_mask: 0.5374 (0.4570)  rmse_m_mask: 0.6774 (0.6031)  normalized_mse_mask: 0.0252 (0.0470)  rmse_m_all: 12.9902 (12.8658)  actual_mask_ratio: 0.0716 (0.0716)  actual_prediction_mask_ratio: 0.2298 (0.2320)  ignored_patch_ratio: 0.0255 (0.0220)  time: 0.1156  data: 0.0001  max mem: 1904
[16:47:50.687131] Epoch: [2]  [ 600/1098]  eta: 0:00:57  lr: 0.000010  loss: 0.0082 (0.0466)  mae_m_mask: 0.4447 (0.4587)  rmse_m_mask: 0.5689 (0.6046)  normalized_mse_mask: 0.0082 (0.0466)  rmse_m_all: 13.3120 (12.9028)  actual_mask_ratio: 0.0740 (0.0717)  actual_prediction_mask_ratio: 0.2309 (0.2319)  ignored_patch_ratio: 0.0198 (0.0221)  time: 0.1161  data: 0.0001  max mem: 1904
[16:47:52.993010] Epoch: [2]  [ 620/1098]  eta: 0:00:54  lr: 0.000010  loss: 0.0083 (0.0460)  mae_m_mask: 0.4713 (0.4592)  rmse_m_mask: 0.5730 (0.6062)  normalized_mse_mask: 0.0083 (0.0460)  rmse_m_all: 12.6865 (12.9056)  actual_mask_ratio: 0.0714 (0.0717)  actual_prediction_mask_ratio: 0.2302 (0.2319)  ignored_patch_ratio: 0.0227 (0.0220)  time: 0.1153  data: 0.0001  max mem: 1904
[16:47:55.319783] Epoch: [2]  [ 640/1098]  eta: 0:00:52  lr: 0.000010  loss: 0.0071 (0.0456)  mae_m_mask: 0.4027 (0.4582)  rmse_m_mask: 0.5183 (0.6053)  normalized_mse_mask: 0.0071 (0.0456)  rmse_m_all: 13.8097 (12.9099)  actual_mask_ratio: 0.0682 (0.0716)  actual_prediction_mask_ratio: 0.2232 (0.2317)  ignored_patch_ratio: 0.0198 (0.0219)  time: 0.1163  data: 0.0001  max mem: 1904
[16:47:57.658487] Epoch: [2]  [ 660/1098]  eta: 0:00:50  lr: 0.000010  loss: 0.0106 (0.0459)  mae_m_mask: 0.4560 (0.4583)  rmse_m_mask: 0.6138 (0.6062)  normalized_mse_mask: 0.0106 (0.0459)  rmse_m_all: 14.4051 (12.9332)  actual_mask_ratio: 0.0706 (0.0716)  actual_prediction_mask_ratio: 0.2323 (0.2319)  ignored_patch_ratio: 0.0238 (0.0221)  time: 0.1169  data: 0.0001  max mem: 1904
[16:48:00.020752] Epoch: [2]  [ 680/1098]  eta: 0:00:47  lr: 0.000010  loss: 0.0264 (0.0464)  mae_m_mask: 0.3466 (0.4553)  rmse_m_mask: 0.4647 (0.6027)  normalized_mse_mask: 0.0264 (0.0464)  rmse_m_all: 12.7458 (12.8948)  actual_mask_ratio: 0.0674 (0.0716)  actual_prediction_mask_ratio: 0.2164 (0.2318)  ignored_patch_ratio: 0.0091 (0.0219)  time: 0.1181  data: 0.0001  max mem: 1904
[16:48:02.349941] Epoch: [2]  [ 700/1098]  eta: 0:00:45  lr: 0.000010  loss: 0.0038 (0.0464)  mae_m_mask: 0.4242 (0.4555)  rmse_m_mask: 0.5633 (0.6031)  normalized_mse_mask: 0.0038 (0.0464)  rmse_m_all: 13.8603 (12.9115)  actual_mask_ratio: 0.0722 (0.0716)  actual_prediction_mask_ratio: 0.2325 (0.2319)  ignored_patch_ratio: 0.0255 (0.0220)  time: 0.1164  data: 0.0001  max mem: 1904
[16:48:04.674902] Epoch: [2]  [ 720/1098]  eta: 0:00:43  lr: 0.000010  loss: 0.0169 (0.0466)  mae_m_mask: 0.4002 (0.4545)  rmse_m_mask: 0.5169 (0.6021)  normalized_mse_mask: 0.0169 (0.0466)  rmse_m_all: 10.4880 (12.8637)  actual_mask_ratio: 0.0718 (0.0715)  actual_prediction_mask_ratio: 0.2279 (0.2318)  ignored_patch_ratio: 0.0136 (0.0218)  time: 0.1162  data: 0.0001  max mem: 1904
[16:48:07.001608] Epoch: [2]  [ 740/1098]  eta: 0:00:41  lr: 0.000010  loss: 0.0125 (0.0463)  mae_m_mask: 0.4322 (0.4539)  rmse_m_mask: 0.5285 (0.6021)  normalized_mse_mask: 0.0125 (0.0463)  rmse_m_all: 12.3164 (12.8622)  actual_mask_ratio: 0.0722 (0.0716)  actual_prediction_mask_ratio: 0.2276 (0.2318)  ignored_patch_ratio: 0.0198 (0.0218)  time: 0.1163  data: 0.0001  max mem: 1904
[16:48:09.334394] Epoch: [2]  [ 760/1098]  eta: 0:00:38  lr: 0.000010  loss: 0.0231 (0.0470)  mae_m_mask: 0.4524 (0.4551)  rmse_m_mask: 0.6558 (0.6036)  normalized_mse_mask: 0.0231 (0.0470)  rmse_m_all: 13.0281 (12.8612)  actual_mask_ratio: 0.0719 (0.0716)  actual_prediction_mask_ratio: 0.2313 (0.2319)  ignored_patch_ratio: 0.0170 (0.0217)  time: 0.1166  data: 0.0001  max mem: 1904
[16:48:11.675725] Epoch: [2]  [ 780/1098]  eta: 0:00:36  lr: 0.000010  loss: 0.0089 (0.0469)  mae_m_mask: 0.3681 (0.4550)  rmse_m_mask: 0.5233 (0.6041)  normalized_mse_mask: 0.0089 (0.0469)  rmse_m_all: 12.6730 (12.8568)  actual_mask_ratio: 0.0741 (0.0717)  actual_prediction_mask_ratio: 0.2407 (0.2321)  ignored_patch_ratio: 0.0193 (0.0217)  time: 0.1170  data: 0.0001  max mem: 1904
[16:48:14.027487] Epoch: [2]  [ 800/1098]  eta: 0:00:34  lr: 0.000010  loss: 0.0051 (0.0470)  mae_m_mask: 0.3902 (0.4526)  rmse_m_mask: 0.5224 (0.6012)  normalized_mse_mask: 0.0051 (0.0470)  rmse_m_all: 13.9425 (12.8644)  actual_mask_ratio: 0.0709 (0.0717)  actual_prediction_mask_ratio: 0.2338 (0.2321)  ignored_patch_ratio: 0.0244 (0.0218)  time: 0.1176  data: 0.0001  max mem: 1904
[16:48:16.364960] Epoch: [2]  [ 820/1098]  eta: 0:00:32  lr: 0.000010  loss: 0.0031 (0.0467)  mae_m_mask: 0.3601 (0.4524)  rmse_m_mask: 0.5548 (0.6010)  normalized_mse_mask: 0.0031 (0.0467)  rmse_m_all: 12.3730 (12.8546)  actual_mask_ratio: 0.0720 (0.0717)  actual_prediction_mask_ratio: 0.2322 (0.2321)  ignored_patch_ratio: 0.0130 (0.0217)  time: 0.1168  data: 0.0001  max mem: 1904
[16:48:18.678547] Epoch: [2]  [ 840/1098]  eta: 0:00:29  lr: 0.000010  loss: 0.0072 (0.0463)  mae_m_mask: 0.4590 (0.4541)  rmse_m_mask: 0.5965 (0.6034)  normalized_mse_mask: 0.0072 (0.0463)  rmse_m_all: 12.9507 (12.8735)  actual_mask_ratio: 0.0737 (0.0717)  actual_prediction_mask_ratio: 0.2357 (0.2322)  ignored_patch_ratio: 0.0204 (0.0217)  time: 0.1156  data: 0.0001  max mem: 1904
[16:48:21.001981] Epoch: [2]  [ 860/1098]  eta: 0:00:27  lr: 0.000010  loss: 0.0302 (0.0463)  mae_m_mask: 0.4145 (0.4533)  rmse_m_mask: 0.5383 (0.6019)  normalized_mse_mask: 0.0302 (0.0463)  rmse_m_all: 12.3480 (12.8469)  actual_mask_ratio: 0.0697 (0.0717)  actual_prediction_mask_ratio: 0.2375 (0.2323)  ignored_patch_ratio: 0.0119 (0.0216)  time: 0.1161  data: 0.0001  max mem: 1904
[16:48:23.244408] Epoch: [2]  [ 880/1098]  eta: 0:00:25  lr: 0.000010  loss: 0.0045 (0.0458)  mae_m_mask: 0.4440 (0.4531)  rmse_m_mask: 0.6273 (0.6028)  normalized_mse_mask: 0.0045 (0.0458)  rmse_m_all: 13.4381 (12.8612)  actual_mask_ratio: 0.0729 (0.0718)  actual_prediction_mask_ratio: 0.2390 (0.2324)  ignored_patch_ratio: 0.0227 (0.0216)  time: 0.1121  data: 0.0001  max mem: 1904
[16:48:25.506144] Epoch: [2]  [ 900/1098]  eta: 0:00:22  lr: 0.000010  loss: 0.0085 (0.0457)  mae_m_mask: 0.3286 (0.4518)  rmse_m_mask: 0.4197 (0.6005)  normalized_mse_mask: 0.0085 (0.0457)  rmse_m_all: 11.1477 (12.8473)  actual_mask_ratio: 0.0726 (0.0718)  actual_prediction_mask_ratio: 0.2374 (0.2324)  ignored_patch_ratio: 0.0147 (0.0216)  time: 0.1131  data: 0.0001  max mem: 1904
[16:48:27.777107] Epoch: [2]  [ 920/1098]  eta: 0:00:20  lr: 0.000010  loss: 0.0379 (0.0461)  mae_m_mask: 0.4168 (0.4510)  rmse_m_mask: 0.4946 (0.5996)  normalized_mse_mask: 0.0379 (0.0461)  rmse_m_all: 11.5198 (12.8577)  actual_mask_ratio: 0.0702 (0.0718)  actual_prediction_mask_ratio: 0.2223 (0.2323)  ignored_patch_ratio: 0.0238 (0.0216)  time: 0.1135  data: 0.0001  max mem: 1904
[16:48:30.013328] Epoch: [2]  [ 940/1098]  eta: 0:00:18  lr: 0.000010  loss: 0.0106 (0.0463)  mae_m_mask: 0.3960 (0.4507)  rmse_m_mask: 0.5393 (0.5994)  normalized_mse_mask: 0.0106 (0.0463)  rmse_m_all: 12.4085 (12.8612)  actual_mask_ratio: 0.0721 (0.0718)  actual_prediction_mask_ratio: 0.2306 (0.2323)  ignored_patch_ratio: 0.0170 (0.0216)  time: 0.1118  data: 0.0001  max mem: 1904
[16:48:32.244197] Epoch: [2]  [ 960/1098]  eta: 0:00:15  lr: 0.000010  loss: 0.0187 (0.0466)  mae_m_mask: 0.3831 (0.4506)  rmse_m_mask: 0.5396 (0.5990)  normalized_mse_mask: 0.0187 (0.0466)  rmse_m_all: 10.7575 (12.8300)  actual_mask_ratio: 0.0701 (0.0718)  actual_prediction_mask_ratio: 0.2347 (0.2323)  ignored_patch_ratio: 0.0159 (0.0215)  time: 0.1115  data: 0.0001  max mem: 1904
[16:48:34.461889] Epoch: [2]  [ 980/1098]  eta: 0:00:13  lr: 0.000010  loss: 0.0147 (0.0464)  mae_m_mask: 0.3526 (0.4503)  rmse_m_mask: 0.4954 (0.5986)  normalized_mse_mask: 0.0147 (0.0464)  rmse_m_all: 12.9301 (12.7981)  actual_mask_ratio: 0.0732 (0.0718)  actual_prediction_mask_ratio: 0.2374 (0.2324)  ignored_patch_ratio: 0.0210 (0.0214)  time: 0.1108  data: 0.0001  max mem: 1904
[16:48:36.715301] Epoch: [2]  [1000/1098]  eta: 0:00:11  lr: 0.000010  loss: 0.0254 (0.0484)  mae_m_mask: 0.4743 (0.4517)  rmse_m_mask: 0.5790 (0.6003)  normalized_mse_mask: 0.0254 (0.0484)  rmse_m_all: 13.7221 (12.8157)  actual_mask_ratio: 0.0722 (0.0718)  actual_prediction_mask_ratio: 0.2288 (0.2322)  ignored_patch_ratio: 0.0210 (0.0215)  time: 0.1126  data: 0.0001  max mem: 1904
[16:48:38.977313] Epoch: [2]  [1020/1098]  eta: 0:00:08  lr: 0.000010  loss: 0.0082 (0.0479)  mae_m_mask: 0.4007 (0.4525)  rmse_m_mask: 0.5247 (0.6010)  normalized_mse_mask: 0.0082 (0.0479)  rmse_m_all: 11.8241 (12.8147)  actual_mask_ratio: 0.0721 (0.0718)  actual_prediction_mask_ratio: 0.2288 (0.2323)  ignored_patch_ratio: 0.0215 (0.0215)  time: 0.1131  data: 0.0001  max mem: 1904
[16:48:41.250552] Epoch: [2]  [1040/1098]  eta: 0:00:06  lr: 0.000010  loss: 0.0150 (0.0475)  mae_m_mask: 0.3714 (0.4523)  rmse_m_mask: 0.4869 (0.6017)  normalized_mse_mask: 0.0150 (0.0475)  rmse_m_all: 13.4458 (12.8168)  actual_mask_ratio: 0.0718 (0.0718)  actual_prediction_mask_ratio: 0.2286 (0.2323)  ignored_patch_ratio: 0.0170 (0.0215)  time: 0.1136  data: 0.0001  max mem: 1904
[16:48:43.544961] Epoch: [2]  [1060/1098]  eta: 0:00:04  lr: 0.000010  loss: 0.0248 (0.0481)  mae_m_mask: 0.3893 (0.4512)  rmse_m_mask: 0.4907 (0.6008)  normalized_mse_mask: 0.0248 (0.0481)  rmse_m_all: 13.1740 (12.8024)  actual_mask_ratio: 0.0715 (0.0719)  actual_prediction_mask_ratio: 0.2331 (0.2323)  ignored_patch_ratio: 0.0198 (0.0215)  time: 0.1147  data: 0.0001  max mem: 1904
[16:48:45.799468] Epoch: [2]  [1080/1098]  eta: 0:00:02  lr: 0.000010  loss: 0.0076 (0.0482)  mae_m_mask: 0.4097 (0.4510)  rmse_m_mask: 0.5354 (0.6011)  normalized_mse_mask: 0.0076 (0.0482)  rmse_m_all: 12.2154 (12.7884)  actual_mask_ratio: 0.0713 (0.0718)  actual_prediction_mask_ratio: 0.2333 (0.2324)  ignored_patch_ratio: 0.0227 (0.0215)  time: 0.1127  data: 0.0001  max mem: 1904
[16:48:47.717097] Epoch: [2]  [1097/1098]  eta: 0:00:00  lr: 0.000010  loss: 0.0019 (0.0478)  mae_m_mask: 0.3332 (0.4501)  rmse_m_mask: 0.4068 (0.5997)  normalized_mse_mask: 0.0019 (0.0478)  rmse_m_all: 12.9667 (12.8015)  actual_mask_ratio: 0.0718 (0.0718)  actual_prediction_mask_ratio: 0.2301 (0.2323)  ignored_patch_ratio: 0.0221 (0.0216)  time: 0.1131  data: 0.0001  max mem: 1904
[16:48:47.747032] Epoch: [2] Total time: 0:02:05 (0.1147 s / it)
[16:48:47.749504] Averaged stats: {'lr': 9.989276029661229e-06, 'loss': 0.047334667076031164, 'mae_m_mask': 0.4466513516175443, 'rmse_m_mask': 0.6492119156219421, 'normalized_mse_mask': 0.047334667076031164, 'rmse_m_all': 12.801483607791594, 'actual_mask_ratio': 0.07183578614152303, 'actual_prediction_mask_ratio': 0.23232177843107335, 'ignored_patch_ratio': 0.021571368033334423, 'supervised_pixel_count': 21816230.0}
[16:48:47.917769] Val: [2]  [  0/194]  eta: 0:00:32  loss: 0.3230 (0.3230)  mae_m_mask: 0.4960 (0.4960)  rmse_m_mask: 0.7013 (0.7013)  normalized_mse_mask: 0.3230 (0.3230)  rmse_m_all: 1.0121 (1.0121)  actual_mask_ratio: 0.0709 (0.0709)  actual_prediction_mask_ratio: 0.2352 (0.2352)  ignored_patch_ratio: 0.0646 (0.0646)  time: 0.1658  data: 0.0833  max mem: 1904
[16:48:52.136755] Val: [2]  [ 50/194]  eta: 0:00:12  loss: 0.0141 (0.0646)  mae_m_mask: 0.5928 (0.6947)  rmse_m_mask: 0.7318 (0.8558)  normalized_mse_mask: 0.0141 (0.0646)  rmse_m_all: 10.4223 (7.8010)  actual_mask_ratio: 0.0626 (0.0699)  actual_prediction_mask_ratio: 0.2166 (0.2286)  ignored_patch_ratio: 0.0000 (0.0044)  time: 0.0842  data: 0.0001  max mem: 1904
[16:48:56.336052] Val: [2]  [100/194]  eta: 0:00:07  loss: 0.0342 (0.0666)  mae_m_mask: 0.7205 (0.7028)  rmse_m_mask: 0.8998 (0.8647)  normalized_mse_mask: 0.0342 (0.0666)  rmse_m_all: 5.0302 (7.5786)  actual_mask_ratio: 0.0590 (0.0682)  actual_prediction_mask_ratio: 0.2018 (0.2221)  ignored_patch_ratio: 0.0000 (0.0025)  time: 0.0842  data: 0.0001  max mem: 1904
[16:49:00.526446] Val: [2]  [150/194]  eta: 0:00:03  loss: 0.0053 (0.0622)  mae_m_mask: 0.7885 (0.7344)  rmse_m_mask: 0.9983 (0.9030)  normalized_mse_mask: 0.0053 (0.0622)  rmse_m_all: 14.8630 (8.4498)  actual_mask_ratio: 0.0697 (0.0675)  actual_prediction_mask_ratio: 0.2175 (0.2175)  ignored_patch_ratio: 0.0000 (0.0024)  time: 0.0838  data: 0.0001  max mem: 1904
[16:49:04.114799] Val: [2]  [193/194]  eta: 0:00:00  loss: 0.1230 (0.0691)  mae_m_mask: 0.5489 (0.7231)  rmse_m_mask: 0.6980 (0.8910)  normalized_mse_mask: 0.1230 (0.0691)  rmse_m_all: 1.5233 (8.9236)  actual_mask_ratio: 0.0624 (0.0663)  actual_prediction_mask_ratio: 0.1985 (0.2131)  ignored_patch_ratio: 0.0136 (0.0049)  time: 0.0827  data: 0.0001  max mem: 1904
[16:49:04.145702] Val: [2] Total time: 0:00:16 (0.0845 s / it)
[16:49:04.147443] val stats: {'loss': 0.06968330057733194, 'mae_m_mask': 0.7158499285917387, 'rmse_m_mask': 0.9304356915006756, 'normalized_mse_mask': 0.06968330057733194, 'rmse_m_all': 8.923559912394003, 'actual_mask_ratio': 0.06633703996302541, 'actual_prediction_mask_ratio': 0.21313334448435872, 'ignored_patch_ratio': 0.00489066925245462, 'supervised_pixel_count': 3944867.0}
[16:49:08.061803] log_dir: /tank/data/SFS/xinyis/data/bathymetry/MAE-Topography/Downstream_Task_Bathy/cross_validation_v5_Stage2NormMSE_MeterSelect/runs/holdout_Santiam_D004Stage2NormMSE_MeterSelect_D001NoDataSafe/train_stage2_normMSE_meterSelect_OR_SantiamRiverTB_Topobathy_1_D23_fromStage1Best_e120_lr1e-5_b4_acc4/tb
[16:49:08.198138] Epoch: [3]  [   0/1098]  eta: 0:02:29  lr: 0.000010  loss: 0.0100 (0.0100)  mae_m_mask: 0.6798 (0.6798)  rmse_m_mask: 0.9315 (0.9315)  normalized_mse_mask: 0.0100 (0.0100)  rmse_m_all: 16.3308 (16.3308)  actual_mask_ratio: 0.0781 (0.0781)  actual_prediction_mask_ratio: 0.2401 (0.2401)  ignored_patch_ratio: 0.0130 (0.0130)  time: 0.1359  data: 0.0860  max mem: 1904
[16:49:12.251296] Epoch: [3]  [  20/1098]  eta: 0:03:35  lr: 0.000010  loss: 0.0196 (0.0231)  mae_m_mask: 0.3713 (0.4277)  rmse_m_mask: 0.4672 (0.5670)  normalized_mse_mask: 0.0196 (0.0231)  rmse_m_all: 12.6921 (13.4357)  actual_mask_ratio: 0.0727 (0.0736)  actual_prediction_mask_ratio: 0.2350 (0.2344)  ignored_patch_ratio: 0.0210 (0.0209)  time: 0.2026  data: 0.1295  max mem: 1904
[16:49:13.155323] Epoch: [3]  [  40/1098]  eta: 0:02:11  lr: 0.000010  loss: 0.0382 (0.0581)  mae_m_mask: 0.4394 (0.4452)  rmse_m_mask: 0.6106 (0.6007)  normalized_mse_mask: 0.0382 (0.0581)  rmse_m_all: 12.8764 (12.8159)  actual_mask_ratio: 0.0720 (0.0728)  actual_prediction_mask_ratio: 0.2333 (0.2328)  ignored_patch_ratio: 0.0193 (0.0215)  time: 0.0452  data: 0.0001  max mem: 1904
[16:49:15.467460] Epoch: [3]  [  60/1098]  eta: 0:02:05  lr: 0.000010  loss: 0.0332 (0.0584)  mae_m_mask: 0.4327 (0.4503)  rmse_m_mask: 0.5674 (0.6052)  normalized_mse_mask: 0.0332 (0.0584)  rmse_m_all: 10.7874 (12.5938)  actual_mask_ratio: 0.0727 (0.0730)  actual_prediction_mask_ratio: 0.2337 (0.2340)  ignored_patch_ratio: 0.0136 (0.0188)  time: 0.1156  data: 0.0001  max mem: 1904
[16:49:17.779801] Epoch: [3]  [  80/1098]  eta: 0:02:02  lr: 0.000010  loss: 0.0174 (0.0543)  mae_m_mask: 0.4557 (0.4502)  rmse_m_mask: 0.5464 (0.5971)  normalized_mse_mask: 0.0174 (0.0543)  rmse_m_all: 14.3166 (13.0970)  actual_mask_ratio: 0.0718 (0.0727)  actual_prediction_mask_ratio: 0.2323 (0.2339)  ignored_patch_ratio: 0.0181 (0.0187)  time: 0.1156  data: 0.0001  max mem: 1904
[16:49:20.056666] Epoch: [3]  [ 100/1098]  eta: 0:01:58  lr: 0.000010  loss: 0.0147 (0.0544)  mae_m_mask: 0.3617 (0.4405)  rmse_m_mask: 0.4792 (0.5882)  normalized_mse_mask: 0.0147 (0.0544)  rmse_m_all: 12.4623 (12.9896)  actual_mask_ratio: 0.0733 (0.0727)  actual_prediction_mask_ratio: 0.2292 (0.2341)  ignored_patch_ratio: 0.0176 (0.0185)  time: 0.1138  data: 0.0001  max mem: 1904
[16:49:22.354891] Epoch: [3]  [ 120/1098]  eta: 0:01:55  lr: 0.000010  loss: 0.0056 (0.0513)  mae_m_mask: 0.4199 (0.4416)  rmse_m_mask: 0.5668 (0.5894)  normalized_mse_mask: 0.0056 (0.0513)  rmse_m_all: 13.6110 (13.0347)  actual_mask_ratio: 0.0718 (0.0727)  actual_prediction_mask_ratio: 0.2347 (0.2342)  ignored_patch_ratio: 0.0181 (0.0185)  time: 0.1149  data: 0.0001  max mem: 1904
[16:49:24.666044] Epoch: [3]  [ 140/1098]  eta: 0:01:52  lr: 0.000010  loss: 0.0139 (0.0504)  mae_m_mask: 0.3774 (0.4365)  rmse_m_mask: 0.4777 (0.5787)  normalized_mse_mask: 0.0139 (0.0504)  rmse_m_all: 12.9684 (12.9467)  actual_mask_ratio: 0.0716 (0.0725)  actual_prediction_mask_ratio: 0.2184 (0.2327)  ignored_patch_ratio: 0.0215 (0.0194)  time: 0.1155  data: 0.0001  max mem: 1904
[16:49:26.990452] Epoch: [3]  [ 160/1098]  eta: 0:01:50  lr: 0.000010  loss: 0.0140 (0.0494)  mae_m_mask: 0.5180 (0.4512)  rmse_m_mask: 0.6801 (0.5971)  normalized_mse_mask: 0.0140 (0.0494)  rmse_m_all: 13.9501 (13.0759)  actual_mask_ratio: 0.0720 (0.0725)  actual_prediction_mask_ratio: 0.2261 (0.2325)  ignored_patch_ratio: 0.0159 (0.0197)  time: 0.1162  data: 0.0001  max mem: 1904
[16:49:29.329653] Epoch: [3]  [ 180/1098]  eta: 0:01:47  lr: 0.000010  loss: 0.0105 (0.0492)  mae_m_mask: 0.3786 (0.4496)  rmse_m_mask: 0.4899 (0.5939)  normalized_mse_mask: 0.0105 (0.0492)  rmse_m_all: 12.4546 (12.9886)  actual_mask_ratio: 0.0703 (0.0723)  actual_prediction_mask_ratio: 0.2264 (0.2325)  ignored_patch_ratio: 0.0249 (0.0202)  time: 0.1169  data: 0.0001  max mem: 1904
[16:49:31.651994] Epoch: [3]  [ 200/1098]  eta: 0:01:45  lr: 0.000010  loss: 0.0173 (0.0510)  mae_m_mask: 0.3714 (0.4488)  rmse_m_mask: 0.4856 (0.5922)  normalized_mse_mask: 0.0173 (0.0510)  rmse_m_all: 12.5415 (12.9432)  actual_mask_ratio: 0.0695 (0.0720)  actual_prediction_mask_ratio: 0.2280 (0.2324)  ignored_patch_ratio: 0.0187 (0.0202)  time: 0.1161  data: 0.0001  max mem: 1904
[16:49:33.961996] Epoch: [3]  [ 220/1098]  eta: 0:01:42  lr: 0.000010  loss: 0.0240 (0.0522)  mae_m_mask: 0.3110 (0.4433)  rmse_m_mask: 0.4256 (0.5858)  normalized_mse_mask: 0.0240 (0.0522)  rmse_m_all: 12.3157 (12.8473)  actual_mask_ratio: 0.0733 (0.0719)  actual_prediction_mask_ratio: 0.2331 (0.2323)  ignored_patch_ratio: 0.0198 (0.0206)  time: 0.1155  data: 0.0001  max mem: 1904
[16:49:36.269431] Epoch: [3]  [ 240/1098]  eta: 0:01:40  lr: 0.000010  loss: 0.0436 (0.0542)  mae_m_mask: 0.3812 (0.4411)  rmse_m_mask: 0.5404 (0.5877)  normalized_mse_mask: 0.0436 (0.0542)  rmse_m_all: 8.8776 (12.6308)  actual_mask_ratio: 0.0706 (0.0718)  actual_prediction_mask_ratio: 0.2341 (0.2320)  ignored_patch_ratio: 0.0159 (0.0203)  time: 0.1153  data: 0.0001  max mem: 1904
[16:49:38.578709] Epoch: [3]  [ 260/1098]  eta: 0:01:37  lr: 0.000010  loss: 0.0483 (0.0596)  mae_m_mask: 0.3607 (0.4383)  rmse_m_mask: 0.4274 (0.5837)  normalized_mse_mask: 0.0483 (0.0596)  rmse_m_all: 10.7077 (12.5544)  actual_mask_ratio: 0.0707 (0.0717)  actual_prediction_mask_ratio: 0.2339 (0.2319)  ignored_patch_ratio: 0.0204 (0.0202)  time: 0.1154  data: 0.0001  max mem: 1904
[16:49:40.867667] Epoch: [3]  [ 280/1098]  eta: 0:01:35  lr: 0.000010  loss: 0.0229 (0.0599)  mae_m_mask: 0.3491 (0.4338)  rmse_m_mask: 0.4607 (0.5774)  normalized_mse_mask: 0.0229 (0.0599)  rmse_m_all: 13.1402 (12.5612)  actual_mask_ratio: 0.0703 (0.0716)  actual_prediction_mask_ratio: 0.2309 (0.2316)  ignored_patch_ratio: 0.0249 (0.0206)  time: 0.1144  data: 0.0001  max mem: 1904
[16:49:43.175835] Epoch: [3]  [ 300/1098]  eta: 0:01:33  lr: 0.000010  loss: 0.0064 (0.0578)  mae_m_mask: 0.3579 (0.4334)  rmse_m_mask: 0.4598 (0.5762)  normalized_mse_mask: 0.0064 (0.0578)  rmse_m_all: 13.2818 (12.6060)  actual_mask_ratio: 0.0714 (0.0716)  actual_prediction_mask_ratio: 0.2302 (0.2317)  ignored_patch_ratio: 0.0244 (0.0207)  time: 0.1154  data: 0.0001  max mem: 1904
[16:49:45.486301] Epoch: [3]  [ 320/1098]  eta: 0:01:30  lr: 0.000010  loss: 0.0262 (0.0579)  mae_m_mask: 0.3683 (0.4304)  rmse_m_mask: 0.4628 (0.5710)  normalized_mse_mask: 0.0262 (0.0579)  rmse_m_all: 11.6192 (12.6175)  actual_mask_ratio: 0.0714 (0.0716)  actual_prediction_mask_ratio: 0.2260 (0.2315)  ignored_patch_ratio: 0.0227 (0.0210)  time: 0.1155  data: 0.0001  max mem: 1904
[16:49:47.792321] Epoch: [3]  [ 340/1098]  eta: 0:01:28  lr: 0.000010  loss: 0.0132 (0.0562)  mae_m_mask: 0.3729 (0.4292)  rmse_m_mask: 0.4815 (0.5696)  normalized_mse_mask: 0.0132 (0.0562)  rmse_m_all: 11.5025 (12.5979)  actual_mask_ratio: 0.0721 (0.0716)  actual_prediction_mask_ratio: 0.2292 (0.2316)  ignored_patch_ratio: 0.0193 (0.0210)  time: 0.1153  data: 0.0001  max mem: 1904
[16:49:50.089566] Epoch: [3]  [ 360/1098]  eta: 0:01:25  lr: 0.000010  loss: 0.0133 (0.0543)  mae_m_mask: 0.4687 (0.4311)  rmse_m_mask: 0.6531 (0.5737)  normalized_mse_mask: 0.0133 (0.0543)  rmse_m_all: 11.2150 (12.5418)  actual_mask_ratio: 0.0754 (0.0717)  actual_prediction_mask_ratio: 0.2351 (0.2319)  ignored_patch_ratio: 0.0170 (0.0209)  time: 0.1148  data: 0.0001  max mem: 1904
[16:49:52.411929] Epoch: [3]  [ 380/1098]  eta: 0:01:23  lr: 0.000010  loss: 0.0096 (0.0541)  mae_m_mask: 0.5417 (0.4405)  rmse_m_mask: 0.7370 (0.5845)  normalized_mse_mask: 0.0096 (0.0541)  rmse_m_all: 14.3711 (12.6531)  actual_mask_ratio: 0.0686 (0.0716)  actual_prediction_mask_ratio: 0.2240 (0.2315)  ignored_patch_ratio: 0.0232 (0.0210)  time: 0.1161  data: 0.0001  max mem: 1904
[16:49:54.704839] Epoch: [3]  [ 400/1098]  eta: 0:01:21  lr: 0.000010  loss: 0.0099 (0.0547)  mae_m_mask: 0.5255 (0.4447)  rmse_m_mask: 0.7453 (0.5901)  normalized_mse_mask: 0.0099 (0.0547)  rmse_m_all: 11.7808 (12.6120)  actual_mask_ratio: 0.0672 (0.0715)  actual_prediction_mask_ratio: 0.2319 (0.2317)  ignored_patch_ratio: 0.0198 (0.0211)  time: 0.1146  data: 0.0001  max mem: 1904
[16:49:56.998468] Epoch: [3]  [ 420/1098]  eta: 0:01:18  lr: 0.000010  loss: 0.0191 (0.0560)  mae_m_mask: 0.4652 (0.4472)  rmse_m_mask: 0.6045 (0.5924)  normalized_mse_mask: 0.0191 (0.0560)  rmse_m_all: 12.7956 (12.6236)  actual_mask_ratio: 0.0713 (0.0716)  actual_prediction_mask_ratio: 0.2356 (0.2320)  ignored_patch_ratio: 0.0198 (0.0210)  time: 0.1147  data: 0.0001  max mem: 1904
[16:49:59.304641] Epoch: [3]  [ 440/1098]  eta: 0:01:16  lr: 0.000010  loss: 0.0195 (0.0556)  mae_m_mask: 0.3667 (0.4466)  rmse_m_mask: 0.5438 (0.5924)  normalized_mse_mask: 0.0195 (0.0556)  rmse_m_all: 11.9080 (12.6162)  actual_mask_ratio: 0.0720 (0.0716)  actual_prediction_mask_ratio: 0.2339 (0.2319)  ignored_patch_ratio: 0.0176 (0.0210)  time: 0.1153  data: 0.0001  max mem: 1904
[16:50:01.581138] Epoch: [3]  [ 460/1098]  eta: 0:01:14  lr: 0.000010  loss: 0.0059 (0.0544)  mae_m_mask: 0.4290 (0.4499)  rmse_m_mask: 0.6282 (0.5983)  normalized_mse_mask: 0.0059 (0.0544)  rmse_m_all: 12.4597 (12.6700)  actual_mask_ratio: 0.0707 (0.0717)  actual_prediction_mask_ratio: 0.2369 (0.2321)  ignored_patch_ratio: 0.0198 (0.0209)  time: 0.1138  data: 0.0001  max mem: 1904
[16:50:03.891361] Epoch: [3]  [ 480/1098]  eta: 0:01:11  lr: 0.000010  loss: 0.0134 (0.0536)  mae_m_mask: 0.4425 (0.4542)  rmse_m_mask: 0.5508 (0.6023)  normalized_mse_mask: 0.0134 (0.0536)  rmse_m_all: 12.5886 (12.6988)  actual_mask_ratio: 0.0696 (0.0716)  actual_prediction_mask_ratio: 0.2357 (0.2320)  ignored_patch_ratio: 0.0232 (0.0210)  time: 0.1155  data: 0.0001  max mem: 1904
[16:50:06.216951] Epoch: [3]  [ 500/1098]  eta: 0:01:09  lr: 0.000010  loss: 0.0109 (0.0539)  mae_m_mask: 0.5384 (0.4581)  rmse_m_mask: 0.6515 (0.6072)  normalized_mse_mask: 0.0109 (0.0539)  rmse_m_all: 14.8918 (12.7663)  actual_mask_ratio: 0.0714 (0.0716)  actual_prediction_mask_ratio: 0.2257 (0.2318)  ignored_patch_ratio: 0.0198 (0.0212)  time: 0.1162  data: 0.0001  max mem: 1904
[16:50:08.508399] Epoch: [3]  [ 520/1098]  eta: 0:01:07  lr: 0.000010  loss: 0.0070 (0.0528)  mae_m_mask: 0.3774 (0.4561)  rmse_m_mask: 0.4881 (0.6045)  normalized_mse_mask: 0.0070 (0.0528)  rmse_m_all: 11.8446 (12.7730)  actual_mask_ratio: 0.0716 (0.0716)  actual_prediction_mask_ratio: 0.2309 (0.2319)  ignored_patch_ratio: 0.0272 (0.0214)  time: 0.1145  data: 0.0001  max mem: 1904
[16:50:10.789839] Epoch: [3]  [ 540/1098]  eta: 0:01:04  lr: 0.000010  loss: 0.0155 (0.0520)  mae_m_mask: 0.4236 (0.4558)  rmse_m_mask: 0.5422 (0.6037)  normalized_mse_mask: 0.0155 (0.0520)  rmse_m_all: 12.5682 (12.8028)  actual_mask_ratio: 0.0722 (0.0716)  actual_prediction_mask_ratio: 0.2297 (0.2318)  ignored_patch_ratio: 0.0215 (0.0216)  time: 0.1140  data: 0.0001  max mem: 1904
[16:50:13.095136] Epoch: [3]  [ 560/1098]  eta: 0:01:02  lr: 0.000010  loss: 0.0100 (0.0509)  mae_m_mask: 0.4043 (0.4552)  rmse_m_mask: 0.5200 (0.6035)  normalized_mse_mask: 0.0100 (0.0509)  rmse_m_all: 12.6092 (12.7763)  actual_mask_ratio: 0.0704 (0.0716)  actual_prediction_mask_ratio: 0.2308 (0.2318)  ignored_patch_ratio: 0.0164 (0.0216)  time: 0.1152  data: 0.0001  max mem: 1904
[16:50:15.406420] Epoch: [3]  [ 580/1098]  eta: 0:01:00  lr: 0.000010  loss: 0.0121 (0.0501)  mae_m_mask: 0.3742 (0.4535)  rmse_m_mask: 0.5015 (0.6007)  normalized_mse_mask: 0.0121 (0.0501)  rmse_m_all: 12.2191 (12.7447)  actual_mask_ratio: 0.0740 (0.0717)  actual_prediction_mask_ratio: 0.2374 (0.2319)  ignored_patch_ratio: 0.0159 (0.0216)  time: 0.1155  data: 0.0001  max mem: 1904
[16:50:17.723324] Epoch: [3]  [ 600/1098]  eta: 0:00:57  lr: 0.000010  loss: 0.0090 (0.0492)  mae_m_mask: 0.4355 (0.4534)  rmse_m_mask: 0.5592 (0.6006)  normalized_mse_mask: 0.0090 (0.0492)  rmse_m_all: 12.3804 (12.7430)  actual_mask_ratio: 0.0719 (0.0717)  actual_prediction_mask_ratio: 0.2317 (0.2320)  ignored_patch_ratio: 0.0136 (0.0215)  time: 0.1158  data: 0.0001  max mem: 1904
[16:50:20.039289] Epoch: [3]  [ 620/1098]  eta: 0:00:55  lr: 0.000010  loss: 0.0055 (0.0484)  mae_m_mask: 0.4125 (0.4524)  rmse_m_mask: 0.4965 (0.5990)  normalized_mse_mask: 0.0055 (0.0484)  rmse_m_all: 12.2236 (12.7424)  actual_mask_ratio: 0.0722 (0.0718)  actual_prediction_mask_ratio: 0.2296 (0.2320)  ignored_patch_ratio: 0.0187 (0.0214)  time: 0.1158  data: 0.0001  max mem: 1904
[16:50:22.350207] Epoch: [3]  [ 640/1098]  eta: 0:00:53  lr: 0.000010  loss: 0.0161 (0.0484)  mae_m_mask: 0.4194 (0.4531)  rmse_m_mask: 0.4974 (0.5998)  normalized_mse_mask: 0.0161 (0.0484)  rmse_m_all: 12.9025 (12.7666)  actual_mask_ratio: 0.0697 (0.0717)  actual_prediction_mask_ratio: 0.2246 (0.2319)  ignored_patch_ratio: 0.0244 (0.0215)  time: 0.1155  data: 0.0001  max mem: 1904
[16:50:24.667009] Epoch: [3]  [ 660/1098]  eta: 0:00:50  lr: 0.000010  loss: 0.0322 (0.0481)  mae_m_mask: 0.4099 (0.4532)  rmse_m_mask: 0.5750 (0.6030)  normalized_mse_mask: 0.0322 (0.0481)  rmse_m_all: 13.3338 (12.7488)  actual_mask_ratio: 0.0696 (0.0717)  actual_prediction_mask_ratio: 0.2288 (0.2319)  ignored_patch_ratio: 0.0113 (0.0213)  time: 0.1158  data: 0.0001  max mem: 1904
[16:50:26.976550] Epoch: [3]  [ 680/1098]  eta: 0:00:48  lr: 0.000010  loss: 0.0158 (0.0486)  mae_m_mask: 0.4052 (0.4529)  rmse_m_mask: 0.5423 (0.6025)  normalized_mse_mask: 0.0158 (0.0486)  rmse_m_all: 13.3990 (12.7673)  actual_mask_ratio: 0.0698 (0.0717)  actual_prediction_mask_ratio: 0.2285 (0.2319)  ignored_patch_ratio: 0.0249 (0.0215)  time: 0.1154  data: 0.0001  max mem: 1904
[16:50:29.293806] Epoch: [3]  [ 700/1098]  eta: 0:00:46  lr: 0.000010  loss: 0.0233 (0.0485)  mae_m_mask: 0.4067 (0.4537)  rmse_m_mask: 0.5895 (0.6033)  normalized_mse_mask: 0.0233 (0.0485)  rmse_m_all: 13.8524 (12.7701)  actual_mask_ratio: 0.0721 (0.0717)  actual_prediction_mask_ratio: 0.2321 (0.2320)  ignored_patch_ratio: 0.0159 (0.0214)  time: 0.1158  data: 0.0001  max mem: 1904
[16:50:31.608558] Epoch: [3]  [ 720/1098]  eta: 0:00:43  lr: 0.000010  loss: 0.0121 (0.0490)  mae_m_mask: 0.5276 (0.4553)  rmse_m_mask: 0.7379 (0.6056)  normalized_mse_mask: 0.0121 (0.0490)  rmse_m_all: 13.7061 (12.7775)  actual_mask_ratio: 0.0706 (0.0717)  actual_prediction_mask_ratio: 0.2242 (0.2318)  ignored_patch_ratio: 0.0227 (0.0215)  time: 0.1157  data: 0.0001  max mem: 1904
[16:50:33.922103] Epoch: [3]  [ 740/1098]  eta: 0:00:41  lr: 0.000010  loss: 0.0138 (0.0483)  mae_m_mask: 0.4412 (0.4555)  rmse_m_mask: 0.5976 (0.6052)  normalized_mse_mask: 0.0138 (0.0483)  rmse_m_all: 11.7930 (12.7722)  actual_mask_ratio: 0.0711 (0.0716)  actual_prediction_mask_ratio: 0.2276 (0.2317)  ignored_patch_ratio: 0.0181 (0.0215)  time: 0.1156  data: 0.0001  max mem: 1904
[16:50:36.235786] Epoch: [3]  [ 760/1098]  eta: 0:00:39  lr: 0.000010  loss: 0.0210 (0.0479)  mae_m_mask: 0.4522 (0.4550)  rmse_m_mask: 0.5445 (0.6042)  normalized_mse_mask: 0.0210 (0.0479)  rmse_m_all: 13.4978 (12.7835)  actual_mask_ratio: 0.0693 (0.0717)  actual_prediction_mask_ratio: 0.2360 (0.2318)  ignored_patch_ratio: 0.0170 (0.0214)  time: 0.1157  data: 0.0001  max mem: 1904
[16:50:38.547637] Epoch: [3]  [ 780/1098]  eta: 0:00:36  lr: 0.000010  loss: 0.0230 (0.0482)  mae_m_mask: 0.5215 (0.4567)  rmse_m_mask: 0.6973 (0.6076)  normalized_mse_mask: 0.0230 (0.0482)  rmse_m_all: 13.1803 (12.7876)  actual_mask_ratio: 0.0737 (0.0717)  actual_prediction_mask_ratio: 0.2394 (0.2319)  ignored_patch_ratio: 0.0153 (0.0213)  time: 0.1156  data: 0.0001  max mem: 1904
[16:50:40.855673] Epoch: [3]  [ 800/1098]  eta: 0:00:34  lr: 0.000010  loss: 0.0082 (0.0482)  mae_m_mask: 0.4674 (0.4583)  rmse_m_mask: 0.5960 (0.6091)  normalized_mse_mask: 0.0082 (0.0482)  rmse_m_all: 13.5875 (12.7996)  actual_mask_ratio: 0.0729 (0.0717)  actual_prediction_mask_ratio: 0.2339 (0.2320)  ignored_patch_ratio: 0.0238 (0.0215)  time: 0.1154  data: 0.0001  max mem: 1904
[16:50:43.034549] Epoch: [3]  [ 820/1098]  eta: 0:00:32  lr: 0.000010  loss: 0.0257 (0.0480)  mae_m_mask: 0.3820 (0.4575)  rmse_m_mask: 0.5370 (0.6087)  normalized_mse_mask: 0.0257 (0.0480)  rmse_m_all: 10.7801 (12.7252)  actual_mask_ratio: 0.0754 (0.0718)  actual_prediction_mask_ratio: 0.2364 (0.2322)  ignored_patch_ratio: 0.0119 (0.0213)  time: 0.1089  data: 0.0001  max mem: 1904
[16:50:45.240812] Epoch: [3]  [ 840/1098]  eta: 0:00:29  lr: 0.000010  loss: 0.0187 (0.0478)  mae_m_mask: 0.4629 (0.4592)  rmse_m_mask: 0.7146 (0.6115)  normalized_mse_mask: 0.0187 (0.0478)  rmse_m_all: 11.5379 (12.7104)  actual_mask_ratio: 0.0704 (0.0718)  actual_prediction_mask_ratio: 0.2349 (0.2323)  ignored_patch_ratio: 0.0187 (0.0212)  time: 0.1103  data: 0.0001  max mem: 1904
[16:50:47.474041] Epoch: [3]  [ 860/1098]  eta: 0:00:27  lr: 0.000010  loss: 0.0126 (0.0474)  mae_m_mask: 0.5348 (0.4628)  rmse_m_mask: 0.7570 (0.6160)  normalized_mse_mask: 0.0126 (0.0474)  rmse_m_all: 13.7157 (12.7063)  actual_mask_ratio: 0.0759 (0.0719)  actual_prediction_mask_ratio: 0.2362 (0.2322)  ignored_patch_ratio: 0.0238 (0.0214)  time: 0.1116  data: 0.0001  max mem: 1904
[16:50:49.694398] Epoch: [3]  [ 880/1098]  eta: 0:00:25  lr: 0.000010  loss: 0.0107 (0.0476)  mae_m_mask: 0.4447 (0.4631)  rmse_m_mask: 0.5148 (0.6167)  normalized_mse_mask: 0.0107 (0.0476)  rmse_m_all: 10.0570 (12.6724)  actual_mask_ratio: 0.0702 (0.0718)  actual_prediction_mask_ratio: 0.2295 (0.2322)  ignored_patch_ratio: 0.0210 (0.0214)  time: 0.1110  data: 0.0001  max mem: 1904
[16:50:51.951934] Epoch: [3]  [ 900/1098]  eta: 0:00:22  lr: 0.000010  loss: 0.0113 (0.0476)  mae_m_mask: 0.3958 (0.4633)  rmse_m_mask: 0.6367 (0.6166)  normalized_mse_mask: 0.0113 (0.0476)  rmse_m_all: 13.0261 (12.6889)  actual_mask_ratio: 0.0719 (0.0718)  actual_prediction_mask_ratio: 0.2393 (0.2322)  ignored_patch_ratio: 0.0170 (0.0214)  time: 0.1128  data: 0.0001  max mem: 1904
[16:50:54.200146] Epoch: [3]  [ 920/1098]  eta: 0:00:20  lr: 0.000010  loss: 0.0168 (0.0473)  mae_m_mask: 0.4207 (0.4627)  rmse_m_mask: 0.5118 (0.6164)  normalized_mse_mask: 0.0168 (0.0473)  rmse_m_all: 10.6455 (12.6855)  actual_mask_ratio: 0.0707 (0.0718)  actual_prediction_mask_ratio: 0.2265 (0.2322)  ignored_patch_ratio: 0.0215 (0.0214)  time: 0.1124  data: 0.0001  max mem: 1904
[16:50:56.440287] Epoch: [3]  [ 940/1098]  eta: 0:00:18  lr: 0.000010  loss: 0.0173 (0.0473)  mae_m_mask: 0.3737 (0.4611)  rmse_m_mask: 0.4994 (0.6143)  normalized_mse_mask: 0.0173 (0.0473)  rmse_m_all: 12.8224 (12.7037)  actual_mask_ratio: 0.0705 (0.0718)  actual_prediction_mask_ratio: 0.2308 (0.2322)  ignored_patch_ratio: 0.0204 (0.0215)  time: 0.1120  data: 0.0001  max mem: 1904
[16:50:58.658986] Epoch: [3]  [ 960/1098]  eta: 0:00:15  lr: 0.000010  loss: 0.0244 (0.0475)  mae_m_mask: 0.4409 (0.4630)  rmse_m_mask: 0.5846 (0.6163)  normalized_mse_mask: 0.0244 (0.0475)  rmse_m_all: 12.4335 (12.6915)  actual_mask_ratio: 0.0704 (0.0718)  actual_prediction_mask_ratio: 0.2341 (0.2322)  ignored_patch_ratio: 0.0181 (0.0214)  time: 0.1109  data: 0.0001  max mem: 1904
[16:51:00.885775] Epoch: [3]  [ 980/1098]  eta: 0:00:13  lr: 0.000010  loss: 0.0061 (0.0474)  mae_m_mask: 0.4317 (0.4641)  rmse_m_mask: 0.5986 (0.6180)  normalized_mse_mask: 0.0061 (0.0474)  rmse_m_all: 13.8950 (12.6902)  actual_mask_ratio: 0.0707 (0.0718)  actual_prediction_mask_ratio: 0.2312 (0.2322)  ignored_patch_ratio: 0.0198 (0.0214)  time: 0.1113  data: 0.0001  max mem: 1904
[16:51:03.110447] Epoch: [3]  [1000/1098]  eta: 0:00:11  lr: 0.000010  loss: 0.0076 (0.0469)  mae_m_mask: 0.4750 (0.4654)  rmse_m_mask: 0.6032 (0.6188)  normalized_mse_mask: 0.0076 (0.0469)  rmse_m_all: 13.6643 (12.7240)  actual_mask_ratio: 0.0709 (0.0718)  actual_prediction_mask_ratio: 0.2280 (0.2322)  ignored_patch_ratio: 0.0244 (0.0214)  time: 0.1112  data: 0.0001  max mem: 1904
[16:51:05.344126] Epoch: [3]  [1020/1098]  eta: 0:00:08  lr: 0.000010  loss: 0.0042 (0.0466)  mae_m_mask: 0.4586 (0.4655)  rmse_m_mask: 0.6168 (0.6197)  normalized_mse_mask: 0.0042 (0.0466)  rmse_m_all: 13.9660 (12.7648)  actual_mask_ratio: 0.0709 (0.0718)  actual_prediction_mask_ratio: 0.2250 (0.2320)  ignored_patch_ratio: 0.0210 (0.0215)  time: 0.1117  data: 0.0001  max mem: 1904
[16:51:07.576895] Epoch: [3]  [1040/1098]  eta: 0:00:06  lr: 0.000010  loss: 0.0255 (0.0464)  mae_m_mask: 0.4264 (0.4651)  rmse_m_mask: 0.5210 (0.6194)  normalized_mse_mask: 0.0255 (0.0464)  rmse_m_all: 11.5899 (12.7538)  actual_mask_ratio: 0.0706 (0.0717)  actual_prediction_mask_ratio: 0.2336 (0.2320)  ignored_patch_ratio: 0.0164 (0.0214)  time: 0.1116  data: 0.0001  max mem: 1904
[16:51:09.724008] Epoch: [3]  [1060/1098]  eta: 0:00:04  lr: 0.000010  loss: 0.0013 (0.0462)  mae_m_mask: 0.3942 (0.4642)  rmse_m_mask: 0.5679 (0.6185)  normalized_mse_mask: 0.0013 (0.0462)  rmse_m_all: 12.6780 (12.7569)  actual_mask_ratio: 0.0719 (0.0718)  actual_prediction_mask_ratio: 0.2300 (0.2320)  ignored_patch_ratio: 0.0227 (0.0216)  time: 0.1073  data: 0.0001  max mem: 1904
[16:51:11.881653] Epoch: [3]  [1080/1098]  eta: 0:00:02  lr: 0.000010  loss: 0.0105 (0.0458)  mae_m_mask: 0.4445 (0.4639)  rmse_m_mask: 0.5625 (0.6180)  normalized_mse_mask: 0.0105 (0.0458)  rmse_m_all: 12.1078 (12.7443)  actual_mask_ratio: 0.0723 (0.0718)  actual_prediction_mask_ratio: 0.2444 (0.2323)  ignored_patch_ratio: 0.0193 (0.0216)  time: 0.1079  data: 0.0001  max mem: 1904
[16:51:13.696843] Epoch: [3]  [1097/1098]  eta: 0:00:00  lr: 0.000010  loss: 0.0235 (0.0462)  mae_m_mask: 0.4085 (0.4636)  rmse_m_mask: 0.5330 (0.6179)  normalized_mse_mask: 0.0235 (0.0462)  rmse_m_all: 12.4276 (12.7568)  actual_mask_ratio: 0.0741 (0.0718)  actual_prediction_mask_ratio: 0.2371 (0.2323)  ignored_patch_ratio: 0.0221 (0.0216)  time: 0.1074  data: 0.0001  max mem: 1904
[16:51:13.742149] Epoch: [3] Total time: 0:02:05 (0.1145 s / it)
[16:51:13.742877] Averaged stats: {'lr': 9.979115196218164e-06, 'loss': 0.046151535550664334, 'mae_m_mask': 0.460910874387628, 'rmse_m_mask': 0.6682241935746562, 'normalized_mse_mask': 0.046151535550664334, 'rmse_m_all': 12.756767388630001, 'actual_mask_ratio': 0.0718355671806305, 'actual_prediction_mask_ratio': 0.2323158837325586, 'ignored_patch_ratio': 0.021571367001924358, 'supervised_pixel_count': 21816230.0}
[16:51:13.910142] Val: [3]  [  0/194]  eta: 0:00:31  loss: 0.3210 (0.3210)  mae_m_mask: 0.5053 (0.5053)  rmse_m_mask: 0.7010 (0.7010)  normalized_mse_mask: 0.3210 (0.3210)  rmse_m_all: 1.0078 (1.0078)  actual_mask_ratio: 0.0709 (0.0709)  actual_prediction_mask_ratio: 0.2352 (0.2352)  ignored_patch_ratio: 0.0646 (0.0646)  time: 0.1648  data: 0.0842  max mem: 1904
[16:51:18.069012] Val: [3]  [ 50/194]  eta: 0:00:12  loss: 0.0136 (0.0663)  mae_m_mask: 0.6165 (0.6683)  rmse_m_mask: 0.7684 (0.8231)  normalized_mse_mask: 0.0136 (0.0663)  rmse_m_all: 10.4344 (7.8320)  actual_mask_ratio: 0.0626 (0.0699)  actual_prediction_mask_ratio: 0.2166 (0.2286)  ignored_patch_ratio: 0.0000 (0.0044)  time: 0.0840  data: 0.0001  max mem: 1904
[16:51:22.270530] Val: [3]  [100/194]  eta: 0:00:07  loss: 0.0364 (0.0670)  mae_m_mask: 0.6853 (0.6800)  rmse_m_mask: 0.8676 (0.8372)  normalized_mse_mask: 0.0364 (0.0670)  rmse_m_all: 5.0673 (7.6010)  actual_mask_ratio: 0.0590 (0.0682)  actual_prediction_mask_ratio: 0.2018 (0.2221)  ignored_patch_ratio: 0.0000 (0.0025)  time: 0.0841  data: 0.0001  max mem: 1904
[16:51:26.471945] Val: [3]  [150/194]  eta: 0:00:03  loss: 0.0055 (0.0640)  mae_m_mask: 0.7367 (0.7086)  rmse_m_mask: 0.8902 (0.8746)  normalized_mse_mask: 0.0055 (0.0640)  rmse_m_all: 14.9171 (8.4713)  actual_mask_ratio: 0.0697 (0.0675)  actual_prediction_mask_ratio: 0.2175 (0.2175)  ignored_patch_ratio: 0.0000 (0.0024)  time: 0.0841  data: 0.0001  max mem: 1904
[16:51:30.134481] Val: [3]  [193/194]  eta: 0:00:00  loss: 0.1131 (0.0712)  mae_m_mask: 0.5564 (0.7027)  rmse_m_mask: 0.6953 (0.8680)  normalized_mse_mask: 0.1131 (0.0712)  rmse_m_all: 1.4851 (8.9473)  actual_mask_ratio: 0.0624 (0.0663)  actual_prediction_mask_ratio: 0.1985 (0.2131)  ignored_patch_ratio: 0.0136 (0.0049)  time: 0.1042  data: 0.0529  max mem: 1904
[16:51:30.756914] Val: [3] Total time: 0:00:17 (0.0877 s / it)
[16:51:30.758602] val stats: {'loss': 0.0718189441030888, 'mae_m_mask': 0.6939233917821643, 'rmse_m_mask': 0.8976795827292582, 'normalized_mse_mask': 0.0718189441030888, 'rmse_m_all': 8.947263117610794, 'actual_mask_ratio': 0.06633703996302541, 'actual_prediction_mask_ratio': 0.21313334448435872, 'ignored_patch_ratio': 0.00489066925245462, 'supervised_pixel_count': 3944867.0}
[16:51:37.462523] log_dir: /tank/data/SFS/xinyis/data/bathymetry/MAE-Topography/Downstream_Task_Bathy/cross_validation_v5_Stage2NormMSE_MeterSelect/runs/holdout_Santiam_D004Stage2NormMSE_MeterSelect_D001NoDataSafe/train_stage2_normMSE_meterSelect_OR_SantiamRiverTB_Topobathy_1_D23_fromStage1Best_e120_lr1e-5_b4_acc4/tb
[16:51:37.648863] Epoch: [4]  [   0/1098]  eta: 0:03:24  lr: 0.000010  loss: 0.0009 (0.0009)  mae_m_mask: 0.3836 (0.3836)  rmse_m_mask: 0.4702 (0.4702)  normalized_mse_mask: 0.0009 (0.0009)  rmse_m_all: 9.9945 (9.9945)  actual_mask_ratio: 0.0695 (0.0695)  actual_prediction_mask_ratio: 0.2332 (0.2332)  ignored_patch_ratio: 0.0130 (0.0130)  time: 0.1858  data: 0.0853  max mem: 1904
[16:51:39.951556] Epoch: [4]  [  20/1098]  eta: 0:02:07  lr: 0.000010  loss: 0.0188 (0.0433)  mae_m_mask: 0.2961 (0.3912)  rmse_m_mask: 0.3962 (0.5271)  normalized_mse_mask: 0.0188 (0.0433)  rmse_m_all: 13.2656 (11.9941)  actual_mask_ratio: 0.0734 (0.0742)  actual_prediction_mask_ratio: 0.2389 (0.2418)  ignored_patch_ratio: 0.0147 (0.0180)  time: 0.1151  data: 0.0001  max mem: 1904
[16:51:42.247629] Epoch: [4]  [  40/1098]  eta: 0:02:03  lr: 0.000010  loss: 0.0173 (0.0371)  mae_m_mask: 0.3454 (0.3967)  rmse_m_mask: 0.4540 (0.5358)  normalized_mse_mask: 0.0173 (0.0371)  rmse_m_all: 11.5333 (12.1840)  actual_mask_ratio: 0.0728 (0.0736)  actual_prediction_mask_ratio: 0.2374 (0.2396)  ignored_patch_ratio: 0.0204 (0.0209)  time: 0.1148  data: 0.0001  max mem: 1904
[16:51:44.555699] Epoch: [4]  [  60/1098]  eta: 0:02:00  lr: 0.000010  loss: 0.0131 (0.0424)  mae_m_mask: 0.4875 (0.4333)  rmse_m_mask: 0.6323 (0.5884)  normalized_mse_mask: 0.0131 (0.0424)  rmse_m_all: 14.7668 (12.7924)  actual_mask_ratio: 0.0737 (0.0736)  actual_prediction_mask_ratio: 0.2390 (0.2390)  ignored_patch_ratio: 0.0244 (0.0229)  time: 0.1154  data: 0.0001  max mem: 1904
[16:51:46.850292] Epoch: [4]  [  80/1098]  eta: 0:01:57  lr: 0.000010  loss: 0.0219 (0.0504)  mae_m_mask: 0.5321 (0.4646)  rmse_m_mask: 0.6961 (0.6218)  normalized_mse_mask: 0.0219 (0.0504)  rmse_m_all: 10.9325 (12.6652)  actual_mask_ratio: 0.0709 (0.0730)  actual_prediction_mask_ratio: 0.2296 (0.2369)  ignored_patch_ratio: 0.0159 (0.0221)  time: 0.1147  data: 0.0001  max mem: 1904
[16:51:49.144303] Epoch: [4]  [ 100/1098]  eta: 0:01:55  lr: 0.000010  loss: 0.0425 (0.0553)  mae_m_mask: 0.4399 (0.4645)  rmse_m_mask: 0.6237 (0.6242)  normalized_mse_mask: 0.0425 (0.0553)  rmse_m_all: 12.2051 (12.7719)  actual_mask_ratio: 0.0733 (0.0733)  actual_prediction_mask_ratio: 0.2380 (0.2368)  ignored_patch_ratio: 0.0164 (0.0219)  time: 0.1147  data: 0.0001  max mem: 1904
[16:51:51.458628] Epoch: [4]  [ 120/1098]  eta: 0:01:53  lr: 0.000010  loss: 0.0090 (0.0519)  mae_m_mask: 0.4459 (0.4667)  rmse_m_mask: 0.6567 (0.6321)  normalized_mse_mask: 0.0090 (0.0519)  rmse_m_all: 14.2884 (12.9502)  actual_mask_ratio: 0.0691 (0.0729)  actual_prediction_mask_ratio: 0.2259 (0.2355)  ignored_patch_ratio: 0.0232 (0.0223)  time: 0.1157  data: 0.0001  max mem: 1904
[16:51:53.768267] Epoch: [4]  [ 140/1098]  eta: 0:01:50  lr: 0.000010  loss: 0.0067 (0.0486)  mae_m_mask: 0.4038 (0.4577)  rmse_m_mask: 0.4864 (0.6177)  normalized_mse_mask: 0.0067 (0.0486)  rmse_m_all: 12.8661 (12.8950)  actual_mask_ratio: 0.0729 (0.0727)  actual_prediction_mask_ratio: 0.2310 (0.2351)  ignored_patch_ratio: 0.0193 (0.0220)  time: 0.1155  data: 0.0001  max mem: 1904
[16:51:56.082813] Epoch: [4]  [ 160/1098]  eta: 0:01:48  lr: 0.000010  loss: 0.0079 (0.0475)  mae_m_mask: 0.4456 (0.4563)  rmse_m_mask: 0.5862 (0.6205)  normalized_mse_mask: 0.0079 (0.0475)  rmse_m_all: 13.5905 (12.9383)  actual_mask_ratio: 0.0716 (0.0726)  actual_prediction_mask_ratio: 0.2207 (0.2344)  ignored_patch_ratio: 0.0215 (0.0229)  time: 0.1157  data: 0.0001  max mem: 1904
[16:51:58.415824] Epoch: [4]  [ 180/1098]  eta: 0:01:46  lr: 0.000010  loss: 0.0102 (0.0455)  mae_m_mask: 0.3988 (0.4567)  rmse_m_mask: 0.5638 (0.6210)  normalized_mse_mask: 0.0102 (0.0455)  rmse_m_all: 11.7612 (12.7958)  actual_mask_ratio: 0.0719 (0.0724)  actual_prediction_mask_ratio: 0.2332 (0.2340)  ignored_patch_ratio: 0.0187 (0.0226)  time: 0.1166  data: 0.0001  max mem: 1904
[16:52:00.746825] Epoch: [4]  [ 200/1098]  eta: 0:01:43  lr: 0.000010  loss: 0.0133 (0.0439)  mae_m_mask: 0.3166 (0.4460)  rmse_m_mask: 0.4168 (0.6061)  normalized_mse_mask: 0.0133 (0.0439)  rmse_m_all: 10.2890 (12.7005)  actual_mask_ratio: 0.0687 (0.0722)  actual_prediction_mask_ratio: 0.2307 (0.2337)  ignored_patch_ratio: 0.0187 (0.0225)  time: 0.1165  data: 0.0001  max mem: 1904
[16:52:03.073085] Epoch: [4]  [ 220/1098]  eta: 0:01:41  lr: 0.000010  loss: 0.0147 (0.0451)  mae_m_mask: 0.4424 (0.4504)  rmse_m_mask: 0.6374 (0.6142)  normalized_mse_mask: 0.0147 (0.0451)  rmse_m_all: 10.9612 (12.5953)  actual_mask_ratio: 0.0705 (0.0723)  actual_prediction_mask_ratio: 0.2386 (0.2342)  ignored_patch_ratio: 0.0181 (0.0224)  time: 0.1163  data: 0.0001  max mem: 1904
[16:52:05.400889] Epoch: [4]  [ 240/1098]  eta: 0:01:39  lr: 0.000010  loss: 0.0254 (0.0447)  mae_m_mask: 0.5150 (0.4601)  rmse_m_mask: 0.7119 (0.6244)  normalized_mse_mask: 0.0254 (0.0447)  rmse_m_all: 11.9103 (12.5871)  actual_mask_ratio: 0.0718 (0.0722)  actual_prediction_mask_ratio: 0.2344 (0.2343)  ignored_patch_ratio: 0.0159 (0.0219)  time: 0.1164  data: 0.0001  max mem: 1904
[16:52:07.729058] Epoch: [4]  [ 260/1098]  eta: 0:01:37  lr: 0.000010  loss: 0.0069 (0.0446)  mae_m_mask: 0.4397 (0.4632)  rmse_m_mask: 0.6143 (0.6278)  normalized_mse_mask: 0.0069 (0.0446)  rmse_m_all: 12.8963 (12.6818)  actual_mask_ratio: 0.0713 (0.0721)  actual_prediction_mask_ratio: 0.2228 (0.2339)  ignored_patch_ratio: 0.0255 (0.0220)  time: 0.1164  data: 0.0001  max mem: 1904
[16:52:10.057002] Epoch: [4]  [ 280/1098]  eta: 0:01:34  lr: 0.000010  loss: 0.0160 (0.0439)  mae_m_mask: 0.3470 (0.4576)  rmse_m_mask: 0.4728 (0.6185)  normalized_mse_mask: 0.0160 (0.0439)  rmse_m_all: 10.4877 (12.5845)  actual_mask_ratio: 0.0715 (0.0721)  actual_prediction_mask_ratio: 0.2324 (0.2337)  ignored_patch_ratio: 0.0164 (0.0219)  time: 0.1164  data: 0.0001  max mem: 1904
[16:52:12.386661] Epoch: [4]  [ 300/1098]  eta: 0:01:32  lr: 0.000010  loss: 0.0294 (0.0450)  mae_m_mask: 0.4672 (0.4628)  rmse_m_mask: 0.6316 (0.6247)  normalized_mse_mask: 0.0294 (0.0450)  rmse_m_all: 13.7424 (12.6491)  actual_mask_ratio: 0.0728 (0.0722)  actual_prediction_mask_ratio: 0.2347 (0.2339)  ignored_patch_ratio: 0.0119 (0.0216)  time: 0.1165  data: 0.0001  max mem: 1904
[16:52:14.713241] Epoch: [4]  [ 320/1098]  eta: 0:01:30  lr: 0.000010  loss: 0.0092 (0.0461)  mae_m_mask: 0.5154 (0.4681)  rmse_m_mask: 0.6801 (0.6284)  normalized_mse_mask: 0.0092 (0.0461)  rmse_m_all: 13.8493 (12.7131)  actual_mask_ratio: 0.0727 (0.0722)  actual_prediction_mask_ratio: 0.2377 (0.2338)  ignored_patch_ratio: 0.0204 (0.0217)  time: 0.1163  data: 0.0001  max mem: 1904
[16:52:17.044433] Epoch: [4]  [ 340/1098]  eta: 0:01:27  lr: 0.000010  loss: 0.0178 (0.0455)  mae_m_mask: 0.5188 (0.4698)  rmse_m_mask: 0.6429 (0.6290)  normalized_mse_mask: 0.0178 (0.0455)  rmse_m_all: 12.8732 (12.7727)  actual_mask_ratio: 0.0709 (0.0721)  actual_prediction_mask_ratio: 0.2310 (0.2334)  ignored_patch_ratio: 0.0193 (0.0217)  time: 0.1165  data: 0.0001  max mem: 1904
[16:52:19.376810] Epoch: [4]  [ 360/1098]  eta: 0:01:25  lr: 0.000010  loss: 0.0092 (0.0442)  mae_m_mask: 0.4920 (0.4722)  rmse_m_mask: 0.6126 (0.6332)  normalized_mse_mask: 0.0092 (0.0442)  rmse_m_all: 14.4942 (12.8372)  actual_mask_ratio: 0.0739 (0.0722)  actual_prediction_mask_ratio: 0.2368 (0.2335)  ignored_patch_ratio: 0.0198 (0.0217)  time: 0.1166  data: 0.0001  max mem: 1904
[16:52:21.708891] Epoch: [4]  [ 380/1098]  eta: 0:01:23  lr: 0.000010  loss: 0.0035 (0.0435)  mae_m_mask: 0.4349 (0.4730)  rmse_m_mask: 0.5209 (0.6329)  normalized_mse_mask: 0.0035 (0.0435)  rmse_m_all: 15.0260 (12.9446)  actual_mask_ratio: 0.0690 (0.0721)  actual_prediction_mask_ratio: 0.2291 (0.2333)  ignored_patch_ratio: 0.0266 (0.0221)  time: 0.1166  data: 0.0001  max mem: 1904
[16:52:24.034455] Epoch: [4]  [ 400/1098]  eta: 0:01:21  lr: 0.000010  loss: 0.0209 (0.0452)  mae_m_mask: 0.3996 (0.4699)  rmse_m_mask: 0.5409 (0.6287)  normalized_mse_mask: 0.0209 (0.0452)  rmse_m_all: 12.7752 (12.8843)  actual_mask_ratio: 0.0718 (0.0721)  actual_prediction_mask_ratio: 0.2421 (0.2334)  ignored_patch_ratio: 0.0210 (0.0220)  time: 0.1162  data: 0.0001  max mem: 1904
[16:52:26.364777] Epoch: [4]  [ 420/1098]  eta: 0:01:18  lr: 0.000010  loss: 0.0181 (0.0448)  mae_m_mask: 0.3190 (0.4644)  rmse_m_mask: 0.4398 (0.6221)  normalized_mse_mask: 0.0181 (0.0448)  rmse_m_all: 10.9246 (12.7981)  actual_mask_ratio: 0.0704 (0.0722)  actual_prediction_mask_ratio: 0.2364 (0.2334)  ignored_patch_ratio: 0.0164 (0.0217)  time: 0.1165  data: 0.0001  max mem: 1904
[16:52:28.692566] Epoch: [4]  [ 440/1098]  eta: 0:01:16  lr: 0.000010  loss: 0.0055 (0.0452)  mae_m_mask: 0.5205 (0.4665)  rmse_m_mask: 0.6691 (0.6245)  normalized_mse_mask: 0.0055 (0.0452)  rmse_m_all: 13.0996 (12.8700)  actual_mask_ratio: 0.0696 (0.0721)  actual_prediction_mask_ratio: 0.2328 (0.2333)  ignored_patch_ratio: 0.0221 (0.0219)  time: 0.1164  data: 0.0001  max mem: 1904
[16:52:31.021435] Epoch: [4]  [ 460/1098]  eta: 0:01:14  lr: 0.000010  loss: 0.0064 (0.0446)  mae_m_mask: 0.4408 (0.4656)  rmse_m_mask: 0.5318 (0.6229)  normalized_mse_mask: 0.0064 (0.0446)  rmse_m_all: 10.0035 (12.7883)  actual_mask_ratio: 0.0721 (0.0721)  actual_prediction_mask_ratio: 0.2370 (0.2335)  ignored_patch_ratio: 0.0170 (0.0217)  time: 0.1164  data: 0.0001  max mem: 1904
[16:52:33.353477] Epoch: [4]  [ 480/1098]  eta: 0:01:11  lr: 0.000010  loss: 0.0161 (0.0448)  mae_m_mask: 0.4457 (0.4653)  rmse_m_mask: 0.6067 (0.6239)  normalized_mse_mask: 0.0161 (0.0448)  rmse_m_all: 13.1266 (12.8304)  actual_mask_ratio: 0.0700 (0.0720)  actual_prediction_mask_ratio: 0.2238 (0.2332)  ignored_patch_ratio: 0.0147 (0.0216)  time: 0.1166  data: 0.0001  max mem: 1904
[16:52:35.684598] Epoch: [4]  [ 500/1098]  eta: 0:01:09  lr: 0.000010  loss: 0.0406 (0.0461)  mae_m_mask: 0.3941 (0.4647)  rmse_m_mask: 0.4992 (0.6228)  normalized_mse_mask: 0.0406 (0.0461)  rmse_m_all: 10.3550 (12.7766)  actual_mask_ratio: 0.0708 (0.0720)  actual_prediction_mask_ratio: 0.2315 (0.2330)  ignored_patch_ratio: 0.0198 (0.0215)  time: 0.1165  data: 0.0001  max mem: 1904
[16:52:38.012792] Epoch: [4]  [ 520/1098]  eta: 0:01:07  lr: 0.000010  loss: 0.0096 (0.0458)  mae_m_mask: 0.3803 (0.4631)  rmse_m_mask: 0.4807 (0.6202)  normalized_mse_mask: 0.0096 (0.0458)  rmse_m_all: 12.5604 (12.7634)  actual_mask_ratio: 0.0726 (0.0720)  actual_prediction_mask_ratio: 0.2305 (0.2330)  ignored_patch_ratio: 0.0210 (0.0217)  time: 0.1164  data: 0.0001  max mem: 1904
[16:52:40.340468] Epoch: [4]  [ 540/1098]  eta: 0:01:04  lr: 0.000010  loss: 0.0100 (0.0458)  mae_m_mask: 0.4941 (0.4643)  rmse_m_mask: 0.6611 (0.6211)  normalized_mse_mask: 0.0100 (0.0458)  rmse_m_all: 12.3041 (12.7546)  actual_mask_ratio: 0.0726 (0.0720)  actual_prediction_mask_ratio: 0.2335 (0.2331)  ignored_patch_ratio: 0.0147 (0.0215)  time: 0.1164  data: 0.0001  max mem: 1904
[16:52:42.665731] Epoch: [4]  [ 560/1098]  eta: 0:01:02  lr: 0.000010  loss: 0.0028 (0.0448)  mae_m_mask: 0.4303 (0.4648)  rmse_m_mask: 0.6269 (0.6224)  normalized_mse_mask: 0.0028 (0.0448)  rmse_m_all: 13.3713 (12.7658)  actual_mask_ratio: 0.0725 (0.0720)  actual_prediction_mask_ratio: 0.2376 (0.2331)  ignored_patch_ratio: 0.0176 (0.0216)  time: 0.1162  data: 0.0001  max mem: 1904
[16:52:44.996128] Epoch: [4]  [ 580/1098]  eta: 0:01:00  lr: 0.000010  loss: 0.0178 (0.0450)  mae_m_mask: 0.4172 (0.4637)  rmse_m_mask: 0.5017 (0.6203)  normalized_mse_mask: 0.0178 (0.0450)  rmse_m_all: 11.2322 (12.7275)  actual_mask_ratio: 0.0696 (0.0719)  actual_prediction_mask_ratio: 0.2259 (0.2330)  ignored_patch_ratio: 0.0113 (0.0215)  time: 0.1165  data: 0.0001  max mem: 1904
[16:52:47.324496] Epoch: [4]  [ 600/1098]  eta: 0:00:57  lr: 0.000010  loss: 0.0137 (0.0446)  mae_m_mask: 0.4212 (0.4642)  rmse_m_mask: 0.5328 (0.6212)  normalized_mse_mask: 0.0137 (0.0446)  rmse_m_all: 12.5815 (12.7641)  actual_mask_ratio: 0.0714 (0.0719)  actual_prediction_mask_ratio: 0.2324 (0.2331)  ignored_patch_ratio: 0.0159 (0.0214)  time: 0.1164  data: 0.0001  max mem: 1904
[16:52:49.653341] Epoch: [4]  [ 620/1098]  eta: 0:00:55  lr: 0.000010  loss: 0.0050 (0.0443)  mae_m_mask: 0.3355 (0.4621)  rmse_m_mask: 0.4525 (0.6185)  normalized_mse_mask: 0.0050 (0.0443)  rmse_m_all: 12.8326 (12.7630)  actual_mask_ratio: 0.0752 (0.0720)  actual_prediction_mask_ratio: 0.2397 (0.2332)  ignored_patch_ratio: 0.0170 (0.0213)  time: 0.1164  data: 0.0001  max mem: 1904
[16:52:51.984566] Epoch: [4]  [ 640/1098]  eta: 0:00:53  lr: 0.000010  loss: 0.0105 (0.0435)  mae_m_mask: 0.4249 (0.4615)  rmse_m_mask: 0.6067 (0.6179)  normalized_mse_mask: 0.0105 (0.0435)  rmse_m_all: 14.5242 (12.7927)  actual_mask_ratio: 0.0708 (0.0720)  actual_prediction_mask_ratio: 0.2270 (0.2330)  ignored_patch_ratio: 0.0215 (0.0214)  time: 0.1165  data: 0.0001  max mem: 1904
[16:52:54.316447] Epoch: [4]  [ 660/1098]  eta: 0:00:50  lr: 0.000010  loss: 0.0139 (0.0434)  mae_m_mask: 0.4340 (0.4609)  rmse_m_mask: 0.5576 (0.6162)  normalized_mse_mask: 0.0139 (0.0434)  rmse_m_all: 12.5356 (12.7903)  actual_mask_ratio: 0.0731 (0.0719)  actual_prediction_mask_ratio: 0.2363 (0.2328)  ignored_patch_ratio: 0.0176 (0.0214)  time: 0.1166  data: 0.0001  max mem: 1904
[16:52:56.647924] Epoch: [4]  [ 680/1098]  eta: 0:00:48  lr: 0.000010  loss: 0.0064 (0.0428)  mae_m_mask: 0.3711 (0.4593)  rmse_m_mask: 0.4808 (0.6144)  normalized_mse_mask: 0.0064 (0.0428)  rmse_m_all: 13.5370 (12.8313)  actual_mask_ratio: 0.0719 (0.0719)  actual_prediction_mask_ratio: 0.2214 (0.2327)  ignored_patch_ratio: 0.0266 (0.0215)  time: 0.1165  data: 0.0001  max mem: 1904
[16:52:58.978619] Epoch: [4]  [ 700/1098]  eta: 0:00:46  lr: 0.000010  loss: 0.0122 (0.0437)  mae_m_mask: 0.4439 (0.4586)  rmse_m_mask: 0.5599 (0.6137)  normalized_mse_mask: 0.0122 (0.0437)  rmse_m_all: 13.5397 (12.8673)  actual_mask_ratio: 0.0720 (0.0719)  actual_prediction_mask_ratio: 0.2297 (0.2326)  ignored_patch_ratio: 0.0244 (0.0217)  time: 0.1165  data: 0.0001  max mem: 1904
[16:53:01.312054] Epoch: [4]  [ 720/1098]  eta: 0:00:43  lr: 0.000010  loss: 0.0064 (0.0432)  mae_m_mask: 0.5132 (0.4615)  rmse_m_mask: 0.6549 (0.6180)  normalized_mse_mask: 0.0064 (0.0432)  rmse_m_all: 13.6747 (12.8839)  actual_mask_ratio: 0.0680 (0.0718)  actual_prediction_mask_ratio: 0.2220 (0.2324)  ignored_patch_ratio: 0.0159 (0.0216)  time: 0.1166  data: 0.0001  max mem: 1904
[16:53:03.640718] Epoch: [4]  [ 740/1098]  eta: 0:00:41  lr: 0.000010  loss: 0.0118 (0.0437)  mae_m_mask: 0.4236 (0.4622)  rmse_m_mask: 0.5977 (0.6180)  normalized_mse_mask: 0.0118 (0.0437)  rmse_m_all: 13.8172 (12.8817)  actual_mask_ratio: 0.0718 (0.0718)  actual_prediction_mask_ratio: 0.2328 (0.2325)  ignored_patch_ratio: 0.0193 (0.0216)  time: 0.1164  data: 0.0001  max mem: 1904
[16:53:05.905805] Epoch: [4]  [ 760/1098]  eta: 0:00:39  lr: 0.000010  loss: 0.0220 (0.0437)  mae_m_mask: 0.4082 (0.4627)  rmse_m_mask: 0.5509 (0.6175)  normalized_mse_mask: 0.0220 (0.0437)  rmse_m_all: 13.1401 (12.8926)  actual_mask_ratio: 0.0703 (0.0718)  actual_prediction_mask_ratio: 0.2279 (0.2324)  ignored_patch_ratio: 0.0113 (0.0215)  time: 0.1132  data: 0.0001  max mem: 1904
[16:53:08.134823] Epoch: [4]  [ 780/1098]  eta: 0:00:36  lr: 0.000010  loss: 0.0286 (0.0436)  mae_m_mask: 0.3835 (0.4619)  rmse_m_mask: 0.5405 (0.6174)  normalized_mse_mask: 0.0286 (0.0436)  rmse_m_all: 13.8307 (12.9338)  actual_mask_ratio: 0.0736 (0.0718)  actual_prediction_mask_ratio: 0.2339 (0.2325)  ignored_patch_ratio: 0.0176 (0.0215)  time: 0.1114  data: 0.0001  max mem: 1904
[16:53:10.332274] Epoch: [4]  [ 800/1098]  eta: 0:00:34  lr: 0.000010  loss: 0.0195 (0.0439)  mae_m_mask: 0.3567 (0.4592)  rmse_m_mask: 0.4905 (0.6142)  normalized_mse_mask: 0.0195 (0.0439)  rmse_m_all: 12.5865 (12.9223)  actual_mask_ratio: 0.0720 (0.0718)  actual_prediction_mask_ratio: 0.2286 (0.2325)  ignored_patch_ratio: 0.0215 (0.0216)  time: 0.1098  data: 0.0001  max mem: 1904
[16:53:12.587776] Epoch: [4]  [ 820/1098]  eta: 0:00:32  lr: 0.000010  loss: 0.0054 (0.0434)  mae_m_mask: 0.3566 (0.4575)  rmse_m_mask: 0.4454 (0.6119)  normalized_mse_mask: 0.0054 (0.0434)  rmse_m_all: 13.2108 (12.9450)  actual_mask_ratio: 0.0751 (0.0718)  actual_prediction_mask_ratio: 0.2370 (0.2325)  ignored_patch_ratio: 0.0238 (0.0217)  time: 0.1127  data: 0.0001  max mem: 1904
[16:53:14.823791] Epoch: [4]  [ 840/1098]  eta: 0:00:29  lr: 0.000010  loss: 0.0168 (0.0441)  mae_m_mask: 0.3016 (0.4546)  rmse_m_mask: 0.3911 (0.6079)  normalized_mse_mask: 0.0168 (0.0441)  rmse_m_all: 11.5592 (12.9208)  actual_mask_ratio: 0.0695 (0.0718)  actual_prediction_mask_ratio: 0.2271 (0.2324)  ignored_patch_ratio: 0.0210 (0.0217)  time: 0.1118  data: 0.0001  max mem: 1904
[16:53:17.100946] Epoch: [4]  [ 860/1098]  eta: 0:00:27  lr: 0.000010  loss: 0.0234 (0.0459)  mae_m_mask: 0.4284 (0.4561)  rmse_m_mask: 0.6271 (0.6097)  normalized_mse_mask: 0.0234 (0.0459)  rmse_m_all: 10.3152 (12.8526)  actual_mask_ratio: 0.0729 (0.0718)  actual_prediction_mask_ratio: 0.2341 (0.2325)  ignored_patch_ratio: 0.0181 (0.0216)  time: 0.1138  data: 0.0001  max mem: 1904
[16:53:19.346889] Epoch: [4]  [ 880/1098]  eta: 0:00:25  lr: 0.000010  loss: 0.0150 (0.0454)  mae_m_mask: 0.4910 (0.4576)  rmse_m_mask: 0.6271 (0.6113)  normalized_mse_mask: 0.0150 (0.0454)  rmse_m_all: 12.5196 (12.8643)  actual_mask_ratio: 0.0703 (0.0718)  actual_prediction_mask_ratio: 0.2271 (0.2324)  ignored_patch_ratio: 0.0210 (0.0217)  time: 0.1123  data: 0.0001  max mem: 1904
[16:53:21.608037] Epoch: [4]  [ 900/1098]  eta: 0:00:22  lr: 0.000010  loss: 0.0296 (0.0451)  mae_m_mask: 0.4879 (0.4589)  rmse_m_mask: 0.6255 (0.6123)  normalized_mse_mask: 0.0296 (0.0451)  rmse_m_all: 13.3442 (12.8840)  actual_mask_ratio: 0.0729 (0.0718)  actual_prediction_mask_ratio: 0.2255 (0.2323)  ignored_patch_ratio: 0.0198 (0.0217)  time: 0.1130  data: 0.0001  max mem: 1904
[16:53:23.840497] Epoch: [4]  [ 920/1098]  eta: 0:00:20  lr: 0.000010  loss: 0.0311 (0.0454)  mae_m_mask: 0.3977 (0.4591)  rmse_m_mask: 0.5124 (0.6122)  normalized_mse_mask: 0.0311 (0.0454)  rmse_m_all: 11.4096 (12.8407)  actual_mask_ratio: 0.0729 (0.0718)  actual_prediction_mask_ratio: 0.2257 (0.2324)  ignored_patch_ratio: 0.0153 (0.0216)  time: 0.1116  data: 0.0001  max mem: 1904
[16:53:26.073958] Epoch: [4]  [ 940/1098]  eta: 0:00:18  lr: 0.000010  loss: 0.0301 (0.0453)  mae_m_mask: 0.4047 (0.4593)  rmse_m_mask: 0.5132 (0.6121)  normalized_mse_mask: 0.0301 (0.0453)  rmse_m_all: 13.0206 (12.8495)  actual_mask_ratio: 0.0711 (0.0718)  actual_prediction_mask_ratio: 0.2248 (0.2322)  ignored_patch_ratio: 0.0198 (0.0216)  time: 0.1116  data: 0.0001  max mem: 1904
[16:53:28.304274] Epoch: [4]  [ 960/1098]  eta: 0:00:15  lr: 0.000010  loss: 0.0135 (0.0450)  mae_m_mask: 0.3654 (0.4577)  rmse_m_mask: 0.4978 (0.6101)  normalized_mse_mask: 0.0135 (0.0450)  rmse_m_all: 12.4713 (12.8341)  actual_mask_ratio: 0.0701 (0.0718)  actual_prediction_mask_ratio: 0.2338 (0.2323)  ignored_patch_ratio: 0.0181 (0.0216)  time: 0.1115  data: 0.0001  max mem: 1904
[16:53:30.516263] Epoch: [4]  [ 980/1098]  eta: 0:00:13  lr: 0.000010  loss: 0.0053 (0.0444)  mae_m_mask: 0.4033 (0.4569)  rmse_m_mask: 0.5512 (0.6094)  normalized_mse_mask: 0.0053 (0.0444)  rmse_m_all: 13.6928 (12.8224)  actual_mask_ratio: 0.0708 (0.0718)  actual_prediction_mask_ratio: 0.2331 (0.2323)  ignored_patch_ratio: 0.0153 (0.0215)  time: 0.1106  data: 0.0001  max mem: 1904
[16:53:32.751075] Epoch: [4]  [1000/1098]  eta: 0:00:11  lr: 0.000010  loss: 0.0154 (0.0441)  mae_m_mask: 0.4950 (0.4572)  rmse_m_mask: 0.6514 (0.6096)  normalized_mse_mask: 0.0154 (0.0441)  rmse_m_all: 12.0298 (12.8162)  actual_mask_ratio: 0.0726 (0.0718)  actual_prediction_mask_ratio: 0.2359 (0.2324)  ignored_patch_ratio: 0.0170 (0.0215)  time: 0.1117  data: 0.0001  max mem: 1904
[16:53:34.915674] Epoch: [4]  [1020/1098]  eta: 0:00:08  lr: 0.000010  loss: 0.0336 (0.0443)  mae_m_mask: 0.3780 (0.4558)  rmse_m_mask: 0.4716 (0.6079)  normalized_mse_mask: 0.0336 (0.0443)  rmse_m_all: 11.2424 (12.7843)  actual_mask_ratio: 0.0703 (0.0718)  actual_prediction_mask_ratio: 0.2248 (0.2322)  ignored_patch_ratio: 0.0210 (0.0216)  time: 0.1082  data: 0.0001  max mem: 1904
[16:53:37.034004] Epoch: [4]  [1040/1098]  eta: 0:00:06  lr: 0.000010  loss: 0.0174 (0.0442)  mae_m_mask: 0.3937 (0.4557)  rmse_m_mask: 0.5060 (0.6077)  normalized_mse_mask: 0.0174 (0.0442)  rmse_m_all: 11.3793 (12.7726)  actual_mask_ratio: 0.0725 (0.0718)  actual_prediction_mask_ratio: 0.2329 (0.2322)  ignored_patch_ratio: 0.0193 (0.0215)  time: 0.1059  data: 0.0001  max mem: 1904
[16:53:39.211270] Epoch: [4]  [1060/1098]  eta: 0:00:04  lr: 0.000010  loss: 0.0362 (0.0442)  mae_m_mask: 0.3838 (0.4554)  rmse_m_mask: 0.4827 (0.6076)  normalized_mse_mask: 0.0362 (0.0442)  rmse_m_all: 11.1112 (12.7739)  actual_mask_ratio: 0.0711 (0.0718)  actual_prediction_mask_ratio: 0.2273 (0.2322)  ignored_patch_ratio: 0.0130 (0.0215)  time: 0.1088  data: 0.0001  max mem: 1904
[16:53:41.468617] Epoch: [4]  [1080/1098]  eta: 0:00:02  lr: 0.000010  loss: 0.0205 (0.0443)  mae_m_mask: 0.4744 (0.4566)  rmse_m_mask: 0.6327 (0.6097)  normalized_mse_mask: 0.0205 (0.0443)  rmse_m_all: 12.2523 (12.7809)  actual_mask_ratio: 0.0727 (0.0718)  actual_prediction_mask_ratio: 0.2391 (0.2323)  ignored_patch_ratio: 0.0204 (0.0215)  time: 0.1128  data: 0.0001  max mem: 1904
[16:53:43.371310] Epoch: [4]  [1097/1098]  eta: 0:00:00  lr: 0.000010  loss: 0.0211 (0.0440)  mae_m_mask: 0.3940 (0.4555)  rmse_m_mask: 0.5094 (0.6086)  normalized_mse_mask: 0.0211 (0.0440)  rmse_m_all: 13.7010 (12.7582)  actual_mask_ratio: 0.0725 (0.0718)  actual_prediction_mask_ratio: 0.2318 (0.2323)  ignored_patch_ratio: 0.0176 (0.0216)  time: 0.1122  data: 0.0001  max mem: 1904
[16:53:43.399875] Epoch: [4] Total time: 0:02:05 (0.1147 s / it)
[16:53:43.402980] Averaged stats: {'lr': 9.96557619343439e-06, 'loss': 0.04358559073185352, 'mae_m_mask': 0.4531373712615383, 'rmse_m_mask': 0.6546374102001444, 'normalized_mse_mask': 0.04358559073185352, 'rmse_m_all': 12.758201950723356, 'actual_mask_ratio': 0.07183675807926172, 'actual_prediction_mask_ratio': 0.2323264019166837, 'ignored_patch_ratio': 0.02157136716477858, 'supervised_pixel_count': 21816230.0}
[16:53:43.568486] Val: [4]  [  0/194]  eta: 0:00:31  loss: 0.3589 (0.3589)  mae_m_mask: 0.5528 (0.5528)  rmse_m_mask: 0.7476 (0.7476)  normalized_mse_mask: 0.3589 (0.3589)  rmse_m_all: 1.0266 (1.0266)  actual_mask_ratio: 0.0709 (0.0709)  actual_prediction_mask_ratio: 0.2352 (0.2352)  ignored_patch_ratio: 0.0646 (0.0646)  time: 0.1630  data: 0.0824  max mem: 1904
[16:53:47.754148] Val: [4]  [ 50/194]  eta: 0:00:12  loss: 0.0169 (0.0728)  mae_m_mask: 0.5842 (0.6556)  rmse_m_mask: 0.7302 (0.8110)  normalized_mse_mask: 0.0169 (0.0728)  rmse_m_all: 10.2241 (7.6887)  actual_mask_ratio: 0.0626 (0.0699)  actual_prediction_mask_ratio: 0.2166 (0.2286)  ignored_patch_ratio: 0.0000 (0.0044)  time: 0.0840  data: 0.0001  max mem: 1904
[16:53:51.897131] Val: [4]  [100/194]  eta: 0:00:07  loss: 0.0334 (0.0722)  mae_m_mask: 0.6662 (0.6752)  rmse_m_mask: 0.8905 (0.8355)  normalized_mse_mask: 0.0334 (0.0722)  rmse_m_all: 4.9503 (7.4623)  actual_mask_ratio: 0.0590 (0.0682)  actual_prediction_mask_ratio: 0.2018 (0.2221)  ignored_patch_ratio: 0.0000 (0.0025)  time: 0.0817  data: 0.0001  max mem: 1904
[16:54:00.222585] Val: [4]  [150/194]  eta: 0:00:04  loss: 0.0069 (0.0698)  mae_m_mask: 0.8408 (0.7185)  rmse_m_mask: 1.0810 (0.8896)  normalized_mse_mask: 0.0069 (0.0698)  rmse_m_all: 14.6249 (8.3141)  actual_mask_ratio: 0.0697 (0.0675)  actual_prediction_mask_ratio: 0.2175 (0.2175)  ignored_patch_ratio: 0.0000 (0.0024)  time: 0.0822  data: 0.0001  max mem: 1904
[16:54:03.279383] Val: [4]  [193/194]  eta: 0:00:00  loss: 0.1283 (0.0771)  mae_m_mask: 0.5570 (0.7125)  rmse_m_mask: 0.7262 (0.8844)  normalized_mse_mask: 0.1283 (0.0771)  rmse_m_all: 1.4946 (8.7818)  actual_mask_ratio: 0.0624 (0.0663)  actual_prediction_mask_ratio: 0.1985 (0.2131)  ignored_patch_ratio: 0.0136 (0.0049)  time: 0.0536  data: 0.0001  max mem: 1904
[16:54:03.329676] Val: [4] Total time: 0:00:19 (0.1027 s / it)
[16:54:03.330132] val stats: {'loss': 0.0783320765259041, 'mae_m_mask': 0.7067196916756399, 'rmse_m_mask': 0.9191369560195368, 'normalized_mse_mask': 0.0783320765259041, 'rmse_m_all': 8.781786349323607, 'actual_mask_ratio': 0.06633703996302541, 'actual_prediction_mask_ratio': 0.21313334448435872, 'ignored_patch_ratio': 0.00489066925245462, 'supervised_pixel_count': 3944867.0}
[16:54:07.898407] log_dir: /tank/data/SFS/xinyis/data/bathymetry/MAE-Topography/Downstream_Task_Bathy/cross_validation_v5_Stage2NormMSE_MeterSelect/runs/holdout_Santiam_D004Stage2NormMSE_MeterSelect_D001NoDataSafe/train_stage2_normMSE_meterSelect_OR_SantiamRiverTB_Topobathy_1_D23_fromStage1Best_e120_lr1e-5_b4_acc4/tb
[16:54:08.091716] Epoch: [5]  [   0/1098]  eta: 0:03:31  lr: 0.000010  loss: 0.0041 (0.0041)  mae_m_mask: 0.6866 (0.6866)  rmse_m_mask: 0.8033 (0.8033)  normalized_mse_mask: 0.0041 (0.0041)  rmse_m_all: 11.2302 (11.2302)  actual_mask_ratio: 0.0772 (0.0772)  actual_prediction_mask_ratio: 0.2430 (0.2430)  ignored_patch_ratio: 0.0085 (0.0085)  time: 0.1928  data: 0.0857  max mem: 1904
[16:54:10.387148] Epoch: [5]  [  20/1098]  eta: 0:02:07  lr: 0.000010  loss: 0.0086 (0.0315)  mae_m_mask: 0.4250 (0.4913)  rmse_m_mask: 0.5227 (0.6274)  normalized_mse_mask: 0.0086 (0.0315)  rmse_m_all: 13.6840 (12.4893)  actual_mask_ratio: 0.0747 (0.0747)  actual_prediction_mask_ratio: 0.2359 (0.2397)  ignored_patch_ratio: 0.0187 (0.0186)  time: 0.1147  data: 0.0001  max mem: 1904
[16:54:12.699922] Epoch: [5]  [  40/1098]  eta: 0:02:03  lr: 0.000010  loss: 0.0085 (0.0416)  mae_m_mask: 0.4564 (0.4868)  rmse_m_mask: 0.5582 (0.6358)  normalized_mse_mask: 0.0085 (0.0416)  rmse_m_all: 12.5837 (12.4515)  actual_mask_ratio: 0.0719 (0.0731)  actual_prediction_mask_ratio: 0.2354 (0.2367)  ignored_patch_ratio: 0.0159 (0.0201)  time: 0.1156  data: 0.0001  max mem: 1904
[16:54:15.018785] Epoch: [5]  [  60/1098]  eta: 0:02:01  lr: 0.000010  loss: 0.0041 (0.0358)  mae_m_mask: 0.4713 (0.4766)  rmse_m_mask: 0.5922 (0.6246)  normalized_mse_mask: 0.0041 (0.0358)  rmse_m_all: 12.4603 (12.4609)  actual_mask_ratio: 0.0705 (0.0727)  actual_prediction_mask_ratio: 0.2334 (0.2360)  ignored_patch_ratio: 0.0215 (0.0220)  time: 0.1159  data: 0.0001  max mem: 1904
[16:54:17.348639] Epoch: [5]  [  80/1098]  eta: 0:01:58  lr: 0.000010  loss: 0.0117 (0.0316)  mae_m_mask: 0.3662 (0.4586)  rmse_m_mask: 0.4638 (0.5975)  normalized_mse_mask: 0.0117 (0.0316)  rmse_m_all: 14.4273 (12.8187)  actual_mask_ratio: 0.0707 (0.0721)  actual_prediction_mask_ratio: 0.2330 (0.2339)  ignored_patch_ratio: 0.0221 (0.0224)  time: 0.1165  data: 0.0001  max mem: 1904
[16:54:19.715216] Epoch: [5]  [ 100/1098]  eta: 0:01:56  lr: 0.000010  loss: 0.0239 (0.0322)  mae_m_mask: 0.4276 (0.4562)  rmse_m_mask: 0.5671 (0.5951)  normalized_mse_mask: 0.0239 (0.0322)  rmse_m_all: 11.0986 (12.7037)  actual_mask_ratio: 0.0697 (0.0714)  actual_prediction_mask_ratio: 0.2234 (0.2326)  ignored_patch_ratio: 0.0187 (0.0219)  time: 0.1183  data: 0.0001  max mem: 1904
[16:54:22.022432] Epoch: [5]  [ 120/1098]  eta: 0:01:54  lr: 0.000010  loss: 0.0151 (0.0316)  mae_m_mask: 0.4714 (0.4675)  rmse_m_mask: 0.6866 (0.6174)  normalized_mse_mask: 0.0151 (0.0316)  rmse_m_all: 12.8379 (12.6803)  actual_mask_ratio: 0.0750 (0.0720)  actual_prediction_mask_ratio: 0.2406 (0.2333)  ignored_patch_ratio: 0.0176 (0.0212)  time: 0.1153  data: 0.0001  max mem: 1904
[16:54:24.337094] Epoch: [5]  [ 140/1098]  eta: 0:01:51  lr: 0.000010  loss: 0.0155 (0.0308)  mae_m_mask: 0.3656 (0.4584)  rmse_m_mask: 0.4731 (0.6068)  normalized_mse_mask: 0.0155 (0.0308)  rmse_m_all: 11.9030 (12.5762)  actual_mask_ratio: 0.0746 (0.0723)  actual_prediction_mask_ratio: 0.2293 (0.2333)  ignored_patch_ratio: 0.0142 (0.0211)  time: 0.1157  data: 0.0001  max mem: 1904
[16:54:26.652058] Epoch: [5]  [ 160/1098]  eta: 0:01:49  lr: 0.000010  loss: 0.0101 (0.0325)  mae_m_mask: 0.3983 (0.4551)  rmse_m_mask: 0.4619 (0.5990)  normalized_mse_mask: 0.0101 (0.0325)  rmse_m_all: 11.5423 (12.4615)  actual_mask_ratio: 0.0729 (0.0721)  actual_prediction_mask_ratio: 0.2310 (0.2327)  ignored_patch_ratio: 0.0176 (0.0213)  time: 0.1157  data: 0.0001  max mem: 1904
[16:54:29.109527] Epoch: [5]  [ 180/1098]  eta: 0:01:47  lr: 0.000010  loss: 0.0204 (0.0340)  mae_m_mask: 0.4372 (0.4551)  rmse_m_mask: 0.5734 (0.5985)  normalized_mse_mask: 0.0204 (0.0340)  rmse_m_all: 13.0508 (12.5462)  actual_mask_ratio: 0.0717 (0.0722)  actual_prediction_mask_ratio: 0.2338 (0.2330)  ignored_patch_ratio: 0.0176 (0.0212)  time: 0.1228  data: 0.0175  max mem: 1904
[16:54:33.114076] Epoch: [5]  [ 200/1098]  eta: 0:01:52  lr: 0.000010  loss: 0.0315 (0.0366)  mae_m_mask: 0.3927 (0.4528)  rmse_m_mask: 0.5209 (0.5963)  normalized_mse_mask: 0.0315 (0.0366)  rmse_m_all: 12.7389 (12.5489)  actual_mask_ratio: 0.0703 (0.0722)  actual_prediction_mask_ratio: 0.2339 (0.2331)  ignored_patch_ratio: 0.0261 (0.0219)  time: 0.2002  data: 0.1316  max mem: 1904
[16:54:35.425627] Epoch: [5]  [ 220/1098]  eta: 0:01:49  lr: 0.000010  loss: 0.0179 (0.0389)  mae_m_mask: 0.3768 (0.4545)  rmse_m_mask: 0.5486 (0.5979)  normalized_mse_mask: 0.0179 (0.0389)  rmse_m_all: 14.1357 (12.7216)  actual_mask_ratio: 0.0698 (0.0720)  actual_prediction_mask_ratio: 0.2280 (0.2329)  ignored_patch_ratio: 0.0278 (0.0225)  time: 0.1155  data: 0.0001  max mem: 1904
[16:54:37.726294] Epoch: [5]  [ 240/1098]  eta: 0:01:46  lr: 0.000010  loss: 0.0153 (0.0386)  mae_m_mask: 0.4080 (0.4546)  rmse_m_mask: 0.5087 (0.6001)  normalized_mse_mask: 0.0153 (0.0386)  rmse_m_all: 14.7524 (12.7905)  actual_mask_ratio: 0.0739 (0.0721)  actual_prediction_mask_ratio: 0.2367 (0.2330)  ignored_patch_ratio: 0.0181 (0.0226)  time: 0.1150  data: 0.0001  max mem: 1904
[16:54:40.001292] Epoch: [5]  [ 260/1098]  eta: 0:01:43  lr: 0.000010  loss: 0.0073 (0.0382)  mae_m_mask: 0.3541 (0.4511)  rmse_m_mask: 0.4769 (0.5946)  normalized_mse_mask: 0.0073 (0.0382)  rmse_m_all: 12.9266 (12.7370)  actual_mask_ratio: 0.0724 (0.0722)  actual_prediction_mask_ratio: 0.2392 (0.2334)  ignored_patch_ratio: 0.0136 (0.0223)  time: 0.1137  data: 0.0001  max mem: 1904
[16:54:42.307105] Epoch: [5]  [ 280/1098]  eta: 0:01:40  lr: 0.000010  loss: 0.0172 (0.0373)  mae_m_mask: 0.3349 (0.4479)  rmse_m_mask: 0.4846 (0.5939)  normalized_mse_mask: 0.0172 (0.0373)  rmse_m_all: 11.8323 (12.6715)  actual_mask_ratio: 0.0702 (0.0721)  actual_prediction_mask_ratio: 0.2270 (0.2332)  ignored_patch_ratio: 0.0159 (0.0222)  time: 0.1153  data: 0.0001  max mem: 1904
[16:54:44.626583] Epoch: [5]  [ 300/1098]  eta: 0:01:37  lr: 0.000010  loss: 0.0097 (0.0389)  mae_m_mask: 0.3793 (0.4468)  rmse_m_mask: 0.5255 (0.5925)  normalized_mse_mask: 0.0097 (0.0389)  rmse_m_all: 12.1057 (12.7069)  actual_mask_ratio: 0.0709 (0.0720)  actual_prediction_mask_ratio: 0.2246 (0.2329)  ignored_patch_ratio: 0.0153 (0.0222)  time: 0.1159  data: 0.0001  max mem: 1904
[16:54:46.956644] Epoch: [5]  [ 320/1098]  eta: 0:01:34  lr: 0.000010  loss: 0.0107 (0.0379)  mae_m_mask: 0.3839 (0.4451)  rmse_m_mask: 0.5517 (0.5938)  normalized_mse_mask: 0.0107 (0.0379)  rmse_m_all: 11.9922 (12.6857)  actual_mask_ratio: 0.0718 (0.0720)  actual_prediction_mask_ratio: 0.2352 (0.2329)  ignored_patch_ratio: 0.0181 (0.0223)  time: 0.1165  data: 0.0001  max mem: 1904
[16:54:49.277234] Epoch: [5]  [ 340/1098]  eta: 0:01:31  lr: 0.000010  loss: 0.0205 (0.0386)  mae_m_mask: 0.3420 (0.4420)  rmse_m_mask: 0.4291 (0.5897)  normalized_mse_mask: 0.0205 (0.0386)  rmse_m_all: 13.5847 (12.7179)  actual_mask_ratio: 0.0708 (0.0718)  actual_prediction_mask_ratio: 0.2232 (0.2323)  ignored_patch_ratio: 0.0221 (0.0225)  time: 0.1160  data: 0.0001  max mem: 1904
[16:54:51.593580] Epoch: [5]  [ 360/1098]  eta: 0:01:29  lr: 0.000010  loss: 0.0048 (0.0397)  mae_m_mask: 0.5144 (0.4451)  rmse_m_mask: 0.6620 (0.5922)  normalized_mse_mask: 0.0048 (0.0397)  rmse_m_all: 14.0742 (12.7859)  actual_mask_ratio: 0.0708 (0.0717)  actual_prediction_mask_ratio: 0.2294 (0.2321)  ignored_patch_ratio: 0.0221 (0.0226)  time: 0.1158  data: 0.0001  max mem: 1904
[16:54:53.909443] Epoch: [5]  [ 380/1098]  eta: 0:01:26  lr: 0.000010  loss: 0.0175 (0.0390)  mae_m_mask: 0.3688 (0.4428)  rmse_m_mask: 0.4578 (0.5886)  normalized_mse_mask: 0.0175 (0.0390)  rmse_m_all: 12.6699 (12.7745)  actual_mask_ratio: 0.0734 (0.0717)  actual_prediction_mask_ratio: 0.2302 (0.2318)  ignored_patch_ratio: 0.0210 (0.0226)  time: 0.1158  data: 0.0001  max mem: 1904
[16:54:56.210640] Epoch: [5]  [ 400/1098]  eta: 0:01:24  lr: 0.000010  loss: 0.0197 (0.0402)  mae_m_mask: 0.5083 (0.4465)  rmse_m_mask: 0.6018 (0.5943)  normalized_mse_mask: 0.0197 (0.0402)  rmse_m_all: 11.8514 (12.7368)  actual_mask_ratio: 0.0734 (0.0718)  actual_prediction_mask_ratio: 0.2304 (0.2320)  ignored_patch_ratio: 0.0176 (0.0223)  time: 0.1150  data: 0.0001  max mem: 1904
[16:54:58.551782] Epoch: [5]  [ 420/1098]  eta: 0:01:21  lr: 0.000010  loss: 0.0046 (0.0395)  mae_m_mask: 0.4143 (0.4476)  rmse_m_mask: 0.5075 (0.5960)  normalized_mse_mask: 0.0046 (0.0395)  rmse_m_all: 13.5534 (12.7541)  actual_mask_ratio: 0.0727 (0.0718)  actual_prediction_mask_ratio: 0.2363 (0.2321)  ignored_patch_ratio: 0.0221 (0.0224)  time: 0.1170  data: 0.0001  max mem: 1904
[16:55:00.879438] Epoch: [5]  [ 440/1098]  eta: 0:01:19  lr: 0.000010  loss: 0.0355 (0.0406)  mae_m_mask: 0.4741 (0.4484)  rmse_m_mask: 0.6036 (0.5970)  normalized_mse_mask: 0.0355 (0.0406)  rmse_m_all: 12.3360 (12.7287)  actual_mask_ratio: 0.0722 (0.0719)  actual_prediction_mask_ratio: 0.2296 (0.2321)  ignored_patch_ratio: 0.0181 (0.0222)  time: 0.1164  data: 0.0001  max mem: 1904
[16:55:03.188662] Epoch: [5]  [ 460/1098]  eta: 0:01:16  lr: 0.000010  loss: 0.0093 (0.0398)  mae_m_mask: 0.4568 (0.4497)  rmse_m_mask: 0.6348 (0.5991)  normalized_mse_mask: 0.0093 (0.0398)  rmse_m_all: 12.6566 (12.7317)  actual_mask_ratio: 0.0741 (0.0719)  actual_prediction_mask_ratio: 0.2425 (0.2324)  ignored_patch_ratio: 0.0193 (0.0221)  time: 0.1154  data: 0.0001  max mem: 1904
[16:55:05.504354] Epoch: [5]  [ 480/1098]  eta: 0:01:13  lr: 0.000010  loss: 0.0269 (0.0426)  mae_m_mask: 0.4924 (0.4524)  rmse_m_mask: 0.6392 (0.6020)  normalized_mse_mask: 0.0269 (0.0426)  rmse_m_all: 11.3630 (12.6906)  actual_mask_ratio: 0.0709 (0.0719)  actual_prediction_mask_ratio: 0.2339 (0.2324)  ignored_patch_ratio: 0.0170 (0.0220)  time: 0.1158  data: 0.0001  max mem: 1904
[16:55:07.812977] Epoch: [5]  [ 500/1098]  eta: 0:01:11  lr: 0.000010  loss: 0.0058 (0.0417)  mae_m_mask: 0.3922 (0.4505)  rmse_m_mask: 0.4950 (0.5989)  normalized_mse_mask: 0.0058 (0.0417)  rmse_m_all: 11.7364 (12.6800)  actual_mask_ratio: 0.0736 (0.0719)  actual_prediction_mask_ratio: 0.2285 (0.2322)  ignored_patch_ratio: 0.0187 (0.0220)  time: 0.1154  data: 0.0001  max mem: 1904
[16:55:10.099717] Epoch: [5]  [ 520/1098]  eta: 0:01:08  lr: 0.000010  loss: 0.0106 (0.0411)  mae_m_mask: 0.4620 (0.4507)  rmse_m_mask: 0.5974 (0.5990)  normalized_mse_mask: 0.0106 (0.0411)  rmse_m_all: 14.1295 (12.7290)  actual_mask_ratio: 0.0688 (0.0718)  actual_prediction_mask_ratio: 0.2215 (0.2319)  ignored_patch_ratio: 0.0198 (0.0219)  time: 0.1143  data: 0.0001  max mem: 1904
[16:55:12.394550] Epoch: [5]  [ 540/1098]  eta: 0:01:06  lr: 0.000010  loss: 0.0267 (0.0412)  mae_m_mask: 0.3872 (0.4507)  rmse_m_mask: 0.5912 (0.6007)  normalized_mse_mask: 0.0267 (0.0412)  rmse_m_all: 12.7566 (12.7184)  actual_mask_ratio: 0.0698 (0.0718)  actual_prediction_mask_ratio: 0.2317 (0.2319)  ignored_patch_ratio: 0.0119 (0.0217)  time: 0.1147  data: 0.0001  max mem: 1904
[16:55:14.694474] Epoch: [5]  [ 560/1098]  eta: 0:01:04  lr: 0.000010  loss: 0.0074 (0.0408)  mae_m_mask: 0.4756 (0.4521)  rmse_m_mask: 0.6039 (0.6027)  normalized_mse_mask: 0.0074 (0.0408)  rmse_m_all: 11.8831 (12.6733)  actual_mask_ratio: 0.0725 (0.0718)  actual_prediction_mask_ratio: 0.2343 (0.2322)  ignored_patch_ratio: 0.0130 (0.0216)  time: 0.1150  data: 0.0001  max mem: 1904
[16:55:17.007063] Epoch: [5]  [ 580/1098]  eta: 0:01:01  lr: 0.000010  loss: 0.0199 (0.0407)  mae_m_mask: 0.5156 (0.4544)  rmse_m_mask: 0.6780 (0.6069)  normalized_mse_mask: 0.0199 (0.0407)  rmse_m_all: 12.3458 (12.6465)  actual_mask_ratio: 0.0710 (0.0718)  actual_prediction_mask_ratio: 0.2350 (0.2323)  ignored_patch_ratio: 0.0193 (0.0216)  time: 0.1156  data: 0.0001  max mem: 1904
[16:55:19.316285] Epoch: [5]  [ 600/1098]  eta: 0:00:59  lr: 0.000010  loss: 0.0167 (0.0408)  mae_m_mask: 0.4297 (0.4552)  rmse_m_mask: 0.5270 (0.6081)  normalized_mse_mask: 0.0167 (0.0408)  rmse_m_all: 11.8750 (12.6103)  actual_mask_ratio: 0.0671 (0.0717)  actual_prediction_mask_ratio: 0.2294 (0.2322)  ignored_patch_ratio: 0.0221 (0.0217)  time: 0.1154  data: 0.0001  max mem: 1904
[16:55:21.628867] Epoch: [5]  [ 620/1098]  eta: 0:00:56  lr: 0.000010  loss: 0.0165 (0.0409)  mae_m_mask: 0.4244 (0.4553)  rmse_m_mask: 0.5980 (0.6081)  normalized_mse_mask: 0.0165 (0.0409)  rmse_m_all: 10.0221 (12.5532)  actual_mask_ratio: 0.0716 (0.0718)  actual_prediction_mask_ratio: 0.2357 (0.2323)  ignored_patch_ratio: 0.0130 (0.0215)  time: 0.1156  data: 0.0001  max mem: 1904
[16:55:23.949383] Epoch: [5]  [ 640/1098]  eta: 0:00:54  lr: 0.000010  loss: 0.0225 (0.0412)  mae_m_mask: 0.3794 (0.4549)  rmse_m_mask: 0.4830 (0.6077)  normalized_mse_mask: 0.0225 (0.0412)  rmse_m_all: 12.5309 (12.5639)  actual_mask_ratio: 0.0756 (0.0718)  actual_prediction_mask_ratio: 0.2400 (0.2326)  ignored_patch_ratio: 0.0187 (0.0215)  time: 0.1160  data: 0.0001  max mem: 1904
[16:55:26.259855] Epoch: [5]  [ 660/1098]  eta: 0:00:51  lr: 0.000010  loss: 0.0079 (0.0410)  mae_m_mask: 0.4214 (0.4549)  rmse_m_mask: 0.6020 (0.6073)  normalized_mse_mask: 0.0079 (0.0410)  rmse_m_all: 12.9274 (12.5693)  actual_mask_ratio: 0.0697 (0.0718)  actual_prediction_mask_ratio: 0.2285 (0.2325)  ignored_patch_ratio: 0.0249 (0.0216)  time: 0.1155  data: 0.0001  max mem: 1904
[16:55:28.562443] Epoch: [5]  [ 680/1098]  eta: 0:00:49  lr: 0.000010  loss: 0.0093 (0.0404)  mae_m_mask: 0.6312 (0.4602)  rmse_m_mask: 0.7638 (0.6140)  normalized_mse_mask: 0.0093 (0.0404)  rmse_m_all: 14.0978 (12.6177)  actual_mask_ratio: 0.0735 (0.0718)  actual_prediction_mask_ratio: 0.2311 (0.2325)  ignored_patch_ratio: 0.0181 (0.0215)  time: 0.1151  data: 0.0001  max mem: 1904
[16:55:30.844771] Epoch: [5]  [ 700/1098]  eta: 0:00:47  lr: 0.000010  loss: 0.0051 (0.0400)  mae_m_mask: 0.4116 (0.4599)  rmse_m_mask: 0.5366 (0.6129)  normalized_mse_mask: 0.0051 (0.0400)  rmse_m_all: 12.5765 (12.6382)  actual_mask_ratio: 0.0720 (0.0718)  actual_prediction_mask_ratio: 0.2248 (0.2322)  ignored_patch_ratio: 0.0249 (0.0216)  time: 0.1141  data: 0.0001  max mem: 1904
[16:55:33.137853] Epoch: [5]  [ 720/1098]  eta: 0:00:44  lr: 0.000010  loss: 0.0382 (0.0411)  mae_m_mask: 0.4148 (0.4607)  rmse_m_mask: 0.5501 (0.6145)  normalized_mse_mask: 0.0382 (0.0411)  rmse_m_all: 10.5917 (12.5916)  actual_mask_ratio: 0.0706 (0.0718)  actual_prediction_mask_ratio: 0.2257 (0.2322)  ignored_patch_ratio: 0.0153 (0.0216)  time: 0.1146  data: 0.0001  max mem: 1904
[16:55:35.429038] Epoch: [5]  [ 740/1098]  eta: 0:00:42  lr: 0.000010  loss: 0.0173 (0.0417)  mae_m_mask: 0.3825 (0.4613)  rmse_m_mask: 0.5436 (0.6154)  normalized_mse_mask: 0.0173 (0.0417)  rmse_m_all: 12.0500 (12.6053)  actual_mask_ratio: 0.0729 (0.0718)  actual_prediction_mask_ratio: 0.2338 (0.2322)  ignored_patch_ratio: 0.0187 (0.0216)  time: 0.1145  data: 0.0001  max mem: 1904
[16:55:37.699177] Epoch: [5]  [ 760/1098]  eta: 0:00:39  lr: 0.000010  loss: 0.0123 (0.0420)  mae_m_mask: 0.4904 (0.4629)  rmse_m_mask: 0.6045 (0.6192)  normalized_mse_mask: 0.0123 (0.0420)  rmse_m_all: 12.4688 (12.6059)  actual_mask_ratio: 0.0726 (0.0718)  actual_prediction_mask_ratio: 0.2342 (0.2324)  ignored_patch_ratio: 0.0221 (0.0216)  time: 0.1135  data: 0.0001  max mem: 1904
[16:55:39.968982] Epoch: [5]  [ 780/1098]  eta: 0:00:37  lr: 0.000010  loss: 0.0094 (0.0422)  mae_m_mask: 0.3914 (0.4607)  rmse_m_mask: 0.5453 (0.6166)  normalized_mse_mask: 0.0094 (0.0422)  rmse_m_all: 10.7279 (12.5836)  actual_mask_ratio: 0.0720 (0.0719)  actual_prediction_mask_ratio: 0.2353 (0.2324)  ignored_patch_ratio: 0.0227 (0.0216)  time: 0.1135  data: 0.0001  max mem: 1904
[16:55:42.226361] Epoch: [5]  [ 800/1098]  eta: 0:00:35  lr: 0.000010  loss: 0.0198 (0.0421)  mae_m_mask: 0.4916 (0.4618)  rmse_m_mask: 0.6648 (0.6189)  normalized_mse_mask: 0.0198 (0.0421)  rmse_m_all: 12.6411 (12.5790)  actual_mask_ratio: 0.0725 (0.0719)  actual_prediction_mask_ratio: 0.2377 (0.2325)  ignored_patch_ratio: 0.0198 (0.0215)  time: 0.1128  data: 0.0001  max mem: 1904
[16:55:44.505654] Epoch: [5]  [ 820/1098]  eta: 0:00:32  lr: 0.000010  loss: 0.0279 (0.0430)  mae_m_mask: 0.4284 (0.4617)  rmse_m_mask: 0.5446 (0.6186)  normalized_mse_mask: 0.0279 (0.0430)  rmse_m_all: 11.7154 (12.5378)  actual_mask_ratio: 0.0692 (0.0719)  actual_prediction_mask_ratio: 0.2336 (0.2325)  ignored_patch_ratio: 0.0147 (0.0215)  time: 0.1139  data: 0.0001  max mem: 1904
[16:55:46.787761] Epoch: [5]  [ 840/1098]  eta: 0:00:30  lr: 0.000010  loss: 0.0299 (0.0447)  mae_m_mask: 0.4678 (0.4617)  rmse_m_mask: 0.6145 (0.6190)  normalized_mse_mask: 0.0299 (0.0447)  rmse_m_all: 12.1029 (12.5255)  actual_mask_ratio: 0.0716 (0.0719)  actual_prediction_mask_ratio: 0.2365 (0.2325)  ignored_patch_ratio: 0.0142 (0.0215)  time: 0.1141  data: 0.0001  max mem: 1904
[16:55:49.049297] Epoch: [5]  [ 860/1098]  eta: 0:00:27  lr: 0.000010  loss: 0.0057 (0.0442)  mae_m_mask: 0.3141 (0.4596)  rmse_m_mask: 0.3847 (0.6159)  normalized_mse_mask: 0.0057 (0.0442)  rmse_m_all: 11.8855 (12.5101)  actual_mask_ratio: 0.0710 (0.0719)  actual_prediction_mask_ratio: 0.2292 (0.2325)  ignored_patch_ratio: 0.0142 (0.0214)  time: 0.1130  data: 0.0001  max mem: 1904
[16:55:51.311599] Epoch: [5]  [ 880/1098]  eta: 0:00:25  lr: 0.000010  loss: 0.0069 (0.0440)  mae_m_mask: 0.4772 (0.4611)  rmse_m_mask: 0.6709 (0.6179)  normalized_mse_mask: 0.0069 (0.0440)  rmse_m_all: 14.6528 (12.5499)  actual_mask_ratio: 0.0718 (0.0719)  actual_prediction_mask_ratio: 0.2297 (0.2325)  ignored_patch_ratio: 0.0232 (0.0215)  time: 0.1131  data: 0.0001  max mem: 1904
[16:55:53.604209] Epoch: [5]  [ 900/1098]  eta: 0:00:23  lr: 0.000010  loss: 0.0224 (0.0440)  mae_m_mask: 0.4037 (0.4610)  rmse_m_mask: 0.5016 (0.6171)  normalized_mse_mask: 0.0224 (0.0440)  rmse_m_all: 12.1680 (12.5298)  actual_mask_ratio: 0.0713 (0.0719)  actual_prediction_mask_ratio: 0.2290 (0.2325)  ignored_patch_ratio: 0.0215 (0.0215)  time: 0.1146  data: 0.0001  max mem: 1904
[16:55:55.881271] Epoch: [5]  [ 920/1098]  eta: 0:00:20  lr: 0.000010  loss: 0.0099 (0.0438)  mae_m_mask: 0.4411 (0.4619)  rmse_m_mask: 0.5910 (0.6173)  normalized_mse_mask: 0.0099 (0.0438)  rmse_m_all: 12.6673 (12.5250)  actual_mask_ratio: 0.0726 (0.0719)  actual_prediction_mask_ratio: 0.2342 (0.2325)  ignored_patch_ratio: 0.0136 (0.0214)  time: 0.1138  data: 0.0001  max mem: 1904
[16:55:58.124322] Epoch: [5]  [ 940/1098]  eta: 0:00:18  lr: 0.000010  loss: 0.0070 (0.0433)  mae_m_mask: 0.4356 (0.4626)  rmse_m_mask: 0.5963 (0.6185)  normalized_mse_mask: 0.0070 (0.0433)  rmse_m_all: 12.8412 (12.5291)  actual_mask_ratio: 0.0700 (0.0719)  actual_prediction_mask_ratio: 0.2306 (0.2325)  ignored_patch_ratio: 0.0176 (0.0214)  time: 0.1121  data: 0.0001  max mem: 1904
[16:56:00.380351] Epoch: [5]  [ 960/1098]  eta: 0:00:16  lr: 0.000010  loss: 0.0265 (0.0439)  mae_m_mask: 0.3640 (0.4623)  rmse_m_mask: 0.5139 (0.6178)  normalized_mse_mask: 0.0265 (0.0439)  rmse_m_all: 11.6515 (12.5322)  actual_mask_ratio: 0.0707 (0.0719)  actual_prediction_mask_ratio: 0.2323 (0.2325)  ignored_patch_ratio: 0.0153 (0.0214)  time: 0.1128  data: 0.0001  max mem: 1904
[16:56:02.641683] Epoch: [5]  [ 980/1098]  eta: 0:00:13  lr: 0.000010  loss: 0.0170 (0.0437)  mae_m_mask: 0.3400 (0.4614)  rmse_m_mask: 0.4944 (0.6164)  normalized_mse_mask: 0.0170 (0.0437)  rmse_m_all: 11.3629 (12.5170)  actual_mask_ratio: 0.0716 (0.0718)  actual_prediction_mask_ratio: 0.2283 (0.2324)  ignored_patch_ratio: 0.0170 (0.0214)  time: 0.1130  data: 0.0001  max mem: 1904
[16:56:04.860537] Epoch: [5]  [1000/1098]  eta: 0:00:11  lr: 0.000010  loss: 0.0149 (0.0438)  mae_m_mask: 0.4309 (0.4611)  rmse_m_mask: 0.5339 (0.6157)  normalized_mse_mask: 0.0149 (0.0438)  rmse_m_all: 10.8156 (12.5088)  actual_mask_ratio: 0.0701 (0.0718)  actual_prediction_mask_ratio: 0.2206 (0.2322)  ignored_patch_ratio: 0.0221 (0.0214)  time: 0.1109  data: 0.0001  max mem: 1904
[16:56:06.967548] Epoch: [5]  [1020/1098]  eta: 0:00:09  lr: 0.000010  loss: 0.0172 (0.0437)  mae_m_mask: 0.4039 (0.4604)  rmse_m_mask: 0.5536 (0.6148)  normalized_mse_mask: 0.0172 (0.0437)  rmse_m_all: 14.3815 (12.5283)  actual_mask_ratio: 0.0757 (0.0719)  actual_prediction_mask_ratio: 0.2339 (0.2324)  ignored_patch_ratio: 0.0215 (0.0215)  time: 0.1053  data: 0.0001  max mem: 1904
[16:56:09.143673] Epoch: [5]  [1040/1098]  eta: 0:00:06  lr: 0.000010  loss: 0.0106 (0.0434)  mae_m_mask: 0.4603 (0.4613)  rmse_m_mask: 0.5544 (0.6149)  normalized_mse_mask: 0.0106 (0.0434)  rmse_m_all: 13.3865 (12.5421)  actual_mask_ratio: 0.0714 (0.0719)  actual_prediction_mask_ratio: 0.2292 (0.2324)  ignored_patch_ratio: 0.0215 (0.0215)  time: 0.1088  data: 0.0001  max mem: 1904
[16:56:11.284115] Epoch: [5]  [1060/1098]  eta: 0:00:04  lr: 0.000010  loss: 0.0189 (0.0433)  mae_m_mask: 0.3761 (0.4606)  rmse_m_mask: 0.5131 (0.6142)  normalized_mse_mask: 0.0189 (0.0433)  rmse_m_all: 11.6262 (12.5398)  actual_mask_ratio: 0.0718 (0.0718)  actual_prediction_mask_ratio: 0.2277 (0.2323)  ignored_patch_ratio: 0.0181 (0.0215)  time: 0.1070  data: 0.0001  max mem: 1904
[16:56:13.460536] Epoch: [5]  [1080/1098]  eta: 0:00:02  lr: 0.000010  loss: 0.0075 (0.0431)  mae_m_mask: 0.3960 (0.4600)  rmse_m_mask: 0.5132 (0.6135)  normalized_mse_mask: 0.0075 (0.0431)  rmse_m_all: 14.5415 (12.5607)  actual_mask_ratio: 0.0694 (0.0718)  actual_prediction_mask_ratio: 0.2279 (0.2323)  ignored_patch_ratio: 0.0272 (0.0216)  time: 0.1088  data: 0.0001  max mem: 1904
[16:56:15.112544] Epoch: [5]  [1097/1098]  eta: 0:00:00  lr: 0.000010  loss: 0.0296 (0.0433)  mae_m_mask: 0.3563 (0.4600)  rmse_m_mask: 0.5419 (0.6140)  normalized_mse_mask: 0.0296 (0.0433)  rmse_m_all: 12.6563 (12.5455)  actual_mask_ratio: 0.0724 (0.0718)  actual_prediction_mask_ratio: 0.2324 (0.2323)  ignored_patch_ratio: 0.0164 (0.0216)  time: 0.0986  data: 0.0001  max mem: 1904
[16:56:15.141618] Epoch: [5] Total time: 0:02:07 (0.1159 s / it)
[16:56:15.142110] Averaged stats: {'lr': 9.948668300266147e-06, 'loss': 0.0422391903633291, 'mae_m_mask': 0.45793063118040805, 'rmse_m_mask': 0.6650455819867291, 'normalized_mse_mask': 0.0422391903633291, 'rmse_m_all': 12.545475383871024, 'actual_mask_ratio': 0.07183720068989122, 'actual_prediction_mask_ratio': 0.2323203143444869, 'ignored_patch_ratio': 0.021571367110493837, 'supervised_pixel_count': 21816230.0}
[16:56:15.281957] Val: [5]  [  0/194]  eta: 0:00:26  loss: 0.3208 (0.3208)  mae_m_mask: 0.5029 (0.5029)  rmse_m_mask: 0.6991 (0.6991)  normalized_mse_mask: 0.3208 (0.3208)  rmse_m_all: 1.0224 (1.0224)  actual_mask_ratio: 0.0709 (0.0709)  actual_prediction_mask_ratio: 0.2352 (0.2352)  ignored_patch_ratio: 0.0646 (0.0646)  time: 0.1373  data: 0.0833  max mem: 1904
[16:56:19.516691] Val: [5]  [ 50/194]  eta: 0:00:12  loss: 0.0164 (0.0691)  mae_m_mask: 0.6124 (0.6743)  rmse_m_mask: 0.7676 (0.8348)  normalized_mse_mask: 0.0164 (0.0691)  rmse_m_all: 10.2850 (7.7414)  actual_mask_ratio: 0.0626 (0.0699)  actual_prediction_mask_ratio: 0.2166 (0.2286)  ignored_patch_ratio: 0.0000 (0.0044)  time: 0.0743  data: 0.0001  max mem: 1904
[16:56:23.816586] Val: [5]  [100/194]  eta: 0:00:08  loss: 0.0313 (0.0694)  mae_m_mask: 0.6825 (0.6791)  rmse_m_mask: 0.8648 (0.8394)  normalized_mse_mask: 0.0313 (0.0694)  rmse_m_all: 4.9806 (7.5100)  actual_mask_ratio: 0.0590 (0.0682)  actual_prediction_mask_ratio: 0.2018 (0.2221)  ignored_patch_ratio: 0.0000 (0.0025)  time: 0.0865  data: 0.0001  max mem: 1904
[16:56:28.169179] Val: [5]  [150/194]  eta: 0:00:03  loss: 0.0058 (0.0667)  mae_m_mask: 0.7403 (0.7094)  rmse_m_mask: 0.9668 (0.8796)  normalized_mse_mask: 0.0058 (0.0667)  rmse_m_all: 14.6898 (8.3646)  actual_mask_ratio: 0.0697 (0.0675)  actual_prediction_mask_ratio: 0.2175 (0.2175)  ignored_patch_ratio: 0.0000 (0.0024)  time: 0.0868  data: 0.0001  max mem: 1904
[16:56:32.012552] Val: [5]  [193/194]  eta: 0:00:00  loss: 0.1275 (0.0741)  mae_m_mask: 0.5694 (0.7064)  rmse_m_mask: 0.7172 (0.8748)  normalized_mse_mask: 0.1275 (0.0741)  rmse_m_all: 1.5571 (8.8368)  actual_mask_ratio: 0.0624 (0.0663)  actual_prediction_mask_ratio: 0.1985 (0.2131)  ignored_patch_ratio: 0.0136 (0.0049)  time: 0.1057  data: 0.0544  max mem: 1904
[16:56:32.720453] Val: [5] Total time: 0:00:17 (0.0906 s / it)
[16:56:32.720939] val stats: {'loss': 0.07477009649279565, 'mae_m_mask': 0.6967767751833229, 'rmse_m_mask': 0.900161310539206, 'normalized_mse_mask': 0.07477009649279565, 'rmse_m_all': 8.83679104250731, 'actual_mask_ratio': 0.06633703996302541, 'actual_prediction_mask_ratio': 0.21313334448435872, 'ignored_patch_ratio': 0.00489066925245462, 'supervised_pixel_count': 3944867.0}
[16:56:37.246177] log_dir: /tank/data/SFS/xinyis/data/bathymetry/MAE-Topography/Downstream_Task_Bathy/cross_validation_v5_Stage2NormMSE_MeterSelect/runs/holdout_Santiam_D004Stage2NormMSE_MeterSelect_D001NoDataSafe/train_stage2_normMSE_meterSelect_OR_SantiamRiverTB_Topobathy_1_D23_fromStage1Best_e120_lr1e-5_b4_acc4/tb
[16:56:37.441861] Epoch: [6]  [   0/1098]  eta: 0:03:34  lr: 0.000010  loss: 0.1220 (0.1220)  mae_m_mask: 0.3452 (0.3452)  rmse_m_mask: 0.4700 (0.4700)  normalized_mse_mask: 0.1220 (0.1220)  rmse_m_all: 11.4417 (11.4417)  actual_mask_ratio: 0.0812 (0.0812)  actual_prediction_mask_ratio: 0.2459 (0.2459)  ignored_patch_ratio: 0.0085 (0.0085)  time: 0.1952  data: 0.0853  max mem: 1904
[16:56:39.775454] Epoch: [6]  [  20/1098]  eta: 0:02:09  lr: 0.000010  loss: 0.0054 (0.0327)  mae_m_mask: 0.4390 (0.4643)  rmse_m_mask: 0.5273 (0.6159)  normalized_mse_mask: 0.0054 (0.0327)  rmse_m_all: 12.9807 (13.2611)  actual_mask_ratio: 0.0711 (0.0729)  actual_prediction_mask_ratio: 0.2328 (0.2330)  ignored_patch_ratio: 0.0249 (0.0270)  time: 0.1166  data: 0.0001  max mem: 1904
[16:56:42.100834] Epoch: [6]  [  40/1098]  eta: 0:02:05  lr: 0.000010  loss: 0.0236 (0.0365)  mae_m_mask: 0.3624 (0.4263)  rmse_m_mask: 0.4973 (0.5568)  normalized_mse_mask: 0.0236 (0.0365)  rmse_m_all: 12.0724 (13.0408)  actual_mask_ratio: 0.0721 (0.0727)  actual_prediction_mask_ratio: 0.2305 (0.2326)  ignored_patch_ratio: 0.0261 (0.0251)  time: 0.1162  data: 0.0001  max mem: 1904
[16:56:44.426996] Epoch: [6]  [  60/1098]  eta: 0:02:02  lr: 0.000010  loss: 0.0240 (0.0380)  mae_m_mask: 0.3513 (0.4174)  rmse_m_mask: 0.4324 (0.5505)  normalized_mse_mask: 0.0240 (0.0380)  rmse_m_all: 12.9106 (13.0280)  actual_mask_ratio: 0.0726 (0.0729)  actual_prediction_mask_ratio: 0.2362 (0.2339)  ignored_patch_ratio: 0.0221 (0.0233)  time: 0.1163  data: 0.0001  max mem: 1904
[16:56:46.756229] Epoch: [6]  [  80/1098]  eta: 0:01:59  lr: 0.000010  loss: 0.0121 (0.0336)  mae_m_mask: 0.3769 (0.4208)  rmse_m_mask: 0.4985 (0.5555)  normalized_mse_mask: 0.0121 (0.0336)  rmse_m_all: 12.9949 (12.8982)  actual_mask_ratio: 0.0705 (0.0725)  actual_prediction_mask_ratio: 0.2306 (0.2332)  ignored_patch_ratio: 0.0238 (0.0237)  time: 0.1164  data: 0.0001  max mem: 1904
[16:56:49.089317] Epoch: [6]  [ 100/1098]  eta: 0:01:56  lr: 0.000010  loss: 0.0072 (0.0321)  mae_m_mask: 0.3290 (0.4061)  rmse_m_mask: 0.4528 (0.5391)  normalized_mse_mask: 0.0072 (0.0321)  rmse_m_all: 13.1534 (12.8609)  actual_mask_ratio: 0.0720 (0.0724)  actual_prediction_mask_ratio: 0.2320 (0.2333)  ignored_patch_ratio: 0.0204 (0.0232)  time: 0.1166  data: 0.0001  max mem: 1904
[16:56:51.419637] Epoch: [6]  [ 120/1098]  eta: 0:01:54  lr: 0.000010  loss: 0.0050 (0.0324)  mae_m_mask: 0.4438 (0.4218)  rmse_m_mask: 0.5977 (0.5581)  normalized_mse_mask: 0.0050 (0.0324)  rmse_m_all: 14.7448 (12.9970)  actual_mask_ratio: 0.0688 (0.0719)  actual_prediction_mask_ratio: 0.2293 (0.2321)  ignored_patch_ratio: 0.0164 (0.0233)  time: 0.1165  data: 0.0001  max mem: 1904
[16:56:53.750769] Epoch: [6]  [ 140/1098]  eta: 0:01:52  lr: 0.000010  loss: 0.0085 (0.0324)  mae_m_mask: 0.3274 (0.4199)  rmse_m_mask: 0.5011 (0.5582)  normalized_mse_mask: 0.0085 (0.0324)  rmse_m_all: 10.6070 (12.8800)  actual_mask_ratio: 0.0697 (0.0717)  actual_prediction_mask_ratio: 0.2323 (0.2322)  ignored_patch_ratio: 0.0193 (0.0237)  time: 0.1165  data: 0.0001  max mem: 1904
[16:56:56.080474] Epoch: [6]  [ 160/1098]  eta: 0:01:49  lr: 0.000010  loss: 0.0087 (0.0314)  mae_m_mask: 0.4170 (0.4214)  rmse_m_mask: 0.5208 (0.5590)  normalized_mse_mask: 0.0087 (0.0314)  rmse_m_all: 12.0640 (12.7947)  actual_mask_ratio: 0.0727 (0.0715)  actual_prediction_mask_ratio: 0.2295 (0.2319)  ignored_patch_ratio: 0.0170 (0.0236)  time: 0.1164  data: 0.0001  max mem: 1904
[16:56:58.411919] Epoch: [6]  [ 180/1098]  eta: 0:01:47  lr: 0.000010  loss: 0.0100 (0.0327)  mae_m_mask: 0.4108 (0.4275)  rmse_m_mask: 0.6076 (0.5655)  normalized_mse_mask: 0.0100 (0.0327)  rmse_m_all: 11.6849 (12.7542)  actual_mask_ratio: 0.0692 (0.0713)  actual_prediction_mask_ratio: 0.2281 (0.2314)  ignored_patch_ratio: 0.0232 (0.0236)  time: 0.1165  data: 0.0001  max mem: 1904
[16:57:00.739038] Epoch: [6]  [ 200/1098]  eta: 0:01:44  lr: 0.000010  loss: 0.0180 (0.0331)  mae_m_mask: 0.3775 (0.4238)  rmse_m_mask: 0.4892 (0.5614)  normalized_mse_mask: 0.0180 (0.0331)  rmse_m_all: 11.6706 (12.7015)  actual_mask_ratio: 0.0720 (0.0714)  actual_prediction_mask_ratio: 0.2347 (0.2317)  ignored_patch_ratio: 0.0176 (0.0234)  time: 0.1163  data: 0.0001  max mem: 1904
[16:57:03.070471] Epoch: [6]  [ 220/1098]  eta: 0:01:42  lr: 0.000010  loss: 0.0154 (0.0327)  mae_m_mask: 0.3865 (0.4232)  rmse_m_mask: 0.4996 (0.5614)  normalized_mse_mask: 0.0154 (0.0327)  rmse_m_all: 12.8512 (12.7752)  actual_mask_ratio: 0.0726 (0.0715)  actual_prediction_mask_ratio: 0.2337 (0.2318)  ignored_patch_ratio: 0.0249 (0.0239)  time: 0.1165  data: 0.0001  max mem: 1904
[16:57:05.396634] Epoch: [6]  [ 240/1098]  eta: 0:01:40  lr: 0.000010  loss: 0.0201 (0.0345)  mae_m_mask: 0.4139 (0.4284)  rmse_m_mask: 0.6267 (0.5697)  normalized_mse_mask: 0.0201 (0.0345)  rmse_m_all: 13.5639 (12.8156)  actual_mask_ratio: 0.0700 (0.0714)  actual_prediction_mask_ratio: 0.2271 (0.2312)  ignored_patch_ratio: 0.0198 (0.0240)  time: 0.1163  data: 0.0001  max mem: 1904
[16:57:07.722455] Epoch: [6]  [ 260/1098]  eta: 0:01:37  lr: 0.000010  loss: 0.0187 (0.0362)  mae_m_mask: 0.4232 (0.4355)  rmse_m_mask: 0.5788 (0.5775)  normalized_mse_mask: 0.0187 (0.0362)  rmse_m_all: 12.0790 (12.7943)  actual_mask_ratio: 0.0716 (0.0715)  actual_prediction_mask_ratio: 0.2350 (0.2315)  ignored_patch_ratio: 0.0221 (0.0244)  time: 0.1163  data: 0.0001  max mem: 1904
[16:57:10.054030] Epoch: [6]  [ 280/1098]  eta: 0:01:35  lr: 0.000010  loss: 0.0162 (0.0368)  mae_m_mask: 0.3144 (0.4286)  rmse_m_mask: 0.3923 (0.5713)  normalized_mse_mask: 0.0162 (0.0368)  rmse_m_all: 8.8028 (12.5886)  actual_mask_ratio: 0.0741 (0.0716)  actual_prediction_mask_ratio: 0.2381 (0.2317)  ignored_patch_ratio: 0.0113 (0.0237)  time: 0.1165  data: 0.0001  max mem: 1904
[16:57:12.383442] Epoch: [6]  [ 300/1098]  eta: 0:01:33  lr: 0.000010  loss: 0.0257 (0.0390)  mae_m_mask: 0.3624 (0.4264)  rmse_m_mask: 0.4415 (0.5684)  normalized_mse_mask: 0.0257 (0.0390)  rmse_m_all: 12.3534 (12.5789)  actual_mask_ratio: 0.0685 (0.0715)  actual_prediction_mask_ratio: 0.2293 (0.2318)  ignored_patch_ratio: 0.0159 (0.0232)  time: 0.1164  data: 0.0001  max mem: 1904
[16:57:14.718325] Epoch: [6]  [ 320/1098]  eta: 0:01:30  lr: 0.000010  loss: 0.0115 (0.0393)  mae_m_mask: 0.3320 (0.4218)  rmse_m_mask: 0.4456 (0.5628)  normalized_mse_mask: 0.0115 (0.0393)  rmse_m_all: 11.3913 (12.5048)  actual_mask_ratio: 0.0757 (0.0717)  actual_prediction_mask_ratio: 0.2317 (0.2319)  ignored_patch_ratio: 0.0159 (0.0230)  time: 0.1167  data: 0.0001  max mem: 1904
[16:57:17.046236] Epoch: [6]  [ 340/1098]  eta: 0:01:28  lr: 0.000010  loss: 0.0249 (0.0427)  mae_m_mask: 0.3680 (0.4206)  rmse_m_mask: 0.4902 (0.5611)  normalized_mse_mask: 0.0249 (0.0427)  rmse_m_all: 12.4546 (12.4842)  actual_mask_ratio: 0.0726 (0.0718)  actual_prediction_mask_ratio: 0.2295 (0.2319)  ignored_patch_ratio: 0.0159 (0.0228)  time: 0.1164  data: 0.0001  max mem: 1904
[16:57:19.375224] Epoch: [6]  [ 360/1098]  eta: 0:01:26  lr: 0.000010  loss: 0.0090 (0.0412)  mae_m_mask: 0.3709 (0.4226)  rmse_m_mask: 0.4467 (0.5656)  normalized_mse_mask: 0.0090 (0.0412)  rmse_m_all: 13.4774 (12.5689)  actual_mask_ratio: 0.0708 (0.0718)  actual_prediction_mask_ratio: 0.2230 (0.2317)  ignored_patch_ratio: 0.0198 (0.0227)  time: 0.1164  data: 0.0001  max mem: 1904
[16:57:21.706447] Epoch: [6]  [ 380/1098]  eta: 0:01:23  lr: 0.000010  loss: 0.0100 (0.0403)  mae_m_mask: 0.4100 (0.4236)  rmse_m_mask: 0.4658 (0.5669)  normalized_mse_mask: 0.0100 (0.0403)  rmse_m_all: 12.5850 (12.5951)  actual_mask_ratio: 0.0732 (0.0718)  actual_prediction_mask_ratio: 0.2338 (0.2318)  ignored_patch_ratio: 0.0210 (0.0227)  time: 0.1165  data: 0.0001  max mem: 1904
[16:57:24.035768] Epoch: [6]  [ 400/1098]  eta: 0:01:21  lr: 0.000010  loss: 0.0093 (0.0401)  mae_m_mask: 0.3568 (0.4207)  rmse_m_mask: 0.4486 (0.5624)  normalized_mse_mask: 0.0093 (0.0401)  rmse_m_all: 12.1455 (12.5994)  actual_mask_ratio: 0.0729 (0.0718)  actual_prediction_mask_ratio: 0.2322 (0.2318)  ignored_patch_ratio: 0.0215 (0.0228)  time: 0.1164  data: 0.0001  max mem: 1904
[16:57:26.361196] Epoch: [6]  [ 420/1098]  eta: 0:01:19  lr: 0.000010  loss: 0.0101 (0.0399)  mae_m_mask: 0.4953 (0.4268)  rmse_m_mask: 0.6264 (0.5693)  normalized_mse_mask: 0.0101 (0.0399)  rmse_m_all: 11.9103 (12.5914)  actual_mask_ratio: 0.0734 (0.0719)  actual_prediction_mask_ratio: 0.2371 (0.2322)  ignored_patch_ratio: 0.0187 (0.0227)  time: 0.1162  data: 0.0001  max mem: 1904
[16:57:28.686723] Epoch: [6]  [ 440/1098]  eta: 0:01:16  lr: 0.000010  loss: 0.0267 (0.0400)  mae_m_mask: 0.4141 (0.4267)  rmse_m_mask: 0.5258 (0.5688)  normalized_mse_mask: 0.0267 (0.0400)  rmse_m_all: 11.9671 (12.5747)  actual_mask_ratio: 0.0751 (0.0719)  actual_prediction_mask_ratio: 0.2367 (0.2323)  ignored_patch_ratio: 0.0176 (0.0225)  time: 0.1162  data: 0.0001  max mem: 1904
[16:57:31.013426] Epoch: [6]  [ 460/1098]  eta: 0:01:14  lr: 0.000010  loss: 0.0357 (0.0409)  mae_m_mask: 0.5066 (0.4306)  rmse_m_mask: 0.6689 (0.5750)  normalized_mse_mask: 0.0357 (0.0409)  rmse_m_all: 12.9913 (12.6035)  actual_mask_ratio: 0.0686 (0.0719)  actual_prediction_mask_ratio: 0.2313 (0.2323)  ignored_patch_ratio: 0.0159 (0.0223)  time: 0.1163  data: 0.0001  max mem: 1904
[16:57:33.345846] Epoch: [6]  [ 480/1098]  eta: 0:01:12  lr: 0.000010  loss: 0.0201 (0.0410)  mae_m_mask: 0.4474 (0.4350)  rmse_m_mask: 0.6758 (0.5820)  normalized_mse_mask: 0.0201 (0.0410)  rmse_m_all: 12.7968 (12.5920)  actual_mask_ratio: 0.0720 (0.0719)  actual_prediction_mask_ratio: 0.2299 (0.2323)  ignored_patch_ratio: 0.0142 (0.0221)  time: 0.1166  data: 0.0001  max mem: 1904
[16:57:35.681212] Epoch: [6]  [ 500/1098]  eta: 0:01:09  lr: 0.000010  loss: 0.0051 (0.0402)  mae_m_mask: 0.2981 (0.4339)  rmse_m_mask: 0.4093 (0.5796)  normalized_mse_mask: 0.0051 (0.0402)  rmse_m_all: 11.9283 (12.5777)  actual_mask_ratio: 0.0703 (0.0719)  actual_prediction_mask_ratio: 0.2358 (0.2324)  ignored_patch_ratio: 0.0187 (0.0220)  time: 0.1167  data: 0.0001  max mem: 1904
[16:57:38.015566] Epoch: [6]  [ 520/1098]  eta: 0:01:07  lr: 0.000010  loss: 0.0295 (0.0418)  mae_m_mask: 0.4811 (0.4342)  rmse_m_mask: 0.5932 (0.5806)  normalized_mse_mask: 0.0295 (0.0418)  rmse_m_all: 11.7259 (12.5676)  actual_mask_ratio: 0.0713 (0.0719)  actual_prediction_mask_ratio: 0.2312 (0.2323)  ignored_patch_ratio: 0.0176 (0.0221)  time: 0.1167  data: 0.0001  max mem: 1904
[16:57:40.345225] Epoch: [6]  [ 540/1098]  eta: 0:01:05  lr: 0.000010  loss: 0.0046 (0.0431)  mae_m_mask: 0.4546 (0.4361)  rmse_m_mask: 0.6158 (0.5830)  normalized_mse_mask: 0.0046 (0.0431)  rmse_m_all: 13.9668 (12.5880)  actual_mask_ratio: 0.0714 (0.0719)  actual_prediction_mask_ratio: 0.2346 (0.2324)  ignored_patch_ratio: 0.0153 (0.0220)  time: 0.1164  data: 0.0001  max mem: 1904
[16:57:42.676962] Epoch: [6]  [ 560/1098]  eta: 0:01:02  lr: 0.000010  loss: 0.0163 (0.0430)  mae_m_mask: 0.5185 (0.4397)  rmse_m_mask: 0.6600 (0.5867)  normalized_mse_mask: 0.0163 (0.0430)  rmse_m_all: 12.6934 (12.6144)  actual_mask_ratio: 0.0738 (0.0719)  actual_prediction_mask_ratio: 0.2357 (0.2325)  ignored_patch_ratio: 0.0232 (0.0221)  time: 0.1166  data: 0.0001  max mem: 1904
[16:57:45.006249] Epoch: [6]  [ 580/1098]  eta: 0:01:00  lr: 0.000010  loss: 0.0267 (0.0431)  mae_m_mask: 0.4305 (0.4400)  rmse_m_mask: 0.5443 (0.5861)  normalized_mse_mask: 0.0267 (0.0431)  rmse_m_all: 12.8895 (12.6438)  actual_mask_ratio: 0.0723 (0.0719)  actual_prediction_mask_ratio: 0.2262 (0.2325)  ignored_patch_ratio: 0.0176 (0.0220)  time: 0.1164  data: 0.0001  max mem: 1904
[16:57:47.241596] Epoch: [6]  [ 600/1098]  eta: 0:00:57  lr: 0.000010  loss: 0.0216 (0.0429)  mae_m_mask: 0.4048 (0.4394)  rmse_m_mask: 0.5358 (0.5857)  normalized_mse_mask: 0.0216 (0.0429)  rmse_m_all: 10.7829 (12.6202)  actual_mask_ratio: 0.0702 (0.0719)  actual_prediction_mask_ratio: 0.2340 (0.2325)  ignored_patch_ratio: 0.0130 (0.0218)  time: 0.1117  data: 0.0001  max mem: 1904
[16:57:49.482828] Epoch: [6]  [ 620/1098]  eta: 0:00:55  lr: 0.000010  loss: 0.0194 (0.0429)  mae_m_mask: 0.3928 (0.4399)  rmse_m_mask: 0.4846 (0.5856)  normalized_mse_mask: 0.0194 (0.0429)  rmse_m_all: 12.3882 (12.5966)  actual_mask_ratio: 0.0696 (0.0719)  actual_prediction_mask_ratio: 0.2307 (0.2326)  ignored_patch_ratio: 0.0181 (0.0218)  time: 0.1120  data: 0.0001  max mem: 1904
[16:57:51.732410] Epoch: [6]  [ 640/1098]  eta: 0:00:53  lr: 0.000010  loss: 0.0057 (0.0422)  mae_m_mask: 0.4484 (0.4411)  rmse_m_mask: 0.6019 (0.5870)  normalized_mse_mask: 0.0057 (0.0422)  rmse_m_all: 13.3681 (12.6293)  actual_mask_ratio: 0.0716 (0.0719)  actual_prediction_mask_ratio: 0.2345 (0.2327)  ignored_patch_ratio: 0.0210 (0.0218)  time: 0.1124  data: 0.0001  max mem: 1904
[16:57:53.977456] Epoch: [6]  [ 660/1098]  eta: 0:00:50  lr: 0.000010  loss: 0.0322 (0.0430)  mae_m_mask: 0.4461 (0.4422)  rmse_m_mask: 0.5522 (0.5888)  normalized_mse_mask: 0.0322 (0.0430)  rmse_m_all: 11.5572 (12.5994)  actual_mask_ratio: 0.0697 (0.0719)  actual_prediction_mask_ratio: 0.2291 (0.2326)  ignored_patch_ratio: 0.0164 (0.0217)  time: 0.1122  data: 0.0001  max mem: 1904
[16:57:56.242996] Epoch: [6]  [ 680/1098]  eta: 0:00:48  lr: 0.000010  loss: 0.0145 (0.0434)  mae_m_mask: 0.3807 (0.4413)  rmse_m_mask: 0.4971 (0.5875)  normalized_mse_mask: 0.0145 (0.0434)  rmse_m_all: 13.9574 (12.6137)  actual_mask_ratio: 0.0707 (0.0718)  actual_prediction_mask_ratio: 0.2313 (0.2324)  ignored_patch_ratio: 0.0255 (0.0218)  time: 0.1132  data: 0.0001  max mem: 1904
[16:57:58.500809] Epoch: [6]  [ 700/1098]  eta: 0:00:46  lr: 0.000010  loss: 0.0077 (0.0434)  mae_m_mask: 0.4095 (0.4422)  rmse_m_mask: 0.6485 (0.5893)  normalized_mse_mask: 0.0077 (0.0434)  rmse_m_all: 12.1086 (12.5962)  actual_mask_ratio: 0.0703 (0.0718)  actual_prediction_mask_ratio: 0.2330 (0.2324)  ignored_patch_ratio: 0.0272 (0.0220)  time: 0.1129  data: 0.0001  max mem: 1904
[16:58:00.749020] Epoch: [6]  [ 720/1098]  eta: 0:00:43  lr: 0.000010  loss: 0.0142 (0.0436)  mae_m_mask: 0.3733 (0.4414)  rmse_m_mask: 0.5213 (0.5888)  normalized_mse_mask: 0.0142 (0.0436)  rmse_m_all: 10.1839 (12.5281)  actual_mask_ratio: 0.0713 (0.0718)  actual_prediction_mask_ratio: 0.2419 (0.2326)  ignored_patch_ratio: 0.0096 (0.0218)  time: 0.1124  data: 0.0001  max mem: 1904
[16:58:03.000428] Epoch: [6]  [ 740/1098]  eta: 0:00:41  lr: 0.000010  loss: 0.0067 (0.0432)  mae_m_mask: 0.4734 (0.4424)  rmse_m_mask: 0.5855 (0.5896)  normalized_mse_mask: 0.0067 (0.0432)  rmse_m_all: 14.3644 (12.5840)  actual_mask_ratio: 0.0680 (0.0718)  actual_prediction_mask_ratio: 0.2200 (0.2324)  ignored_patch_ratio: 0.0244 (0.0220)  time: 0.1125  data: 0.0001  max mem: 1904
[16:58:05.267294] Epoch: [6]  [ 760/1098]  eta: 0:00:39  lr: 0.000010  loss: 0.0153 (0.0433)  mae_m_mask: 0.3445 (0.4407)  rmse_m_mask: 0.4839 (0.5877)  normalized_mse_mask: 0.0153 (0.0433)  rmse_m_all: 12.6583 (12.5899)  actual_mask_ratio: 0.0721 (0.0718)  actual_prediction_mask_ratio: 0.2302 (0.2323)  ignored_patch_ratio: 0.0176 (0.0220)  time: 0.1133  data: 0.0001  max mem: 1904
[16:58:07.530490] Epoch: [6]  [ 780/1098]  eta: 0:00:36  lr: 0.000010  loss: 0.0188 (0.0431)  mae_m_mask: 0.3539 (0.4393)  rmse_m_mask: 0.5042 (0.5861)  normalized_mse_mask: 0.0188 (0.0431)  rmse_m_all: 13.2003 (12.6009)  actual_mask_ratio: 0.0712 (0.0718)  actual_prediction_mask_ratio: 0.2335 (0.2322)  ignored_patch_ratio: 0.0193 (0.0220)  time: 0.1131  data: 0.0001  max mem: 1904
[16:58:09.792391] Epoch: [6]  [ 800/1098]  eta: 0:00:34  lr: 0.000010  loss: 0.0066 (0.0431)  mae_m_mask: 0.5057 (0.4419)  rmse_m_mask: 0.6720 (0.5887)  normalized_mse_mask: 0.0066 (0.0431)  rmse_m_all: 13.5336 (12.6372)  actual_mask_ratio: 0.0729 (0.0718)  actual_prediction_mask_ratio: 0.2351 (0.2323)  ignored_patch_ratio: 0.0170 (0.0219)  time: 0.1131  data: 0.0001  max mem: 1904
[16:58:12.057895] Epoch: [6]  [ 820/1098]  eta: 0:00:32  lr: 0.000010  loss: 0.0077 (0.0427)  mae_m_mask: 0.4318 (0.4425)  rmse_m_mask: 0.5787 (0.5888)  normalized_mse_mask: 0.0077 (0.0427)  rmse_m_all: 11.8564 (12.6342)  actual_mask_ratio: 0.0736 (0.0718)  actual_prediction_mask_ratio: 0.2325 (0.2323)  ignored_patch_ratio: 0.0153 (0.0218)  time: 0.1132  data: 0.0001  max mem: 1904
[16:58:14.300678] Epoch: [6]  [ 840/1098]  eta: 0:00:29  lr: 0.000010  loss: 0.0210 (0.0422)  mae_m_mask: 0.3501 (0.4417)  rmse_m_mask: 0.4343 (0.5876)  normalized_mse_mask: 0.0210 (0.0422)  rmse_m_all: 13.7993 (12.6508)  actual_mask_ratio: 0.0697 (0.0718)  actual_prediction_mask_ratio: 0.2290 (0.2323)  ignored_patch_ratio: 0.0232 (0.0218)  time: 0.1121  data: 0.0001  max mem: 1904
[16:58:16.561741] Epoch: [6]  [ 860/1098]  eta: 0:00:27  lr: 0.000010  loss: 0.0326 (0.0424)  mae_m_mask: 0.3721 (0.4407)  rmse_m_mask: 0.4660 (0.5866)  normalized_mse_mask: 0.0326 (0.0424)  rmse_m_all: 11.6294 (12.6165)  actual_mask_ratio: 0.0709 (0.0718)  actual_prediction_mask_ratio: 0.2329 (0.2322)  ignored_patch_ratio: 0.0227 (0.0218)  time: 0.1130  data: 0.0001  max mem: 1904
[16:58:18.815993] Epoch: [6]  [ 880/1098]  eta: 0:00:25  lr: 0.000010  loss: 0.0061 (0.0423)  mae_m_mask: 0.4042 (0.4421)  rmse_m_mask: 0.6601 (0.5891)  normalized_mse_mask: 0.0061 (0.0423)  rmse_m_all: 13.0195 (12.6280)  actual_mask_ratio: 0.0748 (0.0718)  actual_prediction_mask_ratio: 0.2353 (0.2323)  ignored_patch_ratio: 0.0153 (0.0218)  time: 0.1127  data: 0.0001  max mem: 1904
[16:58:21.085196] Epoch: [6]  [ 900/1098]  eta: 0:00:22  lr: 0.000010  loss: 0.0144 (0.0424)  mae_m_mask: 0.4276 (0.4423)  rmse_m_mask: 0.5434 (0.5902)  normalized_mse_mask: 0.0144 (0.0424)  rmse_m_all: 11.8206 (12.6053)  actual_mask_ratio: 0.0737 (0.0718)  actual_prediction_mask_ratio: 0.2368 (0.2323)  ignored_patch_ratio: 0.0142 (0.0217)  time: 0.1134  data: 0.0001  max mem: 1904
[16:58:23.340424] Epoch: [6]  [ 920/1098]  eta: 0:00:20  lr: 0.000010  loss: 0.0287 (0.0427)  mae_m_mask: 0.3878 (0.4421)  rmse_m_mask: 0.4680 (0.5894)  normalized_mse_mask: 0.0287 (0.0427)  rmse_m_all: 12.9804 (12.5986)  actual_mask_ratio: 0.0697 (0.0718)  actual_prediction_mask_ratio: 0.2286 (0.2322)  ignored_patch_ratio: 0.0204 (0.0217)  time: 0.1127  data: 0.0001  max mem: 1904
[16:58:25.604871] Epoch: [6]  [ 940/1098]  eta: 0:00:18  lr: 0.000010  loss: 0.0089 (0.0422)  mae_m_mask: 0.4250 (0.4439)  rmse_m_mask: 0.5948 (0.5909)  normalized_mse_mask: 0.0089 (0.0422)  rmse_m_all: 11.6425 (12.5741)  actual_mask_ratio: 0.0702 (0.0718)  actual_prediction_mask_ratio: 0.2288 (0.2321)  ignored_patch_ratio: 0.0187 (0.0217)  time: 0.1132  data: 0.0001  max mem: 1904
[16:58:27.882195] Epoch: [6]  [ 960/1098]  eta: 0:00:15  lr: 0.000010  loss: 0.0118 (0.0420)  mae_m_mask: 0.4022 (0.4439)  rmse_m_mask: 0.5618 (0.5905)  normalized_mse_mask: 0.0118 (0.0420)  rmse_m_all: 12.8356 (12.5593)  actual_mask_ratio: 0.0721 (0.0718)  actual_prediction_mask_ratio: 0.2280 (0.2321)  ignored_patch_ratio: 0.0159 (0.0216)  time: 0.1138  data: 0.0001  max mem: 1904
[16:58:30.069668] Epoch: [6]  [ 980/1098]  eta: 0:00:13  lr: 0.000010  loss: 0.0054 (0.0416)  mae_m_mask: 0.4349 (0.4440)  rmse_m_mask: 0.5665 (0.5905)  normalized_mse_mask: 0.0054 (0.0416)  rmse_m_all: 13.2074 (12.5809)  actual_mask_ratio: 0.0721 (0.0718)  actual_prediction_mask_ratio: 0.2323 (0.2322)  ignored_patch_ratio: 0.0147 (0.0216)  time: 0.1093  data: 0.0001  max mem: 1904
[16:58:32.251075] Epoch: [6]  [1000/1098]  eta: 0:00:11  lr: 0.000010  loss: 0.0288 (0.0419)  mae_m_mask: 0.4302 (0.4446)  rmse_m_mask: 0.5764 (0.5914)  normalized_mse_mask: 0.0288 (0.0419)  rmse_m_all: 11.6290 (12.5776)  actual_mask_ratio: 0.0746 (0.0718)  actual_prediction_mask_ratio: 0.2363 (0.2323)  ignored_patch_ratio: 0.0164 (0.0216)  time: 0.1090  data: 0.0001  max mem: 1904
[16:58:34.714565] Epoch: [6]  [1020/1098]  eta: 0:00:08  lr: 0.000010  loss: 0.0038 (0.0414)  mae_m_mask: 0.3632 (0.4433)  rmse_m_mask: 0.4717 (0.5898)  normalized_mse_mask: 0.0038 (0.0414)  rmse_m_all: 11.6542 (12.5710)  actual_mask_ratio: 0.0698 (0.0718)  actual_prediction_mask_ratio: 0.2268 (0.2322)  ignored_patch_ratio: 0.0153 (0.0215)  time: 0.1231  data: 0.0494  max mem: 1904
[16:58:36.424094] Epoch: [6]  [1040/1098]  eta: 0:00:06  lr: 0.000010  loss: 0.0112 (0.0417)  mae_m_mask: 0.4014 (0.4442)  rmse_m_mask: 0.5963 (0.5908)  normalized_mse_mask: 0.0112 (0.0417)  rmse_m_all: 11.6425 (12.5640)  actual_mask_ratio: 0.0733 (0.0718)  actual_prediction_mask_ratio: 0.2378 (0.2323)  ignored_patch_ratio: 0.0193 (0.0215)  time: 0.0854  data: 0.0001  max mem: 1904
[16:58:38.638960] Epoch: [6]  [1060/1098]  eta: 0:00:04  lr: 0.000010  loss: 0.0184 (0.0417)  mae_m_mask: 0.4828 (0.4453)  rmse_m_mask: 0.6567 (0.5922)  normalized_mse_mask: 0.0184 (0.0417)  rmse_m_all: 12.3238 (12.5616)  actual_mask_ratio: 0.0702 (0.0718)  actual_prediction_mask_ratio: 0.2295 (0.2322)  ignored_patch_ratio: 0.0232 (0.0216)  time: 0.1107  data: 0.0001  max mem: 1904
[16:58:40.913099] Epoch: [6]  [1080/1098]  eta: 0:00:02  lr: 0.000010  loss: 0.0066 (0.0417)  mae_m_mask: 0.3879 (0.4449)  rmse_m_mask: 0.5712 (0.5925)  normalized_mse_mask: 0.0066 (0.0417)  rmse_m_all: 11.1125 (12.5436)  actual_mask_ratio: 0.0711 (0.0718)  actual_prediction_mask_ratio: 0.2307 (0.2323)  ignored_patch_ratio: 0.0198 (0.0216)  time: 0.1137  data: 0.0001  max mem: 1904
[16:58:42.819621] Epoch: [6]  [1097/1098]  eta: 0:00:00  lr: 0.000010  loss: 0.0256 (0.0423)  mae_m_mask: 0.4483 (0.4448)  rmse_m_mask: 0.5712 (0.5921)  normalized_mse_mask: 0.0256 (0.0423)  rmse_m_all: 12.4316 (12.5361)  actual_mask_ratio: 0.0730 (0.0718)  actual_prediction_mask_ratio: 0.2336 (0.2323)  ignored_patch_ratio: 0.0227 (0.0216)  time: 0.1125  data: 0.0001  max mem: 1904
[16:58:42.891039] Epoch: [6] Total time: 0:02:05 (0.1144 s / it)
[16:58:42.892310] Averaged stats: {'lr': 9.928403104538875e-06, 'loss': 0.04179775878581496, 'mae_m_mask': 0.44364580196706976, 'rmse_m_mask': 0.6424820433631996, 'normalized_mse_mask': 0.04179775878581496, 'rmse_m_all': 12.536053385510906, 'actual_mask_ratio': 0.07183579699847108, 'actual_prediction_mask_ratio': 0.23231405532750926, 'ignored_patch_ratio': 0.021571366676215918, 'supervised_pixel_count': 21816230.0}
[16:58:43.059972] Val: [6]  [  0/194]  eta: 0:00:32  loss: 0.2937 (0.2937)  mae_m_mask: 0.4572 (0.4572)  rmse_m_mask: 0.6674 (0.6674)  normalized_mse_mask: 0.2937 (0.2937)  rmse_m_all: 1.0238 (1.0238)  actual_mask_ratio: 0.0709 (0.0709)  actual_prediction_mask_ratio: 0.2352 (0.2352)  ignored_patch_ratio: 0.0646 (0.0646)  time: 0.1651  data: 0.0786  max mem: 1904
[16:58:47.471596] Val: [6]  [ 50/194]  eta: 0:00:12  loss: 0.0134 (0.0629)  mae_m_mask: 0.6662 (0.7299)  rmse_m_mask: 0.8601 (0.8945)  normalized_mse_mask: 0.0134 (0.0629)  rmse_m_all: 10.2963 (7.7403)  actual_mask_ratio: 0.0626 (0.0699)  actual_prediction_mask_ratio: 0.2166 (0.2286)  ignored_patch_ratio: 0.0000 (0.0044)  time: 0.0880  data: 0.0001  max mem: 1904
[16:58:51.871424] Val: [6]  [100/194]  eta: 0:00:08  loss: 0.0354 (0.0654)  mae_m_mask: 0.7863 (0.7270)  rmse_m_mask: 0.9638 (0.8913)  normalized_mse_mask: 0.0354 (0.0654)  rmse_m_all: 4.9871 (7.5134)  actual_mask_ratio: 0.0590 (0.0682)  actual_prediction_mask_ratio: 0.2018 (0.2221)  ignored_patch_ratio: 0.0000 (0.0025)  time: 0.0875  data: 0.0001  max mem: 1904
[16:58:56.485317] Val: [6]  [150/194]  eta: 0:00:03  loss: 0.0059 (0.0620)  mae_m_mask: 0.8185 (0.7643)  rmse_m_mask: 1.0195 (0.9351)  normalized_mse_mask: 0.0059 (0.0620)  rmse_m_all: 14.6757 (8.3700)  actual_mask_ratio: 0.0697 (0.0675)  actual_prediction_mask_ratio: 0.2175 (0.2175)  ignored_patch_ratio: 0.0000 (0.0024)  time: 0.1117  data: 0.0586  max mem: 1904
[16:58:59.434555] Val: [6]  [193/194]  eta: 0:00:00  loss: 0.1211 (0.0693)  mae_m_mask: 0.5801 (0.7615)  rmse_m_mask: 0.7275 (0.9303)  normalized_mse_mask: 0.1211 (0.0693)  rmse_m_all: 1.5703 (8.8403)  actual_mask_ratio: 0.0624 (0.0663)  actual_prediction_mask_ratio: 0.1985 (0.2131)  ignored_patch_ratio: 0.0136 (0.0049)  time: 0.0845  data: 0.0001  max mem: 1904
[16:58:59.476880] Val: [6] Total time: 0:00:16 (0.0855 s / it)
[16:58:59.480897] val stats: {'loss': 0.06979552706636019, 'mae_m_mask': 0.7489053862985114, 'rmse_m_mask': 0.9650044359156257, 'normalized_mse_mask': 0.06979552706636019, 'rmse_m_all': 8.840276142371069, 'actual_mask_ratio': 0.06633703996302541, 'actual_prediction_mask_ratio': 0.21313334448435872, 'ignored_patch_ratio': 0.00489066925245462, 'supervised_pixel_count': 3944867.0}
[16:59:03.451343] log_dir: /tank/data/SFS/xinyis/data/bathymetry/MAE-Topography/Downstream_Task_Bathy/cross_validation_v5_Stage2NormMSE_MeterSelect/runs/holdout_Santiam_D004Stage2NormMSE_MeterSelect_D001NoDataSafe/train_stage2_normMSE_meterSelect_OR_SantiamRiverTB_Topobathy_1_D23_fromStage1Best_e120_lr1e-5_b4_acc4/tb
[16:59:03.642757] Epoch: [7]  [   0/1098]  eta: 0:03:29  lr: 0.000010  loss: 0.0175 (0.0175)  mae_m_mask: 0.5362 (0.5362)  rmse_m_mask: 0.7395 (0.7395)  normalized_mse_mask: 0.0175 (0.0175)  rmse_m_all: 11.8302 (11.8302)  actual_mask_ratio: 0.0648 (0.0648)  actual_prediction_mask_ratio: 0.2120 (0.2120)  ignored_patch_ratio: 0.0108 (0.0108)  time: 0.1909  data: 0.0767  max mem: 1904
[16:59:05.958026] Epoch: [7]  [  20/1098]  eta: 0:02:08  lr: 0.000010  loss: 0.0123 (0.0392)  mae_m_mask: 0.5635 (0.5878)  rmse_m_mask: 0.6499 (0.7489)  normalized_mse_mask: 0.0123 (0.0392)  rmse_m_all: 13.0522 (13.1191)  actual_mask_ratio: 0.0713 (0.0721)  actual_prediction_mask_ratio: 0.2341 (0.2348)  ignored_patch_ratio: 0.0153 (0.0173)  time: 0.1157  data: 0.0001  max mem: 1904
[16:59:08.272675] Epoch: [7]  [  40/1098]  eta: 0:02:04  lr: 0.000010  loss: 0.0136 (0.0465)  mae_m_mask: 0.6187 (0.6155)  rmse_m_mask: 0.8371 (0.7924)  normalized_mse_mask: 0.0136 (0.0465)  rmse_m_all: 12.2847 (13.0359)  actual_mask_ratio: 0.0721 (0.0714)  actual_prediction_mask_ratio: 0.2321 (0.2321)  ignored_patch_ratio: 0.0181 (0.0191)  time: 0.1157  data: 0.0001  max mem: 1904
[16:59:10.554166] Epoch: [7]  [  60/1098]  eta: 0:02:00  lr: 0.000010  loss: 0.0282 (0.0542)  mae_m_mask: 0.4611 (0.5868)  rmse_m_mask: 0.5596 (0.7577)  normalized_mse_mask: 0.0282 (0.0542)  rmse_m_all: 11.6585 (12.8816)  actual_mask_ratio: 0.0717 (0.0714)  actual_prediction_mask_ratio: 0.2358 (0.2330)  ignored_patch_ratio: 0.0113 (0.0175)  time: 0.1140  data: 0.0001  max mem: 1904
[16:59:12.858838] Epoch: [7]  [  80/1098]  eta: 0:01:58  lr: 0.000010  loss: 0.0037 (0.0498)  mae_m_mask: 0.4415 (0.5578)  rmse_m_mask: 0.5902 (0.7217)  normalized_mse_mask: 0.0037 (0.0498)  rmse_m_all: 13.8469 (13.3013)  actual_mask_ratio: 0.0706 (0.0714)  actual_prediction_mask_ratio: 0.2352 (0.2329)  ignored_patch_ratio: 0.0170 (0.0179)  time: 0.1152  data: 0.0001  max mem: 1904
[16:59:15.171177] Epoch: [7]  [ 100/1098]  eta: 0:01:55  lr: 0.000010  loss: 0.0191 (0.0465)  mae_m_mask: 0.4700 (0.5409)  rmse_m_mask: 0.6581 (0.7067)  normalized_mse_mask: 0.0191 (0.0465)  rmse_m_all: 13.3613 (13.3867)  actual_mask_ratio: 0.0710 (0.0712)  actual_prediction_mask_ratio: 0.2320 (0.2324)  ignored_patch_ratio: 0.0238 (0.0196)  time: 0.1156  data: 0.0001  max mem: 1904
[16:59:17.478519] Epoch: [7]  [ 120/1098]  eta: 0:01:53  lr: 0.000010  loss: 0.0075 (0.0424)  mae_m_mask: 0.4032 (0.5193)  rmse_m_mask: 0.5062 (0.6793)  normalized_mse_mask: 0.0075 (0.0424)  rmse_m_all: 13.0477 (13.1865)  actual_mask_ratio: 0.0730 (0.0715)  actual_prediction_mask_ratio: 0.2359 (0.2326)  ignored_patch_ratio: 0.0227 (0.0205)  time: 0.1153  data: 0.0001  max mem: 1904
[16:59:19.784938] Epoch: [7]  [ 140/1098]  eta: 0:01:50  lr: 0.000010  loss: 0.0157 (0.0528)  mae_m_mask: 0.4313 (0.5105)  rmse_m_mask: 0.5963 (0.6677)  normalized_mse_mask: 0.0157 (0.0528)  rmse_m_all: 12.8388 (13.0782)  actual_mask_ratio: 0.0703 (0.0715)  actual_prediction_mask_ratio: 0.2307 (0.2322)  ignored_patch_ratio: 0.0215 (0.0210)  time: 0.1153  data: 0.0001  max mem: 1904
[16:59:22.091199] Epoch: [7]  [ 160/1098]  eta: 0:01:48  lr: 0.000010  loss: 0.0134 (0.0504)  mae_m_mask: 0.4436 (0.5064)  rmse_m_mask: 0.6041 (0.6639)  normalized_mse_mask: 0.0134 (0.0504)  rmse_m_all: 13.8796 (13.1338)  actual_mask_ratio: 0.0726 (0.0716)  actual_prediction_mask_ratio: 0.2368 (0.2324)  ignored_patch_ratio: 0.0289 (0.0214)  time: 0.1153  data: 0.0001  max mem: 1904
[16:59:24.405176] Epoch: [7]  [ 180/1098]  eta: 0:01:46  lr: 0.000010  loss: 0.0083 (0.0484)  mae_m_mask: 0.3351 (0.4950)  rmse_m_mask: 0.4936 (0.6483)  normalized_mse_mask: 0.0083 (0.0484)  rmse_m_all: 12.9840 (13.0760)  actual_mask_ratio: 0.0686 (0.0713)  actual_prediction_mask_ratio: 0.2261 (0.2322)  ignored_patch_ratio: 0.0198 (0.0214)  time: 0.1157  data: 0.0001  max mem: 1904
[16:59:26.689421] Epoch: [7]  [ 200/1098]  eta: 0:01:43  lr: 0.000010  loss: 0.0210 (0.0479)  mae_m_mask: 0.4166 (0.4886)  rmse_m_mask: 0.4985 (0.6424)  normalized_mse_mask: 0.0210 (0.0479)  rmse_m_all: 11.0382 (12.9550)  actual_mask_ratio: 0.0713 (0.0715)  actual_prediction_mask_ratio: 0.2300 (0.2321)  ignored_patch_ratio: 0.0193 (0.0213)  time: 0.1142  data: 0.0001  max mem: 1904
[16:59:29.005849] Epoch: [7]  [ 220/1098]  eta: 0:01:41  lr: 0.000010  loss: 0.0201 (0.0467)  mae_m_mask: 0.3953 (0.4793)  rmse_m_mask: 0.5468 (0.6316)  normalized_mse_mask: 0.0201 (0.0467)  rmse_m_all: 10.8017 (12.7824)  actual_mask_ratio: 0.0715 (0.0716)  actual_prediction_mask_ratio: 0.2296 (0.2323)  ignored_patch_ratio: 0.0193 (0.0214)  time: 0.1158  data: 0.0001  max mem: 1904
[16:59:31.309518] Epoch: [7]  [ 240/1098]  eta: 0:01:39  lr: 0.000010  loss: 0.0046 (0.0440)  mae_m_mask: 0.5264 (0.4831)  rmse_m_mask: 0.6814 (0.6369)  normalized_mse_mask: 0.0046 (0.0440)  rmse_m_all: 12.4691 (12.7502)  actual_mask_ratio: 0.0698 (0.0714)  actual_prediction_mask_ratio: 0.2381 (0.2324)  ignored_patch_ratio: 0.0147 (0.0214)  time: 0.1151  data: 0.0001  max mem: 1904
[16:59:33.611684] Epoch: [7]  [ 260/1098]  eta: 0:01:36  lr: 0.000010  loss: 0.0079 (0.0455)  mae_m_mask: 0.4109 (0.4849)  rmse_m_mask: 0.5451 (0.6389)  normalized_mse_mask: 0.0079 (0.0455)  rmse_m_all: 13.2735 (12.7294)  actual_mask_ratio: 0.0733 (0.0715)  actual_prediction_mask_ratio: 0.2310 (0.2324)  ignored_patch_ratio: 0.0249 (0.0219)  time: 0.1151  data: 0.0001  max mem: 1904
[16:59:35.929599] Epoch: [7]  [ 280/1098]  eta: 0:01:34  lr: 0.000010  loss: 0.0314 (0.0475)  mae_m_mask: 0.4060 (0.4806)  rmse_m_mask: 0.5341 (0.6355)  normalized_mse_mask: 0.0314 (0.0475)  rmse_m_all: 10.4003 (12.6289)  actual_mask_ratio: 0.0733 (0.0717)  actual_prediction_mask_ratio: 0.2316 (0.2325)  ignored_patch_ratio: 0.0221 (0.0220)  time: 0.1159  data: 0.0001  max mem: 1904
[16:59:38.244860] Epoch: [7]  [ 300/1098]  eta: 0:01:32  lr: 0.000010  loss: 0.0199 (0.0490)  mae_m_mask: 0.3592 (0.4748)  rmse_m_mask: 0.4695 (0.6274)  normalized_mse_mask: 0.0199 (0.0490)  rmse_m_all: 12.1200 (12.5614)  actual_mask_ratio: 0.0703 (0.0716)  actual_prediction_mask_ratio: 0.2271 (0.2325)  ignored_patch_ratio: 0.0181 (0.0219)  time: 0.1157  data: 0.0001  max mem: 1904
[16:59:40.557928] Epoch: [7]  [ 320/1098]  eta: 0:01:29  lr: 0.000010  loss: 0.0090 (0.0476)  mae_m_mask: 0.4480 (0.4762)  rmse_m_mask: 0.5609 (0.6305)  normalized_mse_mask: 0.0090 (0.0476)  rmse_m_all: 12.9166 (12.6166)  actual_mask_ratio: 0.0691 (0.0715)  actual_prediction_mask_ratio: 0.2272 (0.2319)  ignored_patch_ratio: 0.0221 (0.0220)  time: 0.1156  data: 0.0001  max mem: 1904
[16:59:42.855698] Epoch: [7]  [ 340/1098]  eta: 0:01:27  lr: 0.000010  loss: 0.0081 (0.0460)  mae_m_mask: 0.3341 (0.4714)  rmse_m_mask: 0.4647 (0.6245)  normalized_mse_mask: 0.0081 (0.0460)  rmse_m_all: 10.7856 (12.5602)  actual_mask_ratio: 0.0735 (0.0716)  actual_prediction_mask_ratio: 0.2302 (0.2320)  ignored_patch_ratio: 0.0249 (0.0222)  time: 0.1149  data: 0.0001  max mem: 1904
[16:59:45.173502] Epoch: [7]  [ 360/1098]  eta: 0:01:25  lr: 0.000010  loss: 0.0175 (0.0461)  mae_m_mask: 0.3873 (0.4695)  rmse_m_mask: 0.4676 (0.6230)  normalized_mse_mask: 0.0175 (0.0461)  rmse_m_all: 13.0284 (12.6117)  actual_mask_ratio: 0.0724 (0.0716)  actual_prediction_mask_ratio: 0.2241 (0.2317)  ignored_patch_ratio: 0.0204 (0.0220)  time: 0.1159  data: 0.0001  max mem: 1904
[16:59:47.482699] Epoch: [7]  [ 380/1098]  eta: 0:01:22  lr: 0.000010  loss: 0.0210 (0.0462)  mae_m_mask: 0.3621 (0.4647)  rmse_m_mask: 0.5388 (0.6180)  normalized_mse_mask: 0.0210 (0.0462)  rmse_m_all: 11.5511 (12.5313)  actual_mask_ratio: 0.0718 (0.0715)  actual_prediction_mask_ratio: 0.2250 (0.2314)  ignored_patch_ratio: 0.0176 (0.0219)  time: 0.1154  data: 0.0001  max mem: 1904
[16:59:49.795114] Epoch: [7]  [ 400/1098]  eta: 0:01:20  lr: 0.000010  loss: 0.0107 (0.0449)  mae_m_mask: 0.4336 (0.4642)  rmse_m_mask: 0.5567 (0.6175)  normalized_mse_mask: 0.0107 (0.0449)  rmse_m_all: 13.1571 (12.6192)  actual_mask_ratio: 0.0704 (0.0715)  actual_prediction_mask_ratio: 0.2368 (0.2315)  ignored_patch_ratio: 0.0204 (0.0219)  time: 0.1156  data: 0.0001  max mem: 1904
[16:59:52.100844] Epoch: [7]  [ 420/1098]  eta: 0:01:18  lr: 0.000010  loss: 0.0181 (0.0444)  mae_m_mask: 0.4619 (0.4639)  rmse_m_mask: 0.5671 (0.6165)  normalized_mse_mask: 0.0181 (0.0444)  rmse_m_all: 12.3706 (12.5841)  actual_mask_ratio: 0.0733 (0.0716)  actual_prediction_mask_ratio: 0.2268 (0.2315)  ignored_patch_ratio: 0.0181 (0.0218)  time: 0.1152  data: 0.0001  max mem: 1904
[16:59:54.397212] Epoch: [7]  [ 440/1098]  eta: 0:01:15  lr: 0.000010  loss: 0.0104 (0.0438)  mae_m_mask: 0.4577 (0.4643)  rmse_m_mask: 0.6262 (0.6186)  normalized_mse_mask: 0.0104 (0.0438)  rmse_m_all: 11.7800 (12.5630)  actual_mask_ratio: 0.0720 (0.0716)  actual_prediction_mask_ratio: 0.2290 (0.2315)  ignored_patch_ratio: 0.0249 (0.0220)  time: 0.1148  data: 0.0001  max mem: 1904
[16:59:56.684537] Epoch: [7]  [ 460/1098]  eta: 0:01:13  lr: 0.000010  loss: 0.0090 (0.0432)  mae_m_mask: 0.4507 (0.4643)  rmse_m_mask: 0.6426 (0.6203)  normalized_mse_mask: 0.0090 (0.0432)  rmse_m_all: 11.6817 (12.5188)  actual_mask_ratio: 0.0707 (0.0716)  actual_prediction_mask_ratio: 0.2313 (0.2315)  ignored_patch_ratio: 0.0221 (0.0221)  time: 0.1143  data: 0.0001  max mem: 1904
[16:59:58.995230] Epoch: [7]  [ 480/1098]  eta: 0:01:11  lr: 0.000010  loss: 0.0089 (0.0424)  mae_m_mask: 0.4198 (0.4644)  rmse_m_mask: 0.5406 (0.6203)  normalized_mse_mask: 0.0089 (0.0424)  rmse_m_all: 11.8762 (12.5037)  actual_mask_ratio: 0.0701 (0.0716)  actual_prediction_mask_ratio: 0.2262 (0.2313)  ignored_patch_ratio: 0.0204 (0.0221)  time: 0.1155  data: 0.0001  max mem: 1904
[17:00:01.320340] Epoch: [7]  [ 500/1098]  eta: 0:01:09  lr: 0.000010  loss: 0.0103 (0.0426)  mae_m_mask: 0.3597 (0.4623)  rmse_m_mask: 0.4667 (0.6166)  normalized_mse_mask: 0.0103 (0.0426)  rmse_m_all: 12.3532 (12.4998)  actual_mask_ratio: 0.0706 (0.0715)  actual_prediction_mask_ratio: 0.2298 (0.2312)  ignored_patch_ratio: 0.0204 (0.0220)  time: 0.1162  data: 0.0001  max mem: 1904
[17:00:03.563682] Epoch: [7]  [ 520/1098]  eta: 0:01:06  lr: 0.000010  loss: 0.0179 (0.0440)  mae_m_mask: 0.3323 (0.4599)  rmse_m_mask: 0.4372 (0.6137)  normalized_mse_mask: 0.0179 (0.0440)  rmse_m_all: 10.4632 (12.4683)  actual_mask_ratio: 0.0716 (0.0715)  actual_prediction_mask_ratio: 0.2251 (0.2312)  ignored_patch_ratio: 0.0125 (0.0220)  time: 0.1121  data: 0.0001  max mem: 1904
[17:00:05.846798] Epoch: [7]  [ 540/1098]  eta: 0:01:04  lr: 0.000010  loss: 0.0041 (0.0430)  mae_m_mask: 0.3273 (0.4558)  rmse_m_mask: 0.4221 (0.6071)  normalized_mse_mask: 0.0041 (0.0430)  rmse_m_all: 11.5146 (12.4530)  actual_mask_ratio: 0.0722 (0.0714)  actual_prediction_mask_ratio: 0.2364 (0.2313)  ignored_patch_ratio: 0.0176 (0.0219)  time: 0.1141  data: 0.0001  max mem: 1904
[17:00:08.144805] Epoch: [7]  [ 560/1098]  eta: 0:01:02  lr: 0.000010  loss: 0.0094 (0.0425)  mae_m_mask: 0.4600 (0.4571)  rmse_m_mask: 0.5634 (0.6089)  normalized_mse_mask: 0.0094 (0.0425)  rmse_m_all: 11.9543 (12.4563)  actual_mask_ratio: 0.0706 (0.0714)  actual_prediction_mask_ratio: 0.2371 (0.2313)  ignored_patch_ratio: 0.0232 (0.0221)  time: 0.1148  data: 0.0001  max mem: 1904
[17:00:10.417608] Epoch: [7]  [ 580/1098]  eta: 0:00:59  lr: 0.000010  loss: 0.0249 (0.0430)  mae_m_mask: 0.4134 (0.4575)  rmse_m_mask: 0.5588 (0.6097)  normalized_mse_mask: 0.0249 (0.0430)  rmse_m_all: 11.7186 (12.4037)  actual_mask_ratio: 0.0725 (0.0715)  actual_prediction_mask_ratio: 0.2321 (0.2315)  ignored_patch_ratio: 0.0164 (0.0220)  time: 0.1136  data: 0.0001  max mem: 1904
[17:00:12.705125] Epoch: [7]  [ 600/1098]  eta: 0:00:57  lr: 0.000010  loss: 0.0043 (0.0426)  mae_m_mask: 0.3923 (0.4573)  rmse_m_mask: 0.4989 (0.6090)  normalized_mse_mask: 0.0043 (0.0426)  rmse_m_all: 11.1535 (12.3627)  actual_mask_ratio: 0.0765 (0.0716)  actual_prediction_mask_ratio: 0.2456 (0.2320)  ignored_patch_ratio: 0.0159 (0.0218)  time: 0.1143  data: 0.0001  max mem: 1904
[17:00:14.978643] Epoch: [7]  [ 620/1098]  eta: 0:00:55  lr: 0.000010  loss: 0.0120 (0.0422)  mae_m_mask: 0.3758 (0.4570)  rmse_m_mask: 0.5110 (0.6086)  normalized_mse_mask: 0.0120 (0.0422)  rmse_m_all: 13.9304 (12.3846)  actual_mask_ratio: 0.0703 (0.0716)  actual_prediction_mask_ratio: 0.2252 (0.2319)  ignored_patch_ratio: 0.0164 (0.0217)  time: 0.1136  data: 0.0001  max mem: 1904
[17:00:17.255632] Epoch: [7]  [ 640/1098]  eta: 0:00:52  lr: 0.000010  loss: 0.0033 (0.0412)  mae_m_mask: 0.4518 (0.4570)  rmse_m_mask: 0.5875 (0.6084)  normalized_mse_mask: 0.0033 (0.0412)  rmse_m_all: 12.4019 (12.3889)  actual_mask_ratio: 0.0709 (0.0716)  actual_prediction_mask_ratio: 0.2281 (0.2318)  ignored_patch_ratio: 0.0238 (0.0218)  time: 0.1138  data: 0.0001  max mem: 1904
[17:00:19.672752] Epoch: [7]  [ 660/1098]  eta: 0:00:50  lr: 0.000010  loss: 0.0281 (0.0417)  mae_m_mask: 0.3329 (0.4537)  rmse_m_mask: 0.4360 (0.6039)  normalized_mse_mask: 0.0281 (0.0417)  rmse_m_all: 10.2799 (12.3517)  actual_mask_ratio: 0.0716 (0.0716)  actual_prediction_mask_ratio: 0.2314 (0.2318)  ignored_patch_ratio: 0.0130 (0.0216)  time: 0.1208  data: 0.0086  max mem: 1904
[17:00:21.919709] Epoch: [7]  [ 680/1098]  eta: 0:00:48  lr: 0.000010  loss: 0.0164 (0.0417)  mae_m_mask: 0.3874 (0.4524)  rmse_m_mask: 0.4932 (0.6023)  normalized_mse_mask: 0.0164 (0.0417)  rmse_m_all: 15.0041 (12.4012)  actual_mask_ratio: 0.0680 (0.0715)  actual_prediction_mask_ratio: 0.2207 (0.2316)  ignored_patch_ratio: 0.0215 (0.0217)  time: 0.1123  data: 0.0001  max mem: 1904
[17:00:24.128690] Epoch: [7]  [ 700/1098]  eta: 0:00:45  lr: 0.000010  loss: 0.0081 (0.0419)  mae_m_mask: 0.4342 (0.4530)  rmse_m_mask: 0.6314 (0.6041)  normalized_mse_mask: 0.0081 (0.0419)  rmse_m_all: 13.4172 (12.3990)  actual_mask_ratio: 0.0716 (0.0715)  actual_prediction_mask_ratio: 0.2327 (0.2316)  ignored_patch_ratio: 0.0164 (0.0216)  time: 0.1104  data: 0.0001  max mem: 1904
[17:00:26.355639] Epoch: [7]  [ 720/1098]  eta: 0:00:43  lr: 0.000010  loss: 0.0112 (0.0416)  mae_m_mask: 0.3495 (0.4520)  rmse_m_mask: 0.4415 (0.6024)  normalized_mse_mask: 0.0112 (0.0416)  rmse_m_all: 11.7606 (12.3973)  actual_mask_ratio: 0.0711 (0.0715)  actual_prediction_mask_ratio: 0.2320 (0.2316)  ignored_patch_ratio: 0.0193 (0.0216)  time: 0.1113  data: 0.0001  max mem: 1904
[17:00:28.620856] Epoch: [7]  [ 740/1098]  eta: 0:00:41  lr: 0.000010  loss: 0.0040 (0.0411)  mae_m_mask: 0.4220 (0.4514)  rmse_m_mask: 0.5583 (0.6013)  normalized_mse_mask: 0.0040 (0.0411)  rmse_m_all: 13.0652 (12.4102)  actual_mask_ratio: 0.0708 (0.0716)  actual_prediction_mask_ratio: 0.2250 (0.2316)  ignored_patch_ratio: 0.0215 (0.0217)  time: 0.1132  data: 0.0001  max mem: 1904
[17:00:30.884810] Epoch: [7]  [ 760/1098]  eta: 0:00:38  lr: 0.000010  loss: 0.0188 (0.0411)  mae_m_mask: 0.4512 (0.4513)  rmse_m_mask: 0.5764 (0.6017)  normalized_mse_mask: 0.0188 (0.0411)  rmse_m_all: 11.3185 (12.3807)  actual_mask_ratio: 0.0744 (0.0716)  actual_prediction_mask_ratio: 0.2389 (0.2318)  ignored_patch_ratio: 0.0164 (0.0216)  time: 0.1131  data: 0.0001  max mem: 1904
[17:00:33.109183] Epoch: [7]  [ 780/1098]  eta: 0:00:36  lr: 0.000010  loss: 0.0137 (0.0409)  mae_m_mask: 0.3716 (0.4501)  rmse_m_mask: 0.4892 (0.5996)  normalized_mse_mask: 0.0137 (0.0409)  rmse_m_all: 10.9690 (12.3599)  actual_mask_ratio: 0.0731 (0.0717)  actual_prediction_mask_ratio: 0.2372 (0.2319)  ignored_patch_ratio: 0.0176 (0.0216)  time: 0.1112  data: 0.0001  max mem: 1904
[17:00:35.351385] Epoch: [7]  [ 800/1098]  eta: 0:00:34  lr: 0.000010  loss: 0.0155 (0.0416)  mae_m_mask: 0.4194 (0.4498)  rmse_m_mask: 0.5708 (0.6000)  normalized_mse_mask: 0.0155 (0.0416)  rmse_m_all: 12.0841 (12.3456)  actual_mask_ratio: 0.0713 (0.0717)  actual_prediction_mask_ratio: 0.2310 (0.2320)  ignored_patch_ratio: 0.0159 (0.0216)  time: 0.1121  data: 0.0001  max mem: 1904
[17:00:37.583237] Epoch: [7]  [ 820/1098]  eta: 0:00:31  lr: 0.000010  loss: 0.0084 (0.0416)  mae_m_mask: 0.4570 (0.4501)  rmse_m_mask: 0.6062 (0.6003)  normalized_mse_mask: 0.0084 (0.0416)  rmse_m_all: 10.7510 (12.3076)  actual_mask_ratio: 0.0724 (0.0717)  actual_prediction_mask_ratio: 0.2379 (0.2321)  ignored_patch_ratio: 0.0164 (0.0215)  time: 0.1115  data: 0.0001  max mem: 1904
[17:00:39.824693] Epoch: [7]  [ 840/1098]  eta: 0:00:29  lr: 0.000010  loss: 0.0204 (0.0417)  mae_m_mask: 0.4828 (0.4516)  rmse_m_mask: 0.6472 (0.6028)  normalized_mse_mask: 0.0204 (0.0417)  rmse_m_all: 11.0141 (12.2854)  actual_mask_ratio: 0.0708 (0.0717)  actual_prediction_mask_ratio: 0.2343 (0.2322)  ignored_patch_ratio: 0.0147 (0.0214)  time: 0.1120  data: 0.0001  max mem: 1904
[17:00:42.062755] Epoch: [7]  [ 860/1098]  eta: 0:00:27  lr: 0.000010  loss: 0.0093 (0.0415)  mae_m_mask: 0.3995 (0.4521)  rmse_m_mask: 0.5187 (0.6028)  normalized_mse_mask: 0.0093 (0.0415)  rmse_m_all: 12.6682 (12.3016)  actual_mask_ratio: 0.0748 (0.0717)  actual_prediction_mask_ratio: 0.2271 (0.2322)  ignored_patch_ratio: 0.0210 (0.0216)  time: 0.1119  data: 0.0001  max mem: 1904
[17:00:44.225108] Epoch: [7]  [ 880/1098]  eta: 0:00:24  lr: 0.000010  loss: 0.0141 (0.0414)  mae_m_mask: 0.4478 (0.4540)  rmse_m_mask: 0.6005 (0.6060)  normalized_mse_mask: 0.0141 (0.0414)  rmse_m_all: 12.4331 (12.3172)  actual_mask_ratio: 0.0714 (0.0718)  actual_prediction_mask_ratio: 0.2387 (0.2322)  ignored_patch_ratio: 0.0204 (0.0216)  time: 0.1081  data: 0.0001  max mem: 1904
[17:00:46.446456] Epoch: [7]  [ 900/1098]  eta: 0:00:22  lr: 0.000010  loss: 0.0126 (0.0417)  mae_m_mask: 0.3987 (0.4540)  rmse_m_mask: 0.5206 (0.6071)  normalized_mse_mask: 0.0126 (0.0417)  rmse_m_all: 12.6746 (12.3033)  actual_mask_ratio: 0.0700 (0.0717)  actual_prediction_mask_ratio: 0.2330 (0.2323)  ignored_patch_ratio: 0.0130 (0.0215)  time: 0.1110  data: 0.0001  max mem: 1904
[17:00:48.673908] Epoch: [7]  [ 920/1098]  eta: 0:00:20  lr: 0.000010  loss: 0.0030 (0.0413)  mae_m_mask: 0.3350 (0.4527)  rmse_m_mask: 0.4727 (0.6048)  normalized_mse_mask: 0.0030 (0.0413)  rmse_m_all: 12.7772 (12.3281)  actual_mask_ratio: 0.0739 (0.0718)  actual_prediction_mask_ratio: 0.2340 (0.2324)  ignored_patch_ratio: 0.0119 (0.0214)  time: 0.1113  data: 0.0001  max mem: 1904
[17:00:50.722177] Epoch: [7]  [ 940/1098]  eta: 0:00:18  lr: 0.000010  loss: 0.0346 (0.0422)  mae_m_mask: 0.4601 (0.4527)  rmse_m_mask: 0.5775 (0.6048)  normalized_mse_mask: 0.0346 (0.0422)  rmse_m_all: 13.1537 (12.3413)  actual_mask_ratio: 0.0709 (0.0718)  actual_prediction_mask_ratio: 0.2288 (0.2322)  ignored_patch_ratio: 0.0159 (0.0214)  time: 0.1024  data: 0.0227  max mem: 1904
[17:00:53.307692] Epoch: [7]  [ 960/1098]  eta: 0:00:15  lr: 0.000010  loss: 0.0097 (0.0418)  mae_m_mask: 0.3824 (0.4521)  rmse_m_mask: 0.5185 (0.6040)  normalized_mse_mask: 0.0097 (0.0418)  rmse_m_all: 12.0879 (12.3378)  actual_mask_ratio: 0.0719 (0.0718)  actual_prediction_mask_ratio: 0.2341 (0.2323)  ignored_patch_ratio: 0.0193 (0.0214)  time: 0.1292  data: 0.0568  max mem: 1904
[17:00:55.611173] Epoch: [7]  [ 980/1098]  eta: 0:00:13  lr: 0.000010  loss: 0.0315 (0.0421)  mae_m_mask: 0.5177 (0.4534)  rmse_m_mask: 0.6606 (0.6055)  normalized_mse_mask: 0.0315 (0.0421)  rmse_m_all: 12.0424 (12.3349)  actual_mask_ratio: 0.0707 (0.0718)  actual_prediction_mask_ratio: 0.2368 (0.2323)  ignored_patch_ratio: 0.0181 (0.0215)  time: 0.1151  data: 0.0026  max mem: 1904
[17:00:57.833901] Epoch: [7]  [1000/1098]  eta: 0:00:11  lr: 0.000010  loss: 0.0078 (0.0422)  mae_m_mask: 0.3934 (0.4530)  rmse_m_mask: 0.4816 (0.6051)  normalized_mse_mask: 0.0078 (0.0422)  rmse_m_all: 12.2991 (12.3392)  actual_mask_ratio: 0.0743 (0.0718)  actual_prediction_mask_ratio: 0.2344 (0.2325)  ignored_patch_ratio: 0.0170 (0.0214)  time: 0.1111  data: 0.0001  max mem: 1904
[17:01:00.194445] Epoch: [7]  [1020/1098]  eta: 0:00:08  lr: 0.000010  loss: 0.0165 (0.0420)  mae_m_mask: 0.3747 (0.4526)  rmse_m_mask: 0.5083 (0.6044)  normalized_mse_mask: 0.0165 (0.0420)  rmse_m_all: 11.7115 (12.3444)  actual_mask_ratio: 0.0725 (0.0718)  actual_prediction_mask_ratio: 0.2310 (0.2324)  ignored_patch_ratio: 0.0176 (0.0214)  time: 0.1180  data: 0.0093  max mem: 1904
[17:01:02.442533] Epoch: [7]  [1040/1098]  eta: 0:00:06  lr: 0.000010  loss: 0.0176 (0.0422)  mae_m_mask: 0.3971 (0.4523)  rmse_m_mask: 0.5316 (0.6037)  normalized_mse_mask: 0.0176 (0.0422)  rmse_m_all: 12.2446 (12.3474)  actual_mask_ratio: 0.0714 (0.0718)  actual_prediction_mask_ratio: 0.2288 (0.2324)  ignored_patch_ratio: 0.0215 (0.0214)  time: 0.1124  data: 0.0001  max mem: 1904
[17:01:04.701908] Epoch: [7]  [1060/1098]  eta: 0:00:04  lr: 0.000010  loss: 0.0093 (0.0422)  mae_m_mask: 0.3596 (0.4513)  rmse_m_mask: 0.4947 (0.6027)  normalized_mse_mask: 0.0093 (0.0422)  rmse_m_all: 11.5405 (12.3406)  actual_mask_ratio: 0.0742 (0.0718)  actual_prediction_mask_ratio: 0.2388 (0.2324)  ignored_patch_ratio: 0.0193 (0.0215)  time: 0.1129  data: 0.0001  max mem: 1904
[17:01:06.935829] Epoch: [7]  [1080/1098]  eta: 0:00:02  lr: 0.000010  loss: 0.0214 (0.0425)  mae_m_mask: 0.3852 (0.4506)  rmse_m_mask: 0.4842 (0.6025)  normalized_mse_mask: 0.0214 (0.0425)  rmse_m_all: 11.5800 (12.3328)  actual_mask_ratio: 0.0714 (0.0718)  actual_prediction_mask_ratio: 0.2277 (0.2324)  ignored_patch_ratio: 0.0232 (0.0215)  time: 0.1117  data: 0.0001  max mem: 1904
[17:01:08.852982] Epoch: [7]  [1097/1098]  eta: 0:00:00  lr: 0.000010  loss: 0.0168 (0.0422)  mae_m_mask: 0.3662 (0.4505)  rmse_m_mask: 0.4774 (0.6025)  normalized_mse_mask: 0.0168 (0.0422)  rmse_m_all: 13.0525 (12.3482)  actual_mask_ratio: 0.0730 (0.0718)  actual_prediction_mask_ratio: 0.2310 (0.2323)  ignored_patch_ratio: 0.0170 (0.0216)  time: 0.1128  data: 0.0001  max mem: 1904
[17:01:08.883052] Epoch: [7] Total time: 0:02:05 (0.1142 s / it)
[17:01:08.885069] Averaged stats: {'lr': 9.904794495005377e-06, 'loss': 0.04135546286801753, 'mae_m_mask': 0.44796916110000873, 'rmse_m_mask': 0.647952912065237, 'normalized_mse_mask': 0.04135546286801753, 'rmse_m_all': 12.348216210829538, 'actual_mask_ratio': 0.07184036731217837, 'actual_prediction_mask_ratio': 0.23233006619093413, 'ignored_patch_ratio': 0.02157136743620228, 'supervised_pixel_count': 21816230.0}
[17:01:09.057343] Val: [7]  [  0/194]  eta: 0:00:32  loss: 0.3535 (0.3535)  mae_m_mask: 0.5391 (0.5391)  rmse_m_mask: 0.7375 (0.7375)  normalized_mse_mask: 0.3535 (0.3535)  rmse_m_all: 1.0158 (1.0158)  actual_mask_ratio: 0.0709 (0.0709)  actual_prediction_mask_ratio: 0.2352 (0.2352)  ignored_patch_ratio: 0.0646 (0.0646)  time: 0.1696  data: 0.0862  max mem: 1904
[17:01:13.324085] Val: [7]  [ 50/194]  eta: 0:00:12  loss: 0.0160 (0.0734)  mae_m_mask: 0.6402 (0.6600)  rmse_m_mask: 0.7920 (0.8181)  normalized_mse_mask: 0.0160 (0.0734)  rmse_m_all: 10.1514 (7.6498)  actual_mask_ratio: 0.0626 (0.0699)  actual_prediction_mask_ratio: 0.2166 (0.2286)  ignored_patch_ratio: 0.0000 (0.0044)  time: 0.0859  data: 0.0001  max mem: 1904
[17:01:17.661600] Val: [7]  [100/194]  eta: 0:00:08  loss: 0.0354 (0.0719)  mae_m_mask: 0.6996 (0.6722)  rmse_m_mask: 0.8721 (0.8319)  normalized_mse_mask: 0.0354 (0.0719)  rmse_m_all: 4.9232 (7.4195)  actual_mask_ratio: 0.0590 (0.0682)  actual_prediction_mask_ratio: 0.2018 (0.2221)  ignored_patch_ratio: 0.0000 (0.0025)  time: 0.0872  data: 0.0001  max mem: 1904
[17:01:21.767782] Val: [7]  [150/194]  eta: 0:00:03  loss: 0.0056 (0.0692)  mae_m_mask: 0.8162 (0.7134)  rmse_m_mask: 0.9812 (0.8835)  normalized_mse_mask: 0.0056 (0.0692)  rmse_m_all: 14.5102 (8.2659)  actual_mask_ratio: 0.0697 (0.0675)  actual_prediction_mask_ratio: 0.2175 (0.2175)  ignored_patch_ratio: 0.0000 (0.0024)  time: 0.1048  data: 0.0570  max mem: 1904
[17:01:25.037344] Val: [7]  [193/194]  eta: 0:00:00  loss: 0.1374 (0.0767)  mae_m_mask: 0.5633 (0.7081)  rmse_m_mask: 0.6924 (0.8770)  normalized_mse_mask: 0.1374 (0.0767)  rmse_m_all: 1.5144 (8.7307)  actual_mask_ratio: 0.0624 (0.0663)  actual_prediction_mask_ratio: 0.1985 (0.2131)  ignored_patch_ratio: 0.0136 (0.0049)  time: 0.0905  data: 0.0001  max mem: 1904
[17:01:25.059101] Val: [7] Total time: 0:00:16 (0.0834 s / it)
[17:01:25.061952] val stats: {'loss': 0.07745134010822163, 'mae_m_mask': 0.7000069425289916, 'rmse_m_mask': 0.904747414305821, 'normalized_mse_mask': 0.07745134010822163, 'rmse_m_all': 8.730732524517885, 'actual_mask_ratio': 0.06633703996302541, 'actual_prediction_mask_ratio': 0.21313334448435872, 'ignored_patch_ratio': 0.00489066925245462, 'supervised_pixel_count': 3944867.0}
[17:01:29.353364] log_dir: /tank/data/SFS/xinyis/data/bathymetry/MAE-Topography/Downstream_Task_Bathy/cross_validation_v5_Stage2NormMSE_MeterSelect/runs/holdout_Santiam_D004Stage2NormMSE_MeterSelect_D001NoDataSafe/train_stage2_normMSE_meterSelect_OR_SantiamRiverTB_Topobathy_1_D23_fromStage1Best_e120_lr1e-5_b4_acc4/tb
[17:01:29.548093] Epoch: [8]  [   0/1098]  eta: 0:03:32  lr: 0.000010  loss: 0.0187 (0.0187)  mae_m_mask: 0.4901 (0.4901)  rmse_m_mask: 0.7466 (0.7466)  normalized_mse_mask: 0.0187 (0.0187)  rmse_m_all: 10.9265 (10.9265)  actual_mask_ratio: 0.0709 (0.0709)  actual_prediction_mask_ratio: 0.2390 (0.2390)  ignored_patch_ratio: 0.0323 (0.0323)  time: 0.1939  data: 0.0788  max mem: 1904
[17:01:31.859213] Epoch: [8]  [  20/1098]  eta: 0:02:08  lr: 0.000010  loss: 0.0200 (0.0360)  mae_m_mask: 0.3543 (0.3973)  rmse_m_mask: 0.4683 (0.5530)  normalized_mse_mask: 0.0200 (0.0360)  rmse_m_all: 12.7506 (12.6172)  actual_mask_ratio: 0.0713 (0.0724)  actual_prediction_mask_ratio: 0.2316 (0.2347)  ignored_patch_ratio: 0.0295 (0.0238)  time: 0.1155  data: 0.0001  max mem: 1904
[17:01:34.194639] Epoch: [8]  [  40/1098]  eta: 0:02:04  lr: 0.000010  loss: 0.0160 (0.0292)  mae_m_mask: 0.4186 (0.4300)  rmse_m_mask: 0.4984 (0.5730)  normalized_mse_mask: 0.0160 (0.0292)  rmse_m_all: 13.3065 (13.2169)  actual_mask_ratio: 0.0687 (0.0711)  actual_prediction_mask_ratio: 0.2250 (0.2304)  ignored_patch_ratio: 0.0221 (0.0237)  time: 0.1167  data: 0.0001  max mem: 1904
[17:01:36.542934] Epoch: [8]  [  60/1098]  eta: 0:02:02  lr: 0.000010  loss: 0.0102 (0.0387)  mae_m_mask: 0.4112 (0.4377)  rmse_m_mask: 0.5626 (0.5828)  normalized_mse_mask: 0.0102 (0.0387)  rmse_m_all: 12.6926 (12.6794)  actual_mask_ratio: 0.0727 (0.0713)  actual_prediction_mask_ratio: 0.2322 (0.2324)  ignored_patch_ratio: 0.0181 (0.0222)  time: 0.1174  data: 0.0001  max mem: 1904
[17:01:38.881198] Epoch: [8]  [  80/1098]  eta: 0:01:59  lr: 0.000010  loss: 0.0239 (0.0425)  mae_m_mask: 0.5501 (0.4561)  rmse_m_mask: 0.6507 (0.6017)  normalized_mse_mask: 0.0239 (0.0425)  rmse_m_all: 12.5805 (12.7039)  actual_mask_ratio: 0.0714 (0.0713)  actual_prediction_mask_ratio: 0.2358 (0.2331)  ignored_patch_ratio: 0.0164 (0.0224)  time: 0.1169  data: 0.0001  max mem: 1904
[17:01:41.221226] Epoch: [8]  [ 100/1098]  eta: 0:01:57  lr: 0.000010  loss: 0.0519 (0.0471)  mae_m_mask: 0.4033 (0.4572)  rmse_m_mask: 0.5349 (0.6068)  normalized_mse_mask: 0.0519 (0.0471)  rmse_m_all: 11.8051 (12.4991)  actual_mask_ratio: 0.0685 (0.0708)  actual_prediction_mask_ratio: 0.2260 (0.2321)  ignored_patch_ratio: 0.0142 (0.0220)  time: 0.1170  data: 0.0001  max mem: 1904
[17:01:43.559590] Epoch: [8]  [ 120/1098]  eta: 0:01:54  lr: 0.000010  loss: 0.0121 (0.0437)  mae_m_mask: 0.3307 (0.4457)  rmse_m_mask: 0.4734 (0.5920)  normalized_mse_mask: 0.0121 (0.0437)  rmse_m_all: 12.6224 (12.4956)  actual_mask_ratio: 0.0713 (0.0709)  actual_prediction_mask_ratio: 0.2248 (0.2317)  ignored_patch_ratio: 0.0164 (0.0216)  time: 0.1169  data: 0.0001  max mem: 1904
[17:01:45.899602] Epoch: [8]  [ 140/1098]  eta: 0:01:52  lr: 0.000010  loss: 0.0130 (0.0412)  mae_m_mask: 0.4438 (0.4493)  rmse_m_mask: 0.6336 (0.6027)  normalized_mse_mask: 0.0130 (0.0412)  rmse_m_all: 11.7826 (12.4092)  actual_mask_ratio: 0.0693 (0.0710)  actual_prediction_mask_ratio: 0.2265 (0.2314)  ignored_patch_ratio: 0.0130 (0.0214)  time: 0.1170  data: 0.0001  max mem: 1904
[17:01:48.234325] Epoch: [8]  [ 160/1098]  eta: 0:01:49  lr: 0.000010  loss: 0.0116 (0.0423)  mae_m_mask: 0.4094 (0.4490)  rmse_m_mask: 0.5045 (0.6020)  normalized_mse_mask: 0.0116 (0.0423)  rmse_m_all: 11.5049 (12.2108)  actual_mask_ratio: 0.0714 (0.0711)  actual_prediction_mask_ratio: 0.2330 (0.2316)  ignored_patch_ratio: 0.0125 (0.0204)  time: 0.1167  data: 0.0001  max mem: 1904
[17:01:50.550259] Epoch: [8]  [ 180/1098]  eta: 0:01:47  lr: 0.000010  loss: 0.0209 (0.0408)  mae_m_mask: 0.4142 (0.4501)  rmse_m_mask: 0.5975 (0.6029)  normalized_mse_mask: 0.0209 (0.0408)  rmse_m_all: 13.7346 (12.3651)  actual_mask_ratio: 0.0708 (0.0711)  actual_prediction_mask_ratio: 0.2232 (0.2312)  ignored_patch_ratio: 0.0198 (0.0204)  time: 0.1157  data: 0.0001  max mem: 1904
[17:01:52.868382] Epoch: [8]  [ 200/1098]  eta: 0:01:45  lr: 0.000010  loss: 0.0202 (0.0400)  mae_m_mask: 0.3655 (0.4462)  rmse_m_mask: 0.4853 (0.5955)  normalized_mse_mask: 0.0202 (0.0400)  rmse_m_all: 12.0454 (12.3091)  actual_mask_ratio: 0.0714 (0.0711)  actual_prediction_mask_ratio: 0.2341 (0.2315)  ignored_patch_ratio: 0.0193 (0.0202)  time: 0.1159  data: 0.0001  max mem: 1904
[17:01:55.187280] Epoch: [8]  [ 220/1098]  eta: 0:01:42  lr: 0.000010  loss: 0.0254 (0.0410)  mae_m_mask: 0.3957 (0.4446)  rmse_m_mask: 0.5226 (0.5952)  normalized_mse_mask: 0.0254 (0.0410)  rmse_m_all: 13.5573 (12.3994)  actual_mask_ratio: 0.0713 (0.0710)  actual_prediction_mask_ratio: 0.2267 (0.2310)  ignored_patch_ratio: 0.0215 (0.0207)  time: 0.1159  data: 0.0001  max mem: 1904
[17:01:57.503929] Epoch: [8]  [ 240/1098]  eta: 0:01:40  lr: 0.000010  loss: 0.0085 (0.0400)  mae_m_mask: 0.3477 (0.4382)  rmse_m_mask: 0.4380 (0.5861)  normalized_mse_mask: 0.0085 (0.0400)  rmse_m_all: 13.5241 (12.4365)  actual_mask_ratio: 0.0703 (0.0712)  actual_prediction_mask_ratio: 0.2290 (0.2311)  ignored_patch_ratio: 0.0181 (0.0206)  time: 0.1158  data: 0.0001  max mem: 1904
[17:01:59.822669] Epoch: [8]  [ 260/1098]  eta: 0:01:37  lr: 0.000010  loss: 0.0014 (0.0392)  mae_m_mask: 0.4441 (0.4425)  rmse_m_mask: 0.5225 (0.5901)  normalized_mse_mask: 0.0014 (0.0392)  rmse_m_all: 14.3819 (12.5210)  actual_mask_ratio: 0.0703 (0.0711)  actual_prediction_mask_ratio: 0.2303 (0.2311)  ignored_patch_ratio: 0.0215 (0.0208)  time: 0.1159  data: 0.0001  max mem: 1904
[17:02:02.137266] Epoch: [8]  [ 280/1098]  eta: 0:01:35  lr: 0.000010  loss: 0.0178 (0.0411)  mae_m_mask: 0.4125 (0.4403)  rmse_m_mask: 0.5409 (0.5880)  normalized_mse_mask: 0.0178 (0.0411)  rmse_m_all: 12.6339 (12.5627)  actual_mask_ratio: 0.0729 (0.0713)  actual_prediction_mask_ratio: 0.2360 (0.2315)  ignored_patch_ratio: 0.0176 (0.0209)  time: 0.1157  data: 0.0001  max mem: 1904
[17:02:04.451021] Epoch: [8]  [ 300/1098]  eta: 0:01:33  lr: 0.000010  loss: 0.0063 (0.0404)  mae_m_mask: 0.4003 (0.4391)  rmse_m_mask: 0.5632 (0.5855)  normalized_mse_mask: 0.0063 (0.0404)  rmse_m_all: 13.1972 (12.5418)  actual_mask_ratio: 0.0694 (0.0714)  actual_prediction_mask_ratio: 0.2369 (0.2317)  ignored_patch_ratio: 0.0283 (0.0214)  time: 0.1157  data: 0.0001  max mem: 1904
[17:02:06.769250] Epoch: [8]  [ 320/1098]  eta: 0:01:30  lr: 0.000010  loss: 0.0160 (0.0394)  mae_m_mask: 0.3901 (0.4403)  rmse_m_mask: 0.5407 (0.5893)  normalized_mse_mask: 0.0160 (0.0394)  rmse_m_all: 11.1813 (12.4935)  actual_mask_ratio: 0.0733 (0.0714)  actual_prediction_mask_ratio: 0.2325 (0.2318)  ignored_patch_ratio: 0.0204 (0.0215)  time: 0.1159  data: 0.0001  max mem: 1904
[17:02:09.089019] Epoch: [8]  [ 340/1098]  eta: 0:01:28  lr: 0.000010  loss: 0.0066 (0.0394)  mae_m_mask: 0.4353 (0.4440)  rmse_m_mask: 0.6427 (0.5932)  normalized_mse_mask: 0.0066 (0.0394)  rmse_m_all: 13.5416 (12.5124)  actual_mask_ratio: 0.0705 (0.0714)  actual_prediction_mask_ratio: 0.2287 (0.2318)  ignored_patch_ratio: 0.0170 (0.0215)  time: 0.1159  data: 0.0001  max mem: 1904
[17:02:11.405896] Epoch: [8]  [ 360/1098]  eta: 0:01:25  lr: 0.000010  loss: 0.0428 (0.0412)  mae_m_mask: 0.3837 (0.4442)  rmse_m_mask: 0.4987 (0.5916)  normalized_mse_mask: 0.0428 (0.0412)  rmse_m_all: 13.6768 (12.5085)  actual_mask_ratio: 0.0714 (0.0714)  actual_prediction_mask_ratio: 0.2256 (0.2318)  ignored_patch_ratio: 0.0181 (0.0214)  time: 0.1158  data: 0.0001  max mem: 1904
[17:02:13.724070] Epoch: [8]  [ 380/1098]  eta: 0:01:23  lr: 0.000010  loss: 0.0054 (0.0407)  mae_m_mask: 0.4334 (0.4452)  rmse_m_mask: 0.5498 (0.5930)  normalized_mse_mask: 0.0054 (0.0407)  rmse_m_all: 12.5730 (12.5105)  actual_mask_ratio: 0.0711 (0.0714)  actual_prediction_mask_ratio: 0.2355 (0.2318)  ignored_patch_ratio: 0.0204 (0.0215)  time: 0.1159  data: 0.0001  max mem: 1904
[17:02:16.041760] Epoch: [8]  [ 400/1098]  eta: 0:01:21  lr: 0.000010  loss: 0.0135 (0.0401)  mae_m_mask: 0.3845 (0.4474)  rmse_m_mask: 0.4948 (0.5976)  normalized_mse_mask: 0.0135 (0.0401)  rmse_m_all: 13.1282 (12.5191)  actual_mask_ratio: 0.0740 (0.0714)  actual_prediction_mask_ratio: 0.2307 (0.2319)  ignored_patch_ratio: 0.0164 (0.0214)  time: 0.1158  data: 0.0001  max mem: 1904
[17:02:18.363693] Epoch: [8]  [ 420/1098]  eta: 0:01:18  lr: 0.000010  loss: 0.0089 (0.0393)  mae_m_mask: 0.3840 (0.4451)  rmse_m_mask: 0.5214 (0.5945)  normalized_mse_mask: 0.0089 (0.0393)  rmse_m_all: 12.6998 (12.5661)  actual_mask_ratio: 0.0706 (0.0714)  actual_prediction_mask_ratio: 0.2299 (0.2319)  ignored_patch_ratio: 0.0204 (0.0214)  time: 0.1161  data: 0.0001  max mem: 1904
[17:02:20.546696] Epoch: [8]  [ 440/1098]  eta: 0:01:16  lr: 0.000010  loss: 0.0150 (0.0391)  mae_m_mask: 0.4560 (0.4466)  rmse_m_mask: 0.5407 (0.5958)  normalized_mse_mask: 0.0150 (0.0391)  rmse_m_all: 11.9302 (12.5468)  actual_mask_ratio: 0.0679 (0.0712)  actual_prediction_mask_ratio: 0.2259 (0.2315)  ignored_patch_ratio: 0.0210 (0.0217)  time: 0.1091  data: 0.0001  max mem: 1904
[17:02:22.776147] Epoch: [8]  [ 460/1098]  eta: 0:01:13  lr: 0.000010  loss: 0.0334 (0.0399)  mae_m_mask: 0.4494 (0.4478)  rmse_m_mask: 0.6325 (0.5982)  normalized_mse_mask: 0.0334 (0.0399)  rmse_m_all: 12.6867 (12.5112)  actual_mask_ratio: 0.0711 (0.0713)  actual_prediction_mask_ratio: 0.2322 (0.2315)  ignored_patch_ratio: 0.0187 (0.0217)  time: 0.1114  data: 0.0001  max mem: 1904
[17:02:25.030001] Epoch: [8]  [ 480/1098]  eta: 0:01:11  lr: 0.000010  loss: 0.0034 (0.0391)  mae_m_mask: 0.2974 (0.4440)  rmse_m_mask: 0.4193 (0.5927)  normalized_mse_mask: 0.0034 (0.0391)  rmse_m_all: 11.3433 (12.4706)  actual_mask_ratio: 0.0703 (0.0713)  actual_prediction_mask_ratio: 0.2310 (0.2314)  ignored_patch_ratio: 0.0193 (0.0216)  time: 0.1127  data: 0.0001  max mem: 1904
[17:02:27.252148] Epoch: [8]  [ 500/1098]  eta: 0:01:09  lr: 0.000010  loss: 0.0183 (0.0391)  mae_m_mask: 0.3451 (0.4424)  rmse_m_mask: 0.4539 (0.5898)  normalized_mse_mask: 0.0183 (0.0391)  rmse_m_all: 12.7792 (12.4734)  actual_mask_ratio: 0.0713 (0.0713)  actual_prediction_mask_ratio: 0.2317 (0.2313)  ignored_patch_ratio: 0.0204 (0.0218)  time: 0.1111  data: 0.0001  max mem: 1904
[17:02:29.499852] Epoch: [8]  [ 520/1098]  eta: 0:01:06  lr: 0.000010  loss: 0.0363 (0.0393)  mae_m_mask: 0.3244 (0.4390)  rmse_m_mask: 0.4007 (0.5848)  normalized_mse_mask: 0.0363 (0.0393)  rmse_m_all: 11.6570 (12.4486)  actual_mask_ratio: 0.0726 (0.0714)  actual_prediction_mask_ratio: 0.2345 (0.2315)  ignored_patch_ratio: 0.0210 (0.0218)  time: 0.1123  data: 0.0001  max mem: 1904
[17:02:31.741724] Epoch: [8]  [ 540/1098]  eta: 0:01:04  lr: 0.000010  loss: 0.0163 (0.0387)  mae_m_mask: 0.3003 (0.4355)  rmse_m_mask: 0.3747 (0.5806)  normalized_mse_mask: 0.0163 (0.0387)  rmse_m_all: 12.4665 (12.4561)  actual_mask_ratio: 0.0731 (0.0714)  actual_prediction_mask_ratio: 0.2292 (0.2316)  ignored_patch_ratio: 0.0232 (0.0218)  time: 0.1121  data: 0.0001  max mem: 1904
[17:02:34.011801] Epoch: [8]  [ 560/1098]  eta: 0:01:01  lr: 0.000010  loss: 0.0203 (0.0388)  mae_m_mask: 0.3397 (0.4332)  rmse_m_mask: 0.4663 (0.5787)  normalized_mse_mask: 0.0203 (0.0388)  rmse_m_all: 12.3691 (12.4306)  actual_mask_ratio: 0.0707 (0.0714)  actual_prediction_mask_ratio: 0.2328 (0.2317)  ignored_patch_ratio: 0.0096 (0.0216)  time: 0.1135  data: 0.0001  max mem: 1904
[17:02:36.271435] Epoch: [8]  [ 580/1098]  eta: 0:00:59  lr: 0.000010  loss: 0.0091 (0.0386)  mae_m_mask: 0.4509 (0.4345)  rmse_m_mask: 0.5387 (0.5800)  normalized_mse_mask: 0.0091 (0.0386)  rmse_m_all: 10.6985 (12.4138)  actual_mask_ratio: 0.0703 (0.0714)  actual_prediction_mask_ratio: 0.2302 (0.2316)  ignored_patch_ratio: 0.0181 (0.0215)  time: 0.1129  data: 0.0001  max mem: 1904
[17:02:38.539799] Epoch: [8]  [ 600/1098]  eta: 0:00:57  lr: 0.000010  loss: 0.0080 (0.0386)  mae_m_mask: 0.4531 (0.4355)  rmse_m_mask: 0.6680 (0.5811)  normalized_mse_mask: 0.0080 (0.0386)  rmse_m_all: 11.2244 (12.4189)  actual_mask_ratio: 0.0723 (0.0714)  actual_prediction_mask_ratio: 0.2335 (0.2317)  ignored_patch_ratio: 0.0147 (0.0214)  time: 0.1134  data: 0.0001  max mem: 1904
[17:02:40.817010] Epoch: [8]  [ 620/1098]  eta: 0:00:54  lr: 0.000010  loss: 0.0164 (0.0392)  mae_m_mask: 0.4166 (0.4362)  rmse_m_mask: 0.5177 (0.5826)  normalized_mse_mask: 0.0164 (0.0392)  rmse_m_all: 11.7415 (12.3889)  actual_mask_ratio: 0.0731 (0.0715)  actual_prediction_mask_ratio: 0.2279 (0.2317)  ignored_patch_ratio: 0.0147 (0.0213)  time: 0.1138  data: 0.0001  max mem: 1904
[17:02:43.066598] Epoch: [8]  [ 640/1098]  eta: 0:00:52  lr: 0.000010  loss: 0.0231 (0.0412)  mae_m_mask: 0.3536 (0.4348)  rmse_m_mask: 0.4417 (0.5803)  normalized_mse_mask: 0.0231 (0.0412)  rmse_m_all: 10.6971 (12.3483)  actual_mask_ratio: 0.0711 (0.0715)  actual_prediction_mask_ratio: 0.2315 (0.2317)  ignored_patch_ratio: 0.0261 (0.0214)  time: 0.1124  data: 0.0001  max mem: 1904
[17:02:45.328865] Epoch: [8]  [ 660/1098]  eta: 0:00:50  lr: 0.000010  loss: 0.0077 (0.0414)  mae_m_mask: 0.3276 (0.4340)  rmse_m_mask: 0.4608 (0.5790)  normalized_mse_mask: 0.0077 (0.0414)  rmse_m_all: 11.0903 (12.3364)  actual_mask_ratio: 0.0705 (0.0715)  actual_prediction_mask_ratio: 0.2325 (0.2318)  ignored_patch_ratio: 0.0215 (0.0214)  time: 0.1131  data: 0.0001  max mem: 1904
[17:02:47.613087] Epoch: [8]  [ 680/1098]  eta: 0:00:48  lr: 0.000010  loss: 0.0085 (0.0411)  mae_m_mask: 0.3750 (0.4340)  rmse_m_mask: 0.4897 (0.5784)  normalized_mse_mask: 0.0085 (0.0411)  rmse_m_all: 12.4494 (12.3505)  actual_mask_ratio: 0.0687 (0.0715)  actual_prediction_mask_ratio: 0.2272 (0.2316)  ignored_patch_ratio: 0.0159 (0.0213)  time: 0.1142  data: 0.0001  max mem: 1904
[17:02:49.871978] Epoch: [8]  [ 700/1098]  eta: 0:00:45  lr: 0.000010  loss: 0.0066 (0.0410)  mae_m_mask: 0.4383 (0.4337)  rmse_m_mask: 0.5367 (0.5780)  normalized_mse_mask: 0.0066 (0.0410)  rmse_m_all: 11.3349 (12.3328)  actual_mask_ratio: 0.0721 (0.0715)  actual_prediction_mask_ratio: 0.2300 (0.2317)  ignored_patch_ratio: 0.0147 (0.0213)  time: 0.1129  data: 0.0001  max mem: 1904
[17:02:52.130698] Epoch: [8]  [ 720/1098]  eta: 0:00:43  lr: 0.000010  loss: 0.0199 (0.0413)  mae_m_mask: 0.3988 (0.4343)  rmse_m_mask: 0.5060 (0.5788)  normalized_mse_mask: 0.0199 (0.0413)  rmse_m_all: 12.0598 (12.3246)  actual_mask_ratio: 0.0744 (0.0715)  actual_prediction_mask_ratio: 0.2314 (0.2316)  ignored_patch_ratio: 0.0227 (0.0214)  time: 0.1129  data: 0.0001  max mem: 1904
[17:02:54.371228] Epoch: [8]  [ 740/1098]  eta: 0:00:41  lr: 0.000010  loss: 0.0289 (0.0418)  mae_m_mask: 0.5015 (0.4362)  rmse_m_mask: 0.6515 (0.5813)  normalized_mse_mask: 0.0289 (0.0418)  rmse_m_all: 10.5899 (12.2933)  actual_mask_ratio: 0.0684 (0.0715)  actual_prediction_mask_ratio: 0.2362 (0.2316)  ignored_patch_ratio: 0.0136 (0.0213)  time: 0.1120  data: 0.0001  max mem: 1904
[17:02:56.621997] Epoch: [8]  [ 760/1098]  eta: 0:00:38  lr: 0.000010  loss: 0.0158 (0.0424)  mae_m_mask: 0.5657 (0.4401)  rmse_m_mask: 0.7480 (0.5861)  normalized_mse_mask: 0.0158 (0.0424)  rmse_m_all: 11.4621 (12.2837)  actual_mask_ratio: 0.0717 (0.0716)  actual_prediction_mask_ratio: 0.2385 (0.2318)  ignored_patch_ratio: 0.0159 (0.0212)  time: 0.1125  data: 0.0001  max mem: 1904
[17:02:58.889457] Epoch: [8]  [ 780/1098]  eta: 0:00:36  lr: 0.000010  loss: 0.0128 (0.0419)  mae_m_mask: 0.4203 (0.4416)  rmse_m_mask: 0.5241 (0.5875)  normalized_mse_mask: 0.0128 (0.0419)  rmse_m_all: 12.4465 (12.3022)  actual_mask_ratio: 0.0704 (0.0716)  actual_prediction_mask_ratio: 0.2308 (0.2319)  ignored_patch_ratio: 0.0119 (0.0212)  time: 0.1133  data: 0.0001  max mem: 1904
[17:03:01.131981] Epoch: [8]  [ 800/1098]  eta: 0:00:34  lr: 0.000010  loss: 0.0105 (0.0415)  mae_m_mask: 0.4506 (0.4432)  rmse_m_mask: 0.5851 (0.5911)  normalized_mse_mask: 0.0105 (0.0415)  rmse_m_all: 11.7706 (12.3202)  actual_mask_ratio: 0.0727 (0.0716)  actual_prediction_mask_ratio: 0.2314 (0.2320)  ignored_patch_ratio: 0.0130 (0.0212)  time: 0.1121  data: 0.0001  max mem: 1904
[17:03:03.357485] Epoch: [8]  [ 820/1098]  eta: 0:00:31  lr: 0.000010  loss: 0.0414 (0.0425)  mae_m_mask: 0.4442 (0.4452)  rmse_m_mask: 0.6196 (0.5945)  normalized_mse_mask: 0.0414 (0.0425)  rmse_m_all: 9.5403 (12.2706)  actual_mask_ratio: 0.0754 (0.0717)  actual_prediction_mask_ratio: 0.2355 (0.2321)  ignored_patch_ratio: 0.0130 (0.0211)  time: 0.1112  data: 0.0001  max mem: 1904
[17:03:05.588332] Epoch: [8]  [ 840/1098]  eta: 0:00:29  lr: 0.000010  loss: 0.0161 (0.0425)  mae_m_mask: 0.4581 (0.4457)  rmse_m_mask: 0.6046 (0.5949)  normalized_mse_mask: 0.0161 (0.0425)  rmse_m_all: 10.4096 (12.2329)  actual_mask_ratio: 0.0737 (0.0718)  actual_prediction_mask_ratio: 0.2318 (0.2321)  ignored_patch_ratio: 0.0102 (0.0210)  time: 0.1115  data: 0.0001  max mem: 1904
[17:03:07.535413] Epoch: [8]  [ 860/1098]  eta: 0:00:27  lr: 0.000010  loss: 0.0112 (0.0432)  mae_m_mask: 0.5782 (0.4480)  rmse_m_mask: 0.7147 (0.5977)  normalized_mse_mask: 0.0112 (0.0432)  rmse_m_all: 11.2772 (12.2204)  actual_mask_ratio: 0.0726 (0.0718)  actual_prediction_mask_ratio: 0.2390 (0.2322)  ignored_patch_ratio: 0.0159 (0.0209)  time: 0.0973  data: 0.0001  max mem: 1904
[17:03:10.385645] Epoch: [8]  [ 880/1098]  eta: 0:00:24  lr: 0.000010  loss: 0.0084 (0.0435)  mae_m_mask: 0.5656 (0.4516)  rmse_m_mask: 0.7189 (0.6014)  normalized_mse_mask: 0.0084 (0.0435)  rmse_m_all: 13.7263 (12.2477)  actual_mask_ratio: 0.0731 (0.0718)  actual_prediction_mask_ratio: 0.2271 (0.2321)  ignored_patch_ratio: 0.0238 (0.0211)  time: 0.1425  data: 0.0511  max mem: 1904
[17:03:12.846746] Epoch: [8]  [ 900/1098]  eta: 0:00:22  lr: 0.000010  loss: 0.0050 (0.0431)  mae_m_mask: 0.6276 (0.4560)  rmse_m_mask: 0.8261 (0.6063)  normalized_mse_mask: 0.0050 (0.0431)  rmse_m_all: 13.0950 (12.2723)  actual_mask_ratio: 0.0698 (0.0718)  actual_prediction_mask_ratio: 0.2437 (0.2323)  ignored_patch_ratio: 0.0193 (0.0211)  time: 0.1230  data: 0.0521  max mem: 1904
[17:03:14.835725] Epoch: [8]  [ 920/1098]  eta: 0:00:20  lr: 0.000010  loss: 0.0077 (0.0426)  mae_m_mask: 0.4515 (0.4560)  rmse_m_mask: 0.5559 (0.6068)  normalized_mse_mask: 0.0077 (0.0426)  rmse_m_all: 11.3958 (12.2722)  actual_mask_ratio: 0.0711 (0.0718)  actual_prediction_mask_ratio: 0.2274 (0.2322)  ignored_patch_ratio: 0.0261 (0.0212)  time: 0.0994  data: 0.0029  max mem: 1904
[17:03:17.094622] Epoch: [8]  [ 940/1098]  eta: 0:00:18  lr: 0.000010  loss: 0.0021 (0.0422)  mae_m_mask: 0.3585 (0.4547)  rmse_m_mask: 0.4648 (0.6053)  normalized_mse_mask: 0.0021 (0.0422)  rmse_m_all: 11.7112 (12.2691)  actual_mask_ratio: 0.0705 (0.0718)  actual_prediction_mask_ratio: 0.2328 (0.2322)  ignored_patch_ratio: 0.0249 (0.0213)  time: 0.1129  data: 0.0001  max mem: 1904
[17:03:19.293077] Epoch: [8]  [ 960/1098]  eta: 0:00:15  lr: 0.000010  loss: 0.0134 (0.0422)  mae_m_mask: 0.4947 (0.4565)  rmse_m_mask: 0.7153 (0.6080)  normalized_mse_mask: 0.0134 (0.0422)  rmse_m_all: 10.5265 (12.2607)  actual_mask_ratio: 0.0717 (0.0718)  actual_prediction_mask_ratio: 0.2327 (0.2322)  ignored_patch_ratio: 0.0198 (0.0213)  time: 0.1099  data: 0.0001  max mem: 1904
[17:03:21.520287] Epoch: [8]  [ 980/1098]  eta: 0:00:13  lr: 0.000010  loss: 0.0033 (0.0419)  mae_m_mask: 0.4819 (0.4575)  rmse_m_mask: 0.6271 (0.6092)  normalized_mse_mask: 0.0033 (0.0419)  rmse_m_all: 12.7156 (12.2767)  actual_mask_ratio: 0.0697 (0.0718)  actual_prediction_mask_ratio: 0.2227 (0.2321)  ignored_patch_ratio: 0.0283 (0.0214)  time: 0.1113  data: 0.0001  max mem: 1904
[17:03:23.746373] Epoch: [8]  [1000/1098]  eta: 0:00:11  lr: 0.000010  loss: 0.0326 (0.0418)  mae_m_mask: 0.4221 (0.4578)  rmse_m_mask: 0.5318 (0.6096)  normalized_mse_mask: 0.0326 (0.0418)  rmse_m_all: 10.9378 (12.2699)  actual_mask_ratio: 0.0741 (0.0718)  actual_prediction_mask_ratio: 0.2419 (0.2323)  ignored_patch_ratio: 0.0198 (0.0214)  time: 0.1113  data: 0.0001  max mem: 1904
[17:03:25.998319] Epoch: [8]  [1020/1098]  eta: 0:00:08  lr: 0.000010  loss: 0.0251 (0.0417)  mae_m_mask: 0.4351 (0.4580)  rmse_m_mask: 0.5203 (0.6095)  normalized_mse_mask: 0.0251 (0.0417)  rmse_m_all: 12.7437 (12.2607)  actual_mask_ratio: 0.0724 (0.0718)  actual_prediction_mask_ratio: 0.2341 (0.2323)  ignored_patch_ratio: 0.0249 (0.0214)  time: 0.1126  data: 0.0001  max mem: 1904
[17:03:28.249850] Epoch: [8]  [1040/1098]  eta: 0:00:06  lr: 0.000010  loss: 0.0281 (0.0418)  mae_m_mask: 0.3916 (0.4581)  rmse_m_mask: 0.5330 (0.6096)  normalized_mse_mask: 0.0281 (0.0418)  rmse_m_all: 12.8496 (12.2815)  actual_mask_ratio: 0.0719 (0.0718)  actual_prediction_mask_ratio: 0.2245 (0.2323)  ignored_patch_ratio: 0.0147 (0.0215)  time: 0.1125  data: 0.0001  max mem: 1904
[17:03:30.485349] Epoch: [8]  [1060/1098]  eta: 0:00:04  lr: 0.000010  loss: 0.0315 (0.0423)  mae_m_mask: 0.3957 (0.4571)  rmse_m_mask: 0.5311 (0.6081)  normalized_mse_mask: 0.0315 (0.0423)  rmse_m_all: 12.1744 (12.2790)  actual_mask_ratio: 0.0717 (0.0718)  actual_prediction_mask_ratio: 0.2334 (0.2323)  ignored_patch_ratio: 0.0232 (0.0216)  time: 0.1117  data: 0.0001  max mem: 1904
[17:03:32.680822] Epoch: [8]  [1080/1098]  eta: 0:00:02  lr: 0.000010  loss: 0.0066 (0.0419)  mae_m_mask: 0.4279 (0.4577)  rmse_m_mask: 0.5734 (0.6087)  normalized_mse_mask: 0.0066 (0.0419)  rmse_m_all: 14.1692 (12.3015)  actual_mask_ratio: 0.0695 (0.0718)  actual_prediction_mask_ratio: 0.2300 (0.2322)  ignored_patch_ratio: 0.0227 (0.0216)  time: 0.1097  data: 0.0001  max mem: 1904
[17:03:34.599943] Epoch: [8]  [1097/1098]  eta: 0:00:00  lr: 0.000010  loss: 0.0216 (0.0416)  mae_m_mask: 0.4218 (0.4571)  rmse_m_mask: 0.5278 (0.6080)  normalized_mse_mask: 0.0216 (0.0416)  rmse_m_all: 11.1016 (12.2837)  actual_mask_ratio: 0.0719 (0.0718)  actual_prediction_mask_ratio: 0.2398 (0.2323)  ignored_patch_ratio: 0.0210 (0.0216)  time: 0.1128  data: 0.0001  max mem: 1904
[17:03:34.728921] Epoch: [8] Total time: 0:02:05 (0.1142 s / it)
[17:03:34.729398] Averaged stats: {'lr': 9.877858651827456e-06, 'loss': 0.04060414961119384, 'mae_m_mask': 0.45529494692847006, 'rmse_m_mask': 0.6613054768807068, 'normalized_mse_mask': 0.04060414961119384, 'rmse_m_all': 12.283675521015034, 'actual_mask_ratio': 0.07183579458280014, 'actual_prediction_mask_ratio': 0.2323175135233146, 'ignored_patch_ratio': 0.021571367110493837, 'supervised_pixel_count': 21816230.0}
[17:03:34.923794] Val: [8]  [  0/194]  eta: 0:00:37  loss: 0.2964 (0.2964)  mae_m_mask: 0.4808 (0.4808)  rmse_m_mask: 0.6752 (0.6752)  normalized_mse_mask: 0.2964 (0.2964)  rmse_m_all: 1.0099 (1.0099)  actual_mask_ratio: 0.0709 (0.0709)  actual_prediction_mask_ratio: 0.2352 (0.2352)  ignored_patch_ratio: 0.0646 (0.0646)  time: 0.1915  data: 0.1002  max mem: 1904
[17:03:39.247065] Val: [8]  [ 50/194]  eta: 0:00:12  loss: 0.0131 (0.0674)  mae_m_mask: 0.6690 (0.6848)  rmse_m_mask: 0.8443 (0.8447)  normalized_mse_mask: 0.0131 (0.0674)  rmse_m_all: 10.1090 (7.6130)  actual_mask_ratio: 0.0626 (0.0699)  actual_prediction_mask_ratio: 0.2166 (0.2286)  ignored_patch_ratio: 0.0000 (0.0044)  time: 0.0874  data: 0.0001  max mem: 1904
[17:03:43.255737] Val: [8]  [100/194]  eta: 0:00:07  loss: 0.0305 (0.0677)  mae_m_mask: 0.7210 (0.6863)  rmse_m_mask: 0.8967 (0.8467)  normalized_mse_mask: 0.0305 (0.0677)  rmse_m_all: 4.8814 (7.3826)  actual_mask_ratio: 0.0590 (0.0682)  actual_prediction_mask_ratio: 0.2018 (0.2221)  ignored_patch_ratio: 0.0000 (0.0025)  time: 0.0722  data: 0.0001  max mem: 1904
[17:03:47.683959] Val: [8]  [150/194]  eta: 0:00:03  loss: 0.0054 (0.0655)  mae_m_mask: 0.7949 (0.7181)  rmse_m_mask: 0.9346 (0.8866)  normalized_mse_mask: 0.0054 (0.0655)  rmse_m_all: 14.4408 (8.2283)  actual_mask_ratio: 0.0697 (0.0675)  actual_prediction_mask_ratio: 0.2175 (0.2175)  ignored_patch_ratio: 0.0000 (0.0024)  time: 0.0684  data: 0.0001  max mem: 1904
[17:03:51.479495] Val: [8]  [193/194]  eta: 0:00:00  loss: 0.1290 (0.0743)  mae_m_mask: 0.5709 (0.7161)  rmse_m_mask: 0.7072 (0.8833)  normalized_mse_mask: 0.1290 (0.0743)  rmse_m_all: 1.4997 (8.6919)  actual_mask_ratio: 0.0624 (0.0663)  actual_prediction_mask_ratio: 0.1985 (0.2131)  ignored_patch_ratio: 0.0136 (0.0049)  time: 0.0868  data: 0.0001  max mem: 1904
[17:03:51.517931] Val: [8] Total time: 0:00:16 (0.0865 s / it)
[17:03:51.520406] val stats: {'loss': 0.07472534141227383, 'mae_m_mask': 0.7053697103388363, 'rmse_m_mask': 0.9074541154094113, 'normalized_mse_mask': 0.07472534141227383, 'rmse_m_all': 8.69185822434032, 'actual_mask_ratio': 0.06633703996302541, 'actual_prediction_mask_ratio': 0.21313334448435872, 'ignored_patch_ratio': 0.00489066925245462, 'supervised_pixel_count': 3944867.0}
[17:03:55.639249] log_dir: /tank/data/SFS/xinyis/data/bathymetry/MAE-Topography/Downstream_Task_Bathy/cross_validation_v5_Stage2NormMSE_MeterSelect/runs/holdout_Santiam_D004Stage2NormMSE_MeterSelect_D001NoDataSafe/train_stage2_normMSE_meterSelect_OR_SantiamRiverTB_Topobathy_1_D23_fromStage1Best_e120_lr1e-5_b4_acc4/tb
[17:03:55.864324] Epoch: [9]  [   0/1098]  eta: 0:04:06  lr: 0.000010  loss: 0.0019 (0.0019)  mae_m_mask: 0.5723 (0.5723)  rmse_m_mask: 0.7348 (0.7348)  normalized_mse_mask: 0.0019 (0.0019)  rmse_m_all: 9.0125 (9.0125)  actual_mask_ratio: 0.0662 (0.0662)  actual_prediction_mask_ratio: 0.2127 (0.2127)  ignored_patch_ratio: 0.0244 (0.0244)  time: 0.2245  data: 0.1100  max mem: 1904
[17:03:58.203425] Epoch: [9]  [  20/1098]  eta: 0:02:11  lr: 0.000010  loss: 0.0023 (0.0289)  mae_m_mask: 0.4216 (0.4498)  rmse_m_mask: 0.5465 (0.5756)  normalized_mse_mask: 0.0023 (0.0289)  rmse_m_all: 12.7839 (12.6143)  actual_mask_ratio: 0.0692 (0.0695)  actual_prediction_mask_ratio: 0.2300 (0.2247)  ignored_patch_ratio: 0.0232 (0.0246)  time: 0.1169  data: 0.0006  max mem: 1904
[17:04:00.540962] Epoch: [9]  [  40/1098]  eta: 0:02:06  lr: 0.000010  loss: 0.0065 (0.0426)  mae_m_mask: 0.5523 (0.4856)  rmse_m_mask: 0.7014 (0.6450)  normalized_mse_mask: 0.0065 (0.0426)  rmse_m_all: 12.7971 (12.6394)  actual_mask_ratio: 0.0716 (0.0707)  actual_prediction_mask_ratio: 0.2319 (0.2281)  ignored_patch_ratio: 0.0215 (0.0251)  time: 0.1168  data: 0.0001  max mem: 1904
[17:04:02.884213] Epoch: [9]  [  60/1098]  eta: 0:02:03  lr: 0.000010  loss: 0.0099 (0.0391)  mae_m_mask: 0.3989 (0.4772)  rmse_m_mask: 0.5493 (0.6352)  normalized_mse_mask: 0.0099 (0.0391)  rmse_m_all: 12.5367 (12.2994)  actual_mask_ratio: 0.0702 (0.0709)  actual_prediction_mask_ratio: 0.2339 (0.2300)  ignored_patch_ratio: 0.0181 (0.0237)  time: 0.1171  data: 0.0001  max mem: 1904
[17:04:05.225304] Epoch: [9]  [  80/1098]  eta: 0:02:00  lr: 0.000010  loss: 0.0163 (0.0361)  mae_m_mask: 0.3660 (0.4729)  rmse_m_mask: 0.5111 (0.6299)  normalized_mse_mask: 0.0163 (0.0361)  rmse_m_all: 11.4288 (12.0483)  actual_mask_ratio: 0.0724 (0.0711)  actual_prediction_mask_ratio: 0.2289 (0.2316)  ignored_patch_ratio: 0.0102 (0.0214)  time: 0.1170  data: 0.0001  max mem: 1904
[17:04:07.564019] Epoch: [9]  [ 100/1098]  eta: 0:01:57  lr: 0.000010  loss: 0.0202 (0.0385)  mae_m_mask: 0.3861 (0.4688)  rmse_m_mask: 0.5269 (0.6224)  normalized_mse_mask: 0.0202 (0.0385)  rmse_m_all: 11.1122 (12.0328)  actual_mask_ratio: 0.0746 (0.0719)  actual_prediction_mask_ratio: 0.2344 (0.2325)  ignored_patch_ratio: 0.0164 (0.0208)  time: 0.1169  data: 0.0001  max mem: 1904
[17:04:09.902086] Epoch: [9]  [ 120/1098]  eta: 0:01:55  lr: 0.000010  loss: 0.0113 (0.0376)  mae_m_mask: 0.2934 (0.4503)  rmse_m_mask: 0.4271 (0.5999)  normalized_mse_mask: 0.0113 (0.0376)  rmse_m_all: 11.5706 (12.0154)  actual_mask_ratio: 0.0722 (0.0721)  actual_prediction_mask_ratio: 0.2411 (0.2339)  ignored_patch_ratio: 0.0153 (0.0204)  time: 0.1169  data: 0.0001  max mem: 1904
[17:04:12.242334] Epoch: [9]  [ 140/1098]  eta: 0:01:52  lr: 0.000010  loss: 0.0149 (0.0379)  mae_m_mask: 0.3615 (0.4376)  rmse_m_mask: 0.4463 (0.5814)  normalized_mse_mask: 0.0149 (0.0379)  rmse_m_all: 12.2110 (12.0832)  actual_mask_ratio: 0.0732 (0.0723)  actual_prediction_mask_ratio: 0.2340 (0.2336)  ignored_patch_ratio: 0.0249 (0.0209)  time: 0.1170  data: 0.0001  max mem: 1904
[17:04:14.582733] Epoch: [9]  [ 160/1098]  eta: 0:01:50  lr: 0.000010  loss: 0.0280 (0.0382)  mae_m_mask: 0.3505 (0.4339)  rmse_m_mask: 0.4937 (0.5804)  normalized_mse_mask: 0.0280 (0.0382)  rmse_m_all: 11.0296 (12.0063)  actual_mask_ratio: 0.0720 (0.0724)  actual_prediction_mask_ratio: 0.2400 (0.2339)  ignored_patch_ratio: 0.0153 (0.0205)  time: 0.1170  data: 0.0001  max mem: 1904
[17:04:16.923638] Epoch: [9]  [ 180/1098]  eta: 0:01:47  lr: 0.000010  loss: 0.0188 (0.0402)  mae_m_mask: 0.3665 (0.4267)  rmse_m_mask: 0.4964 (0.5703)  normalized_mse_mask: 0.0188 (0.0402)  rmse_m_all: 11.8161 (11.9180)  actual_mask_ratio: 0.0719 (0.0725)  actual_prediction_mask_ratio: 0.2447 (0.2351)  ignored_patch_ratio: 0.0153 (0.0200)  time: 0.1170  data: 0.0001  max mem: 1904
[17:04:19.268580] Epoch: [9]  [ 200/1098]  eta: 0:01:45  lr: 0.000010  loss: 0.0131 (0.0424)  mae_m_mask: 0.5448 (0.4373)  rmse_m_mask: 0.6850 (0.5869)  normalized_mse_mask: 0.0131 (0.0424)  rmse_m_all: 11.1615 (11.9047)  actual_mask_ratio: 0.0714 (0.0724)  actual_prediction_mask_ratio: 0.2247 (0.2349)  ignored_patch_ratio: 0.0159 (0.0196)  time: 0.1172  data: 0.0001  max mem: 1904
[17:04:21.614716] Epoch: [9]  [ 220/1098]  eta: 0:01:43  lr: 0.000010  loss: 0.0037 (0.0406)  mae_m_mask: 0.3862 (0.4347)  rmse_m_mask: 0.5398 (0.5848)  normalized_mse_mask: 0.0037 (0.0406)  rmse_m_all: 12.5161 (11.9956)  actual_mask_ratio: 0.0711 (0.0723)  actual_prediction_mask_ratio: 0.2252 (0.2343)  ignored_patch_ratio: 0.0210 (0.0199)  time: 0.1173  data: 0.0001  max mem: 1904
[17:04:23.963156] Epoch: [9]  [ 240/1098]  eta: 0:01:40  lr: 0.000010  loss: 0.0099 (0.0437)  mae_m_mask: 0.4535 (0.4429)  rmse_m_mask: 0.6337 (0.5970)  normalized_mse_mask: 0.0099 (0.0437)  rmse_m_all: 12.2052 (12.0330)  actual_mask_ratio: 0.0726 (0.0723)  actual_prediction_mask_ratio: 0.2331 (0.2343)  ignored_patch_ratio: 0.0159 (0.0198)  time: 0.1174  data: 0.0001  max mem: 1904
[17:04:26.305415] Epoch: [9]  [ 260/1098]  eta: 0:01:38  lr: 0.000010  loss: 0.0100 (0.0419)  mae_m_mask: 0.3614 (0.4417)  rmse_m_mask: 0.4574 (0.5955)  normalized_mse_mask: 0.0100 (0.0419)  rmse_m_all: 14.7352 (12.2668)  actual_mask_ratio: 0.0706 (0.0722)  actual_prediction_mask_ratio: 0.2357 (0.2339)  ignored_patch_ratio: 0.0210 (0.0203)  time: 0.1171  data: 0.0001  max mem: 1904
[17:04:28.648790] Epoch: [9]  [ 280/1098]  eta: 0:01:36  lr: 0.000010  loss: 0.0170 (0.0413)  mae_m_mask: 0.3328 (0.4382)  rmse_m_mask: 0.4201 (0.5890)  normalized_mse_mask: 0.0170 (0.0413)  rmse_m_all: 11.9793 (12.2264)  actual_mask_ratio: 0.0692 (0.0721)  actual_prediction_mask_ratio: 0.2248 (0.2335)  ignored_patch_ratio: 0.0176 (0.0201)  time: 0.1171  data: 0.0001  max mem: 1904
[17:04:30.990097] Epoch: [9]  [ 300/1098]  eta: 0:01:33  lr: 0.000010  loss: 0.0251 (0.0421)  mae_m_mask: 0.4437 (0.4436)  rmse_m_mask: 0.5295 (0.5951)  normalized_mse_mask: 0.0251 (0.0421)  rmse_m_all: 12.6438 (12.2581)  actual_mask_ratio: 0.0731 (0.0722)  actual_prediction_mask_ratio: 0.2262 (0.2334)  ignored_patch_ratio: 0.0289 (0.0206)  time: 0.1170  data: 0.0001  max mem: 1904
[17:04:33.328583] Epoch: [9]  [ 320/1098]  eta: 0:01:31  lr: 0.000010  loss: 0.0197 (0.0416)  mae_m_mask: 0.3758 (0.4414)  rmse_m_mask: 0.5030 (0.5944)  normalized_mse_mask: 0.0197 (0.0416)  rmse_m_all: 11.1903 (12.1769)  actual_mask_ratio: 0.0750 (0.0723)  actual_prediction_mask_ratio: 0.2398 (0.2339)  ignored_patch_ratio: 0.0147 (0.0203)  time: 0.1169  data: 0.0001  max mem: 1904
[17:04:35.671297] Epoch: [9]  [ 340/1098]  eta: 0:01:28  lr: 0.000010  loss: 0.0105 (0.0410)  mae_m_mask: 0.4099 (0.4430)  rmse_m_mask: 0.5289 (0.5969)  normalized_mse_mask: 0.0105 (0.0410)  rmse_m_all: 13.4947 (12.2286)  actual_mask_ratio: 0.0713 (0.0723)  actual_prediction_mask_ratio: 0.2287 (0.2335)  ignored_patch_ratio: 0.0261 (0.0206)  time: 0.1171  data: 0.0001  max mem: 1904
[17:04:38.015148] Epoch: [9]  [ 360/1098]  eta: 0:01:26  lr: 0.000010  loss: 0.0074 (0.0409)  mae_m_mask: 0.4565 (0.4458)  rmse_m_mask: 0.6053 (0.5999)  normalized_mse_mask: 0.0074 (0.0409)  rmse_m_all: 13.0056 (12.3146)  actual_mask_ratio: 0.0691 (0.0721)  actual_prediction_mask_ratio: 0.2295 (0.2331)  ignored_patch_ratio: 0.0221 (0.0209)  time: 0.1171  data: 0.0001  max mem: 1904
[17:04:40.361955] Epoch: [9]  [ 380/1098]  eta: 0:01:24  lr: 0.000010  loss: 0.0094 (0.0398)  mae_m_mask: 0.4508 (0.4454)  rmse_m_mask: 0.6229 (0.5991)  normalized_mse_mask: 0.0094 (0.0398)  rmse_m_all: 12.0756 (12.2992)  actual_mask_ratio: 0.0708 (0.0721)  actual_prediction_mask_ratio: 0.2274 (0.2327)  ignored_patch_ratio: 0.0193 (0.0210)  time: 0.1173  data: 0.0001  max mem: 1904
[17:04:42.632533] Epoch: [9]  [ 400/1098]  eta: 0:01:21  lr: 0.000010  loss: 0.0095 (0.0396)  mae_m_mask: 0.3386 (0.4450)  rmse_m_mask: 0.4096 (0.6013)  normalized_mse_mask: 0.0095 (0.0396)  rmse_m_all: 11.6823 (12.3037)  actual_mask_ratio: 0.0720 (0.0721)  actual_prediction_mask_ratio: 0.2293 (0.2325)  ignored_patch_ratio: 0.0238 (0.0211)  time: 0.1135  data: 0.0001  max mem: 1904
[17:04:44.908878] Epoch: [9]  [ 420/1098]  eta: 0:01:19  lr: 0.000010  loss: 0.0251 (0.0395)  mae_m_mask: 0.4205 (0.4463)  rmse_m_mask: 0.5563 (0.6028)  normalized_mse_mask: 0.0251 (0.0395)  rmse_m_all: 13.6461 (12.2837)  actual_mask_ratio: 0.0716 (0.0720)  actual_prediction_mask_ratio: 0.2319 (0.2325)  ignored_patch_ratio: 0.0181 (0.0211)  time: 0.1138  data: 0.0001  max mem: 1904
[17:04:47.193682] Epoch: [9]  [ 440/1098]  eta: 0:01:16  lr: 0.000010  loss: 0.0062 (0.0383)  mae_m_mask: 0.4013 (0.4472)  rmse_m_mask: 0.5188 (0.6038)  normalized_mse_mask: 0.0062 (0.0383)  rmse_m_all: 14.4495 (12.3486)  actual_mask_ratio: 0.0727 (0.0720)  actual_prediction_mask_ratio: 0.2321 (0.2325)  ignored_patch_ratio: 0.0261 (0.0214)  time: 0.1142  data: 0.0001  max mem: 1904
[17:04:49.465776] Epoch: [9]  [ 460/1098]  eta: 0:01:14  lr: 0.000010  loss: 0.0106 (0.0382)  mae_m_mask: 0.3842 (0.4450)  rmse_m_mask: 0.5158 (0.6000)  normalized_mse_mask: 0.0106 (0.0382)  rmse_m_all: 11.8273 (12.3002)  actual_mask_ratio: 0.0702 (0.0720)  actual_prediction_mask_ratio: 0.2353 (0.2325)  ignored_patch_ratio: 0.0153 (0.0213)  time: 0.1136  data: 0.0001  max mem: 1904
[17:04:51.735158] Epoch: [9]  [ 480/1098]  eta: 0:01:12  lr: 0.000010  loss: 0.0152 (0.0381)  mae_m_mask: 0.3969 (0.4444)  rmse_m_mask: 0.5867 (0.5992)  normalized_mse_mask: 0.0152 (0.0381)  rmse_m_all: 11.9298 (12.2722)  actual_mask_ratio: 0.0720 (0.0720)  actual_prediction_mask_ratio: 0.2351 (0.2326)  ignored_patch_ratio: 0.0159 (0.0213)  time: 0.1134  data: 0.0001  max mem: 1904
[17:04:53.990205] Epoch: [9]  [ 500/1098]  eta: 0:01:09  lr: 0.000010  loss: 0.0227 (0.0382)  mae_m_mask: 0.3822 (0.4467)  rmse_m_mask: 0.5165 (0.6031)  normalized_mse_mask: 0.0227 (0.0382)  rmse_m_all: 11.4274 (12.2504)  actual_mask_ratio: 0.0709 (0.0719)  actual_prediction_mask_ratio: 0.2331 (0.2325)  ignored_patch_ratio: 0.0181 (0.0213)  time: 0.1127  data: 0.0001  max mem: 1904
[17:04:56.182521] Epoch: [9]  [ 520/1098]  eta: 0:01:07  lr: 0.000010  loss: 0.0139 (0.0391)  mae_m_mask: 0.4787 (0.4499)  rmse_m_mask: 0.6646 (0.6067)  normalized_mse_mask: 0.0139 (0.0391)  rmse_m_all: 10.9589 (12.2281)  actual_mask_ratio: 0.0673 (0.0719)  actual_prediction_mask_ratio: 0.2248 (0.2325)  ignored_patch_ratio: 0.0136 (0.0213)  time: 0.1096  data: 0.0001  max mem: 1904
[17:04:58.399116] Epoch: [9]  [ 540/1098]  eta: 0:01:04  lr: 0.000010  loss: 0.0367 (0.0393)  mae_m_mask: 0.3971 (0.4509)  rmse_m_mask: 0.5361 (0.6085)  normalized_mse_mask: 0.0367 (0.0393)  rmse_m_all: 11.9248 (12.2063)  actual_mask_ratio: 0.0707 (0.0718)  actual_prediction_mask_ratio: 0.2257 (0.2324)  ignored_patch_ratio: 0.0136 (0.0212)  time: 0.1108  data: 0.0001  max mem: 1904
[17:05:00.615423] Epoch: [9]  [ 560/1098]  eta: 0:01:02  lr: 0.000010  loss: 0.0115 (0.0390)  mae_m_mask: 0.3987 (0.4517)  rmse_m_mask: 0.5091 (0.6085)  normalized_mse_mask: 0.0115 (0.0390)  rmse_m_all: 10.7303 (12.1889)  actual_mask_ratio: 0.0743 (0.0719)  actual_prediction_mask_ratio: 0.2354 (0.2324)  ignored_patch_ratio: 0.0210 (0.0214)  time: 0.1108  data: 0.0001  max mem: 1904
[17:05:02.814183] Epoch: [9]  [ 580/1098]  eta: 0:00:59  lr: 0.000010  loss: 0.0115 (0.0384)  mae_m_mask: 0.3207 (0.4494)  rmse_m_mask: 0.4509 (0.6050)  normalized_mse_mask: 0.0115 (0.0384)  rmse_m_all: 12.3504 (12.1820)  actual_mask_ratio: 0.0720 (0.0719)  actual_prediction_mask_ratio: 0.2305 (0.2324)  ignored_patch_ratio: 0.0210 (0.0214)  time: 0.1099  data: 0.0001  max mem: 1904
[17:05:05.009056] Epoch: [9]  [ 600/1098]  eta: 0:00:57  lr: 0.000010  loss: 0.0041 (0.0379)  mae_m_mask: 0.4047 (0.4500)  rmse_m_mask: 0.5110 (0.6052)  normalized_mse_mask: 0.0041 (0.0379)  rmse_m_all: 13.7308 (12.2097)  actual_mask_ratio: 0.0708 (0.0718)  actual_prediction_mask_ratio: 0.2207 (0.2322)  ignored_patch_ratio: 0.0198 (0.0214)  time: 0.1097  data: 0.0001  max mem: 1904
[17:05:07.246792] Epoch: [9]  [ 620/1098]  eta: 0:00:55  lr: 0.000010  loss: 0.0096 (0.0381)  mae_m_mask: 0.4190 (0.4504)  rmse_m_mask: 0.5579 (0.6060)  normalized_mse_mask: 0.0096 (0.0381)  rmse_m_all: 10.8864 (12.1880)  actual_mask_ratio: 0.0725 (0.0718)  actual_prediction_mask_ratio: 0.2320 (0.2324)  ignored_patch_ratio: 0.0176 (0.0214)  time: 0.1118  data: 0.0001  max mem: 1904
[17:05:09.464188] Epoch: [9]  [ 640/1098]  eta: 0:00:52  lr: 0.000010  loss: 0.0284 (0.0385)  mae_m_mask: 0.3618 (0.4500)  rmse_m_mask: 0.6017 (0.6059)  normalized_mse_mask: 0.0284 (0.0385)  rmse_m_all: 10.8568 (12.1687)  actual_mask_ratio: 0.0705 (0.0719)  actual_prediction_mask_ratio: 0.2391 (0.2325)  ignored_patch_ratio: 0.0187 (0.0214)  time: 0.1108  data: 0.0001  max mem: 1904
[17:05:11.676969] Epoch: [9]  [ 660/1098]  eta: 0:00:50  lr: 0.000010  loss: 0.0054 (0.0386)  mae_m_mask: 0.3779 (0.4488)  rmse_m_mask: 0.5090 (0.6044)  normalized_mse_mask: 0.0054 (0.0386)  rmse_m_all: 12.2250 (12.1983)  actual_mask_ratio: 0.0692 (0.0718)  actual_prediction_mask_ratio: 0.2321 (0.2324)  ignored_patch_ratio: 0.0181 (0.0214)  time: 0.1106  data: 0.0001  max mem: 1904
[17:05:13.893137] Epoch: [9]  [ 680/1098]  eta: 0:00:48  lr: 0.000010  loss: 0.0156 (0.0387)  mae_m_mask: 0.5060 (0.4515)  rmse_m_mask: 0.6540 (0.6072)  normalized_mse_mask: 0.0156 (0.0387)  rmse_m_all: 13.8287 (12.2129)  actual_mask_ratio: 0.0732 (0.0719)  actual_prediction_mask_ratio: 0.2334 (0.2324)  ignored_patch_ratio: 0.0176 (0.0214)  time: 0.1108  data: 0.0001  max mem: 1904
[17:05:16.115476] Epoch: [9]  [ 700/1098]  eta: 0:00:45  lr: 0.000010  loss: 0.0077 (0.0384)  mae_m_mask: 0.4151 (0.4517)  rmse_m_mask: 0.5464 (0.6067)  normalized_mse_mask: 0.0077 (0.0384)  rmse_m_all: 10.7103 (12.1817)  actual_mask_ratio: 0.0705 (0.0718)  actual_prediction_mask_ratio: 0.2256 (0.2324)  ignored_patch_ratio: 0.0153 (0.0213)  time: 0.1111  data: 0.0001  max mem: 1904
[17:05:18.319818] Epoch: [9]  [ 720/1098]  eta: 0:00:43  lr: 0.000010  loss: 0.0299 (0.0388)  mae_m_mask: 0.3508 (0.4503)  rmse_m_mask: 0.4559 (0.6047)  normalized_mse_mask: 0.0299 (0.0388)  rmse_m_all: 12.5877 (12.1871)  actual_mask_ratio: 0.0713 (0.0718)  actual_prediction_mask_ratio: 0.2411 (0.2325)  ignored_patch_ratio: 0.0164 (0.0213)  time: 0.1102  data: 0.0001  max mem: 1904
[17:05:20.510784] Epoch: [9]  [ 740/1098]  eta: 0:00:40  lr: 0.000010  loss: 0.0020 (0.0380)  mae_m_mask: 0.3939 (0.4501)  rmse_m_mask: 0.5666 (0.6042)  normalized_mse_mask: 0.0020 (0.0380)  rmse_m_all: 13.8555 (12.2046)  actual_mask_ratio: 0.0716 (0.0718)  actual_prediction_mask_ratio: 0.2312 (0.2325)  ignored_patch_ratio: 0.0204 (0.0215)  time: 0.1095  data: 0.0001  max mem: 1904
[17:05:22.728120] Epoch: [9]  [ 760/1098]  eta: 0:00:38  lr: 0.000010  loss: 0.0050 (0.0381)  mae_m_mask: 0.4055 (0.4487)  rmse_m_mask: 0.4925 (0.6025)  normalized_mse_mask: 0.0050 (0.0381)  rmse_m_all: 12.6360 (12.2102)  actual_mask_ratio: 0.0727 (0.0718)  actual_prediction_mask_ratio: 0.2319 (0.2324)  ignored_patch_ratio: 0.0193 (0.0215)  time: 0.1108  data: 0.0001  max mem: 1904
[17:05:24.935885] Epoch: [9]  [ 780/1098]  eta: 0:00:36  lr: 0.000010  loss: 0.0114 (0.0380)  mae_m_mask: 0.4298 (0.4496)  rmse_m_mask: 0.6406 (0.6041)  normalized_mse_mask: 0.0114 (0.0380)  rmse_m_all: 12.2871 (12.2167)  actual_mask_ratio: 0.0753 (0.0719)  actual_prediction_mask_ratio: 0.2380 (0.2325)  ignored_patch_ratio: 0.0181 (0.0215)  time: 0.1103  data: 0.0001  max mem: 1904
[17:05:27.174347] Epoch: [9]  [ 800/1098]  eta: 0:00:34  lr: 0.000010  loss: 0.0175 (0.0386)  mae_m_mask: 0.3962 (0.4486)  rmse_m_mask: 0.5018 (0.6039)  normalized_mse_mask: 0.0175 (0.0386)  rmse_m_all: 12.1763 (12.2071)  actual_mask_ratio: 0.0717 (0.0719)  actual_prediction_mask_ratio: 0.2329 (0.2325)  ignored_patch_ratio: 0.0125 (0.0214)  time: 0.1119  data: 0.0001  max mem: 1904
[17:05:29.386548] Epoch: [9]  [ 820/1098]  eta: 0:00:31  lr: 0.000010  loss: 0.0045 (0.0388)  mae_m_mask: 0.4672 (0.4487)  rmse_m_mask: 0.6127 (0.6038)  normalized_mse_mask: 0.0045 (0.0388)  rmse_m_all: 11.6206 (12.2088)  actual_mask_ratio: 0.0709 (0.0718)  actual_prediction_mask_ratio: 0.2342 (0.2326)  ignored_patch_ratio: 0.0159 (0.0213)  time: 0.1106  data: 0.0001  max mem: 1904
[17:05:31.421795] Epoch: [9]  [ 840/1098]  eta: 0:00:29  lr: 0.000010  loss: 0.0071 (0.0385)  mae_m_mask: 0.4777 (0.4489)  rmse_m_mask: 0.6264 (0.6037)  normalized_mse_mask: 0.0071 (0.0385)  rmse_m_all: 11.7517 (12.2256)  actual_mask_ratio: 0.0720 (0.0719)  actual_prediction_mask_ratio: 0.2250 (0.2324)  ignored_patch_ratio: 0.0181 (0.0213)  time: 0.1017  data: 0.0001  max mem: 1904
[17:05:33.871407] Epoch: [9]  [ 860/1098]  eta: 0:00:27  lr: 0.000010  loss: 0.0034 (0.0381)  mae_m_mask: 0.3984 (0.4486)  rmse_m_mask: 0.4874 (0.6034)  normalized_mse_mask: 0.0034 (0.0381)  rmse_m_all: 13.2550 (12.2392)  actual_mask_ratio: 0.0694 (0.0718)  actual_prediction_mask_ratio: 0.2216 (0.2322)  ignored_patch_ratio: 0.0221 (0.0215)  time: 0.1224  data: 0.0506  max mem: 1904
[17:05:35.830790] Epoch: [9]  [ 880/1098]  eta: 0:00:24  lr: 0.000010  loss: 0.0172 (0.0393)  mae_m_mask: 0.3091 (0.4474)  rmse_m_mask: 0.4324 (0.6016)  normalized_mse_mask: 0.0172 (0.0393)  rmse_m_all: 10.4272 (12.2195)  actual_mask_ratio: 0.0697 (0.0718)  actual_prediction_mask_ratio: 0.2321 (0.2321)  ignored_patch_ratio: 0.0227 (0.0215)  time: 0.0979  data: 0.0001  max mem: 1904
[17:05:38.134572] Epoch: [9]  [ 900/1098]  eta: 0:00:22  lr: 0.000010  loss: 0.0226 (0.0408)  mae_m_mask: 0.4600 (0.4476)  rmse_m_mask: 0.5801 (0.6011)  normalized_mse_mask: 0.0226 (0.0408)  rmse_m_all: 12.0087 (12.2292)  actual_mask_ratio: 0.0716 (0.0718)  actual_prediction_mask_ratio: 0.2396 (0.2321)  ignored_patch_ratio: 0.0227 (0.0216)  time: 0.1151  data: 0.0001  max mem: 1904
[17:05:40.423554] Epoch: [9]  [ 920/1098]  eta: 0:00:20  lr: 0.000010  loss: 0.0158 (0.0406)  mae_m_mask: 0.3545 (0.4460)  rmse_m_mask: 0.4316 (0.5988)  normalized_mse_mask: 0.0158 (0.0406)  rmse_m_all: 12.3529 (12.2136)  actual_mask_ratio: 0.0713 (0.0718)  actual_prediction_mask_ratio: 0.2328 (0.2321)  ignored_patch_ratio: 0.0164 (0.0214)  time: 0.1144  data: 0.0002  max mem: 1904
[17:05:42.608000] Epoch: [9]  [ 940/1098]  eta: 0:00:17  lr: 0.000010  loss: 0.0127 (0.0406)  mae_m_mask: 0.4302 (0.4458)  rmse_m_mask: 0.5774 (0.5989)  normalized_mse_mask: 0.0127 (0.0406)  rmse_m_all: 11.5626 (12.1928)  actual_mask_ratio: 0.0722 (0.0718)  actual_prediction_mask_ratio: 0.2367 (0.2322)  ignored_patch_ratio: 0.0187 (0.0214)  time: 0.1092  data: 0.0001  max mem: 1904
[17:05:44.778400] Epoch: [9]  [ 960/1098]  eta: 0:00:15  lr: 0.000010  loss: 0.0208 (0.0404)  mae_m_mask: 0.4514 (0.4464)  rmse_m_mask: 0.5450 (0.5987)  normalized_mse_mask: 0.0208 (0.0404)  rmse_m_all: 12.0511 (12.1878)  actual_mask_ratio: 0.0699 (0.0717)  actual_prediction_mask_ratio: 0.2290 (0.2322)  ignored_patch_ratio: 0.0227 (0.0215)  time: 0.1085  data: 0.0001  max mem: 1904
[17:05:46.971618] Epoch: [9]  [ 980/1098]  eta: 0:00:13  lr: 0.000010  loss: 0.0024 (0.0403)  mae_m_mask: 0.4390 (0.4472)  rmse_m_mask: 0.5696 (0.5998)  normalized_mse_mask: 0.0024 (0.0403)  rmse_m_all: 13.2820 (12.2095)  actual_mask_ratio: 0.0700 (0.0717)  actual_prediction_mask_ratio: 0.2264 (0.2321)  ignored_patch_ratio: 0.0232 (0.0215)  time: 0.1096  data: 0.0001  max mem: 1904
[17:05:49.175892] Epoch: [9]  [1000/1098]  eta: 0:00:11  lr: 0.000010  loss: 0.0302 (0.0412)  mae_m_mask: 0.3860 (0.4473)  rmse_m_mask: 0.5342 (0.5996)  normalized_mse_mask: 0.0302 (0.0412)  rmse_m_all: 10.6091 (12.2005)  actual_mask_ratio: 0.0716 (0.0717)  actual_prediction_mask_ratio: 0.2324 (0.2321)  ignored_patch_ratio: 0.0198 (0.0215)  time: 0.1102  data: 0.0001  max mem: 1904
[17:05:51.417660] Epoch: [9]  [1020/1098]  eta: 0:00:08  lr: 0.000010  loss: 0.0069 (0.0410)  mae_m_mask: 0.4282 (0.4474)  rmse_m_mask: 0.5377 (0.5993)  normalized_mse_mask: 0.0069 (0.0410)  rmse_m_all: 12.2250 (12.2068)  actual_mask_ratio: 0.0719 (0.0717)  actual_prediction_mask_ratio: 0.2263 (0.2321)  ignored_patch_ratio: 0.0210 (0.0215)  time: 0.1120  data: 0.0001  max mem: 1904
[17:05:53.588795] Epoch: [9]  [1040/1098]  eta: 0:00:06  lr: 0.000010  loss: 0.0051 (0.0407)  mae_m_mask: 0.4069 (0.4475)  rmse_m_mask: 0.5838 (0.6000)  normalized_mse_mask: 0.0051 (0.0407)  rmse_m_all: 13.5299 (12.2354)  actual_mask_ratio: 0.0772 (0.0718)  actual_prediction_mask_ratio: 0.2343 (0.2322)  ignored_patch_ratio: 0.0227 (0.0215)  time: 0.1085  data: 0.0001  max mem: 1904
[17:05:55.811056] Epoch: [9]  [1060/1098]  eta: 0:00:04  lr: 0.000010  loss: 0.0215 (0.0405)  mae_m_mask: 0.3285 (0.4463)  rmse_m_mask: 0.4360 (0.5985)  normalized_mse_mask: 0.0215 (0.0405)  rmse_m_all: 12.5561 (12.2406)  actual_mask_ratio: 0.0727 (0.0718)  actual_prediction_mask_ratio: 0.2285 (0.2322)  ignored_patch_ratio: 0.0204 (0.0215)  time: 0.1111  data: 0.0001  max mem: 1904
[17:05:58.025821] Epoch: [9]  [1080/1098]  eta: 0:00:02  lr: 0.000010  loss: 0.0073 (0.0406)  mae_m_mask: 0.3745 (0.4456)  rmse_m_mask: 0.5105 (0.5974)  normalized_mse_mask: 0.0073 (0.0406)  rmse_m_all: 12.9540 (12.2533)  actual_mask_ratio: 0.0750 (0.0718)  actual_prediction_mask_ratio: 0.2344 (0.2322)  ignored_patch_ratio: 0.0210 (0.0215)  time: 0.1107  data: 0.0001  max mem: 1904
[17:05:59.898486] Epoch: [9]  [1097/1098]  eta: 0:00:00  lr: 0.000010  loss: 0.0311 (0.0416)  mae_m_mask: 0.4015 (0.4452)  rmse_m_mask: 0.5214 (0.5969)  normalized_mse_mask: 0.0311 (0.0416)  rmse_m_all: 11.7113 (12.2451)  actual_mask_ratio: 0.0741 (0.0718)  actual_prediction_mask_ratio: 0.2363 (0.2323)  ignored_patch_ratio: 0.0210 (0.0216)  time: 0.1103  data: 0.0001  max mem: 1904
[17:05:59.942873] Epoch: [9] Total time: 0:02:04 (0.1132 s / it)
[17:05:59.943415] Averaged stats: {'lr': 9.847614035486454e-06, 'loss': 0.040541459431346454, 'mae_m_mask': 0.4427747053817738, 'rmse_m_mask': 0.6460895127694488, 'normalized_mse_mask': 0.040541459431346454, 'rmse_m_all': 12.245103755175307, 'actual_mask_ratio': 0.07183835992694769, 'actual_prediction_mask_ratio': 0.2323280954648671, 'ignored_patch_ratio': 0.021571367707625983, 'supervised_pixel_count': 21816230.0}
[17:06:00.113526] Val: [9]  [  0/194]  eta: 0:00:32  loss: 0.3234 (0.3234)  mae_m_mask: 0.4925 (0.4925)  rmse_m_mask: 0.6928 (0.6928)  normalized_mse_mask: 0.3234 (0.3234)  rmse_m_all: 1.0220 (1.0220)  actual_mask_ratio: 0.0709 (0.0709)  actual_prediction_mask_ratio: 0.2352 (0.2352)  ignored_patch_ratio: 0.0646 (0.0646)  time: 0.1674  data: 0.0852  max mem: 1904
[17:06:04.400398] Val: [9]  [ 50/194]  eta: 0:00:12  loss: 0.0143 (0.0689)  mae_m_mask: 0.6218 (0.6676)  rmse_m_mask: 0.7611 (0.8253)  normalized_mse_mask: 0.0143 (0.0689)  rmse_m_all: 9.9707 (7.5564)  actual_mask_ratio: 0.0626 (0.0699)  actual_prediction_mask_ratio: 0.2166 (0.2286)  ignored_patch_ratio: 0.0000 (0.0044)  time: 0.0867  data: 0.0001  max mem: 1904
[17:06:08.334795] Val: [9]  [100/194]  eta: 0:00:07  loss: 0.0393 (0.0709)  mae_m_mask: 0.6840 (0.6875)  rmse_m_mask: 0.8829 (0.8507)  normalized_mse_mask: 0.0393 (0.0709)  rmse_m_all: 4.8339 (7.3202)  actual_mask_ratio: 0.0590 (0.0682)  actual_prediction_mask_ratio: 0.2018 (0.2221)  ignored_patch_ratio: 0.0000 (0.0025)  time: 0.0683  data: 0.0001  max mem: 1904
[17:06:11.834759] Val: [9]  [150/194]  eta: 0:00:03  loss: 0.0057 (0.0675)  mae_m_mask: 0.8302 (0.7398)  rmse_m_mask: 1.0331 (0.9132)  normalized_mse_mask: 0.0057 (0.0675)  rmse_m_all: 14.2966 (8.1486)  actual_mask_ratio: 0.0697 (0.0675)  actual_prediction_mask_ratio: 0.2175 (0.2175)  ignored_patch_ratio: 0.0000 (0.0024)  time: 0.0478  data: 0.0001  max mem: 1904
[17:06:15.584997] Val: [9]  [193/194]  eta: 0:00:00  loss: 0.1205 (0.0750)  mae_m_mask: 0.5473 (0.7280)  rmse_m_mask: 0.6829 (0.9001)  normalized_mse_mask: 0.1205 (0.0750)  rmse_m_all: 1.5116 (8.6115)  actual_mask_ratio: 0.0624 (0.0663)  actual_prediction_mask_ratio: 0.1985 (0.2131)  ignored_patch_ratio: 0.0136 (0.0049)  time: 0.0859  data: 0.0001  max mem: 1904
[17:06:15.614754] Val: [9] Total time: 0:00:15 (0.0808 s / it)
[17:06:15.616297] val stats: {'loss': 0.07566781160169972, 'mae_m_mask': 0.7236916139417692, 'rmse_m_mask': 0.9463829384437475, 'normalized_mse_mask': 0.07566781160169972, 'rmse_m_all': 8.611547093108758, 'actual_mask_ratio': 0.06633703996302541, 'actual_prediction_mask_ratio': 0.21313334448435872, 'ignored_patch_ratio': 0.00489066925245462, 'supervised_pixel_count': 3944867.0}
[17:06:19.649676] log_dir: /tank/data/SFS/xinyis/data/bathymetry/MAE-Topography/Downstream_Task_Bathy/cross_validation_v5_Stage2NormMSE_MeterSelect/runs/holdout_Santiam_D004Stage2NormMSE_MeterSelect_D001NoDataSafe/train_stage2_normMSE_meterSelect_OR_SantiamRiverTB_Topobathy_1_D23_fromStage1Best_e120_lr1e-5_b4_acc4/tb
[17:06:19.953118] Epoch: [10]  [   0/1098]  eta: 0:05:32  lr: 0.000010  loss: 0.0372 (0.0372)  mae_m_mask: 0.3580 (0.3580)  rmse_m_mask: 0.6600 (0.6600)  normalized_mse_mask: 0.0372 (0.0372)  rmse_m_all: 14.6603 (14.6603)  actual_mask_ratio: 0.0796 (0.0796)  actual_prediction_mask_ratio: 0.2377 (0.2377)  ignored_patch_ratio: 0.0176 (0.0176)  time: 0.3029  data: 0.1861  max mem: 1904
[17:06:22.278635] Epoch: [10]  [  20/1098]  eta: 0:02:14  lr: 0.000010  loss: 0.0287 (0.0422)  mae_m_mask: 0.3354 (0.4190)  rmse_m_mask: 0.4954 (0.5795)  normalized_mse_mask: 0.0287 (0.0422)  rmse_m_all: 11.4684 (11.8204)  actual_mask_ratio: 0.0737 (0.0724)  actual_prediction_mask_ratio: 0.2376 (0.2379)  ignored_patch_ratio: 0.0193 (0.0203)  time: 0.1162  data: 0.0001  max mem: 1904
[17:06:24.602762] Epoch: [10]  [  40/1098]  eta: 0:02:07  lr: 0.000010  loss: 0.0129 (0.0374)  mae_m_mask: 0.3280 (0.4147)  rmse_m_mask: 0.4714 (0.5651)  normalized_mse_mask: 0.0129 (0.0374)  rmse_m_all: 11.3478 (11.8257)  actual_mask_ratio: 0.0725 (0.0722)  actual_prediction_mask_ratio: 0.2376 (0.2365)  ignored_patch_ratio: 0.0153 (0.0200)  time: 0.1162  data: 0.0001  max mem: 1904
[17:06:26.917540] Epoch: [10]  [  60/1098]  eta: 0:02:03  lr: 0.000010  loss: 0.0170 (0.0357)  mae_m_mask: 0.3446 (0.4199)  rmse_m_mask: 0.4358 (0.5644)  normalized_mse_mask: 0.0170 (0.0357)  rmse_m_all: 10.1076 (11.4791)  actual_mask_ratio: 0.0707 (0.0718)  actual_prediction_mask_ratio: 0.2313 (0.2353)  ignored_patch_ratio: 0.0125 (0.0192)  time: 0.1157  data: 0.0001  max mem: 1904
[17:06:29.235070] Epoch: [10]  [  80/1098]  eta: 0:02:00  lr: 0.000010  loss: 0.0066 (0.0329)  mae_m_mask: 0.3683 (0.4198)  rmse_m_mask: 0.4595 (0.5600)  normalized_mse_mask: 0.0066 (0.0329)  rmse_m_all: 12.8601 (11.8551)  actual_mask_ratio: 0.0714 (0.0712)  actual_prediction_mask_ratio: 0.2298 (0.2334)  ignored_patch_ratio: 0.0272 (0.0213)  time: 0.1158  data: 0.0001  max mem: 1904
[17:06:31.547257] Epoch: [10]  [ 100/1098]  eta: 0:01:57  lr: 0.000010  loss: 0.0287 (0.0350)  mae_m_mask: 0.3873 (0.4183)  rmse_m_mask: 0.5122 (0.5570)  normalized_mse_mask: 0.0287 (0.0350)  rmse_m_all: 11.3093 (11.9704)  actual_mask_ratio: 0.0693 (0.0708)  actual_prediction_mask_ratio: 0.2268 (0.2323)  ignored_patch_ratio: 0.0238 (0.0228)  time: 0.1156  data: 0.0001  max mem: 1904
[17:06:33.852531] Epoch: [10]  [ 120/1098]  eta: 0:01:54  lr: 0.000010  loss: 0.0274 (0.0381)  mae_m_mask: 0.4264 (0.4248)  rmse_m_mask: 0.5495 (0.5643)  normalized_mse_mask: 0.0274 (0.0381)  rmse_m_all: 11.9532 (12.0210)  actual_mask_ratio: 0.0711 (0.0711)  actual_prediction_mask_ratio: 0.2364 (0.2331)  ignored_patch_ratio: 0.0159 (0.0224)  time: 0.1152  data: 0.0001  max mem: 1904
[17:06:36.133062] Epoch: [10]  [ 140/1098]  eta: 0:01:51  lr: 0.000010  loss: 0.0202 (0.0394)  mae_m_mask: 0.3467 (0.4236)  rmse_m_mask: 0.4725 (0.5629)  normalized_mse_mask: 0.0202 (0.0394)  rmse_m_all: 11.0391 (11.9624)  actual_mask_ratio: 0.0726 (0.0712)  actual_prediction_mask_ratio: 0.2337 (0.2330)  ignored_patch_ratio: 0.0198 (0.0219)  time: 0.1140  data: 0.0001  max mem: 1904
[17:06:38.441836] Epoch: [10]  [ 160/1098]  eta: 0:01:49  lr: 0.000010  loss: 0.0053 (0.0365)  mae_m_mask: 0.4686 (0.4331)  rmse_m_mask: 0.6087 (0.5733)  normalized_mse_mask: 0.0053 (0.0365)  rmse_m_all: 13.6390 (11.9692)  actual_mask_ratio: 0.0726 (0.0713)  actual_prediction_mask_ratio: 0.2301 (0.2329)  ignored_patch_ratio: 0.0261 (0.0222)  time: 0.1154  data: 0.0001  max mem: 1904
[17:06:40.757522] Epoch: [10]  [ 180/1098]  eta: 0:01:47  lr: 0.000010  loss: 0.0045 (0.0374)  mae_m_mask: 0.4627 (0.4435)  rmse_m_mask: 0.6107 (0.5896)  normalized_mse_mask: 0.0045 (0.0374)  rmse_m_all: 13.1628 (11.9831)  actual_mask_ratio: 0.0706 (0.0713)  actual_prediction_mask_ratio: 0.2293 (0.2327)  ignored_patch_ratio: 0.0261 (0.0225)  time: 0.1158  data: 0.0001  max mem: 1904
[17:06:43.037797] Epoch: [10]  [ 200/1098]  eta: 0:01:44  lr: 0.000010  loss: 0.0171 (0.0366)  mae_m_mask: 0.4255 (0.4497)  rmse_m_mask: 0.5208 (0.5978)  normalized_mse_mask: 0.0171 (0.0366)  rmse_m_all: 12.6462 (12.0589)  actual_mask_ratio: 0.0709 (0.0714)  actual_prediction_mask_ratio: 0.2296 (0.2328)  ignored_patch_ratio: 0.0187 (0.0222)  time: 0.1140  data: 0.0001  max mem: 1904
[17:06:45.351826] Epoch: [10]  [ 220/1098]  eta: 0:01:42  lr: 0.000010  loss: 0.0115 (0.0371)  mae_m_mask: 0.4099 (0.4576)  rmse_m_mask: 0.6352 (0.6079)  normalized_mse_mask: 0.0115 (0.0371)  rmse_m_all: 12.0778 (12.0206)  actual_mask_ratio: 0.0720 (0.0714)  actual_prediction_mask_ratio: 0.2284 (0.2327)  ignored_patch_ratio: 0.0204 (0.0224)  time: 0.1157  data: 0.0002  max mem: 1904
[17:06:47.661410] Epoch: [10]  [ 240/1098]  eta: 0:01:39  lr: 0.000010  loss: 0.0081 (0.0388)  mae_m_mask: 0.3914 (0.4589)  rmse_m_mask: 0.6477 (0.6146)  normalized_mse_mask: 0.0081 (0.0388)  rmse_m_all: 12.7090 (12.0736)  actual_mask_ratio: 0.0720 (0.0715)  actual_prediction_mask_ratio: 0.2381 (0.2331)  ignored_patch_ratio: 0.0215 (0.0224)  time: 0.1154  data: 0.0002  max mem: 1904
[17:06:49.985256] Epoch: [10]  [ 260/1098]  eta: 0:01:37  lr: 0.000010  loss: 0.0228 (0.0390)  mae_m_mask: 0.4308 (0.4593)  rmse_m_mask: 0.5526 (0.6159)  normalized_mse_mask: 0.0228 (0.0390)  rmse_m_all: 12.6769 (12.1316)  actual_mask_ratio: 0.0731 (0.0716)  actual_prediction_mask_ratio: 0.2328 (0.2334)  ignored_patch_ratio: 0.0159 (0.0220)  time: 0.1162  data: 0.0002  max mem: 1904
[17:06:52.287817] Epoch: [10]  [ 280/1098]  eta: 0:01:34  lr: 0.000010  loss: 0.0188 (0.0387)  mae_m_mask: 0.3942 (0.4580)  rmse_m_mask: 0.5382 (0.6148)  normalized_mse_mask: 0.0188 (0.0387)  rmse_m_all: 10.3405 (12.0486)  actual_mask_ratio: 0.0740 (0.0718)  actual_prediction_mask_ratio: 0.2428 (0.2337)  ignored_patch_ratio: 0.0153 (0.0218)  time: 0.1151  data: 0.0001  max mem: 1904
[17:06:54.577054] Epoch: [10]  [ 300/1098]  eta: 0:01:32  lr: 0.000010  loss: 0.0135 (0.0378)  mae_m_mask: 0.4439 (0.4615)  rmse_m_mask: 0.6082 (0.6191)  normalized_mse_mask: 0.0135 (0.0378)  rmse_m_all: 12.3714 (12.1267)  actual_mask_ratio: 0.0723 (0.0717)  actual_prediction_mask_ratio: 0.2309 (0.2334)  ignored_patch_ratio: 0.0181 (0.0218)  time: 0.1144  data: 0.0001  max mem: 1904
[17:06:56.880458] Epoch: [10]  [ 320/1098]  eta: 0:01:30  lr: 0.000010  loss: 0.0110 (0.0380)  mae_m_mask: 0.3957 (0.4573)  rmse_m_mask: 0.5934 (0.6135)  normalized_mse_mask: 0.0110 (0.0380)  rmse_m_all: 11.5353 (12.0392)  actual_mask_ratio: 0.0753 (0.0719)  actual_prediction_mask_ratio: 0.2330 (0.2335)  ignored_patch_ratio: 0.0142 (0.0215)  time: 0.1151  data: 0.0001  max mem: 1904
[17:06:59.187144] Epoch: [10]  [ 340/1098]  eta: 0:01:27  lr: 0.000010  loss: 0.0076 (0.0385)  mae_m_mask: 0.4741 (0.4581)  rmse_m_mask: 0.6150 (0.6130)  normalized_mse_mask: 0.0076 (0.0385)  rmse_m_all: 12.9849 (12.0774)  actual_mask_ratio: 0.0714 (0.0719)  actual_prediction_mask_ratio: 0.2300 (0.2333)  ignored_patch_ratio: 0.0249 (0.0217)  time: 0.1153  data: 0.0001  max mem: 1904
[17:07:01.366747] Epoch: [10]  [ 360/1098]  eta: 0:01:25  lr: 0.000010  loss: 0.0293 (0.0385)  mae_m_mask: 0.3852 (0.4580)  rmse_m_mask: 0.4973 (0.6107)  normalized_mse_mask: 0.0293 (0.0385)  rmse_m_all: 11.6406 (12.0403)  actual_mask_ratio: 0.0715 (0.0719)  actual_prediction_mask_ratio: 0.2354 (0.2335)  ignored_patch_ratio: 0.0215 (0.0217)  time: 0.1089  data: 0.0001  max mem: 1904
[17:07:03.598132] Epoch: [10]  [ 380/1098]  eta: 0:01:22  lr: 0.000010  loss: 0.0112 (0.0384)  mae_m_mask: 0.4192 (0.4578)  rmse_m_mask: 0.5461 (0.6106)  normalized_mse_mask: 0.0112 (0.0384)  rmse_m_all: 13.3568 (12.0700)  actual_mask_ratio: 0.0708 (0.0719)  actual_prediction_mask_ratio: 0.2229 (0.2332)  ignored_patch_ratio: 0.0159 (0.0217)  time: 0.1115  data: 0.0001  max mem: 1904
[17:07:05.813748] Epoch: [10]  [ 400/1098]  eta: 0:01:20  lr: 0.000010  loss: 0.0112 (0.0378)  mae_m_mask: 0.3697 (0.4543)  rmse_m_mask: 0.4673 (0.6050)  normalized_mse_mask: 0.0112 (0.0378)  rmse_m_all: 12.0993 (12.1167)  actual_mask_ratio: 0.0711 (0.0718)  actual_prediction_mask_ratio: 0.2285 (0.2333)  ignored_patch_ratio: 0.0227 (0.0218)  time: 0.1107  data: 0.0001  max mem: 1904
[17:07:08.052226] Epoch: [10]  [ 420/1098]  eta: 0:01:17  lr: 0.000010  loss: 0.0140 (0.0375)  mae_m_mask: 0.4110 (0.4526)  rmse_m_mask: 0.5427 (0.6036)  normalized_mse_mask: 0.0140 (0.0375)  rmse_m_all: 10.9687 (12.0588)  actual_mask_ratio: 0.0692 (0.0718)  actual_prediction_mask_ratio: 0.2271 (0.2333)  ignored_patch_ratio: 0.0119 (0.0215)  time: 0.1119  data: 0.0001  max mem: 1904
[17:07:10.293916] Epoch: [10]  [ 440/1098]  eta: 0:01:15  lr: 0.000010  loss: 0.0105 (0.0369)  mae_m_mask: 0.4197 (0.4522)  rmse_m_mask: 0.5091 (0.6028)  normalized_mse_mask: 0.0105 (0.0369)  rmse_m_all: 11.7704 (12.0588)  actual_mask_ratio: 0.0746 (0.0719)  actual_prediction_mask_ratio: 0.2306 (0.2333)  ignored_patch_ratio: 0.0244 (0.0217)  time: 0.1121  data: 0.0001  max mem: 1904
[17:07:12.571512] Epoch: [10]  [ 460/1098]  eta: 0:01:13  lr: 0.000010  loss: 0.0238 (0.0371)  mae_m_mask: 0.3370 (0.4492)  rmse_m_mask: 0.4507 (0.5991)  normalized_mse_mask: 0.0238 (0.0371)  rmse_m_all: 11.1031 (12.0256)  actual_mask_ratio: 0.0726 (0.0719)  actual_prediction_mask_ratio: 0.2338 (0.2332)  ignored_patch_ratio: 0.0176 (0.0216)  time: 0.1138  data: 0.0001  max mem: 1904
[17:07:14.832943] Epoch: [10]  [ 480/1098]  eta: 0:01:10  lr: 0.000010  loss: 0.0183 (0.0374)  mae_m_mask: 0.3867 (0.4481)  rmse_m_mask: 0.5188 (0.5973)  normalized_mse_mask: 0.0183 (0.0374)  rmse_m_all: 12.9075 (12.0723)  actual_mask_ratio: 0.0707 (0.0719)  actual_prediction_mask_ratio: 0.2292 (0.2331)  ignored_patch_ratio: 0.0170 (0.0216)  time: 0.1130  data: 0.0002  max mem: 1904
[17:07:17.070835] Epoch: [10]  [ 500/1098]  eta: 0:01:08  lr: 0.000010  loss: 0.0009 (0.0372)  mae_m_mask: 0.4514 (0.4479)  rmse_m_mask: 0.5233 (0.5968)  normalized_mse_mask: 0.0009 (0.0372)  rmse_m_all: 13.9726 (12.1811)  actual_mask_ratio: 0.0690 (0.0718)  actual_prediction_mask_ratio: 0.2162 (0.2328)  ignored_patch_ratio: 0.0221 (0.0218)  time: 0.1119  data: 0.0001  max mem: 1904
[17:07:19.442651] Epoch: [10]  [ 520/1098]  eta: 0:01:06  lr: 0.000010  loss: 0.0317 (0.0378)  mae_m_mask: 0.3541 (0.4451)  rmse_m_mask: 0.4328 (0.5939)  normalized_mse_mask: 0.0317 (0.0378)  rmse_m_all: 11.5697 (12.1195)  actual_mask_ratio: 0.0745 (0.0718)  actual_prediction_mask_ratio: 0.2330 (0.2328)  ignored_patch_ratio: 0.0125 (0.0217)  time: 0.1186  data: 0.0076  max mem: 1904
[17:07:21.715149] Epoch: [10]  [ 540/1098]  eta: 0:01:03  lr: 0.000010  loss: 0.0120 (0.0372)  mae_m_mask: 0.3728 (0.4465)  rmse_m_mask: 0.5016 (0.5969)  normalized_mse_mask: 0.0120 (0.0372)  rmse_m_all: 11.3418 (12.1124)  actual_mask_ratio: 0.0713 (0.0718)  actual_prediction_mask_ratio: 0.2353 (0.2330)  ignored_patch_ratio: 0.0102 (0.0216)  time: 0.1136  data: 0.0001  max mem: 1904
[17:07:23.997320] Epoch: [10]  [ 560/1098]  eta: 0:01:01  lr: 0.000010  loss: 0.0102 (0.0366)  mae_m_mask: 0.4189 (0.4454)  rmse_m_mask: 0.5140 (0.5947)  normalized_mse_mask: 0.0102 (0.0366)  rmse_m_all: 11.0592 (12.0880)  actual_mask_ratio: 0.0705 (0.0719)  actual_prediction_mask_ratio: 0.2409 (0.2331)  ignored_patch_ratio: 0.0170 (0.0216)  time: 0.1141  data: 0.0001  max mem: 1904
[17:07:26.195331] Epoch: [10]  [ 580/1098]  eta: 0:00:59  lr: 0.000010  loss: 0.0220 (0.0369)  mae_m_mask: 0.3765 (0.4439)  rmse_m_mask: 0.4436 (0.5929)  normalized_mse_mask: 0.0220 (0.0369)  rmse_m_all: 11.4941 (12.0891)  actual_mask_ratio: 0.0734 (0.0719)  actual_prediction_mask_ratio: 0.2354 (0.2334)  ignored_patch_ratio: 0.0238 (0.0217)  time: 0.1099  data: 0.0001  max mem: 1904
[17:07:28.425066] Epoch: [10]  [ 600/1098]  eta: 0:00:56  lr: 0.000010  loss: 0.0160 (0.0389)  mae_m_mask: 0.4849 (0.4461)  rmse_m_mask: 0.6484 (0.5963)  normalized_mse_mask: 0.0160 (0.0389)  rmse_m_all: 11.1886 (12.1106)  actual_mask_ratio: 0.0706 (0.0719)  actual_prediction_mask_ratio: 0.2247 (0.2333)  ignored_patch_ratio: 0.0119 (0.0215)  time: 0.1114  data: 0.0001  max mem: 1904
[17:07:30.675942] Epoch: [10]  [ 620/1098]  eta: 0:00:54  lr: 0.000010  loss: 0.0090 (0.0390)  mae_m_mask: 0.4002 (0.4453)  rmse_m_mask: 0.5379 (0.5953)  normalized_mse_mask: 0.0090 (0.0390)  rmse_m_all: 13.3446 (12.1382)  actual_mask_ratio: 0.0726 (0.0720)  actual_prediction_mask_ratio: 0.2346 (0.2333)  ignored_patch_ratio: 0.0238 (0.0215)  time: 0.1125  data: 0.0001  max mem: 1904
[17:07:32.946218] Epoch: [10]  [ 640/1098]  eta: 0:00:52  lr: 0.000010  loss: 0.0244 (0.0397)  mae_m_mask: 0.4623 (0.4459)  rmse_m_mask: 0.5752 (0.5970)  normalized_mse_mask: 0.0244 (0.0397)  rmse_m_all: 12.4820 (12.1466)  actual_mask_ratio: 0.0733 (0.0720)  actual_prediction_mask_ratio: 0.2348 (0.2333)  ignored_patch_ratio: 0.0176 (0.0215)  time: 0.1135  data: 0.0001  max mem: 1904
[17:07:35.213313] Epoch: [10]  [ 660/1098]  eta: 0:00:50  lr: 0.000010  loss: 0.0086 (0.0392)  mae_m_mask: 0.4073 (0.4467)  rmse_m_mask: 0.5368 (0.5991)  normalized_mse_mask: 0.0086 (0.0392)  rmse_m_all: 11.3996 (12.1642)  actual_mask_ratio: 0.0706 (0.0719)  actual_prediction_mask_ratio: 0.2293 (0.2333)  ignored_patch_ratio: 0.0210 (0.0214)  time: 0.1133  data: 0.0001  max mem: 1904
[17:07:37.482113] Epoch: [10]  [ 680/1098]  eta: 0:00:47  lr: 0.000010  loss: 0.0064 (0.0390)  mae_m_mask: 0.3978 (0.4451)  rmse_m_mask: 0.5048 (0.5974)  normalized_mse_mask: 0.0064 (0.0390)  rmse_m_all: 10.9902 (12.1560)  actual_mask_ratio: 0.0729 (0.0720)  actual_prediction_mask_ratio: 0.2377 (0.2334)  ignored_patch_ratio: 0.0153 (0.0214)  time: 0.1134  data: 0.0001  max mem: 1904
[17:07:39.752472] Epoch: [10]  [ 700/1098]  eta: 0:00:45  lr: 0.000010  loss: 0.0246 (0.0395)  mae_m_mask: 0.3796 (0.4445)  rmse_m_mask: 0.5107 (0.5961)  normalized_mse_mask: 0.0246 (0.0395)  rmse_m_all: 12.1226 (12.1557)  actual_mask_ratio: 0.0708 (0.0719)  actual_prediction_mask_ratio: 0.2296 (0.2333)  ignored_patch_ratio: 0.0261 (0.0216)  time: 0.1135  data: 0.0001  max mem: 1904
[17:07:42.014475] Epoch: [10]  [ 720/1098]  eta: 0:00:43  lr: 0.000010  loss: 0.0052 (0.0399)  mae_m_mask: 0.3979 (0.4450)  rmse_m_mask: 0.5151 (0.5962)  normalized_mse_mask: 0.0052 (0.0399)  rmse_m_all: 12.2653 (12.1486)  actual_mask_ratio: 0.0714 (0.0720)  actual_prediction_mask_ratio: 0.2285 (0.2333)  ignored_patch_ratio: 0.0204 (0.0216)  time: 0.1131  data: 0.0001  max mem: 1904
[17:07:44.293182] Epoch: [10]  [ 740/1098]  eta: 0:00:40  lr: 0.000010  loss: 0.0146 (0.0399)  mae_m_mask: 0.3312 (0.4438)  rmse_m_mask: 0.4080 (0.5945)  normalized_mse_mask: 0.0146 (0.0399)  rmse_m_all: 11.1833 (12.1349)  actual_mask_ratio: 0.0739 (0.0720)  actual_prediction_mask_ratio: 0.2347 (0.2334)  ignored_patch_ratio: 0.0153 (0.0214)  time: 0.1139  data: 0.0001  max mem: 1904
[17:07:46.537708] Epoch: [10]  [ 760/1098]  eta: 0:00:38  lr: 0.000010  loss: 0.0046 (0.0394)  mae_m_mask: 0.3586 (0.4439)  rmse_m_mask: 0.4877 (0.5939)  normalized_mse_mask: 0.0046 (0.0394)  rmse_m_all: 13.4962 (12.1934)  actual_mask_ratio: 0.0719 (0.0720)  actual_prediction_mask_ratio: 0.2293 (0.2333)  ignored_patch_ratio: 0.0221 (0.0215)  time: 0.1122  data: 0.0002  max mem: 1904
[17:07:48.555366] Epoch: [10]  [ 780/1098]  eta: 0:00:36  lr: 0.000010  loss: 0.0123 (0.0392)  mae_m_mask: 0.4172 (0.4440)  rmse_m_mask: 0.5533 (0.5946)  normalized_mse_mask: 0.0123 (0.0392)  rmse_m_all: 12.3642 (12.1812)  actual_mask_ratio: 0.0726 (0.0720)  actual_prediction_mask_ratio: 0.2424 (0.2334)  ignored_patch_ratio: 0.0176 (0.0214)  time: 0.1008  data: 0.0001  max mem: 1904
[17:07:51.019267] Epoch: [10]  [ 800/1098]  eta: 0:00:33  lr: 0.000010  loss: 0.0139 (0.0389)  mae_m_mask: 0.5000 (0.4462)  rmse_m_mask: 0.6912 (0.5971)  normalized_mse_mask: 0.0139 (0.0389)  rmse_m_all: 12.2509 (12.1825)  actual_mask_ratio: 0.0727 (0.0720)  actual_prediction_mask_ratio: 0.2361 (0.2333)  ignored_patch_ratio: 0.0261 (0.0215)  time: 0.1232  data: 0.0512  max mem: 1904
[17:07:53.160978] Epoch: [10]  [ 820/1098]  eta: 0:00:31  lr: 0.000010  loss: 0.0245 (0.0388)  mae_m_mask: 0.4389 (0.4467)  rmse_m_mask: 0.6027 (0.5975)  normalized_mse_mask: 0.0245 (0.0388)  rmse_m_all: 11.2051 (12.1711)  actual_mask_ratio: 0.0726 (0.0720)  actual_prediction_mask_ratio: 0.2257 (0.2333)  ignored_patch_ratio: 0.0170 (0.0215)  time: 0.1070  data: 0.0001  max mem: 1904
[17:07:55.479596] Epoch: [10]  [ 840/1098]  eta: 0:00:29  lr: 0.000010  loss: 0.0040 (0.0385)  mae_m_mask: 0.3807 (0.4457)  rmse_m_mask: 0.5003 (0.5959)  normalized_mse_mask: 0.0040 (0.0385)  rmse_m_all: 12.1126 (12.1775)  actual_mask_ratio: 0.0724 (0.0720)  actual_prediction_mask_ratio: 0.2258 (0.2331)  ignored_patch_ratio: 0.0261 (0.0217)  time: 0.1159  data: 0.0001  max mem: 1904
[17:07:57.791542] Epoch: [10]  [ 860/1098]  eta: 0:00:27  lr: 0.000010  loss: 0.0041 (0.0393)  mae_m_mask: 0.3617 (0.4463)  rmse_m_mask: 0.4435 (0.5960)  normalized_mse_mask: 0.0041 (0.0393)  rmse_m_all: 11.8249 (12.1722)  actual_mask_ratio: 0.0666 (0.0719)  actual_prediction_mask_ratio: 0.2239 (0.2329)  ignored_patch_ratio: 0.0159 (0.0218)  time: 0.1156  data: 0.0001  max mem: 1904
[17:08:00.105914] Epoch: [10]  [ 880/1098]  eta: 0:00:24  lr: 0.000010  loss: 0.0201 (0.0393)  mae_m_mask: 0.4001 (0.4465)  rmse_m_mask: 0.5810 (0.5966)  normalized_mse_mask: 0.0201 (0.0393)  rmse_m_all: 12.0520 (12.1549)  actual_mask_ratio: 0.0726 (0.0719)  actual_prediction_mask_ratio: 0.2307 (0.2329)  ignored_patch_ratio: 0.0136 (0.0216)  time: 0.1157  data: 0.0001  max mem: 1904
[17:08:02.415380] Epoch: [10]  [ 900/1098]  eta: 0:00:22  lr: 0.000010  loss: 0.0120 (0.0393)  mae_m_mask: 0.4721 (0.4465)  rmse_m_mask: 0.6734 (0.5969)  normalized_mse_mask: 0.0120 (0.0393)  rmse_m_all: 13.0947 (12.1529)  actual_mask_ratio: 0.0732 (0.0719)  actual_prediction_mask_ratio: 0.2365 (0.2329)  ignored_patch_ratio: 0.0142 (0.0216)  time: 0.1154  data: 0.0001  max mem: 1904
[17:08:04.730919] Epoch: [10]  [ 920/1098]  eta: 0:00:20  lr: 0.000010  loss: 0.0130 (0.0393)  mae_m_mask: 0.4174 (0.4471)  rmse_m_mask: 0.5309 (0.5980)  normalized_mse_mask: 0.0130 (0.0393)  rmse_m_all: 11.8006 (12.1752)  actual_mask_ratio: 0.0708 (0.0719)  actual_prediction_mask_ratio: 0.2309 (0.2328)  ignored_patch_ratio: 0.0232 (0.0217)  time: 0.1157  data: 0.0001  max mem: 1904
[17:08:06.942987] Epoch: [10]  [ 940/1098]  eta: 0:00:18  lr: 0.000010  loss: 0.0277 (0.0399)  mae_m_mask: 0.3697 (0.4468)  rmse_m_mask: 0.4640 (0.5991)  normalized_mse_mask: 0.0277 (0.0399)  rmse_m_all: 11.3107 (12.1465)  actual_mask_ratio: 0.0716 (0.0719)  actual_prediction_mask_ratio: 0.2366 (0.2329)  ignored_patch_ratio: 0.0102 (0.0216)  time: 0.1106  data: 0.0001  max mem: 1904
[17:08:09.150620] Epoch: [10]  [ 960/1098]  eta: 0:00:15  lr: 0.000010  loss: 0.0051 (0.0400)  mae_m_mask: 0.4629 (0.4471)  rmse_m_mask: 0.6369 (0.5996)  normalized_mse_mask: 0.0051 (0.0400)  rmse_m_all: 11.2139 (12.1323)  actual_mask_ratio: 0.0714 (0.0719)  actual_prediction_mask_ratio: 0.2247 (0.2328)  ignored_patch_ratio: 0.0176 (0.0216)  time: 0.1103  data: 0.0001  max mem: 1904
[17:08:11.384578] Epoch: [10]  [ 980/1098]  eta: 0:00:13  lr: 0.000010  loss: 0.0199 (0.0413)  mae_m_mask: 0.3652 (0.4466)  rmse_m_mask: 0.5583 (0.5993)  normalized_mse_mask: 0.0199 (0.0413)  rmse_m_all: 10.1941 (12.1091)  actual_mask_ratio: 0.0698 (0.0719)  actual_prediction_mask_ratio: 0.2254 (0.2328)  ignored_patch_ratio: 0.0170 (0.0215)  time: 0.1117  data: 0.0001  max mem: 1904
[17:08:13.636039] Epoch: [10]  [1000/1098]  eta: 0:00:11  lr: 0.000010  loss: 0.0265 (0.0422)  mae_m_mask: 0.4351 (0.4475)  rmse_m_mask: 0.5590 (0.5999)  normalized_mse_mask: 0.0265 (0.0422)  rmse_m_all: 12.5375 (12.1084)  actual_mask_ratio: 0.0724 (0.0719)  actual_prediction_mask_ratio: 0.2334 (0.2327)  ignored_patch_ratio: 0.0266 (0.0214)  time: 0.1125  data: 0.0001  max mem: 1904
[17:08:15.851946] Epoch: [10]  [1020/1098]  eta: 0:00:08  lr: 0.000010  loss: 0.0269 (0.0421)  mae_m_mask: 0.4598 (0.4489)  rmse_m_mask: 0.5639 (0.6008)  normalized_mse_mask: 0.0269 (0.0421)  rmse_m_all: 11.8099 (12.0992)  actual_mask_ratio: 0.0700 (0.0719)  actual_prediction_mask_ratio: 0.2340 (0.2327)  ignored_patch_ratio: 0.0153 (0.0214)  time: 0.1107  data: 0.0001  max mem: 1904
[17:08:18.091414] Epoch: [10]  [1040/1098]  eta: 0:00:06  lr: 0.000010  loss: 0.0193 (0.0421)  mae_m_mask: 0.4732 (0.4502)  rmse_m_mask: 0.6405 (0.6022)  normalized_mse_mask: 0.0193 (0.0421)  rmse_m_all: 13.5354 (12.1109)  actual_mask_ratio: 0.0704 (0.0719)  actual_prediction_mask_ratio: 0.2290 (0.2326)  ignored_patch_ratio: 0.0210 (0.0214)  time: 0.1119  data: 0.0001  max mem: 1904
[17:08:20.345159] Epoch: [10]  [1060/1098]  eta: 0:00:04  lr: 0.000010  loss: 0.0092 (0.0418)  mae_m_mask: 0.3437 (0.4505)  rmse_m_mask: 0.5084 (0.6023)  normalized_mse_mask: 0.0092 (0.0418)  rmse_m_all: 12.2215 (12.1241)  actual_mask_ratio: 0.0705 (0.0719)  actual_prediction_mask_ratio: 0.2274 (0.2326)  ignored_patch_ratio: 0.0249 (0.0215)  time: 0.1126  data: 0.0001  max mem: 1904
[17:08:22.582208] Epoch: [10]  [1080/1098]  eta: 0:00:02  lr: 0.000010  loss: 0.0089 (0.0415)  mae_m_mask: 0.3887 (0.4500)  rmse_m_mask: 0.4893 (0.6016)  normalized_mse_mask: 0.0089 (0.0415)  rmse_m_all: 11.8053 (12.1448)  actual_mask_ratio: 0.0698 (0.0718)  actual_prediction_mask_ratio: 0.2280 (0.2324)  ignored_patch_ratio: 0.0238 (0.0216)  time: 0.1118  data: 0.0001  max mem: 1904
[17:08:24.524740] Epoch: [10]  [1097/1098]  eta: 0:00:00  lr: 0.000010  loss: 0.0065 (0.0415)  mae_m_mask: 0.4041 (0.4496)  rmse_m_mask: 0.5023 (0.6011)  normalized_mse_mask: 0.0065 (0.0415)  rmse_m_all: 11.5350 (12.1226)  actual_mask_ratio: 0.0708 (0.0718)  actual_prediction_mask_ratio: 0.2218 (0.2323)  ignored_patch_ratio: 0.0238 (0.0216)  time: 0.1139  data: 0.0001  max mem: 1904
[17:08:24.555085] Epoch: [10] Total time: 0:02:04 (0.1138 s / it)
[17:08:24.558963] Averaged stats: {'lr': 9.814081374131723e-06, 'loss': 0.03999476755593909, 'mae_m_mask': 0.4465085279927991, 'rmse_m_mask': 0.6486398311624243, 'normalized_mse_mask': 0.03999476755593909, 'rmse_m_all': 12.122574789792244, 'actual_mask_ratio': 0.0718349002417048, 'actual_prediction_mask_ratio': 0.23231879758813126, 'ignored_patch_ratio': 0.021571367707625983, 'supervised_pixel_count': 21816230.0}
[17:08:24.736516] Val: [10]  [  0/194]  eta: 0:00:33  loss: 0.3143 (0.3143)  mae_m_mask: 0.4944 (0.4944)  rmse_m_mask: 0.6861 (0.6861)  normalized_mse_mask: 0.3143 (0.3143)  rmse_m_all: 1.0002 (1.0002)  actual_mask_ratio: 0.0709 (0.0709)  actual_prediction_mask_ratio: 0.2352 (0.2352)  ignored_patch_ratio: 0.0646 (0.0646)  time: 0.1749  data: 0.0903  max mem: 1904
[17:08:29.028724] Val: [10]  [ 50/194]  eta: 0:00:12  loss: 0.0130 (0.0703)  mae_m_mask: 0.5890 (0.6636)  rmse_m_mask: 0.7650 (0.8189)  normalized_mse_mask: 0.0130 (0.0703)  rmse_m_all: 9.7189 (7.3858)  actual_mask_ratio: 0.0626 (0.0699)  actual_prediction_mask_ratio: 0.2166 (0.2286)  ignored_patch_ratio: 0.0000 (0.0044)  time: 0.0865  data: 0.0001  max mem: 1904
[17:08:32.753936] Val: [10]  [100/194]  eta: 0:00:07  loss: 0.0404 (0.0705)  mae_m_mask: 0.6710 (0.6919)  rmse_m_mask: 0.8696 (0.8542)  normalized_mse_mask: 0.0404 (0.0705)  rmse_m_all: 4.7454 (7.1503)  actual_mask_ratio: 0.0590 (0.0682)  actual_prediction_mask_ratio: 0.2018 (0.2221)  ignored_patch_ratio: 0.0000 (0.0025)  time: 0.0596  data: 0.0001  max mem: 1904
[17:08:35.908682] Val: [10]  [150/194]  eta: 0:00:03  loss: 0.0049 (0.0674)  mae_m_mask: 0.8704 (0.7499)  rmse_m_mask: 1.1248 (0.9248)  normalized_mse_mask: 0.0049 (0.0674)  rmse_m_all: 13.9837 (7.9575)  actual_mask_ratio: 0.0697 (0.0675)  actual_prediction_mask_ratio: 0.2175 (0.2175)  ignored_patch_ratio: 0.0000 (0.0024)  time: 0.0295  data: 0.0001  max mem: 1904
[17:08:39.332313] Val: [10]  [193/194]  eta: 0:00:00  loss: 0.1164 (0.0746)  mae_m_mask: 0.6243 (0.7411)  rmse_m_mask: 0.7308 (0.9155)  normalized_mse_mask: 0.1164 (0.0746)  rmse_m_all: 1.4678 (8.4139)  actual_mask_ratio: 0.0624 (0.0663)  actual_prediction_mask_ratio: 0.1985 (0.2131)  ignored_patch_ratio: 0.0136 (0.0049)  time: 0.0894  data: 0.0001  max mem: 1904
[17:08:39.360399] Val: [10] Total time: 0:00:14 (0.0763 s / it)
[17:08:39.364811] val stats: {'loss': 0.0755821786423811, 'mae_m_mask': 0.7328644808572404, 'rmse_m_mask': 0.9573526967066203, 'normalized_mse_mask': 0.0755821786423811, 'rmse_m_all': 8.41388854814559, 'actual_mask_ratio': 0.06633703996302541, 'actual_prediction_mask_ratio': 0.21313334448435872, 'ignored_patch_ratio': 0.00489066925245462, 'supervised_pixel_count': 3944867.0}
[17:08:43.596315] log_dir: /tank/data/SFS/xinyis/data/bathymetry/MAE-Topography/Downstream_Task_Bathy/cross_validation_v5_Stage2NormMSE_MeterSelect/runs/holdout_Santiam_D004Stage2NormMSE_MeterSelect_D001NoDataSafe/train_stage2_normMSE_meterSelect_OR_SantiamRiverTB_Topobathy_1_D23_fromStage1Best_e120_lr1e-5_b4_acc4/tb
[17:08:43.796292] Epoch: [11]  [   0/1098]  eta: 0:03:38  lr: 0.000010  loss: 0.0168 (0.0168)  mae_m_mask: 0.3517 (0.3517)  rmse_m_mask: 0.6615 (0.6615)  normalized_mse_mask: 0.0168 (0.0168)  rmse_m_all: 10.2056 (10.2056)  actual_mask_ratio: 0.0691 (0.0691)  actual_prediction_mask_ratio: 0.2392 (0.2392)  ignored_patch_ratio: 0.0068 (0.0068)  time: 0.1994  data: 0.0797  max mem: 1904
[17:08:46.123124] Epoch: [11]  [  20/1098]  eta: 0:02:09  lr: 0.000010  loss: 0.0160 (0.0348)  mae_m_mask: 0.4759 (0.4810)  rmse_m_mask: 0.5595 (0.6456)  normalized_mse_mask: 0.0160 (0.0348)  rmse_m_all: 12.5980 (11.8042)  actual_mask_ratio: 0.0702 (0.0716)  actual_prediction_mask_ratio: 0.2281 (0.2318)  ignored_patch_ratio: 0.0198 (0.0205)  time: 0.1163  data: 0.0001  max mem: 1904
[17:08:48.425579] Epoch: [11]  [  40/1098]  eta: 0:02:04  lr: 0.000010  loss: 0.0247 (0.0391)  mae_m_mask: 0.4067 (0.4701)  rmse_m_mask: 0.5466 (0.6281)  normalized_mse_mask: 0.0247 (0.0391)  rmse_m_all: 10.5726 (11.8970)  actual_mask_ratio: 0.0712 (0.0716)  actual_prediction_mask_ratio: 0.2296 (0.2317)  ignored_patch_ratio: 0.0181 (0.0197)  time: 0.1151  data: 0.0001  max mem: 1904
[17:08:50.733627] Epoch: [11]  [  60/1098]  eta: 0:02:01  lr: 0.000010  loss: 0.0323 (0.0427)  mae_m_mask: 0.4130 (0.4646)  rmse_m_mask: 0.5891 (0.6282)  normalized_mse_mask: 0.0323 (0.0427)  rmse_m_all: 9.2264 (11.3644)  actual_mask_ratio: 0.0716 (0.0716)  actual_prediction_mask_ratio: 0.2364 (0.2322)  ignored_patch_ratio: 0.0153 (0.0192)  time: 0.1154  data: 0.0001  max mem: 1904
[17:08:53.056277] Epoch: [11]  [  80/1098]  eta: 0:01:58  lr: 0.000010  loss: 0.0170 (0.0455)  mae_m_mask: 0.4609 (0.4717)  rmse_m_mask: 0.6184 (0.6410)  normalized_mse_mask: 0.0170 (0.0455)  rmse_m_all: 10.9524 (11.3595)  actual_mask_ratio: 0.0705 (0.0719)  actual_prediction_mask_ratio: 0.2331 (0.2330)  ignored_patch_ratio: 0.0164 (0.0188)  time: 0.1161  data: 0.0001  max mem: 1904
[17:08:55.362846] Epoch: [11]  [ 100/1098]  eta: 0:01:56  lr: 0.000010  loss: 0.0131 (0.0449)  mae_m_mask: 0.3168 (0.4438)  rmse_m_mask: 0.4155 (0.6001)  normalized_mse_mask: 0.0131 (0.0449)  rmse_m_all: 12.0896 (11.4665)  actual_mask_ratio: 0.0714 (0.0718)  actual_prediction_mask_ratio: 0.2274 (0.2320)  ignored_patch_ratio: 0.0227 (0.0202)  time: 0.1153  data: 0.0001  max mem: 1904
[17:08:57.677276] Epoch: [11]  [ 120/1098]  eta: 0:01:53  lr: 0.000010  loss: 0.0044 (0.0411)  mae_m_mask: 0.4162 (0.4422)  rmse_m_mask: 0.5287 (0.5957)  normalized_mse_mask: 0.0044 (0.0411)  rmse_m_all: 10.4650 (11.4918)  actual_mask_ratio: 0.0717 (0.0719)  actual_prediction_mask_ratio: 0.2294 (0.2313)  ignored_patch_ratio: 0.0215 (0.0199)  time: 0.1157  data: 0.0001  max mem: 1904
[17:08:59.991124] Epoch: [11]  [ 140/1098]  eta: 0:01:51  lr: 0.000010  loss: 0.0282 (0.0404)  mae_m_mask: 0.3037 (0.4380)  rmse_m_mask: 0.4145 (0.5891)  normalized_mse_mask: 0.0282 (0.0404)  rmse_m_all: 10.4357 (11.4271)  actual_mask_ratio: 0.0710 (0.0717)  actual_prediction_mask_ratio: 0.2307 (0.2310)  ignored_patch_ratio: 0.0159 (0.0195)  time: 0.1156  data: 0.0001  max mem: 1904
[17:09:02.309044] Epoch: [11]  [ 160/1098]  eta: 0:01:48  lr: 0.000010  loss: 0.0143 (0.0401)  mae_m_mask: 0.3680 (0.4352)  rmse_m_mask: 0.4956 (0.5849)  normalized_mse_mask: 0.0143 (0.0401)  rmse_m_all: 12.0109 (11.4757)  actual_mask_ratio: 0.0729 (0.0717)  actual_prediction_mask_ratio: 0.2297 (0.2308)  ignored_patch_ratio: 0.0210 (0.0202)  time: 0.1159  data: 0.0001  max mem: 1904
[17:09:04.629690] Epoch: [11]  [ 180/1098]  eta: 0:01:46  lr: 0.000010  loss: 0.0113 (0.0384)  mae_m_mask: 0.3849 (0.4345)  rmse_m_mask: 0.5323 (0.5835)  normalized_mse_mask: 0.0113 (0.0384)  rmse_m_all: 11.5027 (11.6002)  actual_mask_ratio: 0.0721 (0.0719)  actual_prediction_mask_ratio: 0.2321 (0.2314)  ignored_patch_ratio: 0.0249 (0.0204)  time: 0.1160  data: 0.0001  max mem: 1904
[17:09:06.943985] Epoch: [11]  [ 200/1098]  eta: 0:01:44  lr: 0.000010  loss: 0.0119 (0.0383)  mae_m_mask: 0.2920 (0.4283)  rmse_m_mask: 0.3655 (0.5746)  normalized_mse_mask: 0.0119 (0.0383)  rmse_m_all: 12.6812 (11.6587)  actual_mask_ratio: 0.0713 (0.0719)  actual_prediction_mask_ratio: 0.2318 (0.2319)  ignored_patch_ratio: 0.0272 (0.0209)  time: 0.1157  data: 0.0001  max mem: 1904
[17:09:09.283746] Epoch: [11]  [ 220/1098]  eta: 0:01:42  lr: 0.000010  loss: 0.0237 (0.0397)  mae_m_mask: 0.4200 (0.4355)  rmse_m_mask: 0.6050 (0.5875)  normalized_mse_mask: 0.0237 (0.0397)  rmse_m_all: 11.9739 (11.6409)  actual_mask_ratio: 0.0709 (0.0718)  actual_prediction_mask_ratio: 0.2297 (0.2314)  ignored_patch_ratio: 0.0221 (0.0212)  time: 0.1169  data: 0.0001  max mem: 1904
[17:09:11.621378] Epoch: [11]  [ 240/1098]  eta: 0:01:39  lr: 0.000010  loss: 0.0028 (0.0380)  mae_m_mask: 0.3418 (0.4320)  rmse_m_mask: 0.4507 (0.5815)  normalized_mse_mask: 0.0028 (0.0380)  rmse_m_all: 12.6166 (11.6837)  actual_mask_ratio: 0.0701 (0.0717)  actual_prediction_mask_ratio: 0.2317 (0.2314)  ignored_patch_ratio: 0.0153 (0.0210)  time: 0.1168  data: 0.0001  max mem: 1904
[17:09:13.960421] Epoch: [11]  [ 260/1098]  eta: 0:01:37  lr: 0.000010  loss: 0.0049 (0.0366)  mae_m_mask: 0.4561 (0.4343)  rmse_m_mask: 0.5905 (0.5866)  normalized_mse_mask: 0.0049 (0.0366)  rmse_m_all: 13.9718 (11.8937)  actual_mask_ratio: 0.0707 (0.0717)  actual_prediction_mask_ratio: 0.2303 (0.2315)  ignored_patch_ratio: 0.0210 (0.0214)  time: 0.1169  data: 0.0001  max mem: 1904
[17:09:16.298723] Epoch: [11]  [ 280/1098]  eta: 0:01:35  lr: 0.000010  loss: 0.0194 (0.0375)  mae_m_mask: 0.3476 (0.4325)  rmse_m_mask: 0.4731 (0.5841)  normalized_mse_mask: 0.0194 (0.0375)  rmse_m_all: 12.1846 (11.9328)  actual_mask_ratio: 0.0688 (0.0716)  actual_prediction_mask_ratio: 0.2251 (0.2312)  ignored_patch_ratio: 0.0193 (0.0215)  time: 0.1169  data: 0.0001  max mem: 1904
[17:09:18.635008] Epoch: [11]  [ 300/1098]  eta: 0:01:32  lr: 0.000010  loss: 0.0293 (0.0379)  mae_m_mask: 0.3661 (0.4307)  rmse_m_mask: 0.5673 (0.5826)  normalized_mse_mask: 0.0293 (0.0379)  rmse_m_all: 10.6078 (11.9084)  actual_mask_ratio: 0.0709 (0.0715)  actual_prediction_mask_ratio: 0.2427 (0.2313)  ignored_patch_ratio: 0.0096 (0.0212)  time: 0.1168  data: 0.0001  max mem: 1904
[17:09:20.812987] Epoch: [11]  [ 320/1098]  eta: 0:01:30  lr: 0.000010  loss: 0.0173 (0.0373)  mae_m_mask: 0.3894 (0.4312)  rmse_m_mask: 0.5274 (0.5837)  normalized_mse_mask: 0.0173 (0.0373)  rmse_m_all: 11.3599 (11.8340)  actual_mask_ratio: 0.0723 (0.0715)  actual_prediction_mask_ratio: 0.2363 (0.2315)  ignored_patch_ratio: 0.0204 (0.0210)  time: 0.1089  data: 0.0001  max mem: 1904
[17:09:23.075424] Epoch: [11]  [ 340/1098]  eta: 0:01:27  lr: 0.000010  loss: 0.0116 (0.0367)  mae_m_mask: 0.3963 (0.4295)  rmse_m_mask: 0.5125 (0.5808)  normalized_mse_mask: 0.0116 (0.0367)  rmse_m_all: 12.4333 (11.9033)  actual_mask_ratio: 0.0693 (0.0714)  actual_prediction_mask_ratio: 0.2217 (0.2312)  ignored_patch_ratio: 0.0170 (0.0210)  time: 0.1131  data: 0.0001  max mem: 1904
[17:09:25.350352] Epoch: [11]  [ 360/1098]  eta: 0:01:25  lr: 0.000010  loss: 0.0171 (0.0369)  mae_m_mask: 0.4172 (0.4312)  rmse_m_mask: 0.6022 (0.5839)  normalized_mse_mask: 0.0171 (0.0369)  rmse_m_all: 11.2977 (11.8989)  actual_mask_ratio: 0.0717 (0.0715)  actual_prediction_mask_ratio: 0.2307 (0.2313)  ignored_patch_ratio: 0.0283 (0.0213)  time: 0.1137  data: 0.0001  max mem: 1904
[17:09:27.615011] Epoch: [11]  [ 380/1098]  eta: 0:01:22  lr: 0.000010  loss: 0.0112 (0.0376)  mae_m_mask: 0.4289 (0.4332)  rmse_m_mask: 0.5778 (0.5864)  normalized_mse_mask: 0.0112 (0.0376)  rmse_m_all: 12.1618 (11.8975)  actual_mask_ratio: 0.0752 (0.0717)  actual_prediction_mask_ratio: 0.2367 (0.2317)  ignored_patch_ratio: 0.0170 (0.0212)  time: 0.1132  data: 0.0001  max mem: 1904
[17:09:29.873873] Epoch: [11]  [ 400/1098]  eta: 0:01:20  lr: 0.000010  loss: 0.0197 (0.0390)  mae_m_mask: 0.3323 (0.4300)  rmse_m_mask: 0.4638 (0.5826)  normalized_mse_mask: 0.0197 (0.0390)  rmse_m_all: 11.9627 (11.8454)  actual_mask_ratio: 0.0720 (0.0716)  actual_prediction_mask_ratio: 0.2330 (0.2315)  ignored_patch_ratio: 0.0181 (0.0212)  time: 0.1129  data: 0.0001  max mem: 1904
[17:09:32.140460] Epoch: [11]  [ 420/1098]  eta: 0:01:18  lr: 0.000010  loss: 0.0111 (0.0385)  mae_m_mask: 0.3438 (0.4297)  rmse_m_mask: 0.4940 (0.5821)  normalized_mse_mask: 0.0111 (0.0385)  rmse_m_all: 12.2428 (11.8868)  actual_mask_ratio: 0.0723 (0.0716)  actual_prediction_mask_ratio: 0.2342 (0.2314)  ignored_patch_ratio: 0.0181 (0.0211)  time: 0.1133  data: 0.0001  max mem: 1904
[17:09:34.408830] Epoch: [11]  [ 440/1098]  eta: 0:01:15  lr: 0.000010  loss: 0.0105 (0.0385)  mae_m_mask: 0.4199 (0.4288)  rmse_m_mask: 0.5539 (0.5802)  normalized_mse_mask: 0.0105 (0.0385)  rmse_m_all: 10.1960 (11.8532)  actual_mask_ratio: 0.0702 (0.0715)  actual_prediction_mask_ratio: 0.2234 (0.2310)  ignored_patch_ratio: 0.0198 (0.0211)  time: 0.1134  data: 0.0001  max mem: 1904
[17:09:36.685543] Epoch: [11]  [ 460/1098]  eta: 0:01:13  lr: 0.000010  loss: 0.0109 (0.0377)  mae_m_mask: 0.4501 (0.4293)  rmse_m_mask: 0.5595 (0.5805)  normalized_mse_mask: 0.0109 (0.0377)  rmse_m_all: 12.8868 (11.8560)  actual_mask_ratio: 0.0716 (0.0715)  actual_prediction_mask_ratio: 0.2307 (0.2311)  ignored_patch_ratio: 0.0215 (0.0211)  time: 0.1138  data: 0.0001  max mem: 1904
[17:09:38.938750] Epoch: [11]  [ 480/1098]  eta: 0:01:11  lr: 0.000010  loss: 0.0094 (0.0377)  mae_m_mask: 0.4374 (0.4319)  rmse_m_mask: 0.6063 (0.5824)  normalized_mse_mask: 0.0094 (0.0377)  rmse_m_all: 12.6064 (11.9196)  actual_mask_ratio: 0.0739 (0.0716)  actual_prediction_mask_ratio: 0.2330 (0.2312)  ignored_patch_ratio: 0.0210 (0.0211)  time: 0.1126  data: 0.0001  max mem: 1904
[17:09:41.196209] Epoch: [11]  [ 500/1098]  eta: 0:01:08  lr: 0.000010  loss: 0.0074 (0.0369)  mae_m_mask: 0.4264 (0.4333)  rmse_m_mask: 0.5235 (0.5838)  normalized_mse_mask: 0.0074 (0.0369)  rmse_m_all: 12.2622 (11.9500)  actual_mask_ratio: 0.0722 (0.0716)  actual_prediction_mask_ratio: 0.2255 (0.2311)  ignored_patch_ratio: 0.0255 (0.0213)  time: 0.1128  data: 0.0001  max mem: 1904
[17:09:43.459061] Epoch: [11]  [ 520/1098]  eta: 0:01:06  lr: 0.000010  loss: 0.0018 (0.0364)  mae_m_mask: 0.4798 (0.4337)  rmse_m_mask: 0.6035 (0.5838)  normalized_mse_mask: 0.0018 (0.0364)  rmse_m_all: 12.1420 (11.9862)  actual_mask_ratio: 0.0715 (0.0716)  actual_prediction_mask_ratio: 0.2354 (0.2313)  ignored_patch_ratio: 0.0170 (0.0211)  time: 0.1131  data: 0.0001  max mem: 1904
[17:09:45.722944] Epoch: [11]  [ 540/1098]  eta: 0:01:04  lr: 0.000010  loss: 0.0205 (0.0370)  mae_m_mask: 0.4273 (0.4342)  rmse_m_mask: 0.5829 (0.5834)  normalized_mse_mask: 0.0205 (0.0370)  rmse_m_all: 11.6818 (12.0007)  actual_mask_ratio: 0.0708 (0.0716)  actual_prediction_mask_ratio: 0.2279 (0.2314)  ignored_patch_ratio: 0.0221 (0.0212)  time: 0.1131  data: 0.0001  max mem: 1904
[17:09:47.980845] Epoch: [11]  [ 560/1098]  eta: 0:01:01  lr: 0.000010  loss: 0.0151 (0.0372)  mae_m_mask: 0.3929 (0.4349)  rmse_m_mask: 0.5170 (0.5831)  normalized_mse_mask: 0.0151 (0.0372)  rmse_m_all: 11.7005 (11.9999)  actual_mask_ratio: 0.0698 (0.0715)  actual_prediction_mask_ratio: 0.2288 (0.2314)  ignored_patch_ratio: 0.0249 (0.0213)  time: 0.1129  data: 0.0001  max mem: 1904
[17:09:50.243777] Epoch: [11]  [ 580/1098]  eta: 0:00:59  lr: 0.000010  loss: 0.0212 (0.0372)  mae_m_mask: 0.5036 (0.4370)  rmse_m_mask: 0.6099 (0.5855)  normalized_mse_mask: 0.0212 (0.0372)  rmse_m_all: 12.8569 (12.0358)  actual_mask_ratio: 0.0709 (0.0715)  actual_prediction_mask_ratio: 0.2324 (0.2314)  ignored_patch_ratio: 0.0204 (0.0214)  time: 0.1131  data: 0.0001  max mem: 1904
[17:09:52.523030] Epoch: [11]  [ 600/1098]  eta: 0:00:57  lr: 0.000010  loss: 0.0052 (0.0366)  mae_m_mask: 0.4415 (0.4397)  rmse_m_mask: 0.5923 (0.5882)  normalized_mse_mask: 0.0052 (0.0366)  rmse_m_all: 13.3660 (12.1035)  actual_mask_ratio: 0.0704 (0.0715)  actual_prediction_mask_ratio: 0.2194 (0.2311)  ignored_patch_ratio: 0.0181 (0.0215)  time: 0.1139  data: 0.0001  max mem: 1904
[17:09:54.795436] Epoch: [11]  [ 620/1098]  eta: 0:00:54  lr: 0.000010  loss: 0.0151 (0.0367)  mae_m_mask: 0.3507 (0.4392)  rmse_m_mask: 0.4652 (0.5871)  normalized_mse_mask: 0.0151 (0.0367)  rmse_m_all: 9.7309 (12.0846)  actual_mask_ratio: 0.0719 (0.0715)  actual_prediction_mask_ratio: 0.2298 (0.2310)  ignored_patch_ratio: 0.0227 (0.0215)  time: 0.1136  data: 0.0001  max mem: 1904
[17:09:57.023916] Epoch: [11]  [ 640/1098]  eta: 0:00:52  lr: 0.000010  loss: 0.0140 (0.0363)  mae_m_mask: 0.5021 (0.4430)  rmse_m_mask: 0.6804 (0.5933)  normalized_mse_mask: 0.0140 (0.0363)  rmse_m_all: 10.7880 (12.0570)  actual_mask_ratio: 0.0757 (0.0715)  actual_prediction_mask_ratio: 0.2419 (0.2313)  ignored_patch_ratio: 0.0159 (0.0214)  time: 0.1114  data: 0.0001  max mem: 1904
[17:09:59.250415] Epoch: [11]  [ 660/1098]  eta: 0:00:50  lr: 0.000010  loss: 0.0106 (0.0361)  mae_m_mask: 0.4217 (0.4423)  rmse_m_mask: 0.5066 (0.5920)  normalized_mse_mask: 0.0106 (0.0361)  rmse_m_all: 11.7572 (12.0546)  actual_mask_ratio: 0.0713 (0.0715)  actual_prediction_mask_ratio: 0.2229 (0.2311)  ignored_patch_ratio: 0.0198 (0.0214)  time: 0.1113  data: 0.0001  max mem: 1904
[17:10:01.497886] Epoch: [11]  [ 680/1098]  eta: 0:00:47  lr: 0.000010  loss: 0.0116 (0.0365)  mae_m_mask: 0.3812 (0.4404)  rmse_m_mask: 0.4944 (0.5902)  normalized_mse_mask: 0.0116 (0.0365)  rmse_m_all: 11.6120 (12.0368)  actual_mask_ratio: 0.0732 (0.0716)  actual_prediction_mask_ratio: 0.2348 (0.2313)  ignored_patch_ratio: 0.0204 (0.0213)  time: 0.1123  data: 0.0001  max mem: 1904
[17:10:04.699087] Epoch: [11]  [ 700/1098]  eta: 0:00:46  lr: 0.000010  loss: 0.0126 (0.0366)  mae_m_mask: 0.4032 (0.4393)  rmse_m_mask: 0.4868 (0.5884)  normalized_mse_mask: 0.0126 (0.0366)  rmse_m_all: 11.8148 (12.0375)  actual_mask_ratio: 0.0731 (0.0716)  actual_prediction_mask_ratio: 0.2394 (0.2315)  ignored_patch_ratio: 0.0147 (0.0213)  time: 0.1600  data: 0.0667  max mem: 1904
[17:10:08.499957] Epoch: [11]  [ 720/1098]  eta: 0:00:44  lr: 0.000010  loss: 0.0073 (0.0366)  mae_m_mask: 0.4931 (0.4432)  rmse_m_mask: 0.6798 (0.5930)  normalized_mse_mask: 0.0073 (0.0366)  rmse_m_all: 13.5360 (12.0589)  actual_mask_ratio: 0.0723 (0.0717)  actual_prediction_mask_ratio: 0.2384 (0.2316)  ignored_patch_ratio: 0.0159 (0.0213)  time: 0.1900  data: 0.1046  max mem: 1904
[17:10:10.157460] Epoch: [11]  [ 740/1098]  eta: 0:00:41  lr: 0.000010  loss: 0.0060 (0.0361)  mae_m_mask: 0.4604 (0.4446)  rmse_m_mask: 0.6061 (0.5943)  normalized_mse_mask: 0.0060 (0.0361)  rmse_m_all: 12.7680 (12.0884)  actual_mask_ratio: 0.0722 (0.0717)  actual_prediction_mask_ratio: 0.2460 (0.2319)  ignored_patch_ratio: 0.0232 (0.0214)  time: 0.0828  data: 0.0001  max mem: 1904
[17:10:13.620600] Epoch: [11]  [ 760/1098]  eta: 0:00:39  lr: 0.000010  loss: 0.0111 (0.0361)  mae_m_mask: 0.3658 (0.4438)  rmse_m_mask: 0.4653 (0.5928)  normalized_mse_mask: 0.0111 (0.0361)  rmse_m_all: 13.1981 (12.1049)  actual_mask_ratio: 0.0734 (0.0717)  actual_prediction_mask_ratio: 0.2301 (0.2319)  ignored_patch_ratio: 0.0210 (0.0214)  time: 0.1731  data: 0.0805  max mem: 1904
[17:10:15.763164] Epoch: [11]  [ 780/1098]  eta: 0:00:37  lr: 0.000010  loss: 0.0144 (0.0366)  mae_m_mask: 0.3793 (0.4433)  rmse_m_mask: 0.5085 (0.5926)  normalized_mse_mask: 0.0144 (0.0366)  rmse_m_all: 10.4655 (12.0896)  actual_mask_ratio: 0.0720 (0.0718)  actual_prediction_mask_ratio: 0.2345 (0.2320)  ignored_patch_ratio: 0.0170 (0.0213)  time: 0.1071  data: 0.0001  max mem: 1904
[17:10:18.083997] Epoch: [11]  [ 800/1098]  eta: 0:00:35  lr: 0.000010  loss: 0.0060 (0.0372)  mae_m_mask: 0.3661 (0.4426)  rmse_m_mask: 0.4808 (0.5920)  normalized_mse_mask: 0.0060 (0.0372)  rmse_m_all: 13.0658 (12.1126)  actual_mask_ratio: 0.0698 (0.0717)  actual_prediction_mask_ratio: 0.2256 (0.2319)  ignored_patch_ratio: 0.0215 (0.0214)  time: 0.1160  data: 0.0001  max mem: 1904
[17:10:20.392800] Epoch: [11]  [ 820/1098]  eta: 0:00:32  lr: 0.000010  loss: 0.0140 (0.0373)  mae_m_mask: 0.3815 (0.4419)  rmse_m_mask: 0.5114 (0.5916)  normalized_mse_mask: 0.0140 (0.0373)  rmse_m_all: 9.9051 (12.0684)  actual_mask_ratio: 0.0721 (0.0717)  actual_prediction_mask_ratio: 0.2355 (0.2320)  ignored_patch_ratio: 0.0176 (0.0213)  time: 0.1154  data: 0.0001  max mem: 1904
[17:10:22.688118] Epoch: [11]  [ 840/1098]  eta: 0:00:30  lr: 0.000010  loss: 0.0329 (0.0375)  mae_m_mask: 0.4604 (0.4441)  rmse_m_mask: 0.6324 (0.5948)  normalized_mse_mask: 0.0329 (0.0375)  rmse_m_all: 13.3980 (12.0884)  actual_mask_ratio: 0.0693 (0.0717)  actual_prediction_mask_ratio: 0.2330 (0.2319)  ignored_patch_ratio: 0.0249 (0.0214)  time: 0.1147  data: 0.0001  max mem: 1904
[17:10:25.002145] Epoch: [11]  [ 860/1098]  eta: 0:00:28  lr: 0.000010  loss: 0.0209 (0.0373)  mae_m_mask: 0.3688 (0.4437)  rmse_m_mask: 0.4525 (0.5938)  normalized_mse_mask: 0.0209 (0.0373)  rmse_m_all: 10.8176 (12.0894)  actual_mask_ratio: 0.0698 (0.0717)  actual_prediction_mask_ratio: 0.2253 (0.2319)  ignored_patch_ratio: 0.0244 (0.0215)  time: 0.1157  data: 0.0001  max mem: 1904
[17:10:27.317645] Epoch: [11]  [ 880/1098]  eta: 0:00:25  lr: 0.000010  loss: 0.0063 (0.0371)  mae_m_mask: 0.4060 (0.4437)  rmse_m_mask: 0.4861 (0.5935)  normalized_mse_mask: 0.0063 (0.0371)  rmse_m_all: 12.7785 (12.1025)  actual_mask_ratio: 0.0730 (0.0717)  actual_prediction_mask_ratio: 0.2317 (0.2319)  ignored_patch_ratio: 0.0210 (0.0216)  time: 0.1157  data: 0.0002  max mem: 1904
[17:10:29.635999] Epoch: [11]  [ 900/1098]  eta: 0:00:23  lr: 0.000010  loss: 0.0253 (0.0376)  mae_m_mask: 0.4032 (0.4435)  rmse_m_mask: 0.5306 (0.5929)  normalized_mse_mask: 0.0253 (0.0376)  rmse_m_all: 12.6734 (12.1236)  actual_mask_ratio: 0.0721 (0.0717)  actual_prediction_mask_ratio: 0.2380 (0.2320)  ignored_patch_ratio: 0.0170 (0.0216)  time: 0.1159  data: 0.0001  max mem: 1904
[17:10:31.961629] Epoch: [11]  [ 920/1098]  eta: 0:00:20  lr: 0.000010  loss: 0.0202 (0.0376)  mae_m_mask: 0.3804 (0.4437)  rmse_m_mask: 0.5301 (0.5926)  normalized_mse_mask: 0.0202 (0.0376)  rmse_m_all: 11.4720 (12.0953)  actual_mask_ratio: 0.0697 (0.0717)  actual_prediction_mask_ratio: 0.2262 (0.2319)  ignored_patch_ratio: 0.0215 (0.0216)  time: 0.1162  data: 0.0035  max mem: 1904
[17:10:34.276535] Epoch: [11]  [ 940/1098]  eta: 0:00:18  lr: 0.000010  loss: 0.0121 (0.0373)  mae_m_mask: 0.4561 (0.4448)  rmse_m_mask: 0.5944 (0.5936)  normalized_mse_mask: 0.0121 (0.0373)  rmse_m_all: 9.9176 (12.0738)  actual_mask_ratio: 0.0743 (0.0718)  actual_prediction_mask_ratio: 0.2390 (0.2321)  ignored_patch_ratio: 0.0215 (0.0215)  time: 0.1157  data: 0.0001  max mem: 1904
[17:10:36.481538] Epoch: [11]  [ 960/1098]  eta: 0:00:16  lr: 0.000010  loss: 0.0258 (0.0376)  mae_m_mask: 0.3705 (0.4446)  rmse_m_mask: 0.5126 (0.5933)  normalized_mse_mask: 0.0258 (0.0376)  rmse_m_all: 9.9560 (12.0349)  actual_mask_ratio: 0.0717 (0.0718)  actual_prediction_mask_ratio: 0.2339 (0.2321)  ignored_patch_ratio: 0.0221 (0.0215)  time: 0.1102  data: 0.0021  max mem: 1904
[17:10:39.090852] Epoch: [11]  [ 980/1098]  eta: 0:00:13  lr: 0.000010  loss: 0.0142 (0.0376)  mae_m_mask: 0.4083 (0.4452)  rmse_m_mask: 0.5099 (0.5948)  normalized_mse_mask: 0.0142 (0.0376)  rmse_m_all: 13.4963 (12.0565)  actual_mask_ratio: 0.0705 (0.0718)  actual_prediction_mask_ratio: 0.2198 (0.2320)  ignored_patch_ratio: 0.0170 (0.0215)  time: 0.1304  data: 0.0200  max mem: 1904
[17:10:41.339046] Epoch: [11]  [1000/1098]  eta: 0:00:11  lr: 0.000010  loss: 0.0035 (0.0372)  mae_m_mask: 0.3957 (0.4452)  rmse_m_mask: 0.5187 (0.5947)  normalized_mse_mask: 0.0035 (0.0372)  rmse_m_all: 12.1384 (12.0635)  actual_mask_ratio: 0.0709 (0.0717)  actual_prediction_mask_ratio: 0.2234 (0.2319)  ignored_patch_ratio: 0.0266 (0.0217)  time: 0.1124  data: 0.0001  max mem: 1904
[17:10:43.587355] Epoch: [11]  [1020/1098]  eta: 0:00:09  lr: 0.000010  loss: 0.0089 (0.0368)  mae_m_mask: 0.3980 (0.4460)  rmse_m_mask: 0.5524 (0.5954)  normalized_mse_mask: 0.0089 (0.0368)  rmse_m_all: 12.9972 (12.0909)  actual_mask_ratio: 0.0725 (0.0718)  actual_prediction_mask_ratio: 0.2341 (0.2320)  ignored_patch_ratio: 0.0147 (0.0216)  time: 0.1124  data: 0.0001  max mem: 1904
[17:10:45.823655] Epoch: [11]  [1040/1098]  eta: 0:00:06  lr: 0.000010  loss: 0.0412 (0.0376)  mae_m_mask: 0.3610 (0.4449)  rmse_m_mask: 0.4878 (0.5936)  normalized_mse_mask: 0.0412 (0.0376)  rmse_m_all: 11.8055 (12.0761)  actual_mask_ratio: 0.0718 (0.0718)  actual_prediction_mask_ratio: 0.2353 (0.2321)  ignored_patch_ratio: 0.0198 (0.0216)  time: 0.1118  data: 0.0001  max mem: 1904
[17:10:48.068788] Epoch: [11]  [1060/1098]  eta: 0:00:04  lr: 0.000010  loss: 0.0255 (0.0376)  mae_m_mask: 0.3708 (0.4448)  rmse_m_mask: 0.4948 (0.5942)  normalized_mse_mask: 0.0255 (0.0376)  rmse_m_all: 10.6492 (12.0527)  actual_mask_ratio: 0.0745 (0.0718)  actual_prediction_mask_ratio: 0.2404 (0.2323)  ignored_patch_ratio: 0.0147 (0.0215)  time: 0.1122  data: 0.0001  max mem: 1904
[17:10:50.319250] Epoch: [11]  [1080/1098]  eta: 0:00:02  lr: 0.000010  loss: 0.0117 (0.0373)  mae_m_mask: 0.4351 (0.4447)  rmse_m_mask: 0.5726 (0.5940)  normalized_mse_mask: 0.0117 (0.0373)  rmse_m_all: 11.1818 (12.0331)  actual_mask_ratio: 0.0715 (0.0719)  actual_prediction_mask_ratio: 0.2434 (0.2324)  ignored_patch_ratio: 0.0181 (0.0215)  time: 0.1125  data: 0.0001  max mem: 1904
[17:10:52.254395] Epoch: [11]  [1097/1098]  eta: 0:00:00  lr: 0.000010  loss: 0.0117 (0.0377)  mae_m_mask: 0.3668 (0.4440)  rmse_m_mask: 0.4859 (0.5929)  normalized_mse_mask: 0.0117 (0.0377)  rmse_m_all: 13.0647 (12.0452)  actual_mask_ratio: 0.0706 (0.0718)  actual_prediction_mask_ratio: 0.2307 (0.2323)  ignored_patch_ratio: 0.0261 (0.0216)  time: 0.1134  data: 0.0001  max mem: 1904
[17:10:52.309529] Epoch: [11] Total time: 0:02:08 (0.1172 s / it)
[17:10:52.310955] Averaged stats: {'lr': 9.777283649374313e-06, 'loss': 0.037015475447721824, 'mae_m_mask': 0.4425712414002976, 'rmse_m_mask': 0.6423753492061589, 'normalized_mse_mask': 0.037015475447721824, 'rmse_m_all': 12.04523698130592, 'actual_mask_ratio': 0.07183653589860554, 'actual_prediction_mask_ratio': 0.2323285164565988, 'ignored_patch_ratio': 0.021571367816195463, 'supervised_pixel_count': 21816230.0}
[17:10:52.526423] Val: [11]  [  0/194]  eta: 0:00:41  loss: 0.3083 (0.3083)  mae_m_mask: 0.4870 (0.4870)  rmse_m_mask: 0.6757 (0.6757)  normalized_mse_mask: 0.3083 (0.3083)  rmse_m_all: 1.0197 (1.0197)  actual_mask_ratio: 0.0709 (0.0709)  actual_prediction_mask_ratio: 0.2352 (0.2352)  ignored_patch_ratio: 0.0646 (0.0646)  time: 0.2129  data: 0.1326  max mem: 1904
[17:10:56.865284] Val: [11]  [ 50/194]  eta: 0:00:12  loss: 0.0127 (0.0685)  mae_m_mask: 0.6390 (0.6737)  rmse_m_mask: 0.7962 (0.8321)  normalized_mse_mask: 0.0127 (0.0685)  rmse_m_all: 9.8676 (7.4882)  actual_mask_ratio: 0.0626 (0.0699)  actual_prediction_mask_ratio: 0.2166 (0.2286)  ignored_patch_ratio: 0.0000 (0.0044)  time: 0.0862  data: 0.0001  max mem: 1904
[17:11:00.800226] Val: [11]  [100/194]  eta: 0:00:07  loss: 0.0390 (0.0699)  mae_m_mask: 0.6880 (0.6976)  rmse_m_mask: 0.8478 (0.8620)  normalized_mse_mask: 0.0390 (0.0699)  rmse_m_all: 4.8238 (7.2544)  actual_mask_ratio: 0.0590 (0.0682)  actual_prediction_mask_ratio: 0.2018 (0.2221)  ignored_patch_ratio: 0.0000 (0.0025)  time: 0.0670  data: 0.0001  max mem: 1904
[17:11:04.299370] Val: [11]  [150/194]  eta: 0:00:03  loss: 0.0060 (0.0671)  mae_m_mask: 0.8902 (0.7548)  rmse_m_mask: 1.1000 (0.9299)  normalized_mse_mask: 0.0060 (0.0671)  rmse_m_all: 14.1938 (8.0782)  actual_mask_ratio: 0.0697 (0.0675)  actual_prediction_mask_ratio: 0.2175 (0.2175)  ignored_patch_ratio: 0.0000 (0.0024)  time: 0.0459  data: 0.0001  max mem: 1904
[17:11:08.234707] Val: [11]  [193/194]  eta: 0:00:00  loss: 0.1102 (0.0731)  mae_m_mask: 0.5555 (0.7386)  rmse_m_mask: 0.6918 (0.9119)  normalized_mse_mask: 0.1102 (0.0731)  rmse_m_all: 1.4945 (8.5349)  actual_mask_ratio: 0.0624 (0.0663)  actual_prediction_mask_ratio: 0.1985 (0.2131)  ignored_patch_ratio: 0.0136 (0.0049)  time: 0.0905  data: 0.0001  max mem: 1904
[17:11:08.265065] Val: [11] Total time: 0:00:15 (0.0822 s / it)
[17:11:08.265725] val stats: {'loss': 0.07379187758252663, 'mae_m_mask': 0.733212791722743, 'rmse_m_mask': 0.9571427819253104, 'normalized_mse_mask': 0.07379187758252663, 'rmse_m_all': 8.534880215052477, 'actual_mask_ratio': 0.06633703996302541, 'actual_prediction_mask_ratio': 0.21313334448435872, 'ignored_patch_ratio': 0.00489066925245462, 'supervised_pixel_count': 3944867.0}
[17:11:12.370344] log_dir: /tank/data/SFS/xinyis/data/bathymetry/MAE-Topography/Downstream_Task_Bathy/cross_validation_v5_Stage2NormMSE_MeterSelect/runs/holdout_Santiam_D004Stage2NormMSE_MeterSelect_D001NoDataSafe/train_stage2_normMSE_meterSelect_OR_SantiamRiverTB_Topobathy_1_D23_fromStage1Best_e120_lr1e-5_b4_acc4/tb
[17:11:12.578267] Epoch: [12]  [   0/1098]  eta: 0:03:47  lr: 0.000010  loss: 0.0202 (0.0202)  mae_m_mask: 0.4054 (0.4054)  rmse_m_mask: 0.5526 (0.5526)  normalized_mse_mask: 0.0202 (0.0202)  rmse_m_all: 12.6327 (12.6327)  actual_mask_ratio: 0.0628 (0.0628)  actual_prediction_mask_ratio: 0.2050 (0.2050)  ignored_patch_ratio: 0.0431 (0.0431)  time: 0.2074  data: 0.0773  max mem: 1904
[17:11:14.907449] Epoch: [12]  [  20/1098]  eta: 0:02:10  lr: 0.000010  loss: 0.0160 (0.0370)  mae_m_mask: 0.3930 (0.4173)  rmse_m_mask: 0.4809 (0.5493)  normalized_mse_mask: 0.0160 (0.0370)  rmse_m_all: 13.0398 (12.4330)  actual_mask_ratio: 0.0725 (0.0726)  actual_prediction_mask_ratio: 0.2386 (0.2368)  ignored_patch_ratio: 0.0170 (0.0193)  time: 0.1164  data: 0.0001  max mem: 1904
[17:11:17.232921] Epoch: [12]  [  40/1098]  eta: 0:02:05  lr: 0.000010  loss: 0.0116 (0.0348)  mae_m_mask: 0.4198 (0.4443)  rmse_m_mask: 0.5735 (0.5960)  normalized_mse_mask: 0.0116 (0.0348)  rmse_m_all: 13.6948 (13.3423)  actual_mask_ratio: 0.0717 (0.0722)  actual_prediction_mask_ratio: 0.2339 (0.2346)  ignored_patch_ratio: 0.0181 (0.0197)  time: 0.1162  data: 0.0001  max mem: 1904
[17:11:19.562605] Epoch: [12]  [  60/1098]  eta: 0:02:02  lr: 0.000010  loss: 0.0145 (0.0317)  mae_m_mask: 0.3880 (0.4354)  rmse_m_mask: 0.4990 (0.5828)  normalized_mse_mask: 0.0145 (0.0317)  rmse_m_all: 10.1807 (12.5395)  actual_mask_ratio: 0.0707 (0.0717)  actual_prediction_mask_ratio: 0.2208 (0.2324)  ignored_patch_ratio: 0.0176 (0.0211)  time: 0.1165  data: 0.0001  max mem: 1904
[17:11:21.888027] Epoch: [12]  [  80/1098]  eta: 0:01:59  lr: 0.000010  loss: 0.0110 (0.0333)  mae_m_mask: 0.3392 (0.4303)  rmse_m_mask: 0.4796 (0.5780)  normalized_mse_mask: 0.0110 (0.0333)  rmse_m_all: 11.8913 (12.3866)  actual_mask_ratio: 0.0727 (0.0717)  actual_prediction_mask_ratio: 0.2310 (0.2319)  ignored_patch_ratio: 0.0147 (0.0207)  time: 0.1162  data: 0.0001  max mem: 1904
[17:11:24.216383] Epoch: [12]  [ 100/1098]  eta: 0:01:57  lr: 0.000010  loss: 0.0092 (0.0315)  mae_m_mask: 0.4807 (0.4502)  rmse_m_mask: 0.7293 (0.6060)  normalized_mse_mask: 0.0092 (0.0315)  rmse_m_all: 13.3685 (12.5369)  actual_mask_ratio: 0.0686 (0.0714)  actual_prediction_mask_ratio: 0.2238 (0.2309)  ignored_patch_ratio: 0.0215 (0.0215)  time: 0.1164  data: 0.0001  max mem: 1904
[17:11:26.546506] Epoch: [12]  [ 120/1098]  eta: 0:01:54  lr: 0.000010  loss: 0.0117 (0.0340)  mae_m_mask: 0.3761 (0.4409)  rmse_m_mask: 0.4627 (0.5943)  normalized_mse_mask: 0.0117 (0.0340)  rmse_m_all: 12.5378 (12.3247)  actual_mask_ratio: 0.0703 (0.0713)  actual_prediction_mask_ratio: 0.2290 (0.2313)  ignored_patch_ratio: 0.0119 (0.0206)  time: 0.1165  data: 0.0001  max mem: 1904
[17:11:28.877200] Epoch: [12]  [ 140/1098]  eta: 0:01:52  lr: 0.000010  loss: 0.0061 (0.0331)  mae_m_mask: 0.3949 (0.4408)  rmse_m_mask: 0.5870 (0.5934)  normalized_mse_mask: 0.0061 (0.0331)  rmse_m_all: 11.3900 (12.2449)  actual_mask_ratio: 0.0694 (0.0711)  actual_prediction_mask_ratio: 0.2263 (0.2309)  ignored_patch_ratio: 0.0181 (0.0203)  time: 0.1165  data: 0.0001  max mem: 1904
[17:11:31.208307] Epoch: [12]  [ 160/1098]  eta: 0:01:49  lr: 0.000010  loss: 0.0068 (0.0328)  mae_m_mask: 0.3407 (0.4372)  rmse_m_mask: 0.4533 (0.5833)  normalized_mse_mask: 0.0068 (0.0328)  rmse_m_all: 12.3524 (12.2348)  actual_mask_ratio: 0.0699 (0.0711)  actual_prediction_mask_ratio: 0.2261 (0.2303)  ignored_patch_ratio: 0.0210 (0.0213)  time: 0.1165  data: 0.0001  max mem: 1904
[17:11:33.533638] Epoch: [12]  [ 180/1098]  eta: 0:01:47  lr: 0.000010  loss: 0.0094 (0.0359)  mae_m_mask: 0.3918 (0.4353)  rmse_m_mask: 0.4963 (0.5798)  normalized_mse_mask: 0.0094 (0.0359)  rmse_m_all: 11.7653 (12.2545)  actual_mask_ratio: 0.0741 (0.0712)  actual_prediction_mask_ratio: 0.2333 (0.2308)  ignored_patch_ratio: 0.0181 (0.0214)  time: 0.1162  data: 0.0001  max mem: 1904
[17:11:35.864193] Epoch: [12]  [ 200/1098]  eta: 0:01:44  lr: 0.000010  loss: 0.0229 (0.0360)  mae_m_mask: 0.3745 (0.4310)  rmse_m_mask: 0.5533 (0.5790)  normalized_mse_mask: 0.0229 (0.0360)  rmse_m_all: 9.5255 (12.1000)  actual_mask_ratio: 0.0720 (0.0714)  actual_prediction_mask_ratio: 0.2380 (0.2314)  ignored_patch_ratio: 0.0130 (0.0211)  time: 0.1165  data: 0.0001  max mem: 1904
[17:11:38.197565] Epoch: [12]  [ 220/1098]  eta: 0:01:42  lr: 0.000010  loss: 0.0022 (0.0344)  mae_m_mask: 0.3298 (0.4270)  rmse_m_mask: 0.4204 (0.5730)  normalized_mse_mask: 0.0022 (0.0344)  rmse_m_all: 11.5134 (12.1194)  actual_mask_ratio: 0.0734 (0.0716)  actual_prediction_mask_ratio: 0.2371 (0.2318)  ignored_patch_ratio: 0.0102 (0.0205)  time: 0.1166  data: 0.0001  max mem: 1904
[17:11:40.523854] Epoch: [12]  [ 240/1098]  eta: 0:01:40  lr: 0.000010  loss: 0.0024 (0.0337)  mae_m_mask: 0.3252 (0.4211)  rmse_m_mask: 0.4263 (0.5660)  normalized_mse_mask: 0.0024 (0.0337)  rmse_m_all: 12.2278 (12.1122)  actual_mask_ratio: 0.0745 (0.0718)  actual_prediction_mask_ratio: 0.2402 (0.2323)  ignored_patch_ratio: 0.0255 (0.0207)  time: 0.1163  data: 0.0001  max mem: 1904
[17:11:42.719509] Epoch: [12]  [ 260/1098]  eta: 0:01:37  lr: 0.000010  loss: 0.0115 (0.0329)  mae_m_mask: 0.3593 (0.4193)  rmse_m_mask: 0.5339 (0.5654)  normalized_mse_mask: 0.0115 (0.0329)  rmse_m_all: 11.9884 (12.0793)  actual_mask_ratio: 0.0734 (0.0718)  actual_prediction_mask_ratio: 0.2355 (0.2323)  ignored_patch_ratio: 0.0198 (0.0207)  time: 0.1098  data: 0.0001  max mem: 1904
[17:11:44.933728] Epoch: [12]  [ 280/1098]  eta: 0:01:34  lr: 0.000010  loss: 0.0229 (0.0333)  mae_m_mask: 0.3899 (0.4191)  rmse_m_mask: 0.5020 (0.5647)  normalized_mse_mask: 0.0229 (0.0333)  rmse_m_all: 12.3165 (12.1101)  actual_mask_ratio: 0.0711 (0.0718)  actual_prediction_mask_ratio: 0.2281 (0.2321)  ignored_patch_ratio: 0.0238 (0.0210)  time: 0.1107  data: 0.0001  max mem: 1904
[17:11:47.156309] Epoch: [12]  [ 300/1098]  eta: 0:01:32  lr: 0.000010  loss: 0.0114 (0.0322)  mae_m_mask: 0.3018 (0.4129)  rmse_m_mask: 0.3831 (0.5545)  normalized_mse_mask: 0.0114 (0.0322)  rmse_m_all: 10.5388 (12.0738)  actual_mask_ratio: 0.0714 (0.0717)  actual_prediction_mask_ratio: 0.2346 (0.2321)  ignored_patch_ratio: 0.0244 (0.0214)  time: 0.1111  data: 0.0001  max mem: 1904
[17:11:49.440923] Epoch: [12]  [ 320/1098]  eta: 0:01:29  lr: 0.000010  loss: 0.0259 (0.0332)  mae_m_mask: 0.4331 (0.4142)  rmse_m_mask: 0.5944 (0.5562)  normalized_mse_mask: 0.0259 (0.0332)  rmse_m_all: 12.2454 (12.0996)  actual_mask_ratio: 0.0724 (0.0717)  actual_prediction_mask_ratio: 0.2311 (0.2319)  ignored_patch_ratio: 0.0204 (0.0215)  time: 0.1142  data: 0.0001  max mem: 1904
[17:11:51.706109] Epoch: [12]  [ 340/1098]  eta: 0:01:27  lr: 0.000010  loss: 0.0159 (0.0342)  mae_m_mask: 0.3652 (0.4129)  rmse_m_mask: 0.4873 (0.5583)  normalized_mse_mask: 0.0159 (0.0342)  rmse_m_all: 10.6681 (12.0156)  actual_mask_ratio: 0.0720 (0.0717)  actual_prediction_mask_ratio: 0.2319 (0.2320)  ignored_patch_ratio: 0.0187 (0.0214)  time: 0.1132  data: 0.0001  max mem: 1904
[17:11:53.996440] Epoch: [12]  [ 360/1098]  eta: 0:01:25  lr: 0.000010  loss: 0.0112 (0.0332)  mae_m_mask: 0.3473 (0.4126)  rmse_m_mask: 0.4306 (0.5567)  normalized_mse_mask: 0.0112 (0.0332)  rmse_m_all: 12.4621 (12.0570)  actual_mask_ratio: 0.0719 (0.0717)  actual_prediction_mask_ratio: 0.2305 (0.2319)  ignored_patch_ratio: 0.0244 (0.0215)  time: 0.1145  data: 0.0001  max mem: 1904
[17:11:56.260416] Epoch: [12]  [ 380/1098]  eta: 0:01:22  lr: 0.000010  loss: 0.0175 (0.0326)  mae_m_mask: 0.4238 (0.4133)  rmse_m_mask: 0.5544 (0.5579)  normalized_mse_mask: 0.0175 (0.0326)  rmse_m_all: 12.3553 (12.0906)  actual_mask_ratio: 0.0717 (0.0718)  actual_prediction_mask_ratio: 0.2347 (0.2319)  ignored_patch_ratio: 0.0215 (0.0216)  time: 0.1132  data: 0.0001  max mem: 1904
[17:11:58.528614] Epoch: [12]  [ 400/1098]  eta: 0:01:20  lr: 0.000010  loss: 0.0183 (0.0336)  mae_m_mask: 0.4084 (0.4147)  rmse_m_mask: 0.5456 (0.5604)  normalized_mse_mask: 0.0183 (0.0336)  rmse_m_all: 11.9449 (12.0853)  actual_mask_ratio: 0.0712 (0.0716)  actual_prediction_mask_ratio: 0.2317 (0.2317)  ignored_patch_ratio: 0.0227 (0.0217)  time: 0.1134  data: 0.0001  max mem: 1904
[17:12:00.785580] Epoch: [12]  [ 420/1098]  eta: 0:01:17  lr: 0.000010  loss: 0.0249 (0.0337)  mae_m_mask: 0.3687 (0.4152)  rmse_m_mask: 0.4717 (0.5606)  normalized_mse_mask: 0.0249 (0.0337)  rmse_m_all: 12.5256 (12.0974)  actual_mask_ratio: 0.0677 (0.0715)  actual_prediction_mask_ratio: 0.2222 (0.2313)  ignored_patch_ratio: 0.0204 (0.0217)  time: 0.1128  data: 0.0001  max mem: 1904
[17:12:03.049824] Epoch: [12]  [ 440/1098]  eta: 0:01:15  lr: 0.000010  loss: 0.0043 (0.0333)  mae_m_mask: 0.5025 (0.4196)  rmse_m_mask: 0.6304 (0.5650)  normalized_mse_mask: 0.0043 (0.0333)  rmse_m_all: 14.5044 (12.1874)  actual_mask_ratio: 0.0697 (0.0715)  actual_prediction_mask_ratio: 0.2295 (0.2313)  ignored_patch_ratio: 0.0159 (0.0217)  time: 0.1132  data: 0.0001  max mem: 1904
[17:12:05.302253] Epoch: [12]  [ 460/1098]  eta: 0:01:13  lr: 0.000010  loss: 0.0145 (0.0344)  mae_m_mask: 0.4511 (0.4215)  rmse_m_mask: 0.6116 (0.5683)  normalized_mse_mask: 0.0145 (0.0344)  rmse_m_all: 10.6429 (12.1764)  actual_mask_ratio: 0.0726 (0.0716)  actual_prediction_mask_ratio: 0.2350 (0.2314)  ignored_patch_ratio: 0.0181 (0.0216)  time: 0.1126  data: 0.0001  max mem: 1904
[17:12:07.552822] Epoch: [12]  [ 480/1098]  eta: 0:01:10  lr: 0.000010  loss: 0.0292 (0.0361)  mae_m_mask: 0.4030 (0.4220)  rmse_m_mask: 0.5351 (0.5708)  normalized_mse_mask: 0.0292 (0.0361)  rmse_m_all: 10.9901 (12.1882)  actual_mask_ratio: 0.0715 (0.0716)  actual_prediction_mask_ratio: 0.2409 (0.2318)  ignored_patch_ratio: 0.0198 (0.0215)  time: 0.1125  data: 0.0001  max mem: 1904
[17:12:09.780799] Epoch: [12]  [ 500/1098]  eta: 0:01:08  lr: 0.000010  loss: 0.0109 (0.0357)  mae_m_mask: 0.4444 (0.4237)  rmse_m_mask: 0.5781 (0.5722)  normalized_mse_mask: 0.0109 (0.0357)  rmse_m_all: 12.6129 (12.1990)  actual_mask_ratio: 0.0724 (0.0716)  actual_prediction_mask_ratio: 0.2331 (0.2320)  ignored_patch_ratio: 0.0193 (0.0214)  time: 0.1114  data: 0.0001  max mem: 1904
[17:12:11.984298] Epoch: [12]  [ 520/1098]  eta: 0:01:06  lr: 0.000010  loss: 0.0071 (0.0355)  mae_m_mask: 0.3395 (0.4218)  rmse_m_mask: 0.4691 (0.5692)  normalized_mse_mask: 0.0071 (0.0355)  rmse_m_all: 12.1351 (12.1807)  actual_mask_ratio: 0.0685 (0.0716)  actual_prediction_mask_ratio: 0.2231 (0.2320)  ignored_patch_ratio: 0.0181 (0.0214)  time: 0.1101  data: 0.0001  max mem: 1904
[17:12:14.206604] Epoch: [12]  [ 540/1098]  eta: 0:01:03  lr: 0.000010  loss: 0.0081 (0.0356)  mae_m_mask: 0.3808 (0.4224)  rmse_m_mask: 0.4568 (0.5705)  normalized_mse_mask: 0.0081 (0.0356)  rmse_m_all: 10.2187 (12.1098)  actual_mask_ratio: 0.0713 (0.0716)  actual_prediction_mask_ratio: 0.2324 (0.2320)  ignored_patch_ratio: 0.0170 (0.0214)  time: 0.1111  data: 0.0001  max mem: 1904
[17:12:16.466694] Epoch: [12]  [ 560/1098]  eta: 0:01:01  lr: 0.000010  loss: 0.0211 (0.0357)  mae_m_mask: 0.4712 (0.4260)  rmse_m_mask: 0.6190 (0.5744)  normalized_mse_mask: 0.0211 (0.0357)  rmse_m_all: 13.0404 (12.1449)  actual_mask_ratio: 0.0720 (0.0717)  actual_prediction_mask_ratio: 0.2338 (0.2321)  ignored_patch_ratio: 0.0227 (0.0215)  time: 0.1130  data: 0.0001  max mem: 1904
[17:12:18.730525] Epoch: [12]  [ 580/1098]  eta: 0:00:59  lr: 0.000010  loss: 0.0235 (0.0370)  mae_m_mask: 0.5021 (0.4315)  rmse_m_mask: 0.6860 (0.5804)  normalized_mse_mask: 0.0235 (0.0370)  rmse_m_all: 13.0746 (12.1589)  actual_mask_ratio: 0.0706 (0.0716)  actual_prediction_mask_ratio: 0.2286 (0.2320)  ignored_patch_ratio: 0.0204 (0.0215)  time: 0.1132  data: 0.0001  max mem: 1904
[17:12:21.001539] Epoch: [12]  [ 600/1098]  eta: 0:00:56  lr: 0.000010  loss: 0.0150 (0.0369)  mae_m_mask: 0.4384 (0.4348)  rmse_m_mask: 0.5986 (0.5833)  normalized_mse_mask: 0.0150 (0.0369)  rmse_m_all: 12.9713 (12.1936)  actual_mask_ratio: 0.0710 (0.0717)  actual_prediction_mask_ratio: 0.2302 (0.2320)  ignored_patch_ratio: 0.0198 (0.0216)  time: 0.1135  data: 0.0001  max mem: 1904
[17:12:23.277715] Epoch: [12]  [ 620/1098]  eta: 0:00:54  lr: 0.000010  loss: 0.0050 (0.0366)  mae_m_mask: 0.4507 (0.4348)  rmse_m_mask: 0.5687 (0.5829)  normalized_mse_mask: 0.0050 (0.0366)  rmse_m_all: 11.5035 (12.1972)  actual_mask_ratio: 0.0720 (0.0717)  actual_prediction_mask_ratio: 0.2246 (0.2320)  ignored_patch_ratio: 0.0187 (0.0216)  time: 0.1138  data: 0.0001  max mem: 1904
[17:12:25.515380] Epoch: [12]  [ 640/1098]  eta: 0:00:52  lr: 0.000010  loss: 0.0252 (0.0365)  mae_m_mask: 0.3528 (0.4347)  rmse_m_mask: 0.5592 (0.5829)  normalized_mse_mask: 0.0252 (0.0365)  rmse_m_all: 11.7409 (12.1909)  actual_mask_ratio: 0.0704 (0.0717)  actual_prediction_mask_ratio: 0.2254 (0.2320)  ignored_patch_ratio: 0.0198 (0.0216)  time: 0.1119  data: 0.0001  max mem: 1904
[17:12:27.763147] Epoch: [12]  [ 660/1098]  eta: 0:00:49  lr: 0.000010  loss: 0.0040 (0.0357)  mae_m_mask: 0.3793 (0.4333)  rmse_m_mask: 0.4735 (0.5802)  normalized_mse_mask: 0.0040 (0.0357)  rmse_m_all: 13.2489 (12.2232)  actual_mask_ratio: 0.0720 (0.0717)  actual_prediction_mask_ratio: 0.2327 (0.2319)  ignored_patch_ratio: 0.0238 (0.0218)  time: 0.1124  data: 0.0001  max mem: 1904
[17:12:30.212396] Epoch: [12]  [ 680/1098]  eta: 0:00:47  lr: 0.000010  loss: 0.0214 (0.0359)  mae_m_mask: 0.3819 (0.4332)  rmse_m_mask: 0.5376 (0.5797)  normalized_mse_mask: 0.0214 (0.0359)  rmse_m_all: 11.9582 (12.2171)  actual_mask_ratio: 0.0756 (0.0717)  actual_prediction_mask_ratio: 0.2354 (0.2319)  ignored_patch_ratio: 0.0181 (0.0218)  time: 0.1224  data: 0.0506  max mem: 1904
[17:12:32.306312] Epoch: [12]  [ 700/1098]  eta: 0:00:45  lr: 0.000010  loss: 0.0163 (0.0357)  mae_m_mask: 0.3917 (0.4327)  rmse_m_mask: 0.4979 (0.5789)  normalized_mse_mask: 0.0163 (0.0357)  rmse_m_all: 11.7801 (12.1834)  actual_mask_ratio: 0.0709 (0.0718)  actual_prediction_mask_ratio: 0.2379 (0.2320)  ignored_patch_ratio: 0.0153 (0.0217)  time: 0.1047  data: 0.0001  max mem: 1904
[17:12:34.581952] Epoch: [12]  [ 720/1098]  eta: 0:00:43  lr: 0.000010  loss: 0.0275 (0.0369)  mae_m_mask: 0.5101 (0.4359)  rmse_m_mask: 0.6779 (0.5826)  normalized_mse_mask: 0.0275 (0.0369)  rmse_m_all: 11.8761 (12.1879)  actual_mask_ratio: 0.0731 (0.0718)  actual_prediction_mask_ratio: 0.2380 (0.2321)  ignored_patch_ratio: 0.0130 (0.0217)  time: 0.1138  data: 0.0001  max mem: 1904
[17:12:36.891783] Epoch: [12]  [ 740/1098]  eta: 0:00:40  lr: 0.000010  loss: 0.0073 (0.0363)  mae_m_mask: 0.3782 (0.4340)  rmse_m_mask: 0.4593 (0.5802)  normalized_mse_mask: 0.0073 (0.0363)  rmse_m_all: 10.6211 (12.1484)  actual_mask_ratio: 0.0720 (0.0718)  actual_prediction_mask_ratio: 0.2339 (0.2322)  ignored_patch_ratio: 0.0210 (0.0217)  time: 0.1155  data: 0.0001  max mem: 1904
[17:12:39.213281] Epoch: [12]  [ 760/1098]  eta: 0:00:38  lr: 0.000010  loss: 0.0132 (0.0361)  mae_m_mask: 0.4116 (0.4353)  rmse_m_mask: 0.5553 (0.5823)  normalized_mse_mask: 0.0132 (0.0361)  rmse_m_all: 11.4494 (12.1414)  actual_mask_ratio: 0.0711 (0.0718)  actual_prediction_mask_ratio: 0.2334 (0.2322)  ignored_patch_ratio: 0.0170 (0.0216)  time: 0.1160  data: 0.0001  max mem: 1904
[17:12:41.542617] Epoch: [12]  [ 780/1098]  eta: 0:00:36  lr: 0.000010  loss: 0.0176 (0.0358)  mae_m_mask: 0.3886 (0.4377)  rmse_m_mask: 0.5601 (0.5853)  normalized_mse_mask: 0.0176 (0.0358)  rmse_m_all: 10.1504 (12.1151)  actual_mask_ratio: 0.0718 (0.0718)  actual_prediction_mask_ratio: 0.2397 (0.2323)  ignored_patch_ratio: 0.0130 (0.0215)  time: 0.1164  data: 0.0001  max mem: 1904
[17:12:43.862052] Epoch: [12]  [ 800/1098]  eta: 0:00:34  lr: 0.000010  loss: 0.0054 (0.0358)  mae_m_mask: 0.4429 (0.4386)  rmse_m_mask: 0.5830 (0.5868)  normalized_mse_mask: 0.0054 (0.0358)  rmse_m_all: 12.5227 (12.1302)  actual_mask_ratio: 0.0714 (0.0718)  actual_prediction_mask_ratio: 0.2326 (0.2323)  ignored_patch_ratio: 0.0198 (0.0214)  time: 0.1159  data: 0.0001  max mem: 1904
[17:12:46.176117] Epoch: [12]  [ 820/1098]  eta: 0:00:31  lr: 0.000010  loss: 0.0267 (0.0361)  mae_m_mask: 0.4969 (0.4418)  rmse_m_mask: 0.6220 (0.5915)  normalized_mse_mask: 0.0267 (0.0361)  rmse_m_all: 13.0383 (12.1467)  actual_mask_ratio: 0.0717 (0.0718)  actual_prediction_mask_ratio: 0.2321 (0.2324)  ignored_patch_ratio: 0.0198 (0.0214)  time: 0.1157  data: 0.0001  max mem: 1904
[17:12:48.505050] Epoch: [12]  [ 840/1098]  eta: 0:00:29  lr: 0.000010  loss: 0.0196 (0.0370)  mae_m_mask: 0.3724 (0.4409)  rmse_m_mask: 0.5044 (0.5900)  normalized_mse_mask: 0.0196 (0.0370)  rmse_m_all: 11.5837 (12.1104)  actual_mask_ratio: 0.0680 (0.0717)  actual_prediction_mask_ratio: 0.2187 (0.2321)  ignored_patch_ratio: 0.0227 (0.0215)  time: 0.1164  data: 0.0001  max mem: 1904
[17:12:50.801093] Epoch: [12]  [ 860/1098]  eta: 0:00:27  lr: 0.000010  loss: 0.0032 (0.0366)  mae_m_mask: 0.4479 (0.4418)  rmse_m_mask: 0.6192 (0.5907)  normalized_mse_mask: 0.0032 (0.0366)  rmse_m_all: 13.0065 (12.1437)  actual_mask_ratio: 0.0748 (0.0718)  actual_prediction_mask_ratio: 0.2404 (0.2323)  ignored_patch_ratio: 0.0215 (0.0215)  time: 0.1148  data: 0.0001  max mem: 1904
[17:12:53.117194] Epoch: [12]  [ 880/1098]  eta: 0:00:24  lr: 0.000010  loss: 0.0032 (0.0366)  mae_m_mask: 0.4384 (0.4424)  rmse_m_mask: 0.6274 (0.5920)  normalized_mse_mask: 0.0032 (0.0366)  rmse_m_all: 11.9934 (12.1349)  actual_mask_ratio: 0.0739 (0.0718)  actual_prediction_mask_ratio: 0.2331 (0.2324)  ignored_patch_ratio: 0.0204 (0.0215)  time: 0.1158  data: 0.0001  max mem: 1904
[17:12:55.429877] Epoch: [12]  [ 900/1098]  eta: 0:00:22  lr: 0.000010  loss: 0.0160 (0.0363)  mae_m_mask: 0.4804 (0.4430)  rmse_m_mask: 0.6160 (0.5929)  normalized_mse_mask: 0.0160 (0.0363)  rmse_m_all: 10.7829 (12.1206)  actual_mask_ratio: 0.0731 (0.0718)  actual_prediction_mask_ratio: 0.2346 (0.2324)  ignored_patch_ratio: 0.0204 (0.0214)  time: 0.1156  data: 0.0001  max mem: 1904
[17:12:57.740481] Epoch: [12]  [ 920/1098]  eta: 0:00:20  lr: 0.000010  loss: 0.0399 (0.0373)  mae_m_mask: 0.3764 (0.4427)  rmse_m_mask: 0.4547 (0.5924)  normalized_mse_mask: 0.0399 (0.0373)  rmse_m_all: 9.3719 (12.0854)  actual_mask_ratio: 0.0695 (0.0718)  actual_prediction_mask_ratio: 0.2220 (0.2323)  ignored_patch_ratio: 0.0181 (0.0214)  time: 0.1155  data: 0.0001  max mem: 1904
[17:12:59.935471] Epoch: [12]  [ 940/1098]  eta: 0:00:18  lr: 0.000010  loss: 0.0145 (0.0374)  mae_m_mask: 0.3946 (0.4426)  rmse_m_mask: 0.5112 (0.5916)  normalized_mse_mask: 0.0145 (0.0374)  rmse_m_all: 11.4955 (12.0859)  actual_mask_ratio: 0.0705 (0.0718)  actual_prediction_mask_ratio: 0.2286 (0.2322)  ignored_patch_ratio: 0.0147 (0.0214)  time: 0.1097  data: 0.0002  max mem: 1904
[17:13:02.122163] Epoch: [12]  [ 960/1098]  eta: 0:00:15  lr: 0.000010  loss: 0.0146 (0.0374)  mae_m_mask: 0.4483 (0.4430)  rmse_m_mask: 0.5340 (0.5913)  normalized_mse_mask: 0.0146 (0.0374)  rmse_m_all: 12.9737 (12.0992)  actual_mask_ratio: 0.0707 (0.0718)  actual_prediction_mask_ratio: 0.2274 (0.2322)  ignored_patch_ratio: 0.0232 (0.0215)  time: 0.1093  data: 0.0001  max mem: 1904
[17:13:04.356134] Epoch: [12]  [ 980/1098]  eta: 0:00:13  lr: 0.000010  loss: 0.0185 (0.0374)  mae_m_mask: 0.5634 (0.4445)  rmse_m_mask: 0.6633 (0.5932)  normalized_mse_mask: 0.0185 (0.0374)  rmse_m_all: 11.0274 (12.0991)  actual_mask_ratio: 0.0734 (0.0718)  actual_prediction_mask_ratio: 0.2304 (0.2321)  ignored_patch_ratio: 0.0170 (0.0215)  time: 0.1117  data: 0.0001  max mem: 1904
[17:13:06.562731] Epoch: [12]  [1000/1098]  eta: 0:00:11  lr: 0.000010  loss: 0.0043 (0.0381)  mae_m_mask: 0.4672 (0.4444)  rmse_m_mask: 0.6336 (0.5930)  normalized_mse_mask: 0.0043 (0.0381)  rmse_m_all: 12.0255 (12.0997)  actual_mask_ratio: 0.0714 (0.0718)  actual_prediction_mask_ratio: 0.2315 (0.2321)  ignored_patch_ratio: 0.0164 (0.0216)  time: 0.1103  data: 0.0001  max mem: 1904
[17:13:08.828537] Epoch: [12]  [1020/1098]  eta: 0:00:08  lr: 0.000010  loss: 0.0059 (0.0377)  mae_m_mask: 0.4351 (0.4436)  rmse_m_mask: 0.5777 (0.5923)  normalized_mse_mask: 0.0059 (0.0377)  rmse_m_all: 10.6605 (12.0730)  actual_mask_ratio: 0.0737 (0.0718)  actual_prediction_mask_ratio: 0.2321 (0.2322)  ignored_patch_ratio: 0.0232 (0.0216)  time: 0.1133  data: 0.0001  max mem: 1904
[17:13:11.075161] Epoch: [12]  [1040/1098]  eta: 0:00:06  lr: 0.000010  loss: 0.0030 (0.0373)  mae_m_mask: 0.5381 (0.4452)  rmse_m_mask: 0.6482 (0.5942)  normalized_mse_mask: 0.0030 (0.0373)  rmse_m_all: 11.6951 (12.0865)  actual_mask_ratio: 0.0705 (0.0718)  actual_prediction_mask_ratio: 0.2309 (0.2321)  ignored_patch_ratio: 0.0272 (0.0217)  time: 0.1123  data: 0.0001  max mem: 1904
[17:13:13.314449] Epoch: [12]  [1060/1098]  eta: 0:00:04  lr: 0.000010  loss: 0.0097 (0.0377)  mae_m_mask: 0.4125 (0.4451)  rmse_m_mask: 0.5432 (0.5941)  normalized_mse_mask: 0.0097 (0.0377)  rmse_m_all: 10.8906 (12.0569)  actual_mask_ratio: 0.0706 (0.0718)  actual_prediction_mask_ratio: 0.2332 (0.2322)  ignored_patch_ratio: 0.0204 (0.0217)  time: 0.1119  data: 0.0001  max mem: 1904
[17:13:15.533268] Epoch: [12]  [1080/1098]  eta: 0:00:02  lr: 0.000010  loss: 0.0232 (0.0377)  mae_m_mask: 0.4195 (0.4453)  rmse_m_mask: 0.5407 (0.5946)  normalized_mse_mask: 0.0232 (0.0377)  rmse_m_all: 9.4944 (12.0400)  actual_mask_ratio: 0.0737 (0.0718)  actual_prediction_mask_ratio: 0.2389 (0.2322)  ignored_patch_ratio: 0.0153 (0.0217)  time: 0.1109  data: 0.0001  max mem: 1904
[17:13:17.445420] Epoch: [12]  [1097/1098]  eta: 0:00:00  lr: 0.000010  loss: 0.0149 (0.0378)  mae_m_mask: 0.3553 (0.4450)  rmse_m_mask: 0.5093 (0.5943)  normalized_mse_mask: 0.0149 (0.0378)  rmse_m_all: 12.3042 (12.0380)  actual_mask_ratio: 0.0735 (0.0718)  actual_prediction_mask_ratio: 0.2349 (0.2323)  ignored_patch_ratio: 0.0176 (0.0216)  time: 0.1103  data: 0.0001  max mem: 1904
[17:13:17.467532] Epoch: [12] Total time: 0:02:05 (0.1139 s / it)
[17:13:17.470112] Averaged stats: {'lr': 9.737246080536704e-06, 'loss': 0.037077924362319103, 'mae_m_mask': 0.4448935879205348, 'rmse_m_mask': 0.6428624860433463, 'normalized_mse_mask': 0.037077924362319103, 'rmse_m_all': 12.038006846479162, 'actual_mask_ratio': 0.07184039618148179, 'actual_prediction_mask_ratio': 0.23232269506962572, 'ignored_patch_ratio': 0.021571367001924358, 'supervised_pixel_count': 21816230.0}
[17:13:17.640227] Val: [12]  [  0/194]  eta: 0:00:32  loss: 0.3057 (0.3057)  mae_m_mask: 0.4883 (0.4883)  rmse_m_mask: 0.6814 (0.6814)  normalized_mse_mask: 0.3057 (0.3057)  rmse_m_all: 0.9987 (0.9987)  actual_mask_ratio: 0.0709 (0.0709)  actual_prediction_mask_ratio: 0.2352 (0.2352)  ignored_patch_ratio: 0.0646 (0.0646)  time: 0.1677  data: 0.0797  max mem: 1904
[17:13:21.966949] Val: [12]  [ 50/194]  eta: 0:00:12  loss: 0.0130 (0.0693)  mae_m_mask: 0.6328 (0.6662)  rmse_m_mask: 0.7789 (0.8228)  normalized_mse_mask: 0.0130 (0.0693)  rmse_m_all: 9.7669 (7.4030)  actual_mask_ratio: 0.0626 (0.0699)  actual_prediction_mask_ratio: 0.2166 (0.2286)  ignored_patch_ratio: 0.0000 (0.0044)  time: 0.0869  data: 0.0001  max mem: 1904
[17:13:26.276448] Val: [12]  [100/194]  eta: 0:00:08  loss: 0.0381 (0.0699)  mae_m_mask: 0.6914 (0.6847)  rmse_m_mask: 0.8602 (0.8469)  normalized_mse_mask: 0.0381 (0.0699)  rmse_m_all: 4.7672 (7.1676)  actual_mask_ratio: 0.0590 (0.0682)  actual_prediction_mask_ratio: 0.2018 (0.2221)  ignored_patch_ratio: 0.0000 (0.0025)  time: 0.0911  data: 0.0359  max mem: 1904
[17:13:28.630549] Val: [12]  [150/194]  eta: 0:00:03  loss: 0.0047 (0.0663)  mae_m_mask: 0.8299 (0.7309)  rmse_m_mask: 1.0301 (0.9038)  normalized_mse_mask: 0.0047 (0.0663)  rmse_m_all: 14.0177 (7.9781)  actual_mask_ratio: 0.0697 (0.0675)  actual_prediction_mask_ratio: 0.2175 (0.2175)  ignored_patch_ratio: 0.0000 (0.0024)  time: 0.0418  data: 0.0001  max mem: 1904
[17:13:32.471095] Val: [12]  [193/194]  eta: 0:00:00  loss: 0.1173 (0.0739)  mae_m_mask: 0.5548 (0.7216)  rmse_m_mask: 0.6955 (0.8933)  normalized_mse_mask: 0.1173 (0.0739)  rmse_m_all: 1.4561 (8.4320)  actual_mask_ratio: 0.0624 (0.0663)  actual_prediction_mask_ratio: 0.1985 (0.2131)  ignored_patch_ratio: 0.0136 (0.0049)  time: 0.0893  data: 0.0001  max mem: 1904
[17:13:32.500619] Val: [12] Total time: 0:00:15 (0.0775 s / it)
[17:13:32.503205] val stats: {'loss': 0.07437541749321919, 'mae_m_mask': 0.7155989894267784, 'rmse_m_mask': 0.9307520970117877, 'normalized_mse_mask': 0.07437541749321919, 'rmse_m_all': 8.431972502740388, 'actual_mask_ratio': 0.06633703996302541, 'actual_prediction_mask_ratio': 0.21313334448435872, 'ignored_patch_ratio': 0.00489066925245462, 'supervised_pixel_count': 3944867.0}
[17:13:36.538887] log_dir: /tank/data/SFS/xinyis/data/bathymetry/MAE-Topography/Downstream_Task_Bathy/cross_validation_v5_Stage2NormMSE_MeterSelect/runs/holdout_Santiam_D004Stage2NormMSE_MeterSelect_D001NoDataSafe/train_stage2_normMSE_meterSelect_OR_SantiamRiverTB_Topobathy_1_D23_fromStage1Best_e120_lr1e-5_b4_acc4/tb
[17:13:36.732758] Epoch: [13]  [   0/1098]  eta: 0:03:32  lr: 0.000010  loss: 0.0109 (0.0109)  mae_m_mask: 0.4107 (0.4107)  rmse_m_mask: 0.4890 (0.4890)  normalized_mse_mask: 0.0109 (0.0109)  rmse_m_all: 13.8325 (13.8325)  actual_mask_ratio: 0.0688 (0.0688)  actual_prediction_mask_ratio: 0.2099 (0.2099)  ignored_patch_ratio: 0.0113 (0.0113)  time: 0.1934  data: 0.0819  max mem: 1904
[17:13:39.049190] Epoch: [13]  [  20/1098]  eta: 0:02:08  lr: 0.000010  loss: 0.0116 (0.0297)  mae_m_mask: 0.4800 (0.4903)  rmse_m_mask: 0.6621 (0.6630)  normalized_mse_mask: 0.0116 (0.0297)  rmse_m_all: 13.6556 (13.1264)  actual_mask_ratio: 0.0719 (0.0722)  actual_prediction_mask_ratio: 0.2292 (0.2299)  ignored_patch_ratio: 0.0244 (0.0275)  time: 0.1158  data: 0.0001  max mem: 1904
[17:13:41.366854] Epoch: [13]  [  40/1098]  eta: 0:02:04  lr: 0.000010  loss: 0.0138 (0.0267)  mae_m_mask: 0.3461 (0.4283)  rmse_m_mask: 0.4921 (0.5799)  normalized_mse_mask: 0.0138 (0.0267)  rmse_m_all: 10.9056 (12.3598)  actual_mask_ratio: 0.0711 (0.0723)  actual_prediction_mask_ratio: 0.2337 (0.2324)  ignored_patch_ratio: 0.0176 (0.0227)  time: 0.1158  data: 0.0001  max mem: 1904
[17:13:43.676086] Epoch: [13]  [  60/1098]  eta: 0:02:01  lr: 0.000010  loss: 0.0043 (0.0374)  mae_m_mask: 0.4754 (0.4455)  rmse_m_mask: 0.5905 (0.5918)  normalized_mse_mask: 0.0043 (0.0374)  rmse_m_all: 13.6110 (12.7250)  actual_mask_ratio: 0.0716 (0.0717)  actual_prediction_mask_ratio: 0.2242 (0.2302)  ignored_patch_ratio: 0.0283 (0.0243)  time: 0.1154  data: 0.0001  max mem: 1904
[17:13:46.018535] Epoch: [13]  [  80/1098]  eta: 0:01:59  lr: 0.000010  loss: 0.0141 (0.0343)  mae_m_mask: 0.3563 (0.4284)  rmse_m_mask: 0.4409 (0.5722)  normalized_mse_mask: 0.0141 (0.0343)  rmse_m_all: 9.4775 (12.1258)  actual_mask_ratio: 0.0696 (0.0714)  actual_prediction_mask_ratio: 0.2302 (0.2304)  ignored_patch_ratio: 0.0164 (0.0226)  time: 0.1171  data: 0.0001  max mem: 1904
[17:13:48.347050] Epoch: [13]  [ 100/1098]  eta: 0:01:56  lr: 0.000010  loss: 0.0041 (0.0338)  mae_m_mask: 0.4133 (0.4284)  rmse_m_mask: 0.5172 (0.5704)  normalized_mse_mask: 0.0041 (0.0338)  rmse_m_all: 10.8045 (12.0749)  actual_mask_ratio: 0.0740 (0.0716)  actual_prediction_mask_ratio: 0.2367 (0.2317)  ignored_patch_ratio: 0.0227 (0.0224)  time: 0.1164  data: 0.0001  max mem: 1904
[17:13:50.676949] Epoch: [13]  [ 120/1098]  eta: 0:01:54  lr: 0.000010  loss: 0.0235 (0.0334)  mae_m_mask: 0.4234 (0.4358)  rmse_m_mask: 0.5714 (0.5803)  normalized_mse_mask: 0.0235 (0.0334)  rmse_m_all: 11.2779 (12.0765)  actual_mask_ratio: 0.0693 (0.0716)  actual_prediction_mask_ratio: 0.2300 (0.2319)  ignored_patch_ratio: 0.0159 (0.0220)  time: 0.1165  data: 0.0001  max mem: 1904
[17:13:53.002805] Epoch: [13]  [ 140/1098]  eta: 0:01:51  lr: 0.000010  loss: 0.0257 (0.0344)  mae_m_mask: 0.3516 (0.4236)  rmse_m_mask: 0.4445 (0.5662)  normalized_mse_mask: 0.0257 (0.0344)  rmse_m_all: 13.3926 (12.1765)  actual_mask_ratio: 0.0696 (0.0715)  actual_prediction_mask_ratio: 0.2339 (0.2321)  ignored_patch_ratio: 0.0204 (0.0216)  time: 0.1163  data: 0.0001  max mem: 1904
[17:13:55.339887] Epoch: [13]  [ 160/1098]  eta: 0:01:49  lr: 0.000010  loss: 0.0062 (0.0362)  mae_m_mask: 0.4385 (0.4274)  rmse_m_mask: 0.5289 (0.5693)  normalized_mse_mask: 0.0062 (0.0362)  rmse_m_all: 13.2923 (12.2316)  actual_mask_ratio: 0.0709 (0.0715)  actual_prediction_mask_ratio: 0.2288 (0.2320)  ignored_patch_ratio: 0.0232 (0.0224)  time: 0.1168  data: 0.0001  max mem: 1904
[17:13:57.671169] Epoch: [13]  [ 180/1098]  eta: 0:01:47  lr: 0.000010  loss: 0.0144 (0.0355)  mae_m_mask: 0.3353 (0.4245)  rmse_m_mask: 0.4395 (0.5655)  normalized_mse_mask: 0.0144 (0.0355)  rmse_m_all: 12.1712 (12.1874)  actual_mask_ratio: 0.0742 (0.0719)  actual_prediction_mask_ratio: 0.2324 (0.2325)  ignored_patch_ratio: 0.0176 (0.0223)  time: 0.1165  data: 0.0001  max mem: 1904
[17:13:59.858410] Epoch: [13]  [ 200/1098]  eta: 0:01:44  lr: 0.000010  loss: 0.0133 (0.0370)  mae_m_mask: 0.3830 (0.4287)  rmse_m_mask: 0.5894 (0.5697)  normalized_mse_mask: 0.0133 (0.0370)  rmse_m_all: 9.6590 (11.9707)  actual_mask_ratio: 0.0726 (0.0720)  actual_prediction_mask_ratio: 0.2315 (0.2327)  ignored_patch_ratio: 0.0113 (0.0217)  time: 0.1093  data: 0.0001  max mem: 1904
[17:14:02.098062] Epoch: [13]  [ 220/1098]  eta: 0:01:41  lr: 0.000010  loss: 0.0598 (0.0393)  mae_m_mask: 0.4138 (0.4300)  rmse_m_mask: 0.5823 (0.5726)  normalized_mse_mask: 0.0598 (0.0393)  rmse_m_all: 10.9960 (11.8658)  actual_mask_ratio: 0.0739 (0.0722)  actual_prediction_mask_ratio: 0.2405 (0.2332)  ignored_patch_ratio: 0.0159 (0.0211)  time: 0.1119  data: 0.0001  max mem: 1904
[17:14:04.323674] Epoch: [13]  [ 240/1098]  eta: 0:01:38  lr: 0.000010  loss: 0.0099 (0.0393)  mae_m_mask: 0.4174 (0.4315)  rmse_m_mask: 0.5682 (0.5748)  normalized_mse_mask: 0.0099 (0.0393)  rmse_m_all: 10.8674 (11.7771)  actual_mask_ratio: 0.0713 (0.0722)  actual_prediction_mask_ratio: 0.2338 (0.2336)  ignored_patch_ratio: 0.0142 (0.0207)  time: 0.1112  data: 0.0001  max mem: 1904
[17:14:06.529335] Epoch: [13]  [ 260/1098]  eta: 0:01:36  lr: 0.000010  loss: 0.0099 (0.0378)  mae_m_mask: 0.4330 (0.4368)  rmse_m_mask: 0.6313 (0.5821)  normalized_mse_mask: 0.0099 (0.0378)  rmse_m_all: 11.8435 (11.8718)  actual_mask_ratio: 0.0692 (0.0721)  actual_prediction_mask_ratio: 0.2232 (0.2335)  ignored_patch_ratio: 0.0153 (0.0206)  time: 0.1102  data: 0.0001  max mem: 1904
[17:14:08.772246] Epoch: [13]  [ 280/1098]  eta: 0:01:33  lr: 0.000010  loss: 0.0207 (0.0400)  mae_m_mask: 0.4016 (0.4377)  rmse_m_mask: 0.5172 (0.5865)  normalized_mse_mask: 0.0207 (0.0400)  rmse_m_all: 12.3853 (11.9284)  actual_mask_ratio: 0.0715 (0.0721)  actual_prediction_mask_ratio: 0.2320 (0.2333)  ignored_patch_ratio: 0.0244 (0.0209)  time: 0.1121  data: 0.0001  max mem: 1904
[17:14:11.026585] Epoch: [13]  [ 300/1098]  eta: 0:01:31  lr: 0.000010  loss: 0.0087 (0.0391)  mae_m_mask: 0.3629 (0.4332)  rmse_m_mask: 0.4848 (0.5817)  normalized_mse_mask: 0.0087 (0.0391)  rmse_m_all: 10.5515 (11.8563)  actual_mask_ratio: 0.0729 (0.0721)  actual_prediction_mask_ratio: 0.2360 (0.2334)  ignored_patch_ratio: 0.0136 (0.0204)  time: 0.1127  data: 0.0001  max mem: 1904
[17:14:13.280992] Epoch: [13]  [ 320/1098]  eta: 0:01:29  lr: 0.000010  loss: 0.0187 (0.0388)  mae_m_mask: 0.3805 (0.4314)  rmse_m_mask: 0.5349 (0.5786)  normalized_mse_mask: 0.0187 (0.0388)  rmse_m_all: 12.1767 (11.8869)  actual_mask_ratio: 0.0713 (0.0720)  actual_prediction_mask_ratio: 0.2338 (0.2333)  ignored_patch_ratio: 0.0210 (0.0209)  time: 0.1127  data: 0.0001  max mem: 1904
[17:14:15.532208] Epoch: [13]  [ 340/1098]  eta: 0:01:26  lr: 0.000010  loss: 0.0304 (0.0393)  mae_m_mask: 0.4322 (0.4345)  rmse_m_mask: 0.5721 (0.5830)  normalized_mse_mask: 0.0304 (0.0393)  rmse_m_all: 11.2044 (11.8844)  actual_mask_ratio: 0.0662 (0.0718)  actual_prediction_mask_ratio: 0.2213 (0.2330)  ignored_patch_ratio: 0.0159 (0.0210)  time: 0.1125  data: 0.0001  max mem: 1904
[17:14:17.790014] Epoch: [13]  [ 360/1098]  eta: 0:01:24  lr: 0.000010  loss: 0.0094 (0.0388)  mae_m_mask: 0.4664 (0.4360)  rmse_m_mask: 0.5527 (0.5859)  normalized_mse_mask: 0.0094 (0.0388)  rmse_m_all: 12.4779 (11.9272)  actual_mask_ratio: 0.0692 (0.0717)  actual_prediction_mask_ratio: 0.2305 (0.2329)  ignored_patch_ratio: 0.0181 (0.0212)  time: 0.1129  data: 0.0001  max mem: 1904
[17:14:20.048238] Epoch: [13]  [ 380/1098]  eta: 0:01:21  lr: 0.000010  loss: 0.0189 (0.0396)  mae_m_mask: 0.3249 (0.4343)  rmse_m_mask: 0.4542 (0.5840)  normalized_mse_mask: 0.0189 (0.0396)  rmse_m_all: 11.9322 (11.8999)  actual_mask_ratio: 0.0737 (0.0718)  actual_prediction_mask_ratio: 0.2417 (0.2330)  ignored_patch_ratio: 0.0176 (0.0213)  time: 0.1129  data: 0.0001  max mem: 1904
[17:14:22.247007] Epoch: [13]  [ 400/1098]  eta: 0:01:19  lr: 0.000010  loss: 0.0148 (0.0390)  mae_m_mask: 0.3376 (0.4346)  rmse_m_mask: 0.4336 (0.5850)  normalized_mse_mask: 0.0148 (0.0390)  rmse_m_all: 11.7933 (11.9144)  actual_mask_ratio: 0.0710 (0.0718)  actual_prediction_mask_ratio: 0.2339 (0.2332)  ignored_patch_ratio: 0.0181 (0.0212)  time: 0.1099  data: 0.0001  max mem: 1904
[17:14:24.470154] Epoch: [13]  [ 420/1098]  eta: 0:01:17  lr: 0.000010  loss: 0.0092 (0.0395)  mae_m_mask: 0.4156 (0.4366)  rmse_m_mask: 0.5313 (0.5871)  normalized_mse_mask: 0.0092 (0.0395)  rmse_m_all: 12.7020 (11.9589)  actual_mask_ratio: 0.0716 (0.0718)  actual_prediction_mask_ratio: 0.2308 (0.2333)  ignored_patch_ratio: 0.0227 (0.0212)  time: 0.1111  data: 0.0001  max mem: 1904
[17:14:26.670271] Epoch: [13]  [ 440/1098]  eta: 0:01:14  lr: 0.000010  loss: 0.0117 (0.0386)  mae_m_mask: 0.3388 (0.4368)  rmse_m_mask: 0.5843 (0.5870)  normalized_mse_mask: 0.0117 (0.0386)  rmse_m_all: 12.7624 (11.9357)  actual_mask_ratio: 0.0738 (0.0719)  actual_prediction_mask_ratio: 0.2355 (0.2334)  ignored_patch_ratio: 0.0193 (0.0213)  time: 0.1100  data: 0.0001  max mem: 1904
[17:14:28.884166] Epoch: [13]  [ 460/1098]  eta: 0:01:12  lr: 0.000010  loss: 0.0090 (0.0379)  mae_m_mask: 0.3775 (0.4354)  rmse_m_mask: 0.5141 (0.5875)  normalized_mse_mask: 0.0090 (0.0379)  rmse_m_all: 11.2920 (11.8866)  actual_mask_ratio: 0.0754 (0.0720)  actual_prediction_mask_ratio: 0.2410 (0.2336)  ignored_patch_ratio: 0.0198 (0.0212)  time: 0.1107  data: 0.0001  max mem: 1904
[17:14:31.117331] Epoch: [13]  [ 480/1098]  eta: 0:01:10  lr: 0.000010  loss: 0.0166 (0.0382)  mae_m_mask: 0.3746 (0.4335)  rmse_m_mask: 0.5195 (0.5868)  normalized_mse_mask: 0.0166 (0.0382)  rmse_m_all: 10.5673 (11.8325)  actual_mask_ratio: 0.0727 (0.0721)  actual_prediction_mask_ratio: 0.2333 (0.2339)  ignored_patch_ratio: 0.0147 (0.0212)  time: 0.1116  data: 0.0001  max mem: 1904
[17:14:33.323276] Epoch: [13]  [ 500/1098]  eta: 0:01:07  lr: 0.000010  loss: 0.0055 (0.0384)  mae_m_mask: 0.3957 (0.4340)  rmse_m_mask: 0.5551 (0.5863)  normalized_mse_mask: 0.0055 (0.0384)  rmse_m_all: 11.9102 (11.8493)  actual_mask_ratio: 0.0727 (0.0721)  actual_prediction_mask_ratio: 0.2286 (0.2338)  ignored_patch_ratio: 0.0181 (0.0211)  time: 0.1103  data: 0.0001  max mem: 1904
[17:14:35.558246] Epoch: [13]  [ 520/1098]  eta: 0:01:05  lr: 0.000010  loss: 0.0142 (0.0377)  mae_m_mask: 0.3915 (0.4341)  rmse_m_mask: 0.5360 (0.5872)  normalized_mse_mask: 0.0142 (0.0377)  rmse_m_all: 12.2121 (11.8437)  actual_mask_ratio: 0.0701 (0.0720)  actual_prediction_mask_ratio: 0.2234 (0.2335)  ignored_patch_ratio: 0.0130 (0.0211)  time: 0.1117  data: 0.0001  max mem: 1904
[17:14:37.820415] Epoch: [13]  [ 540/1098]  eta: 0:01:03  lr: 0.000010  loss: 0.0248 (0.0386)  mae_m_mask: 0.3540 (0.4342)  rmse_m_mask: 0.5165 (0.5883)  normalized_mse_mask: 0.0248 (0.0386)  rmse_m_all: 10.9597 (11.8208)  actual_mask_ratio: 0.0732 (0.0721)  actual_prediction_mask_ratio: 0.2370 (0.2337)  ignored_patch_ratio: 0.0164 (0.0210)  time: 0.1131  data: 0.0001  max mem: 1904
[17:14:40.074865] Epoch: [13]  [ 560/1098]  eta: 0:01:00  lr: 0.000010  loss: 0.0233 (0.0395)  mae_m_mask: 0.3832 (0.4355)  rmse_m_mask: 0.4798 (0.5897)  normalized_mse_mask: 0.0233 (0.0395)  rmse_m_all: 12.3747 (11.8423)  actual_mask_ratio: 0.0720 (0.0721)  actual_prediction_mask_ratio: 0.2249 (0.2337)  ignored_patch_ratio: 0.0232 (0.0211)  time: 0.1127  data: 0.0001  max mem: 1904
[17:14:42.335467] Epoch: [13]  [ 580/1098]  eta: 0:00:58  lr: 0.000010  loss: 0.0064 (0.0387)  mae_m_mask: 0.5508 (0.4389)  rmse_m_mask: 0.7033 (0.5931)  normalized_mse_mask: 0.0064 (0.0387)  rmse_m_all: 12.8098 (11.8457)  actual_mask_ratio: 0.0719 (0.0721)  actual_prediction_mask_ratio: 0.2272 (0.2335)  ignored_patch_ratio: 0.0227 (0.0212)  time: 0.1130  data: 0.0001  max mem: 1904
[17:14:44.579540] Epoch: [13]  [ 600/1098]  eta: 0:00:56  lr: 0.000010  loss: 0.0159 (0.0388)  mae_m_mask: 0.3969 (0.4390)  rmse_m_mask: 0.4890 (0.5925)  normalized_mse_mask: 0.0159 (0.0388)  rmse_m_all: 10.5256 (11.8115)  actual_mask_ratio: 0.0721 (0.0720)  actual_prediction_mask_ratio: 0.2330 (0.2335)  ignored_patch_ratio: 0.0176 (0.0212)  time: 0.1122  data: 0.0001  max mem: 1904
[17:14:46.377977] Epoch: [13]  [ 620/1098]  eta: 0:00:53  lr: 0.000010  loss: 0.0141 (0.0387)  mae_m_mask: 0.4175 (0.4393)  rmse_m_mask: 0.5411 (0.5934)  normalized_mse_mask: 0.0141 (0.0387)  rmse_m_all: 12.2296 (11.8234)  actual_mask_ratio: 0.0695 (0.0720)  actual_prediction_mask_ratio: 0.2309 (0.2334)  ignored_patch_ratio: 0.0181 (0.0211)  time: 0.0899  data: 0.0001  max mem: 1904
[17:14:49.261736] Epoch: [13]  [ 640/1098]  eta: 0:00:51  lr: 0.000010  loss: 0.0140 (0.0392)  mae_m_mask: 0.3644 (0.4388)  rmse_m_mask: 0.4327 (0.5928)  normalized_mse_mask: 0.0140 (0.0392)  rmse_m_all: 12.5086 (11.8218)  actual_mask_ratio: 0.0714 (0.0720)  actual_prediction_mask_ratio: 0.2341 (0.2334)  ignored_patch_ratio: 0.0210 (0.0211)  time: 0.1442  data: 0.0573  max mem: 1904
[17:14:51.407320] Epoch: [13]  [ 660/1098]  eta: 0:00:49  lr: 0.000010  loss: 0.0114 (0.0388)  mae_m_mask: 0.3565 (0.4377)  rmse_m_mask: 0.5254 (0.5907)  normalized_mse_mask: 0.0114 (0.0388)  rmse_m_all: 11.1384 (11.8074)  actual_mask_ratio: 0.0708 (0.0719)  actual_prediction_mask_ratio: 0.2311 (0.2334)  ignored_patch_ratio: 0.0176 (0.0211)  time: 0.1072  data: 0.0001  max mem: 1904
[17:14:53.689109] Epoch: [13]  [ 680/1098]  eta: 0:00:47  lr: 0.000010  loss: 0.0157 (0.0385)  mae_m_mask: 0.3841 (0.4371)  rmse_m_mask: 0.4989 (0.5896)  normalized_mse_mask: 0.0157 (0.0385)  rmse_m_all: 12.3392 (11.7992)  actual_mask_ratio: 0.0711 (0.0719)  actual_prediction_mask_ratio: 0.2358 (0.2333)  ignored_patch_ratio: 0.0215 (0.0213)  time: 0.1140  data: 0.0001  max mem: 1904
[17:14:55.988442] Epoch: [13]  [ 700/1098]  eta: 0:00:45  lr: 0.000010  loss: 0.0281 (0.0384)  mae_m_mask: 0.4151 (0.4370)  rmse_m_mask: 0.4942 (0.5890)  normalized_mse_mask: 0.0281 (0.0384)  rmse_m_all: 10.0600 (11.7871)  actual_mask_ratio: 0.0730 (0.0719)  actual_prediction_mask_ratio: 0.2335 (0.2334)  ignored_patch_ratio: 0.0142 (0.0212)  time: 0.1149  data: 0.0001  max mem: 1904
[17:14:58.310537] Epoch: [13]  [ 720/1098]  eta: 0:00:42  lr: 0.000010  loss: 0.0101 (0.0382)  mae_m_mask: 0.4004 (0.4369)  rmse_m_mask: 0.4715 (0.5882)  normalized_mse_mask: 0.0101 (0.0382)  rmse_m_all: 12.2696 (11.7883)  actual_mask_ratio: 0.0733 (0.0720)  actual_prediction_mask_ratio: 0.2278 (0.2333)  ignored_patch_ratio: 0.0119 (0.0211)  time: 0.1161  data: 0.0001  max mem: 1904
[17:15:00.623778] Epoch: [13]  [ 740/1098]  eta: 0:00:40  lr: 0.000010  loss: 0.0180 (0.0387)  mae_m_mask: 0.4682 (0.4369)  rmse_m_mask: 0.6345 (0.5889)  normalized_mse_mask: 0.0180 (0.0387)  rmse_m_all: 11.3980 (11.7660)  actual_mask_ratio: 0.0734 (0.0720)  actual_prediction_mask_ratio: 0.2254 (0.2333)  ignored_patch_ratio: 0.0136 (0.0210)  time: 0.1156  data: 0.0001  max mem: 1904
[17:15:02.939833] Epoch: [13]  [ 760/1098]  eta: 0:00:38  lr: 0.000010  loss: 0.0043 (0.0383)  mae_m_mask: 0.3516 (0.4357)  rmse_m_mask: 0.4645 (0.5872)  normalized_mse_mask: 0.0043 (0.0383)  rmse_m_all: 12.1810 (11.7880)  actual_mask_ratio: 0.0726 (0.0720)  actual_prediction_mask_ratio: 0.2344 (0.2331)  ignored_patch_ratio: 0.0283 (0.0211)  time: 0.1158  data: 0.0001  max mem: 1904
[17:15:05.255651] Epoch: [13]  [ 780/1098]  eta: 0:00:36  lr: 0.000010  loss: 0.0161 (0.0384)  mae_m_mask: 0.4548 (0.4363)  rmse_m_mask: 0.6163 (0.5875)  normalized_mse_mask: 0.0161 (0.0384)  rmse_m_all: 13.0989 (11.8048)  actual_mask_ratio: 0.0729 (0.0720)  actual_prediction_mask_ratio: 0.2287 (0.2331)  ignored_patch_ratio: 0.0153 (0.0211)  time: 0.1157  data: 0.0001  max mem: 1904
[17:15:07.586124] Epoch: [13]  [ 800/1098]  eta: 0:00:33  lr: 0.000010  loss: 0.0029 (0.0386)  mae_m_mask: 0.3839 (0.4352)  rmse_m_mask: 0.5035 (0.5858)  normalized_mse_mask: 0.0029 (0.0386)  rmse_m_all: 10.4462 (11.8004)  actual_mask_ratio: 0.0692 (0.0719)  actual_prediction_mask_ratio: 0.2239 (0.2330)  ignored_patch_ratio: 0.0181 (0.0212)  time: 0.1165  data: 0.0001  max mem: 1904
[17:15:09.894677] Epoch: [13]  [ 820/1098]  eta: 0:00:31  lr: 0.000010  loss: 0.0253 (0.0387)  mae_m_mask: 0.3574 (0.4344)  rmse_m_mask: 0.4856 (0.5844)  normalized_mse_mask: 0.0253 (0.0387)  rmse_m_all: 9.8421 (11.7822)  actual_mask_ratio: 0.0697 (0.0719)  actual_prediction_mask_ratio: 0.2284 (0.2329)  ignored_patch_ratio: 0.0108 (0.0211)  time: 0.1154  data: 0.0001  max mem: 1904
[17:15:12.202903] Epoch: [13]  [ 840/1098]  eta: 0:00:29  lr: 0.000010  loss: 0.0127 (0.0384)  mae_m_mask: 0.3545 (0.4335)  rmse_m_mask: 0.4791 (0.5834)  normalized_mse_mask: 0.0127 (0.0384)  rmse_m_all: 10.7083 (11.7556)  actual_mask_ratio: 0.0728 (0.0719)  actual_prediction_mask_ratio: 0.2293 (0.2328)  ignored_patch_ratio: 0.0147 (0.0210)  time: 0.1154  data: 0.0001  max mem: 1904
[17:15:14.502635] Epoch: [13]  [ 860/1098]  eta: 0:00:27  lr: 0.000010  loss: 0.0101 (0.0390)  mae_m_mask: 0.4178 (0.4336)  rmse_m_mask: 0.5804 (0.5848)  normalized_mse_mask: 0.0101 (0.0390)  rmse_m_all: 12.8023 (11.7882)  actual_mask_ratio: 0.0730 (0.0719)  actual_prediction_mask_ratio: 0.2360 (0.2329)  ignored_patch_ratio: 0.0210 (0.0210)  time: 0.1149  data: 0.0001  max mem: 1904
[17:15:16.815419] Epoch: [13]  [ 880/1098]  eta: 0:00:24  lr: 0.000010  loss: 0.0094 (0.0385)  mae_m_mask: 0.3680 (0.4333)  rmse_m_mask: 0.4954 (0.5842)  normalized_mse_mask: 0.0094 (0.0385)  rmse_m_all: 13.1030 (11.8176)  actual_mask_ratio: 0.0731 (0.0719)  actual_prediction_mask_ratio: 0.2329 (0.2329)  ignored_patch_ratio: 0.0210 (0.0211)  time: 0.1156  data: 0.0001  max mem: 1904
[17:15:19.130478] Epoch: [13]  [ 900/1098]  eta: 0:00:22  lr: 0.000010  loss: 0.0108 (0.0383)  mae_m_mask: 0.4308 (0.4341)  rmse_m_mask: 0.5480 (0.5846)  normalized_mse_mask: 0.0108 (0.0383)  rmse_m_all: 11.8778 (11.8043)  actual_mask_ratio: 0.0711 (0.0719)  actual_prediction_mask_ratio: 0.2282 (0.2328)  ignored_patch_ratio: 0.0210 (0.0212)  time: 0.1157  data: 0.0001  max mem: 1904
[17:15:21.445457] Epoch: [13]  [ 920/1098]  eta: 0:00:20  lr: 0.000010  loss: 0.0085 (0.0389)  mae_m_mask: 0.4039 (0.4338)  rmse_m_mask: 0.5046 (0.5837)  normalized_mse_mask: 0.0085 (0.0389)  rmse_m_all: 10.7387 (11.8033)  actual_mask_ratio: 0.0710 (0.0719)  actual_prediction_mask_ratio: 0.2309 (0.2328)  ignored_patch_ratio: 0.0261 (0.0212)  time: 0.1157  data: 0.0001  max mem: 1904
[17:15:23.666566] Epoch: [13]  [ 940/1098]  eta: 0:00:17  lr: 0.000010  loss: 0.0141 (0.0386)  mae_m_mask: 0.4072 (0.4331)  rmse_m_mask: 0.5133 (0.5821)  normalized_mse_mask: 0.0141 (0.0386)  rmse_m_all: 11.4524 (11.7961)  actual_mask_ratio: 0.0711 (0.0719)  actual_prediction_mask_ratio: 0.2343 (0.2327)  ignored_patch_ratio: 0.0170 (0.0213)  time: 0.1110  data: 0.0001  max mem: 1904
[17:15:25.919479] Epoch: [13]  [ 960/1098]  eta: 0:00:15  lr: 0.000010  loss: 0.0028 (0.0382)  mae_m_mask: 0.4508 (0.4344)  rmse_m_mask: 0.6566 (0.5841)  normalized_mse_mask: 0.0028 (0.0382)  rmse_m_all: 13.7650 (11.8537)  actual_mask_ratio: 0.0693 (0.0719)  actual_prediction_mask_ratio: 0.2211 (0.2326)  ignored_patch_ratio: 0.0204 (0.0213)  time: 0.1126  data: 0.0001  max mem: 1904
[17:15:28.188830] Epoch: [13]  [ 980/1098]  eta: 0:00:13  lr: 0.000010  loss: 0.0073 (0.0378)  mae_m_mask: 0.4055 (0.4343)  rmse_m_mask: 0.4853 (0.5837)  normalized_mse_mask: 0.0073 (0.0378)  rmse_m_all: 13.5442 (11.8777)  actual_mask_ratio: 0.0701 (0.0719)  actual_prediction_mask_ratio: 0.2336 (0.2326)  ignored_patch_ratio: 0.0227 (0.0214)  time: 0.1134  data: 0.0001  max mem: 1904
[17:15:30.445224] Epoch: [13]  [1000/1098]  eta: 0:00:11  lr: 0.000010  loss: 0.0089 (0.0377)  mae_m_mask: 0.3651 (0.4346)  rmse_m_mask: 0.5763 (0.5840)  normalized_mse_mask: 0.0089 (0.0377)  rmse_m_all: 11.1799 (11.8675)  actual_mask_ratio: 0.0702 (0.0719)  actual_prediction_mask_ratio: 0.2277 (0.2325)  ignored_patch_ratio: 0.0125 (0.0214)  time: 0.1128  data: 0.0001  max mem: 1904
[17:15:32.708600] Epoch: [13]  [1020/1098]  eta: 0:00:08  lr: 0.000010  loss: 0.0215 (0.0378)  mae_m_mask: 0.4098 (0.4343)  rmse_m_mask: 0.5152 (0.5836)  normalized_mse_mask: 0.0215 (0.0378)  rmse_m_all: 12.6246 (11.8751)  actual_mask_ratio: 0.0722 (0.0719)  actual_prediction_mask_ratio: 0.2313 (0.2325)  ignored_patch_ratio: 0.0204 (0.0214)  time: 0.1131  data: 0.0001  max mem: 1904
[17:15:34.955616] Epoch: [13]  [1040/1098]  eta: 0:00:06  lr: 0.000010  loss: 0.0160 (0.0381)  mae_m_mask: 0.4040 (0.4344)  rmse_m_mask: 0.5156 (0.5834)  normalized_mse_mask: 0.0160 (0.0381)  rmse_m_all: 12.4293 (11.8759)  actual_mask_ratio: 0.0714 (0.0719)  actual_prediction_mask_ratio: 0.2292 (0.2325)  ignored_patch_ratio: 0.0147 (0.0213)  time: 0.1123  data: 0.0001  max mem: 1904
[17:15:37.188079] Epoch: [13]  [1060/1098]  eta: 0:00:04  lr: 0.000010  loss: 0.0033 (0.0376)  mae_m_mask: 0.4183 (0.4347)  rmse_m_mask: 0.5335 (0.5836)  normalized_mse_mask: 0.0033 (0.0376)  rmse_m_all: 12.7203 (11.8884)  actual_mask_ratio: 0.0699 (0.0718)  actual_prediction_mask_ratio: 0.2284 (0.2324)  ignored_patch_ratio: 0.0283 (0.0214)  time: 0.1116  data: 0.0001  max mem: 1904
[17:15:39.442083] Epoch: [13]  [1080/1098]  eta: 0:00:02  lr: 0.000010  loss: 0.0072 (0.0381)  mae_m_mask: 0.4070 (0.4350)  rmse_m_mask: 0.5854 (0.5841)  normalized_mse_mask: 0.0072 (0.0381)  rmse_m_all: 13.4274 (11.9073)  actual_mask_ratio: 0.0737 (0.0718)  actual_prediction_mask_ratio: 0.2309 (0.2324)  ignored_patch_ratio: 0.0227 (0.0215)  time: 0.1127  data: 0.0001  max mem: 1904
[17:15:41.347021] Epoch: [13]  [1097/1098]  eta: 0:00:00  lr: 0.000010  loss: 0.0089 (0.0378)  mae_m_mask: 0.4590 (0.4360)  rmse_m_mask: 0.6284 (0.5851)  normalized_mse_mask: 0.0089 (0.0378)  rmse_m_all: 13.0050 (11.9307)  actual_mask_ratio: 0.0721 (0.0718)  actual_prediction_mask_ratio: 0.2296 (0.2323)  ignored_patch_ratio: 0.0238 (0.0216)  time: 0.1124  data: 0.0001  max mem: 1904
[17:15:41.375113] Epoch: [13] Total time: 0:02:04 (0.1137 s / it)
[17:15:41.375442] Averaged stats: {'lr': 9.693996107368648e-06, 'loss': 0.03707200786549723, 'mae_m_mask': 0.4341030256787858, 'rmse_m_mask': 0.6337763570603511, 'normalized_mse_mask': 0.03707200786549723, 'rmse_m_all': 11.930698033293305, 'actual_mask_ratio': 0.07183510574337455, 'actual_prediction_mask_ratio': 0.23231920248443746, 'ignored_patch_ratio': 0.021571367056209097, 'supervised_pixel_count': 21816230.0}
[17:15:41.640230] Val: [13]  [  0/194]  eta: 0:00:50  loss: 0.2925 (0.2925)  mae_m_mask: 0.4779 (0.4779)  rmse_m_mask: 0.6717 (0.6717)  normalized_mse_mask: 0.2925 (0.2925)  rmse_m_all: 1.0128 (1.0128)  actual_mask_ratio: 0.0709 (0.0709)  actual_prediction_mask_ratio: 0.2352 (0.2352)  ignored_patch_ratio: 0.0646 (0.0646)  time: 0.2623  data: 0.1652  max mem: 1904
[17:15:45.956346] Val: [13]  [ 50/194]  eta: 0:00:12  loss: 0.0122 (0.0649)  mae_m_mask: 0.6125 (0.6737)  rmse_m_mask: 0.7501 (0.8325)  normalized_mse_mask: 0.0122 (0.0649)  rmse_m_all: 9.8044 (7.4377)  actual_mask_ratio: 0.0626 (0.0699)  actual_prediction_mask_ratio: 0.2166 (0.2286)  ignored_patch_ratio: 0.0000 (0.0044)  time: 0.0868  data: 0.0001  max mem: 1904
[17:15:49.689126] Val: [13]  [100/194]  eta: 0:00:07  loss: 0.0430 (0.0664)  mae_m_mask: 0.6618 (0.6892)  rmse_m_mask: 0.8381 (0.8520)  normalized_mse_mask: 0.0430 (0.0664)  rmse_m_all: 4.7787 (7.2043)  actual_mask_ratio: 0.0590 (0.0682)  actual_prediction_mask_ratio: 0.2018 (0.2221)  ignored_patch_ratio: 0.0000 (0.0025)  time: 0.0568  data: 0.0001  max mem: 1904
[17:15:53.692887] Val: [13]  [150/194]  eta: 0:00:03  loss: 0.0051 (0.0631)  mae_m_mask: 0.8351 (0.7406)  rmse_m_mask: 1.0389 (0.9130)  normalized_mse_mask: 0.0051 (0.0631)  rmse_m_all: 14.0211 (8.0151)  actual_mask_ratio: 0.0697 (0.0675)  actual_prediction_mask_ratio: 0.2175 (0.2175)  ignored_patch_ratio: 0.0000 (0.0024)  time: 0.0734  data: 0.0001  max mem: 1904
[17:15:57.637524] Val: [13]  [193/194]  eta: 0:00:00  loss: 0.1114 (0.0715)  mae_m_mask: 0.5667 (0.7318)  rmse_m_mask: 0.7331 (0.9013)  normalized_mse_mask: 0.1114 (0.0715)  rmse_m_all: 1.5105 (8.4742)  actual_mask_ratio: 0.0624 (0.0663)  actual_prediction_mask_ratio: 0.1985 (0.2131)  ignored_patch_ratio: 0.0136 (0.0049)  time: 0.0928  data: 0.0001  max mem: 1904
[17:15:57.666357] Val: [13] Total time: 0:00:16 (0.0840 s / it)
[17:15:57.668443] val stats: {'loss': 0.07191961634964049, 'mae_m_mask': 0.725922585538649, 'rmse_m_mask': 0.943875675461617, 'normalized_mse_mask': 0.07191961634964049, 'rmse_m_all': 8.474208137730962, 'actual_mask_ratio': 0.06633703996302541, 'actual_prediction_mask_ratio': 0.21313334448435872, 'ignored_patch_ratio': 0.00489066925245462, 'supervised_pixel_count': 3944867.0}
[17:16:02.028300] log_dir: /tank/data/SFS/xinyis/data/bathymetry/MAE-Topography/Downstream_Task_Bathy/cross_validation_v5_Stage2NormMSE_MeterSelect/runs/holdout_Santiam_D004Stage2NormMSE_MeterSelect_D001NoDataSafe/train_stage2_normMSE_meterSelect_OR_SantiamRiverTB_Topobathy_1_D23_fromStage1Best_e120_lr1e-5_b4_acc4/tb
[17:16:02.223427] Epoch: [14]  [   0/1098]  eta: 0:03:33  lr: 0.000010  loss: 0.0283 (0.0283)  mae_m_mask: 0.4101 (0.4101)  rmse_m_mask: 0.6453 (0.6453)  normalized_mse_mask: 0.0283 (0.0283)  rmse_m_all: 15.3445 (15.3445)  actual_mask_ratio: 0.0663 (0.0663)  actual_prediction_mask_ratio: 0.2320 (0.2320)  ignored_patch_ratio: 0.0079 (0.0079)  time: 0.1946  data: 0.0862  max mem: 1904
[17:16:04.530290] Epoch: [14]  [  20/1098]  eta: 0:02:08  lr: 0.000010  loss: 0.0167 (0.0367)  mae_m_mask: 0.3931 (0.4011)  rmse_m_mask: 0.4974 (0.5372)  normalized_mse_mask: 0.0167 (0.0367)  rmse_m_all: 10.1026 (10.9285)  actual_mask_ratio: 0.0709 (0.0710)  actual_prediction_mask_ratio: 0.2350 (0.2334)  ignored_patch_ratio: 0.0159 (0.0180)  time: 0.1153  data: 0.0001  max mem: 1904
[17:16:06.841065] Epoch: [14]  [  40/1098]  eta: 0:02:04  lr: 0.000010  loss: 0.0096 (0.0272)  mae_m_mask: 0.4156 (0.4064)  rmse_m_mask: 0.5163 (0.5370)  normalized_mse_mask: 0.0096 (0.0272)  rmse_m_all: 13.1651 (12.1393)  actual_mask_ratio: 0.0722 (0.0713)  actual_prediction_mask_ratio: 0.2362 (0.2335)  ignored_patch_ratio: 0.0170 (0.0205)  time: 0.1155  data: 0.0001  max mem: 1904
[17:16:09.149913] Epoch: [14]  [  60/1098]  eta: 0:02:01  lr: 0.000010  loss: 0.0122 (0.0351)  mae_m_mask: 0.3573 (0.4061)  rmse_m_mask: 0.4757 (0.5407)  normalized_mse_mask: 0.0122 (0.0351)  rmse_m_all: 10.4493 (11.9259)  actual_mask_ratio: 0.0732 (0.0715)  actual_prediction_mask_ratio: 0.2284 (0.2328)  ignored_patch_ratio: 0.0272 (0.0228)  time: 0.1154  data: 0.0001  max mem: 1904
[17:16:11.470939] Epoch: [14]  [  80/1098]  eta: 0:01:58  lr: 0.000010  loss: 0.0155 (0.0331)  mae_m_mask: 0.3906 (0.4011)  rmse_m_mask: 0.5154 (0.5413)  normalized_mse_mask: 0.0155 (0.0331)  rmse_m_all: 12.3738 (11.7534)  actual_mask_ratio: 0.0739 (0.0723)  actual_prediction_mask_ratio: 0.2423 (0.2353)  ignored_patch_ratio: 0.0204 (0.0229)  time: 0.1160  data: 0.0001  max mem: 1904
[17:16:13.771219] Epoch: [14]  [ 100/1098]  eta: 0:01:55  lr: 0.000010  loss: 0.0095 (0.0300)  mae_m_mask: 0.4450 (0.4162)  rmse_m_mask: 0.5932 (0.5586)  normalized_mse_mask: 0.0095 (0.0300)  rmse_m_all: 12.4379 (11.8604)  actual_mask_ratio: 0.0736 (0.0726)  actual_prediction_mask_ratio: 0.2370 (0.2359)  ignored_patch_ratio: 0.0238 (0.0234)  time: 0.1150  data: 0.0001  max mem: 1904
[17:16:15.989124] Epoch: [14]  [ 120/1098]  eta: 0:01:52  lr: 0.000010  loss: 0.0422 (0.0360)  mae_m_mask: 0.3800 (0.4135)  rmse_m_mask: 0.4744 (0.5559)  normalized_mse_mask: 0.0422 (0.0360)  rmse_m_all: 10.6830 (11.7136)  actual_mask_ratio: 0.0701 (0.0723)  actual_prediction_mask_ratio: 0.2271 (0.2336)  ignored_patch_ratio: 0.0215 (0.0233)  time: 0.1109  data: 0.0001  max mem: 1904
[17:16:18.229287] Epoch: [14]  [ 140/1098]  eta: 0:01:50  lr: 0.000010  loss: 0.0212 (0.0369)  mae_m_mask: 0.4258 (0.4139)  rmse_m_mask: 0.5547 (0.5569)  normalized_mse_mask: 0.0212 (0.0369)  rmse_m_all: 10.6523 (11.5380)  actual_mask_ratio: 0.0730 (0.0724)  actual_prediction_mask_ratio: 0.2432 (0.2341)  ignored_patch_ratio: 0.0142 (0.0229)  time: 0.1120  data: 0.0001  max mem: 1904
[17:16:20.494521] Epoch: [14]  [ 160/1098]  eta: 0:01:47  lr: 0.000010  loss: 0.0173 (0.0375)  mae_m_mask: 0.3330 (0.4081)  rmse_m_mask: 0.4956 (0.5504)  normalized_mse_mask: 0.0173 (0.0375)  rmse_m_all: 11.7264 (11.5841)  actual_mask_ratio: 0.0737 (0.0724)  actual_prediction_mask_ratio: 0.2317 (0.2336)  ignored_patch_ratio: 0.0147 (0.0225)  time: 0.1132  data: 0.0001  max mem: 1904
[17:16:22.749241] Epoch: [14]  [ 180/1098]  eta: 0:01:45  lr: 0.000010  loss: 0.0079 (0.0380)  mae_m_mask: 0.3828 (0.4080)  rmse_m_mask: 0.5061 (0.5510)  normalized_mse_mask: 0.0079 (0.0380)  rmse_m_all: 12.5082 (11.6535)  actual_mask_ratio: 0.0696 (0.0722)  actual_prediction_mask_ratio: 0.2363 (0.2329)  ignored_patch_ratio: 0.0187 (0.0226)  time: 0.1127  data: 0.0001  max mem: 1904
[17:16:25.023714] Epoch: [14]  [ 200/1098]  eta: 0:01:42  lr: 0.000010  loss: 0.0090 (0.0378)  mae_m_mask: 0.4106 (0.4100)  rmse_m_mask: 0.5387 (0.5537)  normalized_mse_mask: 0.0090 (0.0378)  rmse_m_all: 10.8541 (11.6527)  actual_mask_ratio: 0.0727 (0.0723)  actual_prediction_mask_ratio: 0.2255 (0.2325)  ignored_patch_ratio: 0.0181 (0.0225)  time: 0.1137  data: 0.0001  max mem: 1904
[17:16:27.285663] Epoch: [14]  [ 220/1098]  eta: 0:01:40  lr: 0.000010  loss: 0.0198 (0.0371)  mae_m_mask: 0.3917 (0.4141)  rmse_m_mask: 0.5061 (0.5583)  normalized_mse_mask: 0.0198 (0.0371)  rmse_m_all: 11.9440 (11.7554)  actual_mask_ratio: 0.0729 (0.0722)  actual_prediction_mask_ratio: 0.2352 (0.2326)  ignored_patch_ratio: 0.0221 (0.0225)  time: 0.1131  data: 0.0001  max mem: 1904
[17:16:29.544570] Epoch: [14]  [ 240/1098]  eta: 0:01:37  lr: 0.000010  loss: 0.0205 (0.0385)  mae_m_mask: 0.3666 (0.4132)  rmse_m_mask: 0.4752 (0.5578)  normalized_mse_mask: 0.0205 (0.0385)  rmse_m_all: 10.3720 (11.6976)  actual_mask_ratio: 0.0728 (0.0722)  actual_prediction_mask_ratio: 0.2359 (0.2330)  ignored_patch_ratio: 0.0170 (0.0223)  time: 0.1129  data: 0.0001  max mem: 1904
[17:16:31.807987] Epoch: [14]  [ 260/1098]  eta: 0:01:35  lr: 0.000010  loss: 0.0066 (0.0378)  mae_m_mask: 0.4014 (0.4147)  rmse_m_mask: 0.5200 (0.5634)  normalized_mse_mask: 0.0066 (0.0378)  rmse_m_all: 11.0888 (11.5999)  actual_mask_ratio: 0.0723 (0.0722)  actual_prediction_mask_ratio: 0.2331 (0.2333)  ignored_patch_ratio: 0.0164 (0.0222)  time: 0.1131  data: 0.0001  max mem: 1904
[17:16:34.073606] Epoch: [14]  [ 280/1098]  eta: 0:01:33  lr: 0.000010  loss: 0.0146 (0.0375)  mae_m_mask: 0.3145 (0.4120)  rmse_m_mask: 0.4751 (0.5628)  normalized_mse_mask: 0.0146 (0.0375)  rmse_m_all: 9.3357 (11.5122)  actual_mask_ratio: 0.0701 (0.0721)  actual_prediction_mask_ratio: 0.2344 (0.2333)  ignored_patch_ratio: 0.0170 (0.0219)  time: 0.1132  data: 0.0001  max mem: 1904
[17:16:36.362033] Epoch: [14]  [ 300/1098]  eta: 0:01:30  lr: 0.000010  loss: 0.0067 (0.0375)  mae_m_mask: 0.4334 (0.4160)  rmse_m_mask: 0.5904 (0.5674)  normalized_mse_mask: 0.0067 (0.0375)  rmse_m_all: 11.5105 (11.5709)  actual_mask_ratio: 0.0711 (0.0721)  actual_prediction_mask_ratio: 0.2360 (0.2335)  ignored_patch_ratio: 0.0130 (0.0216)  time: 0.1144  data: 0.0001  max mem: 1904
[17:16:38.627791] Epoch: [14]  [ 320/1098]  eta: 0:01:28  lr: 0.000010  loss: 0.0207 (0.0378)  mae_m_mask: 0.3719 (0.4145)  rmse_m_mask: 0.5141 (0.5660)  normalized_mse_mask: 0.0207 (0.0378)  rmse_m_all: 11.5313 (11.5580)  actual_mask_ratio: 0.0757 (0.0722)  actual_prediction_mask_ratio: 0.2410 (0.2339)  ignored_patch_ratio: 0.0113 (0.0214)  time: 0.1132  data: 0.0001  max mem: 1904
[17:16:40.877807] Epoch: [14]  [ 340/1098]  eta: 0:01:26  lr: 0.000010  loss: 0.0111 (0.0372)  mae_m_mask: 0.3797 (0.4134)  rmse_m_mask: 0.5089 (0.5638)  normalized_mse_mask: 0.0111 (0.0372)  rmse_m_all: 14.0158 (11.6888)  actual_mask_ratio: 0.0692 (0.0722)  actual_prediction_mask_ratio: 0.2291 (0.2336)  ignored_patch_ratio: 0.0147 (0.0213)  time: 0.1125  data: 0.0001  max mem: 1904
[17:16:43.137415] Epoch: [14]  [ 360/1098]  eta: 0:01:24  lr: 0.000010  loss: 0.0128 (0.0361)  mae_m_mask: 0.3710 (0.4125)  rmse_m_mask: 0.4486 (0.5602)  normalized_mse_mask: 0.0128 (0.0361)  rmse_m_all: 11.3970 (11.6421)  actual_mask_ratio: 0.0696 (0.0721)  actual_prediction_mask_ratio: 0.2286 (0.2335)  ignored_patch_ratio: 0.0159 (0.0211)  time: 0.1129  data: 0.0001  max mem: 1904
[17:16:45.412275] Epoch: [14]  [ 380/1098]  eta: 0:01:21  lr: 0.000010  loss: 0.0198 (0.0363)  mae_m_mask: 0.3986 (0.4147)  rmse_m_mask: 0.4934 (0.5616)  normalized_mse_mask: 0.0198 (0.0363)  rmse_m_all: 11.6692 (11.6466)  actual_mask_ratio: 0.0700 (0.0721)  actual_prediction_mask_ratio: 0.2302 (0.2334)  ignored_patch_ratio: 0.0142 (0.0209)  time: 0.1137  data: 0.0001  max mem: 1904
[17:16:47.693133] Epoch: [14]  [ 400/1098]  eta: 0:01:19  lr: 0.000010  loss: 0.0106 (0.0368)  mae_m_mask: 0.4294 (0.4166)  rmse_m_mask: 0.5568 (0.5631)  normalized_mse_mask: 0.0106 (0.0368)  rmse_m_all: 12.1688 (11.6419)  actual_mask_ratio: 0.0712 (0.0720)  actual_prediction_mask_ratio: 0.2260 (0.2332)  ignored_patch_ratio: 0.0221 (0.0210)  time: 0.1140  data: 0.0001  max mem: 1904
[17:16:49.973808] Epoch: [14]  [ 420/1098]  eta: 0:01:17  lr: 0.000010  loss: 0.0064 (0.0362)  mae_m_mask: 0.3331 (0.4154)  rmse_m_mask: 0.3985 (0.5616)  normalized_mse_mask: 0.0064 (0.0362)  rmse_m_all: 11.6185 (11.6385)  actual_mask_ratio: 0.0687 (0.0719)  actual_prediction_mask_ratio: 0.2353 (0.2331)  ignored_patch_ratio: 0.0204 (0.0211)  time: 0.1140  data: 0.0001  max mem: 1904
[17:16:52.221796] Epoch: [14]  [ 440/1098]  eta: 0:01:14  lr: 0.000010  loss: 0.0119 (0.0357)  mae_m_mask: 0.4172 (0.4175)  rmse_m_mask: 0.5457 (0.5633)  normalized_mse_mask: 0.0119 (0.0357)  rmse_m_all: 12.3791 (11.6936)  actual_mask_ratio: 0.0707 (0.0719)  actual_prediction_mask_ratio: 0.2263 (0.2329)  ignored_patch_ratio: 0.0221 (0.0211)  time: 0.1124  data: 0.0001  max mem: 1904
[17:16:54.477552] Epoch: [14]  [ 460/1098]  eta: 0:01:12  lr: 0.000010  loss: 0.0205 (0.0353)  mae_m_mask: 0.4074 (0.4172)  rmse_m_mask: 0.5245 (0.5624)  normalized_mse_mask: 0.0205 (0.0353)  rmse_m_all: 9.8909 (11.6534)  actual_mask_ratio: 0.0716 (0.0719)  actual_prediction_mask_ratio: 0.2369 (0.2330)  ignored_patch_ratio: 0.0204 (0.0211)  time: 0.1128  data: 0.0001  max mem: 1904
[17:16:56.740917] Epoch: [14]  [ 480/1098]  eta: 0:01:10  lr: 0.000010  loss: 0.0187 (0.0361)  mae_m_mask: 0.4142 (0.4192)  rmse_m_mask: 0.5625 (0.5643)  normalized_mse_mask: 0.0187 (0.0361)  rmse_m_all: 12.2062 (11.6803)  actual_mask_ratio: 0.0700 (0.0718)  actual_prediction_mask_ratio: 0.2240 (0.2326)  ignored_patch_ratio: 0.0142 (0.0210)  time: 0.1131  data: 0.0001  max mem: 1904
[17:16:59.023328] Epoch: [14]  [ 500/1098]  eta: 0:01:08  lr: 0.000010  loss: 0.0168 (0.0381)  mae_m_mask: 0.4816 (0.4222)  rmse_m_mask: 0.6157 (0.5693)  normalized_mse_mask: 0.0168 (0.0381)  rmse_m_all: 14.5719 (11.7486)  actual_mask_ratio: 0.0723 (0.0718)  actual_prediction_mask_ratio: 0.2330 (0.2327)  ignored_patch_ratio: 0.0272 (0.0213)  time: 0.1141  data: 0.0001  max mem: 1904
[17:17:01.296804] Epoch: [14]  [ 520/1098]  eta: 0:01:05  lr: 0.000010  loss: 0.0318 (0.0390)  mae_m_mask: 0.3942 (0.4238)  rmse_m_mask: 0.5399 (0.5703)  normalized_mse_mask: 0.0318 (0.0390)  rmse_m_all: 11.8692 (11.7637)  actual_mask_ratio: 0.0741 (0.0719)  actual_prediction_mask_ratio: 0.2280 (0.2327)  ignored_patch_ratio: 0.0204 (0.0212)  time: 0.1136  data: 0.0001  max mem: 1904
[17:17:03.145246] Epoch: [14]  [ 540/1098]  eta: 0:01:03  lr: 0.000010  loss: 0.0156 (0.0383)  mae_m_mask: 0.4715 (0.4234)  rmse_m_mask: 0.6301 (0.5709)  normalized_mse_mask: 0.0156 (0.0383)  rmse_m_all: 11.6578 (11.7728)  actual_mask_ratio: 0.0737 (0.0719)  actual_prediction_mask_ratio: 0.2302 (0.2326)  ignored_patch_ratio: 0.0170 (0.0212)  time: 0.0924  data: 0.0001  max mem: 1904
[17:17:05.808820] Epoch: [14]  [ 560/1098]  eta: 0:01:01  lr: 0.000010  loss: 0.0104 (0.0380)  mae_m_mask: 0.4285 (0.4255)  rmse_m_mask: 0.6460 (0.5742)  normalized_mse_mask: 0.0104 (0.0380)  rmse_m_all: 11.9548 (11.7815)  actual_mask_ratio: 0.0743 (0.0720)  actual_prediction_mask_ratio: 0.2352 (0.2329)  ignored_patch_ratio: 0.0221 (0.0213)  time: 0.1331  data: 0.0513  max mem: 1904
[17:17:07.883260] Epoch: [14]  [ 580/1098]  eta: 0:00:58  lr: 0.000010  loss: 0.0070 (0.0376)  mae_m_mask: 0.3335 (0.4256)  rmse_m_mask: 0.4483 (0.5739)  normalized_mse_mask: 0.0070 (0.0376)  rmse_m_all: 11.1845 (11.7862)  actual_mask_ratio: 0.0686 (0.0719)  actual_prediction_mask_ratio: 0.2258 (0.2325)  ignored_patch_ratio: 0.0198 (0.0214)  time: 0.1037  data: 0.0001  max mem: 1904
[17:17:10.162879] Epoch: [14]  [ 600/1098]  eta: 0:00:56  lr: 0.000010  loss: 0.0131 (0.0377)  mae_m_mask: 0.4654 (0.4285)  rmse_m_mask: 0.5987 (0.5773)  normalized_mse_mask: 0.0131 (0.0377)  rmse_m_all: 11.0892 (11.7985)  actual_mask_ratio: 0.0696 (0.0719)  actual_prediction_mask_ratio: 0.2319 (0.2325)  ignored_patch_ratio: 0.0170 (0.0214)  time: 0.1139  data: 0.0001  max mem: 1904
[17:17:12.444647] Epoch: [14]  [ 620/1098]  eta: 0:00:54  lr: 0.000010  loss: 0.0059 (0.0372)  mae_m_mask: 0.5617 (0.4319)  rmse_m_mask: 0.7365 (0.5819)  normalized_mse_mask: 0.0059 (0.0372)  rmse_m_all: 12.7500 (11.8262)  actual_mask_ratio: 0.0714 (0.0719)  actual_prediction_mask_ratio: 0.2285 (0.2325)  ignored_patch_ratio: 0.0283 (0.0216)  time: 0.1140  data: 0.0001  max mem: 1904
[17:17:14.763666] Epoch: [14]  [ 640/1098]  eta: 0:00:51  lr: 0.000010  loss: 0.0089 (0.0375)  mae_m_mask: 0.3974 (0.4334)  rmse_m_mask: 0.5214 (0.5826)  normalized_mse_mask: 0.0089 (0.0375)  rmse_m_all: 12.0358 (11.8486)  actual_mask_ratio: 0.0706 (0.0719)  actual_prediction_mask_ratio: 0.2281 (0.2323)  ignored_patch_ratio: 0.0204 (0.0217)  time: 0.1159  data: 0.0001  max mem: 1904
[17:17:17.056663] Epoch: [14]  [ 660/1098]  eta: 0:00:49  lr: 0.000010  loss: 0.0142 (0.0369)  mae_m_mask: 0.3926 (0.4335)  rmse_m_mask: 0.5230 (0.5833)  normalized_mse_mask: 0.0142 (0.0369)  rmse_m_all: 11.5340 (11.8445)  actual_mask_ratio: 0.0721 (0.0719)  actual_prediction_mask_ratio: 0.2321 (0.2324)  ignored_patch_ratio: 0.0193 (0.0216)  time: 0.1146  data: 0.0001  max mem: 1904
[17:17:19.349151] Epoch: [14]  [ 680/1098]  eta: 0:00:47  lr: 0.000010  loss: 0.0011 (0.0363)  mae_m_mask: 0.4238 (0.4336)  rmse_m_mask: 0.5292 (0.5832)  normalized_mse_mask: 0.0011 (0.0363)  rmse_m_all: 13.2236 (11.9068)  actual_mask_ratio: 0.0701 (0.0718)  actual_prediction_mask_ratio: 0.2245 (0.2321)  ignored_patch_ratio: 0.0266 (0.0219)  time: 0.1146  data: 0.0001  max mem: 1904
[17:17:21.660654] Epoch: [14]  [ 700/1098]  eta: 0:00:45  lr: 0.000010  loss: 0.0255 (0.0363)  mae_m_mask: 0.3721 (0.4327)  rmse_m_mask: 0.4970 (0.5819)  normalized_mse_mask: 0.0255 (0.0363)  rmse_m_all: 13.2129 (11.9220)  actual_mask_ratio: 0.0704 (0.0718)  actual_prediction_mask_ratio: 0.2177 (0.2319)  ignored_patch_ratio: 0.0181 (0.0218)  time: 0.1155  data: 0.0001  max mem: 1904
[17:17:23.992581] Epoch: [14]  [ 720/1098]  eta: 0:00:42  lr: 0.000010  loss: 0.0113 (0.0360)  mae_m_mask: 0.3812 (0.4323)  rmse_m_mask: 0.5203 (0.5812)  normalized_mse_mask: 0.0113 (0.0360)  rmse_m_all: 11.8055 (11.9203)  actual_mask_ratio: 0.0729 (0.0719)  actual_prediction_mask_ratio: 0.2349 (0.2321)  ignored_patch_ratio: 0.0204 (0.0218)  time: 0.1166  data: 0.0001  max mem: 1904
[17:17:26.322798] Epoch: [14]  [ 740/1098]  eta: 0:00:40  lr: 0.000010  loss: 0.0054 (0.0358)  mae_m_mask: 0.3973 (0.4316)  rmse_m_mask: 0.5030 (0.5803)  normalized_mse_mask: 0.0054 (0.0358)  rmse_m_all: 11.3528 (11.9073)  actual_mask_ratio: 0.0688 (0.0718)  actual_prediction_mask_ratio: 0.2300 (0.2321)  ignored_patch_ratio: 0.0164 (0.0218)  time: 0.1165  data: 0.0001  max mem: 1904
[17:17:28.649711] Epoch: [14]  [ 760/1098]  eta: 0:00:38  lr: 0.000010  loss: 0.0067 (0.0359)  mae_m_mask: 0.4533 (0.4331)  rmse_m_mask: 0.5946 (0.5820)  normalized_mse_mask: 0.0067 (0.0359)  rmse_m_all: 14.5548 (11.9387)  actual_mask_ratio: 0.0711 (0.0718)  actual_prediction_mask_ratio: 0.2311 (0.2320)  ignored_patch_ratio: 0.0232 (0.0219)  time: 0.1163  data: 0.0001  max mem: 1904
[17:17:30.980890] Epoch: [14]  [ 780/1098]  eta: 0:00:36  lr: 0.000010  loss: 0.0205 (0.0367)  mae_m_mask: 0.4514 (0.4337)  rmse_m_mask: 0.5550 (0.5828)  normalized_mse_mask: 0.0205 (0.0367)  rmse_m_all: 11.7341 (11.9252)  actual_mask_ratio: 0.0731 (0.0718)  actual_prediction_mask_ratio: 0.2326 (0.2320)  ignored_patch_ratio: 0.0170 (0.0217)  time: 0.1165  data: 0.0001  max mem: 1904
[17:17:33.309481] Epoch: [14]  [ 800/1098]  eta: 0:00:33  lr: 0.000010  loss: 0.0098 (0.0364)  mae_m_mask: 0.4718 (0.4353)  rmse_m_mask: 0.5390 (0.5863)  normalized_mse_mask: 0.0098 (0.0364)  rmse_m_all: 11.9477 (11.9441)  actual_mask_ratio: 0.0712 (0.0718)  actual_prediction_mask_ratio: 0.2313 (0.2320)  ignored_patch_ratio: 0.0232 (0.0219)  time: 0.1164  data: 0.0001  max mem: 1904
[17:17:35.642188] Epoch: [14]  [ 820/1098]  eta: 0:00:31  lr: 0.000010  loss: 0.0081 (0.0364)  mae_m_mask: 0.4077 (0.4357)  rmse_m_mask: 0.5329 (0.5870)  normalized_mse_mask: 0.0081 (0.0364)  rmse_m_all: 12.0618 (11.9518)  actual_mask_ratio: 0.0743 (0.0719)  actual_prediction_mask_ratio: 0.2360 (0.2321)  ignored_patch_ratio: 0.0119 (0.0218)  time: 0.1166  data: 0.0001  max mem: 1904
[17:17:37.972201] Epoch: [14]  [ 840/1098]  eta: 0:00:29  lr: 0.000010  loss: 0.0137 (0.0362)  mae_m_mask: 0.3409 (0.4350)  rmse_m_mask: 0.4617 (0.5860)  normalized_mse_mask: 0.0137 (0.0362)  rmse_m_all: 12.8530 (11.9526)  actual_mask_ratio: 0.0712 (0.0718)  actual_prediction_mask_ratio: 0.2321 (0.2321)  ignored_patch_ratio: 0.0181 (0.0217)  time: 0.1165  data: 0.0001  max mem: 1904
[17:17:40.303717] Epoch: [14]  [ 860/1098]  eta: 0:00:27  lr: 0.000010  loss: 0.0129 (0.0359)  mae_m_mask: 0.3865 (0.4343)  rmse_m_mask: 0.5410 (0.5848)  normalized_mse_mask: 0.0129 (0.0359)  rmse_m_all: 11.7134 (11.9301)  actual_mask_ratio: 0.0700 (0.0719)  actual_prediction_mask_ratio: 0.2374 (0.2322)  ignored_patch_ratio: 0.0210 (0.0217)  time: 0.1165  data: 0.0001  max mem: 1904
[17:17:42.630739] Epoch: [14]  [ 880/1098]  eta: 0:00:24  lr: 0.000010  loss: 0.0276 (0.0364)  mae_m_mask: 0.4050 (0.4351)  rmse_m_mask: 0.5434 (0.5855)  normalized_mse_mask: 0.0276 (0.0364)  rmse_m_all: 12.6255 (11.9390)  actual_mask_ratio: 0.0701 (0.0718)  actual_prediction_mask_ratio: 0.2341 (0.2322)  ignored_patch_ratio: 0.0215 (0.0218)  time: 0.1163  data: 0.0001  max mem: 1904
[17:17:44.964872] Epoch: [14]  [ 900/1098]  eta: 0:00:22  lr: 0.000010  loss: 0.0206 (0.0365)  mae_m_mask: 0.4757 (0.4359)  rmse_m_mask: 0.5883 (0.5858)  normalized_mse_mask: 0.0206 (0.0365)  rmse_m_all: 11.4733 (11.9492)  actual_mask_ratio: 0.0690 (0.0718)  actual_prediction_mask_ratio: 0.2313 (0.2321)  ignored_patch_ratio: 0.0221 (0.0218)  time: 0.1167  data: 0.0001  max mem: 1904
[17:17:47.294820] Epoch: [14]  [ 920/1098]  eta: 0:00:20  lr: 0.000010  loss: 0.0077 (0.0362)  mae_m_mask: 0.4137 (0.4353)  rmse_m_mask: 0.4918 (0.5852)  normalized_mse_mask: 0.0077 (0.0362)  rmse_m_all: 13.2519 (11.9725)  actual_mask_ratio: 0.0708 (0.0718)  actual_prediction_mask_ratio: 0.2311 (0.2321)  ignored_patch_ratio: 0.0159 (0.0217)  time: 0.1165  data: 0.0001  max mem: 1904
[17:17:49.513250] Epoch: [14]  [ 940/1098]  eta: 0:00:18  lr: 0.000010  loss: 0.0153 (0.0362)  mae_m_mask: 0.3678 (0.4350)  rmse_m_mask: 0.5339 (0.5845)  normalized_mse_mask: 0.0153 (0.0362)  rmse_m_all: 12.1181 (11.9732)  actual_mask_ratio: 0.0737 (0.0718)  actual_prediction_mask_ratio: 0.2358 (0.2322)  ignored_patch_ratio: 0.0221 (0.0217)  time: 0.1109  data: 0.0001  max mem: 1904
[17:17:51.750418] Epoch: [14]  [ 960/1098]  eta: 0:00:15  lr: 0.000010  loss: 0.0139 (0.0359)  mae_m_mask: 0.3443 (0.4337)  rmse_m_mask: 0.4650 (0.5826)  normalized_mse_mask: 0.0139 (0.0359)  rmse_m_all: 9.4076 (11.9408)  actual_mask_ratio: 0.0692 (0.0718)  actual_prediction_mask_ratio: 0.2350 (0.2323)  ignored_patch_ratio: 0.0153 (0.0216)  time: 0.1118  data: 0.0001  max mem: 1904
[17:17:54.016327] Epoch: [14]  [ 980/1098]  eta: 0:00:13  lr: 0.000010  loss: 0.0208 (0.0358)  mae_m_mask: 0.4079 (0.4343)  rmse_m_mask: 0.5256 (0.5834)  normalized_mse_mask: 0.0208 (0.0358)  rmse_m_all: 11.3131 (11.9323)  actual_mask_ratio: 0.0735 (0.0719)  actual_prediction_mask_ratio: 0.2431 (0.2324)  ignored_patch_ratio: 0.0187 (0.0217)  time: 0.1133  data: 0.0001  max mem: 1904
[17:17:56.291674] Epoch: [14]  [1000/1098]  eta: 0:00:11  lr: 0.000010  loss: 0.0207 (0.0359)  mae_m_mask: 0.3454 (0.4331)  rmse_m_mask: 0.4269 (0.5818)  normalized_mse_mask: 0.0207 (0.0359)  rmse_m_all: 11.3917 (11.9324)  actual_mask_ratio: 0.0702 (0.0719)  actual_prediction_mask_ratio: 0.2383 (0.2324)  ignored_patch_ratio: 0.0159 (0.0216)  time: 0.1137  data: 0.0001  max mem: 1904
[17:17:58.549736] Epoch: [14]  [1020/1098]  eta: 0:00:08  lr: 0.000010  loss: 0.0126 (0.0360)  mae_m_mask: 0.4195 (0.4334)  rmse_m_mask: 0.5457 (0.5824)  normalized_mse_mask: 0.0126 (0.0360)  rmse_m_all: 13.5619 (11.9496)  actual_mask_ratio: 0.0699 (0.0719)  actual_prediction_mask_ratio: 0.2319 (0.2325)  ignored_patch_ratio: 0.0187 (0.0216)  time: 0.1129  data: 0.0001  max mem: 1904
[17:18:00.795902] Epoch: [14]  [1040/1098]  eta: 0:00:06  lr: 0.000010  loss: 0.0155 (0.0357)  mae_m_mask: 0.3890 (0.4330)  rmse_m_mask: 0.5189 (0.5818)  normalized_mse_mask: 0.0155 (0.0357)  rmse_m_all: 10.9680 (11.9387)  actual_mask_ratio: 0.0733 (0.0719)  actual_prediction_mask_ratio: 0.2283 (0.2324)  ignored_patch_ratio: 0.0215 (0.0217)  time: 0.1123  data: 0.0001  max mem: 1904
[17:18:03.046910] Epoch: [14]  [1060/1098]  eta: 0:00:04  lr: 0.000010  loss: 0.0113 (0.0359)  mae_m_mask: 0.3728 (0.4326)  rmse_m_mask: 0.5169 (0.5819)  normalized_mse_mask: 0.0113 (0.0359)  rmse_m_all: 9.4411 (11.9104)  actual_mask_ratio: 0.0738 (0.0719)  actual_prediction_mask_ratio: 0.2312 (0.2325)  ignored_patch_ratio: 0.0142 (0.0216)  time: 0.1125  data: 0.0001  max mem: 1904
[17:18:05.305419] Epoch: [14]  [1080/1098]  eta: 0:00:02  lr: 0.000010  loss: 0.0045 (0.0355)  mae_m_mask: 0.3560 (0.4325)  rmse_m_mask: 0.4427 (0.5815)  normalized_mse_mask: 0.0045 (0.0355)  rmse_m_all: 12.5515 (11.9279)  actual_mask_ratio: 0.0697 (0.0719)  actual_prediction_mask_ratio: 0.2283 (0.2324)  ignored_patch_ratio: 0.0272 (0.0217)  time: 0.1129  data: 0.0001  max mem: 1904
[17:18:07.249162] Epoch: [14]  [1097/1098]  eta: 0:00:00  lr: 0.000010  loss: 0.0202 (0.0360)  mae_m_mask: 0.4783 (0.4329)  rmse_m_mask: 0.6746 (0.5826)  normalized_mse_mask: 0.0202 (0.0360)  rmse_m_all: 11.8501 (11.9466)  actual_mask_ratio: 0.0709 (0.0718)  actual_prediction_mask_ratio: 0.2296 (0.2323)  ignored_patch_ratio: 0.0147 (0.0216)  time: 0.1142  data: 0.0001  max mem: 1904
[17:18:07.436735] Epoch: [14] Total time: 0:02:05 (0.1142 s / it)
[17:18:07.441240] Averaged stats: {'lr': 9.647563371241413e-06, 'loss': 0.035897136209417646, 'mae_m_mask': 0.43248092011667244, 'rmse_m_mask': 0.6297213259167187, 'normalized_mse_mask': 0.035897136209417646, 'rmse_m_all': 11.94657032943597, 'actual_mask_ratio': 0.07183783986556508, 'actual_prediction_mask_ratio': 0.23232437633588665, 'ignored_patch_ratio': 0.021571367924764943, 'supervised_pixel_count': 21816230.0}
[17:18:07.616000] Val: [14]  [  0/194]  eta: 0:00:33  loss: 0.3186 (0.3186)  mae_m_mask: 0.5052 (0.5052)  rmse_m_mask: 0.6964 (0.6964)  normalized_mse_mask: 0.3186 (0.3186)  rmse_m_all: 1.0144 (1.0144)  actual_mask_ratio: 0.0709 (0.0709)  actual_prediction_mask_ratio: 0.2352 (0.2352)  ignored_patch_ratio: 0.0646 (0.0646)  time: 0.1721  data: 0.0866  max mem: 1904
[17:18:11.943822] Val: [14]  [ 50/194]  eta: 0:00:12  loss: 0.0125 (0.0702)  mae_m_mask: 0.5734 (0.6405)  rmse_m_mask: 0.7385 (0.7914)  normalized_mse_mask: 0.0125 (0.0702)  rmse_m_all: 9.6517 (7.3572)  actual_mask_ratio: 0.0626 (0.0699)  actual_prediction_mask_ratio: 0.2166 (0.2286)  ignored_patch_ratio: 0.0000 (0.0044)  time: 0.0864  data: 0.0001  max mem: 1904
[17:18:16.243785] Val: [14]  [100/194]  eta: 0:00:08  loss: 0.0323 (0.0691)  mae_m_mask: 0.6530 (0.6675)  rmse_m_mask: 0.8080 (0.8270)  normalized_mse_mask: 0.0323 (0.0691)  rmse_m_all: 4.7286 (7.1194)  actual_mask_ratio: 0.0590 (0.0682)  actual_prediction_mask_ratio: 0.2018 (0.2221)  ignored_patch_ratio: 0.0000 (0.0025)  time: 0.1103  data: 0.0553  max mem: 1904
[17:18:19.825020] Val: [14]  [150/194]  eta: 0:00:03  loss: 0.0050 (0.0673)  mae_m_mask: 0.8466 (0.7180)  rmse_m_mask: 1.0732 (0.8886)  normalized_mse_mask: 0.0050 (0.0673)  rmse_m_all: 13.8401 (7.9139)  actual_mask_ratio: 0.0697 (0.0675)  actual_prediction_mask_ratio: 0.2175 (0.2175)  ignored_patch_ratio: 0.0000 (0.0024)  time: 0.0898  data: 0.0001  max mem: 1904
[17:18:23.673109] Val: [14]  [193/194]  eta: 0:00:00  loss: 0.1131 (0.0751)  mae_m_mask: 0.5901 (0.7096)  rmse_m_mask: 0.7003 (0.8794)  normalized_mse_mask: 0.1131 (0.0751)  rmse_m_all: 1.4754 (8.3671)  actual_mask_ratio: 0.0624 (0.0663)  actual_prediction_mask_ratio: 0.1985 (0.2131)  ignored_patch_ratio: 0.0136 (0.0049)  time: 0.0868  data: 0.0001  max mem: 1904
[17:18:23.703453] Val: [14] Total time: 0:00:16 (0.0838 s / it)
[17:18:23.705029] val stats: {'loss': 0.07583423951216664, 'mae_m_mask': 0.7043928009556073, 'rmse_m_mask': 0.9169700598181146, 'normalized_mse_mask': 0.07583423951216664, 'rmse_m_all': 8.367120485637606, 'actual_mask_ratio': 0.06633703996302541, 'actual_prediction_mask_ratio': 0.21313334448435872, 'ignored_patch_ratio': 0.00489066925245462, 'supervised_pixel_count': 3944867.0}
[17:18:27.789484] log_dir: /tank/data/SFS/xinyis/data/bathymetry/MAE-Topography/Downstream_Task_Bathy/cross_validation_v5_Stage2NormMSE_MeterSelect/runs/holdout_Santiam_D004Stage2NormMSE_MeterSelect_D001NoDataSafe/train_stage2_normMSE_meterSelect_OR_SantiamRiverTB_Topobathy_1_D23_fromStage1Best_e120_lr1e-5_b4_acc4/tb
[17:18:27.980807] Epoch: [15]  [   0/1098]  eta: 0:03:29  lr: 0.000010  loss: 0.0060 (0.0060)  mae_m_mask: 0.7654 (0.7654)  rmse_m_mask: 0.9924 (0.9924)  normalized_mse_mask: 0.0060 (0.0060)  rmse_m_all: 10.0918 (10.0918)  actual_mask_ratio: 0.0802 (0.0802)  actual_prediction_mask_ratio: 0.2371 (0.2371)  ignored_patch_ratio: 0.0317 (0.0317)  time: 0.1908  data: 0.0776  max mem: 1904
[17:18:30.286817] Epoch: [15]  [  20/1098]  eta: 0:02:08  lr: 0.000010  loss: 0.0080 (0.0280)  mae_m_mask: 0.3473 (0.4346)  rmse_m_mask: 0.4687 (0.5799)  normalized_mse_mask: 0.0080 (0.0280)  rmse_m_all: 11.0301 (12.4204)  actual_mask_ratio: 0.0704 (0.0715)  actual_prediction_mask_ratio: 0.2304 (0.2327)  ignored_patch_ratio: 0.0187 (0.0228)  time: 0.1153  data: 0.0001  max mem: 1904
[17:18:32.568743] Epoch: [15]  [  40/1098]  eta: 0:02:03  lr: 0.000010  loss: 0.0167 (0.0290)  mae_m_mask: 0.4421 (0.4584)  rmse_m_mask: 0.5811 (0.6175)  normalized_mse_mask: 0.0167 (0.0290)  rmse_m_all: 13.4971 (12.6136)  actual_mask_ratio: 0.0700 (0.0716)  actual_prediction_mask_ratio: 0.2287 (0.2322)  ignored_patch_ratio: 0.0164 (0.0207)  time: 0.1141  data: 0.0001  max mem: 1904
[17:18:34.853185] Epoch: [15]  [  60/1098]  eta: 0:02:00  lr: 0.000010  loss: 0.0069 (0.0271)  mae_m_mask: 0.3790 (0.4500)  rmse_m_mask: 0.5373 (0.6067)  normalized_mse_mask: 0.0069 (0.0271)  rmse_m_all: 12.4435 (12.3748)  actual_mask_ratio: 0.0727 (0.0716)  actual_prediction_mask_ratio: 0.2370 (0.2334)  ignored_patch_ratio: 0.0136 (0.0200)  time: 0.1142  data: 0.0001  max mem: 1904
[17:18:37.152766] Epoch: [15]  [  80/1098]  eta: 0:01:57  lr: 0.000010  loss: 0.0188 (0.0282)  mae_m_mask: 0.3804 (0.4483)  rmse_m_mask: 0.5815 (0.6056)  normalized_mse_mask: 0.0188 (0.0282)  rmse_m_all: 10.8065 (11.9837)  actual_mask_ratio: 0.0727 (0.0717)  actual_prediction_mask_ratio: 0.2327 (0.2337)  ignored_patch_ratio: 0.0091 (0.0188)  time: 0.1149  data: 0.0001  max mem: 1904
[17:18:39.420869] Epoch: [15]  [ 100/1098]  eta: 0:01:54  lr: 0.000010  loss: 0.0102 (0.0356)  mae_m_mask: 0.4673 (0.4556)  rmse_m_mask: 0.6015 (0.6165)  normalized_mse_mask: 0.0102 (0.0356)  rmse_m_all: 11.0283 (11.9113)  actual_mask_ratio: 0.0693 (0.0719)  actual_prediction_mask_ratio: 0.2285 (0.2335)  ignored_patch_ratio: 0.0170 (0.0192)  time: 0.1134  data: 0.0001  max mem: 1904
[17:18:41.714945] Epoch: [15]  [ 120/1098]  eta: 0:01:52  lr: 0.000010  loss: 0.0059 (0.0346)  mae_m_mask: 0.4432 (0.4571)  rmse_m_mask: 0.6206 (0.6212)  normalized_mse_mask: 0.0059 (0.0346)  rmse_m_all: 12.9209 (12.0316)  actual_mask_ratio: 0.0713 (0.0719)  actual_prediction_mask_ratio: 0.2356 (0.2332)  ignored_patch_ratio: 0.0181 (0.0195)  time: 0.1147  data: 0.0001  max mem: 1904
[17:18:43.973885] Epoch: [15]  [ 140/1098]  eta: 0:01:49  lr: 0.000010  loss: 0.0103 (0.0355)  mae_m_mask: 0.4084 (0.4531)  rmse_m_mask: 0.5961 (0.6157)  normalized_mse_mask: 0.0103 (0.0355)  rmse_m_all: 12.4001 (12.0127)  actual_mask_ratio: 0.0711 (0.0718)  actual_prediction_mask_ratio: 0.2353 (0.2336)  ignored_patch_ratio: 0.0125 (0.0196)  time: 0.1129  data: 0.0001  max mem: 1904
[17:18:46.262174] Epoch: [15]  [ 160/1098]  eta: 0:01:47  lr: 0.000010  loss: 0.0050 (0.0347)  mae_m_mask: 0.4102 (0.4516)  rmse_m_mask: 0.5222 (0.6128)  normalized_mse_mask: 0.0050 (0.0347)  rmse_m_all: 13.1500 (12.1646)  actual_mask_ratio: 0.0709 (0.0717)  actual_prediction_mask_ratio: 0.2247 (0.2327)  ignored_patch_ratio: 0.0232 (0.0200)  time: 0.1144  data: 0.0001  max mem: 1904
[17:18:48.544918] Epoch: [15]  [ 180/1098]  eta: 0:01:45  lr: 0.000010  loss: 0.0276 (0.0354)  mae_m_mask: 0.4512 (0.4526)  rmse_m_mask: 0.5557 (0.6109)  normalized_mse_mask: 0.0276 (0.0354)  rmse_m_all: 11.1157 (12.0331)  actual_mask_ratio: 0.0688 (0.0715)  actual_prediction_mask_ratio: 0.2324 (0.2326)  ignored_patch_ratio: 0.0142 (0.0194)  time: 0.1141  data: 0.0001  max mem: 1904
[17:18:50.818413] Epoch: [15]  [ 200/1098]  eta: 0:01:42  lr: 0.000010  loss: 0.0163 (0.0345)  mae_m_mask: 0.3770 (0.4482)  rmse_m_mask: 0.5524 (0.6032)  normalized_mse_mask: 0.0163 (0.0345)  rmse_m_all: 10.3829 (11.9075)  actual_mask_ratio: 0.0721 (0.0717)  actual_prediction_mask_ratio: 0.2323 (0.2330)  ignored_patch_ratio: 0.0227 (0.0195)  time: 0.1136  data: 0.0001  max mem: 1904
[17:18:53.077258] Epoch: [15]  [ 220/1098]  eta: 0:01:40  lr: 0.000010  loss: 0.0059 (0.0326)  mae_m_mask: 0.3731 (0.4474)  rmse_m_mask: 0.4865 (0.6016)  normalized_mse_mask: 0.0059 (0.0326)  rmse_m_all: 12.5507 (11.9671)  actual_mask_ratio: 0.0683 (0.0716)  actual_prediction_mask_ratio: 0.2256 (0.2328)  ignored_patch_ratio: 0.0170 (0.0197)  time: 0.1129  data: 0.0001  max mem: 1904
[17:18:55.340451] Epoch: [15]  [ 240/1098]  eta: 0:01:38  lr: 0.000010  loss: 0.0106 (0.0322)  mae_m_mask: 0.4179 (0.4462)  rmse_m_mask: 0.5635 (0.5986)  normalized_mse_mask: 0.0106 (0.0322)  rmse_m_all: 12.3142 (12.0000)  actual_mask_ratio: 0.0733 (0.0717)  actual_prediction_mask_ratio: 0.2281 (0.2327)  ignored_patch_ratio: 0.0147 (0.0200)  time: 0.1131  data: 0.0001  max mem: 1904
[17:18:57.590988] Epoch: [15]  [ 260/1098]  eta: 0:01:35  lr: 0.000010  loss: 0.0233 (0.0319)  mae_m_mask: 0.3218 (0.4438)  rmse_m_mask: 0.4143 (0.5946)  normalized_mse_mask: 0.0233 (0.0319)  rmse_m_all: 11.9522 (12.0226)  actual_mask_ratio: 0.0715 (0.0717)  actual_prediction_mask_ratio: 0.2304 (0.2327)  ignored_patch_ratio: 0.0159 (0.0201)  time: 0.1125  data: 0.0001  max mem: 1904
[17:18:59.819499] Epoch: [15]  [ 280/1098]  eta: 0:01:33  lr: 0.000010  loss: 0.0280 (0.0366)  mae_m_mask: 0.5132 (0.4469)  rmse_m_mask: 0.6340 (0.5967)  normalized_mse_mask: 0.0280 (0.0366)  rmse_m_all: 11.5710 (11.9740)  actual_mask_ratio: 0.0720 (0.0717)  actual_prediction_mask_ratio: 0.2327 (0.2331)  ignored_patch_ratio: 0.0176 (0.0202)  time: 0.1114  data: 0.0001  max mem: 1904
[17:19:02.035561] Epoch: [15]  [ 300/1098]  eta: 0:01:30  lr: 0.000010  loss: 0.0184 (0.0367)  mae_m_mask: 0.4842 (0.4511)  rmse_m_mask: 0.6641 (0.6020)  normalized_mse_mask: 0.0184 (0.0367)  rmse_m_all: 12.2449 (11.9238)  actual_mask_ratio: 0.0716 (0.0717)  actual_prediction_mask_ratio: 0.2346 (0.2333)  ignored_patch_ratio: 0.0181 (0.0202)  time: 0.1108  data: 0.0001  max mem: 1904
[17:19:04.260950] Epoch: [15]  [ 320/1098]  eta: 0:01:28  lr: 0.000010  loss: 0.0027 (0.0358)  mae_m_mask: 0.4299 (0.4514)  rmse_m_mask: 0.5703 (0.6023)  normalized_mse_mask: 0.0027 (0.0358)  rmse_m_all: 12.7602 (11.9495)  actual_mask_ratio: 0.0740 (0.0718)  actual_prediction_mask_ratio: 0.2407 (0.2334)  ignored_patch_ratio: 0.0176 (0.0202)  time: 0.1112  data: 0.0001  max mem: 1904
[17:19:06.486296] Epoch: [15]  [ 340/1098]  eta: 0:01:25  lr: 0.000010  loss: 0.0099 (0.0361)  mae_m_mask: 0.3687 (0.4524)  rmse_m_mask: 0.4759 (0.6039)  normalized_mse_mask: 0.0099 (0.0361)  rmse_m_all: 11.5375 (11.9310)  actual_mask_ratio: 0.0705 (0.0718)  actual_prediction_mask_ratio: 0.2264 (0.2331)  ignored_patch_ratio: 0.0198 (0.0204)  time: 0.1112  data: 0.0001  max mem: 1904
[17:19:08.726318] Epoch: [15]  [ 360/1098]  eta: 0:01:23  lr: 0.000010  loss: 0.0027 (0.0353)  mae_m_mask: 0.4848 (0.4551)  rmse_m_mask: 0.6216 (0.6075)  normalized_mse_mask: 0.0027 (0.0353)  rmse_m_all: 11.9521 (11.9242)  actual_mask_ratio: 0.0715 (0.0718)  actual_prediction_mask_ratio: 0.2324 (0.2328)  ignored_patch_ratio: 0.0198 (0.0203)  time: 0.1120  data: 0.0001  max mem: 1904
[17:19:10.978194] Epoch: [15]  [ 380/1098]  eta: 0:01:21  lr: 0.000010  loss: 0.0124 (0.0348)  mae_m_mask: 0.4274 (0.4551)  rmse_m_mask: 0.5713 (0.6080)  normalized_mse_mask: 0.0124 (0.0348)  rmse_m_all: 13.0820 (11.9699)  actual_mask_ratio: 0.0754 (0.0719)  actual_prediction_mask_ratio: 0.2373 (0.2331)  ignored_patch_ratio: 0.0227 (0.0204)  time: 0.1126  data: 0.0001  max mem: 1904
[17:19:13.159346] Epoch: [15]  [ 400/1098]  eta: 0:01:18  lr: 0.000010  loss: 0.0186 (0.0353)  mae_m_mask: 0.4517 (0.4539)  rmse_m_mask: 0.5910 (0.6070)  normalized_mse_mask: 0.0186 (0.0353)  rmse_m_all: 12.1679 (11.9982)  actual_mask_ratio: 0.0722 (0.0719)  actual_prediction_mask_ratio: 0.2333 (0.2330)  ignored_patch_ratio: 0.0153 (0.0203)  time: 0.1090  data: 0.0001  max mem: 1904
[17:19:15.378251] Epoch: [15]  [ 420/1098]  eta: 0:01:16  lr: 0.000010  loss: 0.0210 (0.0356)  mae_m_mask: 0.3745 (0.4525)  rmse_m_mask: 0.5101 (0.6051)  normalized_mse_mask: 0.0210 (0.0356)  rmse_m_all: 11.0729 (11.9855)  actual_mask_ratio: 0.0692 (0.0718)  actual_prediction_mask_ratio: 0.2296 (0.2327)  ignored_patch_ratio: 0.0176 (0.0203)  time: 0.1109  data: 0.0001  max mem: 1904
[17:19:17.560460] Epoch: [15]  [ 440/1098]  eta: 0:01:14  lr: 0.000010  loss: 0.0070 (0.0344)  mae_m_mask: 0.3852 (0.4516)  rmse_m_mask: 0.5392 (0.6032)  normalized_mse_mask: 0.0070 (0.0344)  rmse_m_all: 12.5658 (11.9715)  actual_mask_ratio: 0.0703 (0.0718)  actual_prediction_mask_ratio: 0.2353 (0.2326)  ignored_patch_ratio: 0.0255 (0.0207)  time: 0.1091  data: 0.0001  max mem: 1904
[17:19:19.730280] Epoch: [15]  [ 460/1098]  eta: 0:01:11  lr: 0.000010  loss: 0.0099 (0.0345)  mae_m_mask: 0.4033 (0.4498)  rmse_m_mask: 0.5098 (0.6002)  normalized_mse_mask: 0.0099 (0.0345)  rmse_m_all: 14.3280 (12.0793)  actual_mask_ratio: 0.0679 (0.0717)  actual_prediction_mask_ratio: 0.2301 (0.2325)  ignored_patch_ratio: 0.0221 (0.0208)  time: 0.1085  data: 0.0001  max mem: 1904
[17:19:22.199026] Epoch: [15]  [ 480/1098]  eta: 0:01:09  lr: 0.000010  loss: 0.0083 (0.0355)  mae_m_mask: 0.4195 (0.4495)  rmse_m_mask: 0.5640 (0.5992)  normalized_mse_mask: 0.0083 (0.0355)  rmse_m_all: 12.4944 (12.0859)  actual_mask_ratio: 0.0723 (0.0717)  actual_prediction_mask_ratio: 0.2356 (0.2325)  ignored_patch_ratio: 0.0204 (0.0208)  time: 0.1234  data: 0.0514  max mem: 1904
[17:19:23.941188] Epoch: [15]  [ 500/1098]  eta: 0:01:07  lr: 0.000010  loss: 0.0131 (0.0354)  mae_m_mask: 0.3007 (0.4471)  rmse_m_mask: 0.4237 (0.5974)  normalized_mse_mask: 0.0131 (0.0354)  rmse_m_all: 11.4579 (12.0673)  actual_mask_ratio: 0.0739 (0.0717)  actual_prediction_mask_ratio: 0.2338 (0.2328)  ignored_patch_ratio: 0.0193 (0.0208)  time: 0.0871  data: 0.0001  max mem: 1904
[17:19:26.249632] Epoch: [15]  [ 520/1098]  eta: 0:01:04  lr: 0.000010  loss: 0.0175 (0.0351)  mae_m_mask: 0.3808 (0.4473)  rmse_m_mask: 0.4726 (0.5984)  normalized_mse_mask: 0.0175 (0.0351)  rmse_m_all: 13.1171 (12.0817)  actual_mask_ratio: 0.0730 (0.0718)  actual_prediction_mask_ratio: 0.2341 (0.2327)  ignored_patch_ratio: 0.0249 (0.0209)  time: 0.1154  data: 0.0001  max mem: 1904
[17:19:28.547995] Epoch: [15]  [ 540/1098]  eta: 0:01:02  lr: 0.000010  loss: 0.0164 (0.0348)  mae_m_mask: 0.4078 (0.4488)  rmse_m_mask: 0.5943 (0.6015)  normalized_mse_mask: 0.0164 (0.0348)  rmse_m_all: 10.5120 (12.0567)  actual_mask_ratio: 0.0715 (0.0718)  actual_prediction_mask_ratio: 0.2332 (0.2327)  ignored_patch_ratio: 0.0249 (0.0211)  time: 0.1149  data: 0.0001  max mem: 1904
[17:19:30.867000] Epoch: [15]  [ 560/1098]  eta: 0:01:00  lr: 0.000010  loss: 0.0211 (0.0348)  mae_m_mask: 0.3446 (0.4484)  rmse_m_mask: 0.4679 (0.5999)  normalized_mse_mask: 0.0211 (0.0348)  rmse_m_all: 11.6694 (12.0683)  actual_mask_ratio: 0.0742 (0.0719)  actual_prediction_mask_ratio: 0.2326 (0.2327)  ignored_patch_ratio: 0.0215 (0.0213)  time: 0.1159  data: 0.0001  max mem: 1904
[17:19:33.196808] Epoch: [15]  [ 580/1098]  eta: 0:00:58  lr: 0.000010  loss: 0.0062 (0.0346)  mae_m_mask: 0.3801 (0.4481)  rmse_m_mask: 0.5222 (0.5995)  normalized_mse_mask: 0.0062 (0.0346)  rmse_m_all: 11.3897 (12.0288)  actual_mask_ratio: 0.0735 (0.0720)  actual_prediction_mask_ratio: 0.2374 (0.2330)  ignored_patch_ratio: 0.0159 (0.0212)  time: 0.1165  data: 0.0001  max mem: 1904
[17:19:35.498707] Epoch: [15]  [ 600/1098]  eta: 0:00:56  lr: 0.000010  loss: 0.0070 (0.0348)  mae_m_mask: 0.3429 (0.4474)  rmse_m_mask: 0.5212 (0.5982)  normalized_mse_mask: 0.0070 (0.0348)  rmse_m_all: 12.4235 (12.0229)  actual_mask_ratio: 0.0714 (0.0720)  actual_prediction_mask_ratio: 0.2281 (0.2329)  ignored_patch_ratio: 0.0142 (0.0211)  time: 0.1151  data: 0.0001  max mem: 1904
[17:19:37.770434] Epoch: [15]  [ 620/1098]  eta: 0:00:53  lr: 0.000010  loss: 0.0145 (0.0343)  mae_m_mask: 0.4266 (0.4469)  rmse_m_mask: 0.4991 (0.5973)  normalized_mse_mask: 0.0145 (0.0343)  rmse_m_all: 11.4186 (11.9966)  actual_mask_ratio: 0.0717 (0.0720)  actual_prediction_mask_ratio: 0.2341 (0.2328)  ignored_patch_ratio: 0.0244 (0.0212)  time: 0.1135  data: 0.0001  max mem: 1904
[17:19:40.084385] Epoch: [15]  [ 640/1098]  eta: 0:00:51  lr: 0.000010  loss: 0.0194 (0.0366)  mae_m_mask: 0.4436 (0.4476)  rmse_m_mask: 0.5983 (0.5990)  normalized_mse_mask: 0.0194 (0.0366)  rmse_m_all: 9.9684 (11.9516)  actual_mask_ratio: 0.0732 (0.0720)  actual_prediction_mask_ratio: 0.2438 (0.2330)  ignored_patch_ratio: 0.0204 (0.0213)  time: 0.1157  data: 0.0001  max mem: 1904
[17:19:42.400963] Epoch: [15]  [ 660/1098]  eta: 0:00:49  lr: 0.000010  loss: 0.0351 (0.0369)  mae_m_mask: 0.4366 (0.4466)  rmse_m_mask: 0.5487 (0.5976)  normalized_mse_mask: 0.0351 (0.0369)  rmse_m_all: 10.8986 (11.9191)  actual_mask_ratio: 0.0703 (0.0720)  actual_prediction_mask_ratio: 0.2252 (0.2327)  ignored_patch_ratio: 0.0159 (0.0213)  time: 0.1158  data: 0.0001  max mem: 1904
[17:19:44.715642] Epoch: [15]  [ 680/1098]  eta: 0:00:47  lr: 0.000010  loss: 0.0061 (0.0364)  mae_m_mask: 0.3615 (0.4457)  rmse_m_mask: 0.5301 (0.5966)  normalized_mse_mask: 0.0061 (0.0364)  rmse_m_all: 11.3447 (11.9480)  actual_mask_ratio: 0.0697 (0.0719)  actual_prediction_mask_ratio: 0.2280 (0.2324)  ignored_patch_ratio: 0.0295 (0.0215)  time: 0.1157  data: 0.0001  max mem: 1904
[17:19:47.036071] Epoch: [15]  [ 700/1098]  eta: 0:00:44  lr: 0.000010  loss: 0.0086 (0.0360)  mae_m_mask: 0.4153 (0.4460)  rmse_m_mask: 0.4842 (0.5965)  normalized_mse_mask: 0.0086 (0.0360)  rmse_m_all: 11.3583 (11.9357)  actual_mask_ratio: 0.0713 (0.0719)  actual_prediction_mask_ratio: 0.2256 (0.2323)  ignored_patch_ratio: 0.0176 (0.0215)  time: 0.1160  data: 0.0001  max mem: 1904
[17:19:49.355958] Epoch: [15]  [ 720/1098]  eta: 0:00:42  lr: 0.000010  loss: 0.0181 (0.0360)  mae_m_mask: 0.4207 (0.4452)  rmse_m_mask: 0.5374 (0.5956)  normalized_mse_mask: 0.0181 (0.0360)  rmse_m_all: 11.6127 (11.9375)  actual_mask_ratio: 0.0715 (0.0719)  actual_prediction_mask_ratio: 0.2313 (0.2323)  ignored_patch_ratio: 0.0210 (0.0215)  time: 0.1160  data: 0.0001  max mem: 1904
[17:19:51.677077] Epoch: [15]  [ 740/1098]  eta: 0:00:40  lr: 0.000010  loss: 0.0080 (0.0357)  mae_m_mask: 0.4517 (0.4473)  rmse_m_mask: 0.6123 (0.5976)  normalized_mse_mask: 0.0080 (0.0357)  rmse_m_all: 12.8945 (11.9546)  actual_mask_ratio: 0.0694 (0.0718)  actual_prediction_mask_ratio: 0.2327 (0.2323)  ignored_patch_ratio: 0.0176 (0.0215)  time: 0.1160  data: 0.0001  max mem: 1904
[17:19:53.996201] Epoch: [15]  [ 760/1098]  eta: 0:00:38  lr: 0.000010  loss: 0.0114 (0.0354)  mae_m_mask: 0.3817 (0.4456)  rmse_m_mask: 0.5007 (0.5954)  normalized_mse_mask: 0.0114 (0.0354)  rmse_m_all: 12.0190 (11.9640)  actual_mask_ratio: 0.0732 (0.0719)  actual_prediction_mask_ratio: 0.2310 (0.2323)  ignored_patch_ratio: 0.0227 (0.0216)  time: 0.1159  data: 0.0001  max mem: 1904
[17:19:56.307501] Epoch: [15]  [ 780/1098]  eta: 0:00:36  lr: 0.000010  loss: 0.0185 (0.0358)  mae_m_mask: 0.4398 (0.4458)  rmse_m_mask: 0.6085 (0.5960)  normalized_mse_mask: 0.0185 (0.0358)  rmse_m_all: 14.0589 (11.9874)  actual_mask_ratio: 0.0702 (0.0718)  actual_prediction_mask_ratio: 0.2255 (0.2321)  ignored_patch_ratio: 0.0176 (0.0216)  time: 0.1155  data: 0.0001  max mem: 1904
[17:19:58.618772] Epoch: [15]  [ 800/1098]  eta: 0:00:33  lr: 0.000010  loss: 0.0145 (0.0362)  mae_m_mask: 0.4145 (0.4450)  rmse_m_mask: 0.5206 (0.5948)  normalized_mse_mask: 0.0145 (0.0362)  rmse_m_all: 12.1088 (11.9934)  actual_mask_ratio: 0.0697 (0.0718)  actual_prediction_mask_ratio: 0.2209 (0.2320)  ignored_patch_ratio: 0.0170 (0.0216)  time: 0.1155  data: 0.0001  max mem: 1904
[17:20:00.914778] Epoch: [15]  [ 820/1098]  eta: 0:00:31  lr: 0.000010  loss: 0.0065 (0.0359)  mae_m_mask: 0.3550 (0.4437)  rmse_m_mask: 0.4739 (0.5931)  normalized_mse_mask: 0.0065 (0.0359)  rmse_m_all: 11.1785 (11.9900)  actual_mask_ratio: 0.0737 (0.0718)  actual_prediction_mask_ratio: 0.2405 (0.2321)  ignored_patch_ratio: 0.0170 (0.0216)  time: 0.1148  data: 0.0001  max mem: 1904
[17:20:03.254958] Epoch: [15]  [ 840/1098]  eta: 0:00:29  lr: 0.000010  loss: 0.0162 (0.0357)  mae_m_mask: 0.5099 (0.4447)  rmse_m_mask: 0.6148 (0.5938)  normalized_mse_mask: 0.0162 (0.0357)  rmse_m_all: 11.1765 (11.9724)  actual_mask_ratio: 0.0711 (0.0718)  actual_prediction_mask_ratio: 0.2282 (0.2321)  ignored_patch_ratio: 0.0181 (0.0215)  time: 0.1170  data: 0.0001  max mem: 1904
[17:20:05.581729] Epoch: [15]  [ 860/1098]  eta: 0:00:27  lr: 0.000010  loss: 0.0077 (0.0359)  mae_m_mask: 0.3760 (0.4455)  rmse_m_mask: 0.4812 (0.5952)  normalized_mse_mask: 0.0077 (0.0359)  rmse_m_all: 11.4986 (11.9677)  actual_mask_ratio: 0.0725 (0.0718)  actual_prediction_mask_ratio: 0.2350 (0.2322)  ignored_patch_ratio: 0.0153 (0.0214)  time: 0.1163  data: 0.0001  max mem: 1904
[17:20:07.913007] Epoch: [15]  [ 880/1098]  eta: 0:00:24  lr: 0.000010  loss: 0.0175 (0.0362)  mae_m_mask: 0.3455 (0.4439)  rmse_m_mask: 0.4843 (0.5929)  normalized_mse_mask: 0.0175 (0.0362)  rmse_m_all: 9.1611 (11.9239)  actual_mask_ratio: 0.0715 (0.0718)  actual_prediction_mask_ratio: 0.2366 (0.2323)  ignored_patch_ratio: 0.0164 (0.0213)  time: 0.1165  data: 0.0001  max mem: 1904
[17:20:10.245119] Epoch: [15]  [ 900/1098]  eta: 0:00:22  lr: 0.000010  loss: 0.0082 (0.0359)  mae_m_mask: 0.3840 (0.4431)  rmse_m_mask: 0.4800 (0.5916)  normalized_mse_mask: 0.0082 (0.0359)  rmse_m_all: 12.3150 (11.9387)  actual_mask_ratio: 0.0711 (0.0718)  actual_prediction_mask_ratio: 0.2248 (0.2322)  ignored_patch_ratio: 0.0210 (0.0213)  time: 0.1166  data: 0.0001  max mem: 1904
[17:20:12.492329] Epoch: [15]  [ 920/1098]  eta: 0:00:20  lr: 0.000010  loss: 0.0217 (0.0364)  mae_m_mask: 0.4066 (0.4427)  rmse_m_mask: 0.5518 (0.5913)  normalized_mse_mask: 0.0217 (0.0364)  rmse_m_all: 12.6983 (11.9423)  actual_mask_ratio: 0.0734 (0.0717)  actual_prediction_mask_ratio: 0.2239 (0.2320)  ignored_patch_ratio: 0.0249 (0.0214)  time: 0.1123  data: 0.0001  max mem: 1904
[17:20:14.719096] Epoch: [15]  [ 940/1098]  eta: 0:00:17  lr: 0.000010  loss: 0.0220 (0.0362)  mae_m_mask: 0.3474 (0.4418)  rmse_m_mask: 0.5093 (0.5904)  normalized_mse_mask: 0.0220 (0.0362)  rmse_m_all: 12.8818 (11.9363)  actual_mask_ratio: 0.0722 (0.0718)  actual_prediction_mask_ratio: 0.2388 (0.2321)  ignored_patch_ratio: 0.0227 (0.0215)  time: 0.1113  data: 0.0001  max mem: 1904
[17:20:16.958416] Epoch: [15]  [ 960/1098]  eta: 0:00:15  lr: 0.000010  loss: 0.0146 (0.0363)  mae_m_mask: 0.4466 (0.4420)  rmse_m_mask: 0.5478 (0.5906)  normalized_mse_mask: 0.0146 (0.0363)  rmse_m_all: 12.2792 (11.9446)  actual_mask_ratio: 0.0745 (0.0718)  actual_prediction_mask_ratio: 0.2425 (0.2323)  ignored_patch_ratio: 0.0187 (0.0215)  time: 0.1119  data: 0.0001  max mem: 1904
[17:20:19.203024] Epoch: [15]  [ 980/1098]  eta: 0:00:13  lr: 0.000010  loss: 0.0121 (0.0362)  mae_m_mask: 0.3223 (0.4423)  rmse_m_mask: 0.5035 (0.5906)  normalized_mse_mask: 0.0121 (0.0362)  rmse_m_all: 10.0940 (11.9256)  actual_mask_ratio: 0.0721 (0.0718)  actual_prediction_mask_ratio: 0.2350 (0.2323)  ignored_patch_ratio: 0.0198 (0.0215)  time: 0.1122  data: 0.0001  max mem: 1904
[17:20:21.451634] Epoch: [15]  [1000/1098]  eta: 0:00:11  lr: 0.000010  loss: 0.0195 (0.0364)  mae_m_mask: 0.5412 (0.4448)  rmse_m_mask: 0.6952 (0.5935)  normalized_mse_mask: 0.0195 (0.0364)  rmse_m_all: 12.7337 (11.9456)  actual_mask_ratio: 0.0712 (0.0718)  actual_prediction_mask_ratio: 0.2218 (0.2322)  ignored_patch_ratio: 0.0204 (0.0215)  time: 0.1124  data: 0.0001  max mem: 1904
[17:20:23.691627] Epoch: [15]  [1020/1098]  eta: 0:00:08  lr: 0.000010  loss: 0.0164 (0.0366)  mae_m_mask: 0.3992 (0.4452)  rmse_m_mask: 0.5037 (0.5954)  normalized_mse_mask: 0.0164 (0.0366)  rmse_m_all: 10.3790 (11.9391)  actual_mask_ratio: 0.0709 (0.0718)  actual_prediction_mask_ratio: 0.2324 (0.2323)  ignored_patch_ratio: 0.0113 (0.0214)  time: 0.1120  data: 0.0001  max mem: 1904
[17:20:25.931566] Epoch: [15]  [1040/1098]  eta: 0:00:06  lr: 0.000010  loss: 0.0123 (0.0367)  mae_m_mask: 0.4520 (0.4459)  rmse_m_mask: 0.6444 (0.5965)  normalized_mse_mask: 0.0123 (0.0367)  rmse_m_all: 10.8187 (11.9209)  actual_mask_ratio: 0.0742 (0.0718)  actual_prediction_mask_ratio: 0.2390 (0.2324)  ignored_patch_ratio: 0.0244 (0.0215)  time: 0.1120  data: 0.0001  max mem: 1904
[17:20:28.172438] Epoch: [15]  [1060/1098]  eta: 0:00:04  lr: 0.000010  loss: 0.0091 (0.0370)  mae_m_mask: 0.4029 (0.4454)  rmse_m_mask: 0.5571 (0.5961)  normalized_mse_mask: 0.0091 (0.0370)  rmse_m_all: 12.5330 (11.9201)  actual_mask_ratio: 0.0709 (0.0718)  actual_prediction_mask_ratio: 0.2273 (0.2323)  ignored_patch_ratio: 0.0187 (0.0216)  time: 0.1120  data: 0.0001  max mem: 1904
[17:20:30.412918] Epoch: [15]  [1080/1098]  eta: 0:00:02  lr: 0.000010  loss: 0.0067 (0.0368)  mae_m_mask: 0.3561 (0.4443)  rmse_m_mask: 0.4767 (0.5949)  normalized_mse_mask: 0.0067 (0.0368)  rmse_m_all: 12.5199 (11.9233)  actual_mask_ratio: 0.0716 (0.0719)  actual_prediction_mask_ratio: 0.2313 (0.2323)  ignored_patch_ratio: 0.0187 (0.0216)  time: 0.1120  data: 0.0001  max mem: 1904
[17:20:32.319319] Epoch: [15]  [1097/1098]  eta: 0:00:00  lr: 0.000010  loss: 0.0109 (0.0366)  mae_m_mask: 0.3517 (0.4438)  rmse_m_mask: 0.4849 (0.5941)  normalized_mse_mask: 0.0109 (0.0366)  rmse_m_all: 10.6535 (11.9059)  actual_mask_ratio: 0.0720 (0.0718)  actual_prediction_mask_ratio: 0.2433 (0.2323)  ignored_patch_ratio: 0.0187 (0.0216)  time: 0.1119  data: 0.0001  max mem: 1904
[17:20:32.348953] Epoch: [15] Total time: 0:02:04 (0.1134 s / it)
[17:20:32.353230] Averaged stats: {'lr': 9.597979694832986e-06, 'loss': 0.0355888071936375, 'mae_m_mask': 0.4425255580354841, 'rmse_m_mask': 0.6422064472850529, 'normalized_mse_mask': 0.0355888071936375, 'rmse_m_all': 11.905912409063246, 'actual_mask_ratio': 0.07184261113120233, 'actual_prediction_mask_ratio': 0.23233401339725068, 'ignored_patch_ratio': 0.021571367110493837, 'supervised_pixel_count': 21816230.0}
[17:20:32.517103] Val: [15]  [  0/194]  eta: 0:00:31  loss: 0.3198 (0.3198)  mae_m_mask: 0.5202 (0.5202)  rmse_m_mask: 0.7012 (0.7012)  normalized_mse_mask: 0.3198 (0.3198)  rmse_m_all: 0.9924 (0.9924)  actual_mask_ratio: 0.0709 (0.0709)  actual_prediction_mask_ratio: 0.2352 (0.2352)  ignored_patch_ratio: 0.0646 (0.0646)  time: 0.1613  data: 0.0794  max mem: 1904
[17:20:36.902941] Val: [15]  [ 50/194]  eta: 0:00:12  loss: 0.0120 (0.0687)  mae_m_mask: 0.6195 (0.6742)  rmse_m_mask: 0.7689 (0.8339)  normalized_mse_mask: 0.0120 (0.0687)  rmse_m_all: 9.5999 (7.3255)  actual_mask_ratio: 0.0626 (0.0699)  actual_prediction_mask_ratio: 0.2166 (0.2286)  ignored_patch_ratio: 0.0000 (0.0044)  time: 0.0885  data: 0.0001  max mem: 1904
[17:20:40.385933] Val: [15]  [100/194]  eta: 0:00:07  loss: 0.0356 (0.0697)  mae_m_mask: 0.6747 (0.6964)  rmse_m_mask: 0.8501 (0.8604)  normalized_mse_mask: 0.0356 (0.0697)  rmse_m_all: 4.6823 (7.0861)  actual_mask_ratio: 0.0590 (0.0682)  actual_prediction_mask_ratio: 0.2018 (0.2221)  ignored_patch_ratio: 0.0000 (0.0025)  time: 0.0388  data: 0.0001  max mem: 1904
[17:20:44.482273] Val: [15]  [150/194]  eta: 0:00:03  loss: 0.0049 (0.0663)  mae_m_mask: 0.8451 (0.7487)  rmse_m_mask: 1.0859 (0.9234)  normalized_mse_mask: 0.0049 (0.0663)  rmse_m_all: 13.7634 (7.8690)  actual_mask_ratio: 0.0697 (0.0675)  actual_prediction_mask_ratio: 0.2175 (0.2175)  ignored_patch_ratio: 0.0000 (0.0024)  time: 0.0896  data: 0.0001  max mem: 1904
[17:20:48.380571] Val: [15]  [193/194]  eta: 0:00:00  loss: 0.1153 (0.0751)  mae_m_mask: 0.6125 (0.7359)  rmse_m_mask: 0.7349 (0.9086)  normalized_mse_mask: 0.1153 (0.0751)  rmse_m_all: 1.4272 (8.3274)  actual_mask_ratio: 0.0624 (0.0663)  actual_prediction_mask_ratio: 0.1985 (0.2131)  ignored_patch_ratio: 0.0136 (0.0049)  time: 0.0893  data: 0.0001  max mem: 1904
[17:20:48.412224] Val: [15] Total time: 0:00:16 (0.0828 s / it)
[17:20:48.414069] val stats: {'loss': 0.07578545789852459, 'mae_m_mask': 0.7324824872898124, 'rmse_m_mask': 0.956298536266106, 'normalized_mse_mask': 0.07578545789852459, 'rmse_m_all': 8.327423076039738, 'actual_mask_ratio': 0.06633703996302541, 'actual_prediction_mask_ratio': 0.21313334448435872, 'ignored_patch_ratio': 0.00489066925245462, 'supervised_pixel_count': 3944867.0}
[17:20:52.394931] log_dir: /tank/data/SFS/xinyis/data/bathymetry/MAE-Topography/Downstream_Task_Bathy/cross_validation_v5_Stage2NormMSE_MeterSelect/runs/holdout_Santiam_D004Stage2NormMSE_MeterSelect_D001NoDataSafe/train_stage2_normMSE_meterSelect_OR_SantiamRiverTB_Topobathy_1_D23_fromStage1Best_e120_lr1e-5_b4_acc4/tb
[17:20:52.578514] Epoch: [16]  [   0/1098]  eta: 0:03:20  lr: 0.000010  loss: 0.1962 (0.1962)  mae_m_mask: 0.4119 (0.4119)  rmse_m_mask: 0.4987 (0.4987)  normalized_mse_mask: 0.1962 (0.1962)  rmse_m_all: 10.6557 (10.6557)  actual_mask_ratio: 0.0683 (0.0683)  actual_prediction_mask_ratio: 0.2326 (0.2326)  ignored_patch_ratio: 0.0204 (0.0204)  time: 0.1831  data: 0.0772  max mem: 1904
[17:20:54.809754] Epoch: [16]  [  20/1098]  eta: 0:02:03  lr: 0.000010  loss: 0.0068 (0.0284)  mae_m_mask: 0.4080 (0.4483)  rmse_m_mask: 0.5358 (0.6045)  normalized_mse_mask: 0.0068 (0.0284)  rmse_m_all: 10.3899 (11.3907)  actual_mask_ratio: 0.0694 (0.0697)  actual_prediction_mask_ratio: 0.2332 (0.2304)  ignored_patch_ratio: 0.0181 (0.0199)  time: 0.1115  data: 0.0001  max mem: 1904
[17:20:57.113387] Epoch: [16]  [  40/1098]  eta: 0:02:01  lr: 0.000010  loss: 0.0046 (0.0260)  mae_m_mask: 0.4494 (0.4719)  rmse_m_mask: 0.6052 (0.6198)  normalized_mse_mask: 0.0046 (0.0260)  rmse_m_all: 11.1465 (11.5989)  actual_mask_ratio: 0.0710 (0.0707)  actual_prediction_mask_ratio: 0.2294 (0.2313)  ignored_patch_ratio: 0.0170 (0.0217)  time: 0.1151  data: 0.0001  max mem: 1904
[17:20:59.383137] Epoch: [16]  [  60/1098]  eta: 0:01:58  lr: 0.000010  loss: 0.0178 (0.0287)  mae_m_mask: 0.3486 (0.4437)  rmse_m_mask: 0.4455 (0.5840)  normalized_mse_mask: 0.0178 (0.0287)  rmse_m_all: 11.6592 (11.8254)  actual_mask_ratio: 0.0726 (0.0714)  actual_prediction_mask_ratio: 0.2400 (0.2322)  ignored_patch_ratio: 0.0164 (0.0208)  time: 0.1135  data: 0.0001  max mem: 1904
[17:21:01.680888] Epoch: [16]  [  80/1098]  eta: 0:01:56  lr: 0.000010  loss: 0.0204 (0.0295)  mae_m_mask: 0.3731 (0.4366)  rmse_m_mask: 0.4703 (0.5752)  normalized_mse_mask: 0.0204 (0.0295)  rmse_m_all: 10.9199 (11.6072)  actual_mask_ratio: 0.0733 (0.0718)  actual_prediction_mask_ratio: 0.2385 (0.2332)  ignored_patch_ratio: 0.0187 (0.0210)  time: 0.1148  data: 0.0001  max mem: 1904
[17:21:03.930902] Epoch: [16]  [ 100/1098]  eta: 0:01:53  lr: 0.000010  loss: 0.0050 (0.0282)  mae_m_mask: 0.4630 (0.4535)  rmse_m_mask: 0.6243 (0.5931)  normalized_mse_mask: 0.0050 (0.0282)  rmse_m_all: 12.9322 (11.8561)  actual_mask_ratio: 0.0703 (0.0714)  actual_prediction_mask_ratio: 0.2307 (0.2323)  ignored_patch_ratio: 0.0249 (0.0222)  time: 0.1125  data: 0.0001  max mem: 1904
[17:21:06.199592] Epoch: [16]  [ 120/1098]  eta: 0:01:51  lr: 0.000010  loss: 0.0119 (0.0269)  mae_m_mask: 0.4972 (0.4580)  rmse_m_mask: 0.5890 (0.6014)  normalized_mse_mask: 0.0119 (0.0269)  rmse_m_all: 14.1223 (12.1992)  actual_mask_ratio: 0.0747 (0.0715)  actual_prediction_mask_ratio: 0.2338 (0.2322)  ignored_patch_ratio: 0.0176 (0.0222)  time: 0.1134  data: 0.0001  max mem: 1904
[17:21:08.449733] Epoch: [16]  [ 140/1098]  eta: 0:01:49  lr: 0.000010  loss: 0.0188 (0.0361)  mae_m_mask: 0.4792 (0.4616)  rmse_m_mask: 0.6086 (0.6057)  normalized_mse_mask: 0.0188 (0.0361)  rmse_m_all: 10.1141 (11.9130)  actual_mask_ratio: 0.0705 (0.0713)  actual_prediction_mask_ratio: 0.2247 (0.2317)  ignored_patch_ratio: 0.0198 (0.0224)  time: 0.1125  data: 0.0001  max mem: 1904
[17:21:10.711946] Epoch: [16]  [ 160/1098]  eta: 0:01:46  lr: 0.000010  loss: 0.0026 (0.0346)  mae_m_mask: 0.3500 (0.4497)  rmse_m_mask: 0.4434 (0.5898)  normalized_mse_mask: 0.0026 (0.0346)  rmse_m_all: 12.5843 (11.9336)  actual_mask_ratio: 0.0718 (0.0714)  actual_prediction_mask_ratio: 0.2240 (0.2307)  ignored_patch_ratio: 0.0244 (0.0231)  time: 0.1131  data: 0.0001  max mem: 1904
[17:21:12.974063] Epoch: [16]  [ 180/1098]  eta: 0:01:44  lr: 0.000010  loss: 0.0098 (0.0339)  mae_m_mask: 0.4444 (0.4484)  rmse_m_mask: 0.5557 (0.5884)  normalized_mse_mask: 0.0098 (0.0339)  rmse_m_all: 12.8033 (12.1088)  actual_mask_ratio: 0.0724 (0.0715)  actual_prediction_mask_ratio: 0.2301 (0.2310)  ignored_patch_ratio: 0.0255 (0.0234)  time: 0.1131  data: 0.0001  max mem: 1904
[17:21:15.252516] Epoch: [16]  [ 200/1098]  eta: 0:01:42  lr: 0.000010  loss: 0.0184 (0.0331)  mae_m_mask: 0.4020 (0.4487)  rmse_m_mask: 0.4946 (0.5885)  normalized_mse_mask: 0.0184 (0.0331)  rmse_m_all: 10.3975 (12.0337)  actual_mask_ratio: 0.0726 (0.0716)  actual_prediction_mask_ratio: 0.2341 (0.2313)  ignored_patch_ratio: 0.0266 (0.0235)  time: 0.1139  data: 0.0001  max mem: 1904
[17:21:17.539180] Epoch: [16]  [ 220/1098]  eta: 0:01:39  lr: 0.000010  loss: 0.0108 (0.0331)  mae_m_mask: 0.3624 (0.4524)  rmse_m_mask: 0.4914 (0.5922)  normalized_mse_mask: 0.0108 (0.0331)  rmse_m_all: 11.2883 (11.9670)  actual_mask_ratio: 0.0731 (0.0717)  actual_prediction_mask_ratio: 0.2323 (0.2316)  ignored_patch_ratio: 0.0159 (0.0231)  time: 0.1143  data: 0.0001  max mem: 1904
[17:21:19.818501] Epoch: [16]  [ 240/1098]  eta: 0:01:37  lr: 0.000010  loss: 0.0138 (0.0336)  mae_m_mask: 0.3843 (0.4550)  rmse_m_mask: 0.5526 (0.5938)  normalized_mse_mask: 0.0138 (0.0336)  rmse_m_all: 11.3361 (11.9354)  actual_mask_ratio: 0.0705 (0.0717)  actual_prediction_mask_ratio: 0.2311 (0.2315)  ignored_patch_ratio: 0.0261 (0.0231)  time: 0.1139  data: 0.0001  max mem: 1904
[17:21:22.090539] Epoch: [16]  [ 260/1098]  eta: 0:01:35  lr: 0.000010  loss: 0.0128 (0.0334)  mae_m_mask: 0.4712 (0.4570)  rmse_m_mask: 0.5777 (0.5964)  normalized_mse_mask: 0.0128 (0.0334)  rmse_m_all: 11.5203 (11.9823)  actual_mask_ratio: 0.0726 (0.0718)  actual_prediction_mask_ratio: 0.2346 (0.2317)  ignored_patch_ratio: 0.0221 (0.0231)  time: 0.1136  data: 0.0001  max mem: 1904
[17:21:24.364492] Epoch: [16]  [ 280/1098]  eta: 0:01:33  lr: 0.000010  loss: 0.0263 (0.0337)  mae_m_mask: 0.3477 (0.4514)  rmse_m_mask: 0.4189 (0.5879)  normalized_mse_mask: 0.0263 (0.0337)  rmse_m_all: 9.8714 (11.8990)  actual_mask_ratio: 0.0701 (0.0717)  actual_prediction_mask_ratio: 0.2328 (0.2313)  ignored_patch_ratio: 0.0142 (0.0227)  time: 0.1137  data: 0.0001  max mem: 1904
[17:21:26.628204] Epoch: [16]  [ 300/1098]  eta: 0:01:30  lr: 0.000010  loss: 0.0135 (0.0345)  mae_m_mask: 0.4261 (0.4528)  rmse_m_mask: 0.5644 (0.5901)  normalized_mse_mask: 0.0135 (0.0345)  rmse_m_all: 12.3450 (11.9846)  actual_mask_ratio: 0.0718 (0.0716)  actual_prediction_mask_ratio: 0.2216 (0.2309)  ignored_patch_ratio: 0.0193 (0.0225)  time: 0.1131  data: 0.0001  max mem: 1904
[17:21:28.896700] Epoch: [16]  [ 320/1098]  eta: 0:01:28  lr: 0.000010  loss: 0.0018 (0.0342)  mae_m_mask: 0.4625 (0.4554)  rmse_m_mask: 0.6053 (0.5938)  normalized_mse_mask: 0.0018 (0.0342)  rmse_m_all: 12.6438 (12.0306)  actual_mask_ratio: 0.0720 (0.0716)  actual_prediction_mask_ratio: 0.2281 (0.2309)  ignored_patch_ratio: 0.0238 (0.0228)  time: 0.1134  data: 0.0001  max mem: 1904
[17:21:31.160310] Epoch: [16]  [ 340/1098]  eta: 0:01:26  lr: 0.000010  loss: 0.0220 (0.0341)  mae_m_mask: 0.5232 (0.4594)  rmse_m_mask: 0.7120 (0.6002)  normalized_mse_mask: 0.0220 (0.0341)  rmse_m_all: 10.8868 (11.9773)  actual_mask_ratio: 0.0737 (0.0717)  actual_prediction_mask_ratio: 0.2348 (0.2308)  ignored_patch_ratio: 0.0227 (0.0230)  time: 0.1131  data: 0.0001  max mem: 1904
[17:21:33.438590] Epoch: [16]  [ 360/1098]  eta: 0:01:23  lr: 0.000010  loss: 0.0064 (0.0343)  mae_m_mask: 0.4960 (0.4644)  rmse_m_mask: 0.6331 (0.6054)  normalized_mse_mask: 0.0064 (0.0343)  rmse_m_all: 11.4343 (12.0168)  actual_mask_ratio: 0.0702 (0.0716)  actual_prediction_mask_ratio: 0.2330 (0.2309)  ignored_patch_ratio: 0.0249 (0.0230)  time: 0.1139  data: 0.0001  max mem: 1904
[17:21:35.604023] Epoch: [16]  [ 380/1098]  eta: 0:01:21  lr: 0.000010  loss: 0.0027 (0.0343)  mae_m_mask: 0.3502 (0.4593)  rmse_m_mask: 0.4725 (0.6006)  normalized_mse_mask: 0.0027 (0.0343)  rmse_m_all: 13.1653 (12.0315)  actual_mask_ratio: 0.0699 (0.0716)  actual_prediction_mask_ratio: 0.2245 (0.2309)  ignored_patch_ratio: 0.0176 (0.0229)  time: 0.1082  data: 0.0001  max mem: 1904
[17:21:38.137636] Epoch: [16]  [ 400/1098]  eta: 0:01:19  lr: 0.000010  loss: 0.0103 (0.0342)  mae_m_mask: 0.3944 (0.4561)  rmse_m_mask: 0.5263 (0.5991)  normalized_mse_mask: 0.0103 (0.0342)  rmse_m_all: 8.8931 (11.8866)  actual_mask_ratio: 0.0724 (0.0716)  actual_prediction_mask_ratio: 0.2289 (0.2309)  ignored_patch_ratio: 0.0119 (0.0225)  time: 0.1266  data: 0.0537  max mem: 1904
[17:21:40.252746] Epoch: [16]  [ 420/1098]  eta: 0:01:17  lr: 0.000010  loss: 0.0189 (0.0350)  mae_m_mask: 0.3803 (0.4558)  rmse_m_mask: 0.4716 (0.5980)  normalized_mse_mask: 0.0189 (0.0350)  rmse_m_all: 11.1710 (11.8399)  actual_mask_ratio: 0.0730 (0.0717)  actual_prediction_mask_ratio: 0.2333 (0.2310)  ignored_patch_ratio: 0.0187 (0.0223)  time: 0.1057  data: 0.0001  max mem: 1904
[17:21:42.572173] Epoch: [16]  [ 440/1098]  eta: 0:01:14  lr: 0.000010  loss: 0.0198 (0.0348)  mae_m_mask: 0.4415 (0.4542)  rmse_m_mask: 0.5412 (0.5975)  normalized_mse_mask: 0.0198 (0.0348)  rmse_m_all: 13.4883 (11.8854)  actual_mask_ratio: 0.0719 (0.0717)  actual_prediction_mask_ratio: 0.2309 (0.2310)  ignored_patch_ratio: 0.0249 (0.0225)  time: 0.1159  data: 0.0001  max mem: 1904
[17:21:44.879310] Epoch: [16]  [ 460/1098]  eta: 0:01:12  lr: 0.000010  loss: 0.0195 (0.0355)  mae_m_mask: 0.4493 (0.4535)  rmse_m_mask: 0.5672 (0.5977)  normalized_mse_mask: 0.0195 (0.0355)  rmse_m_all: 12.1933 (11.8847)  actual_mask_ratio: 0.0736 (0.0718)  actual_prediction_mask_ratio: 0.2300 (0.2311)  ignored_patch_ratio: 0.0210 (0.0228)  time: 0.1153  data: 0.0001  max mem: 1904
[17:21:47.197469] Epoch: [16]  [ 480/1098]  eta: 0:01:10  lr: 0.000010  loss: 0.0167 (0.0351)  mae_m_mask: 0.3849 (0.4531)  rmse_m_mask: 0.5391 (0.5974)  normalized_mse_mask: 0.0167 (0.0351)  rmse_m_all: 12.6872 (11.9104)  actual_mask_ratio: 0.0714 (0.0717)  actual_prediction_mask_ratio: 0.2292 (0.2310)  ignored_patch_ratio: 0.0136 (0.0226)  time: 0.1159  data: 0.0001  max mem: 1904
[17:21:49.516163] Epoch: [16]  [ 500/1098]  eta: 0:01:08  lr: 0.000010  loss: 0.0071 (0.0345)  mae_m_mask: 0.3741 (0.4515)  rmse_m_mask: 0.5004 (0.5961)  normalized_mse_mask: 0.0071 (0.0345)  rmse_m_all: 12.9746 (11.9268)  actual_mask_ratio: 0.0715 (0.0717)  actual_prediction_mask_ratio: 0.2253 (0.2309)  ignored_patch_ratio: 0.0170 (0.0224)  time: 0.1159  data: 0.0001  max mem: 1904
[17:21:51.833151] Epoch: [16]  [ 520/1098]  eta: 0:01:05  lr: 0.000010  loss: 0.0066 (0.0342)  mae_m_mask: 0.3906 (0.4496)  rmse_m_mask: 0.5069 (0.5938)  normalized_mse_mask: 0.0066 (0.0342)  rmse_m_all: 12.9250 (11.9775)  actual_mask_ratio: 0.0731 (0.0717)  actual_prediction_mask_ratio: 0.2324 (0.2311)  ignored_patch_ratio: 0.0176 (0.0224)  time: 0.1158  data: 0.0001  max mem: 1904
[17:21:54.122744] Epoch: [16]  [ 540/1098]  eta: 0:01:03  lr: 0.000010  loss: 0.0172 (0.0338)  mae_m_mask: 0.4072 (0.4486)  rmse_m_mask: 0.5013 (0.5924)  normalized_mse_mask: 0.0172 (0.0338)  rmse_m_all: 11.0283 (11.9515)  actual_mask_ratio: 0.0743 (0.0717)  actual_prediction_mask_ratio: 0.2231 (0.2309)  ignored_patch_ratio: 0.0147 (0.0222)  time: 0.1144  data: 0.0001  max mem: 1904
[17:21:56.427307] Epoch: [16]  [ 560/1098]  eta: 0:01:01  lr: 0.000010  loss: 0.0160 (0.0341)  mae_m_mask: 0.4161 (0.4510)  rmse_m_mask: 0.5562 (0.5971)  normalized_mse_mask: 0.0160 (0.0341)  rmse_m_all: 11.6932 (11.9490)  actual_mask_ratio: 0.0721 (0.0717)  actual_prediction_mask_ratio: 0.2349 (0.2310)  ignored_patch_ratio: 0.0210 (0.0222)  time: 0.1152  data: 0.0001  max mem: 1904
[17:21:58.699130] Epoch: [16]  [ 580/1098]  eta: 0:00:59  lr: 0.000010  loss: 0.0176 (0.0338)  mae_m_mask: 0.2838 (0.4466)  rmse_m_mask: 0.3641 (0.5908)  normalized_mse_mask: 0.0176 (0.0338)  rmse_m_all: 11.8268 (11.9519)  actual_mask_ratio: 0.0732 (0.0718)  actual_prediction_mask_ratio: 0.2357 (0.2311)  ignored_patch_ratio: 0.0232 (0.0222)  time: 0.1136  data: 0.0001  max mem: 1904
[17:22:01.005418] Epoch: [16]  [ 600/1098]  eta: 0:00:56  lr: 0.000010  loss: 0.0231 (0.0344)  mae_m_mask: 0.3764 (0.4452)  rmse_m_mask: 0.4483 (0.5884)  normalized_mse_mask: 0.0231 (0.0344)  rmse_m_all: 11.7813 (11.9370)  actual_mask_ratio: 0.0679 (0.0717)  actual_prediction_mask_ratio: 0.2277 (0.2311)  ignored_patch_ratio: 0.0159 (0.0222)  time: 0.1153  data: 0.0001  max mem: 1904
[17:22:03.316302] Epoch: [16]  [ 620/1098]  eta: 0:00:54  lr: 0.000010  loss: 0.0213 (0.0346)  mae_m_mask: 0.3523 (0.4430)  rmse_m_mask: 0.4504 (0.5865)  normalized_mse_mask: 0.0213 (0.0346)  rmse_m_all: 11.0813 (11.8933)  actual_mask_ratio: 0.0733 (0.0717)  actual_prediction_mask_ratio: 0.2319 (0.2312)  ignored_patch_ratio: 0.0187 (0.0222)  time: 0.1155  data: 0.0001  max mem: 1904
[17:22:05.621956] Epoch: [16]  [ 640/1098]  eta: 0:00:52  lr: 0.000010  loss: 0.0052 (0.0350)  mae_m_mask: 0.3750 (0.4416)  rmse_m_mask: 0.4488 (0.5844)  normalized_mse_mask: 0.0052 (0.0350)  rmse_m_all: 12.2663 (11.8734)  actual_mask_ratio: 0.0697 (0.0717)  actual_prediction_mask_ratio: 0.2326 (0.2314)  ignored_patch_ratio: 0.0176 (0.0220)  time: 0.1152  data: 0.0001  max mem: 1904
[17:22:07.948767] Epoch: [16]  [ 660/1098]  eta: 0:00:50  lr: 0.000010  loss: 0.0352 (0.0353)  mae_m_mask: 0.4320 (0.4414)  rmse_m_mask: 0.6011 (0.5843)  normalized_mse_mask: 0.0352 (0.0353)  rmse_m_all: 9.9327 (11.8334)  actual_mask_ratio: 0.0721 (0.0717)  actual_prediction_mask_ratio: 0.2409 (0.2316)  ignored_patch_ratio: 0.0142 (0.0220)  time: 0.1163  data: 0.0001  max mem: 1904
[17:22:10.280230] Epoch: [16]  [ 680/1098]  eta: 0:00:47  lr: 0.000010  loss: 0.0127 (0.0353)  mae_m_mask: 0.3950 (0.4420)  rmse_m_mask: 0.5396 (0.5848)  normalized_mse_mask: 0.0127 (0.0353)  rmse_m_all: 10.8698 (11.8230)  actual_mask_ratio: 0.0714 (0.0718)  actual_prediction_mask_ratio: 0.2347 (0.2318)  ignored_patch_ratio: 0.0198 (0.0220)  time: 0.1165  data: 0.0001  max mem: 1904
[17:22:12.612855] Epoch: [16]  [ 700/1098]  eta: 0:00:45  lr: 0.000010  loss: 0.0142 (0.0353)  mae_m_mask: 0.4279 (0.4423)  rmse_m_mask: 0.5763 (0.5857)  normalized_mse_mask: 0.0142 (0.0353)  rmse_m_all: 10.9690 (11.8062)  actual_mask_ratio: 0.0738 (0.0718)  actual_prediction_mask_ratio: 0.2387 (0.2319)  ignored_patch_ratio: 0.0181 (0.0220)  time: 0.1166  data: 0.0001  max mem: 1904
[17:22:14.944838] Epoch: [16]  [ 720/1098]  eta: 0:00:43  lr: 0.000010  loss: 0.0035 (0.0346)  mae_m_mask: 0.4742 (0.4433)  rmse_m_mask: 0.6073 (0.5881)  normalized_mse_mask: 0.0035 (0.0346)  rmse_m_all: 13.3454 (11.8278)  actual_mask_ratio: 0.0708 (0.0718)  actual_prediction_mask_ratio: 0.2378 (0.2320)  ignored_patch_ratio: 0.0193 (0.0220)  time: 0.1166  data: 0.0001  max mem: 1904
[17:22:17.277019] Epoch: [16]  [ 740/1098]  eta: 0:00:40  lr: 0.000010  loss: 0.0149 (0.0347)  mae_m_mask: 0.4375 (0.4441)  rmse_m_mask: 0.5917 (0.5900)  normalized_mse_mask: 0.0149 (0.0347)  rmse_m_all: 11.7489 (11.8319)  actual_mask_ratio: 0.0743 (0.0718)  actual_prediction_mask_ratio: 0.2299 (0.2320)  ignored_patch_ratio: 0.0159 (0.0219)  time: 0.1166  data: 0.0001  max mem: 1904
[17:22:19.607855] Epoch: [16]  [ 760/1098]  eta: 0:00:38  lr: 0.000010  loss: 0.0294 (0.0350)  mae_m_mask: 0.3353 (0.4432)  rmse_m_mask: 0.4463 (0.5889)  normalized_mse_mask: 0.0294 (0.0350)  rmse_m_all: 13.1130 (11.8329)  actual_mask_ratio: 0.0726 (0.0718)  actual_prediction_mask_ratio: 0.2392 (0.2322)  ignored_patch_ratio: 0.0153 (0.0219)  time: 0.1165  data: 0.0001  max mem: 1904
[17:22:21.937389] Epoch: [16]  [ 780/1098]  eta: 0:00:36  lr: 0.000010  loss: 0.0096 (0.0346)  mae_m_mask: 0.3536 (0.4430)  rmse_m_mask: 0.4688 (0.5881)  normalized_mse_mask: 0.0096 (0.0346)  rmse_m_all: 13.3267 (11.8474)  actual_mask_ratio: 0.0686 (0.0718)  actual_prediction_mask_ratio: 0.2223 (0.2320)  ignored_patch_ratio: 0.0244 (0.0220)  time: 0.1164  data: 0.0001  max mem: 1904
[17:22:24.251878] Epoch: [16]  [ 800/1098]  eta: 0:00:34  lr: 0.000010  loss: 0.0130 (0.0344)  mae_m_mask: 0.4241 (0.4430)  rmse_m_mask: 0.6049 (0.5894)  normalized_mse_mask: 0.0130 (0.0344)  rmse_m_all: 11.8187 (11.8502)  actual_mask_ratio: 0.0729 (0.0718)  actual_prediction_mask_ratio: 0.2359 (0.2320)  ignored_patch_ratio: 0.0215 (0.0220)  time: 0.1157  data: 0.0001  max mem: 1904
[17:22:26.552196] Epoch: [16]  [ 820/1098]  eta: 0:00:31  lr: 0.000010  loss: 0.0139 (0.0345)  mae_m_mask: 0.3814 (0.4412)  rmse_m_mask: 0.4943 (0.5874)  normalized_mse_mask: 0.0139 (0.0345)  rmse_m_all: 10.9747 (11.8242)  actual_mask_ratio: 0.0722 (0.0718)  actual_prediction_mask_ratio: 0.2325 (0.2321)  ignored_patch_ratio: 0.0193 (0.0219)  time: 0.1150  data: 0.0001  max mem: 1904
[17:22:28.883005] Epoch: [16]  [ 840/1098]  eta: 0:00:29  lr: 0.000010  loss: 0.0184 (0.0348)  mae_m_mask: 0.4146 (0.4425)  rmse_m_mask: 0.5874 (0.5902)  normalized_mse_mask: 0.0184 (0.0348)  rmse_m_all: 13.1807 (11.8349)  actual_mask_ratio: 0.0722 (0.0718)  actual_prediction_mask_ratio: 0.2359 (0.2322)  ignored_patch_ratio: 0.0142 (0.0218)  time: 0.1165  data: 0.0001  max mem: 1904
[17:22:31.214375] Epoch: [16]  [ 860/1098]  eta: 0:00:27  lr: 0.000010  loss: 0.0048 (0.0346)  mae_m_mask: 0.4165 (0.4433)  rmse_m_mask: 0.5690 (0.5921)  normalized_mse_mask: 0.0048 (0.0346)  rmse_m_all: 12.8459 (11.8611)  actual_mask_ratio: 0.0693 (0.0718)  actual_prediction_mask_ratio: 0.2293 (0.2322)  ignored_patch_ratio: 0.0204 (0.0217)  time: 0.1165  data: 0.0001  max mem: 1904
[17:22:33.549624] Epoch: [16]  [ 880/1098]  eta: 0:00:25  lr: 0.000010  loss: 0.0125 (0.0346)  mae_m_mask: 0.3349 (0.4422)  rmse_m_mask: 0.4593 (0.5908)  normalized_mse_mask: 0.0125 (0.0346)  rmse_m_all: 12.7229 (11.8812)  actual_mask_ratio: 0.0690 (0.0718)  actual_prediction_mask_ratio: 0.2256 (0.2321)  ignored_patch_ratio: 0.0102 (0.0216)  time: 0.1167  data: 0.0001  max mem: 1904
[17:22:35.879965] Epoch: [16]  [ 900/1098]  eta: 0:00:22  lr: 0.000010  loss: 0.0188 (0.0349)  mae_m_mask: 0.3228 (0.4414)  rmse_m_mask: 0.4399 (0.5904)  normalized_mse_mask: 0.0188 (0.0349)  rmse_m_all: 9.7317 (11.8365)  actual_mask_ratio: 0.0715 (0.0718)  actual_prediction_mask_ratio: 0.2328 (0.2321)  ignored_patch_ratio: 0.0181 (0.0215)  time: 0.1165  data: 0.0001  max mem: 1904
[17:22:38.080383] Epoch: [16]  [ 920/1098]  eta: 0:00:20  lr: 0.000010  loss: 0.0054 (0.0345)  mae_m_mask: 0.4435 (0.4415)  rmse_m_mask: 0.5436 (0.5900)  normalized_mse_mask: 0.0054 (0.0345)  rmse_m_all: 14.0891 (11.8587)  actual_mask_ratio: 0.0707 (0.0718)  actual_prediction_mask_ratio: 0.2284 (0.2321)  ignored_patch_ratio: 0.0204 (0.0215)  time: 0.1100  data: 0.0001  max mem: 1904
[17:22:40.272692] Epoch: [16]  [ 940/1098]  eta: 0:00:18  lr: 0.000010  loss: 0.0076 (0.0346)  mae_m_mask: 0.3500 (0.4410)  rmse_m_mask: 0.4821 (0.5894)  normalized_mse_mask: 0.0076 (0.0346)  rmse_m_all: 12.3262 (11.8627)  actual_mask_ratio: 0.0727 (0.0718)  actual_prediction_mask_ratio: 0.2364 (0.2321)  ignored_patch_ratio: 0.0193 (0.0214)  time: 0.1096  data: 0.0001  max mem: 1904
[17:22:42.466941] Epoch: [16]  [ 960/1098]  eta: 0:00:15  lr: 0.000010  loss: 0.0111 (0.0349)  mae_m_mask: 0.4175 (0.4411)  rmse_m_mask: 0.5948 (0.5891)  normalized_mse_mask: 0.0111 (0.0349)  rmse_m_all: 10.1297 (11.8472)  actual_mask_ratio: 0.0720 (0.0718)  actual_prediction_mask_ratio: 0.2323 (0.2321)  ignored_patch_ratio: 0.0153 (0.0215)  time: 0.1097  data: 0.0001  max mem: 1904
[17:22:44.663883] Epoch: [16]  [ 980/1098]  eta: 0:00:13  lr: 0.000010  loss: 0.0143 (0.0349)  mae_m_mask: 0.3280 (0.4405)  rmse_m_mask: 0.4201 (0.5888)  normalized_mse_mask: 0.0143 (0.0349)  rmse_m_all: 11.5464 (11.8635)  actual_mask_ratio: 0.0712 (0.0718)  actual_prediction_mask_ratio: 0.2296 (0.2321)  ignored_patch_ratio: 0.0238 (0.0215)  time: 0.1098  data: 0.0001  max mem: 1904
[17:22:46.864004] Epoch: [16]  [1000/1098]  eta: 0:00:11  lr: 0.000010  loss: 0.0219 (0.0352)  mae_m_mask: 0.4101 (0.4409)  rmse_m_mask: 0.5734 (0.5898)  normalized_mse_mask: 0.0219 (0.0352)  rmse_m_all: 11.1167 (11.8540)  actual_mask_ratio: 0.0704 (0.0718)  actual_prediction_mask_ratio: 0.2353 (0.2321)  ignored_patch_ratio: 0.0193 (0.0215)  time: 0.1100  data: 0.0001  max mem: 1904
[17:22:49.053450] Epoch: [16]  [1020/1098]  eta: 0:00:08  lr: 0.000010  loss: 0.0085 (0.0350)  mae_m_mask: 0.3598 (0.4401)  rmse_m_mask: 0.4479 (0.5885)  normalized_mse_mask: 0.0085 (0.0350)  rmse_m_all: 11.5767 (11.8598)  actual_mask_ratio: 0.0741 (0.0718)  actual_prediction_mask_ratio: 0.2313 (0.2322)  ignored_patch_ratio: 0.0278 (0.0216)  time: 0.1094  data: 0.0001  max mem: 1904
[17:22:51.253469] Epoch: [16]  [1040/1098]  eta: 0:00:06  lr: 0.000010  loss: 0.0158 (0.0357)  mae_m_mask: 0.4534 (0.4416)  rmse_m_mask: 0.5968 (0.5906)  normalized_mse_mask: 0.0158 (0.0357)  rmse_m_all: 12.6462 (11.8671)  actual_mask_ratio: 0.0714 (0.0718)  actual_prediction_mask_ratio: 0.2346 (0.2322)  ignored_patch_ratio: 0.0159 (0.0216)  time: 0.1100  data: 0.0001  max mem: 1904
[17:22:53.474050] Epoch: [16]  [1060/1098]  eta: 0:00:04  lr: 0.000010  loss: 0.0260 (0.0358)  mae_m_mask: 0.4075 (0.4423)  rmse_m_mask: 0.5587 (0.5914)  normalized_mse_mask: 0.0260 (0.0358)  rmse_m_all: 12.1156 (11.8662)  actual_mask_ratio: 0.0731 (0.0718)  actual_prediction_mask_ratio: 0.2353 (0.2323)  ignored_patch_ratio: 0.0193 (0.0215)  time: 0.1110  data: 0.0001  max mem: 1904
[17:22:55.643349] Epoch: [16]  [1080/1098]  eta: 0:00:02  lr: 0.000010  loss: 0.0139 (0.0357)  mae_m_mask: 0.4176 (0.4428)  rmse_m_mask: 0.5559 (0.5926)  normalized_mse_mask: 0.0139 (0.0357)  rmse_m_all: 12.2658 (11.8687)  actual_mask_ratio: 0.0748 (0.0719)  actual_prediction_mask_ratio: 0.2355 (0.2324)  ignored_patch_ratio: 0.0159 (0.0215)  time: 0.1084  data: 0.0001  max mem: 1904
[17:22:57.520480] Epoch: [16]  [1097/1098]  eta: 0:00:00  lr: 0.000010  loss: 0.0169 (0.0358)  mae_m_mask: 0.4149 (0.4428)  rmse_m_mask: 0.6143 (0.5924)  normalized_mse_mask: 0.0169 (0.0358)  rmse_m_all: 10.7793 (11.8540)  actual_mask_ratio: 0.0715 (0.0718)  actual_prediction_mask_ratio: 0.2324 (0.2323)  ignored_patch_ratio: 0.0181 (0.0216)  time: 0.1101  data: 0.0001  max mem: 1904
[17:22:57.550271] Epoch: [16] Total time: 0:02:05 (0.1140 s / it)
[17:22:57.552949] Averaged stats: {'lr': 9.545279060318291e-06, 'loss': 0.03527798348000165, 'mae_m_mask': 0.43924060360985406, 'rmse_m_mask': 0.6381683951691565, 'normalized_mse_mask': 0.03527798348000165, 'rmse_m_all': 11.854003291421032, 'actual_mask_ratio': 0.07183438233135502, 'actual_prediction_mask_ratio': 0.23231974007979117, 'ignored_patch_ratio': 0.02157136738191754, 'supervised_pixel_count': 21816230.0}
[17:22:57.723425] Val: [16]  [  0/194]  eta: 0:00:32  loss: 0.3264 (0.3264)  mae_m_mask: 0.5293 (0.5293)  rmse_m_mask: 0.7094 (0.7094)  normalized_mse_mask: 0.3264 (0.3264)  rmse_m_all: 1.0001 (1.0001)  actual_mask_ratio: 0.0709 (0.0709)  actual_prediction_mask_ratio: 0.2352 (0.2352)  ignored_patch_ratio: 0.0646 (0.0646)  time: 0.1680  data: 0.0824  max mem: 1904
[17:23:02.031195] Val: [16]  [ 50/194]  eta: 0:00:12  loss: 0.0127 (0.0719)  mae_m_mask: 0.6265 (0.6581)  rmse_m_mask: 0.7752 (0.8145)  normalized_mse_mask: 0.0127 (0.0719)  rmse_m_all: 9.6680 (7.3736)  actual_mask_ratio: 0.0626 (0.0699)  actual_prediction_mask_ratio: 0.2166 (0.2286)  ignored_patch_ratio: 0.0000 (0.0044)  time: 0.0870  data: 0.0001  max mem: 1904
[17:23:05.821829] Val: [16]  [100/194]  eta: 0:00:07  loss: 0.0340 (0.0717)  mae_m_mask: 0.6678 (0.6807)  rmse_m_mask: 0.8437 (0.8419)  normalized_mse_mask: 0.0340 (0.0717)  rmse_m_all: 4.7232 (7.1307)  actual_mask_ratio: 0.0590 (0.0682)  actual_prediction_mask_ratio: 0.2018 (0.2221)  ignored_patch_ratio: 0.0000 (0.0025)  time: 0.0793  data: 0.0365  max mem: 1904
[17:23:09.026888] Val: [16]  [150/194]  eta: 0:00:03  loss: 0.0052 (0.0686)  mae_m_mask: 0.7649 (0.7255)  rmse_m_mask: 0.9855 (0.8971)  normalized_mse_mask: 0.0052 (0.0686)  rmse_m_all: 13.8730 (7.9220)  actual_mask_ratio: 0.0697 (0.0675)  actual_prediction_mask_ratio: 0.2175 (0.2175)  ignored_patch_ratio: 0.0000 (0.0024)  time: 0.0868  data: 0.0001  max mem: 1904
[17:23:12.659849] Val: [16]  [193/194]  eta: 0:00:00  loss: 0.1192 (0.0771)  mae_m_mask: 0.5804 (0.7181)  rmse_m_mask: 0.7081 (0.8881)  normalized_mse_mask: 0.1192 (0.0771)  rmse_m_all: 1.4257 (8.3779)  actual_mask_ratio: 0.0624 (0.0663)  actual_prediction_mask_ratio: 0.1985 (0.2131)  ignored_patch_ratio: 0.0136 (0.0049)  time: 0.0833  data: 0.0001  max mem: 1904
[17:23:12.692737] Val: [16] Total time: 0:00:15 (0.0780 s / it)
[17:23:12.694462] val stats: {'loss': 0.07789857823612013, 'mae_m_mask': 0.7121467047969194, 'rmse_m_mask': 0.9221946712135631, 'normalized_mse_mask': 0.07789857823612013, 'rmse_m_all': 8.377896275102477, 'actual_mask_ratio': 0.06633703996302541, 'actual_prediction_mask_ratio': 0.21313334448435872, 'ignored_patch_ratio': 0.00489066925245462, 'supervised_pixel_count': 3944867.0}
[17:23:17.279156] log_dir: /tank/data/SFS/xinyis/data/bathymetry/MAE-Topography/Downstream_Task_Bathy/cross_validation_v5_Stage2NormMSE_MeterSelect/runs/holdout_Santiam_D004Stage2NormMSE_MeterSelect_D001NoDataSafe/train_stage2_normMSE_meterSelect_OR_SantiamRiverTB_Topobathy_1_D23_fromStage1Best_e120_lr1e-5_b4_acc4/tb
[17:23:17.478037] Epoch: [17]  [   0/1098]  eta: 0:03:37  lr: 0.000010  loss: 0.0155 (0.0155)  mae_m_mask: 0.6999 (0.6999)  rmse_m_mask: 1.0359 (1.0359)  normalized_mse_mask: 0.0155 (0.0155)  rmse_m_all: 13.5639 (13.5639)  actual_mask_ratio: 0.0703 (0.0703)  actual_prediction_mask_ratio: 0.2200 (0.2200)  ignored_patch_ratio: 0.0000 (0.0000)  time: 0.1983  data: 0.0863  max mem: 1904
[17:23:19.703702] Epoch: [17]  [  20/1098]  eta: 0:02:04  lr: 0.000010  loss: 0.0112 (0.0411)  mae_m_mask: 0.4880 (0.5505)  rmse_m_mask: 0.6110 (0.7630)  normalized_mse_mask: 0.0112 (0.0411)  rmse_m_all: 13.2962 (13.6842)  actual_mask_ratio: 0.0718 (0.0719)  actual_prediction_mask_ratio: 0.2278 (0.2307)  ignored_patch_ratio: 0.0204 (0.0241)  time: 0.1112  data: 0.0001  max mem: 1904
[17:23:21.946656] Epoch: [17]  [  40/1098]  eta: 0:02:00  lr: 0.000010  loss: 0.0015 (0.0309)  mae_m_mask: 0.4043 (0.4995)  rmse_m_mask: 0.5096 (0.6887)  normalized_mse_mask: 0.0015 (0.0309)  rmse_m_all: 11.2020 (12.7316)  actual_mask_ratio: 0.0715 (0.0717)  actual_prediction_mask_ratio: 0.2319 (0.2313)  ignored_patch_ratio: 0.0227 (0.0246)  time: 0.1121  data: 0.0001  max mem: 1904
[17:23:24.177796] Epoch: [17]  [  60/1098]  eta: 0:01:57  lr: 0.000010  loss: 0.0241 (0.0353)  mae_m_mask: 0.3633 (0.4649)  rmse_m_mask: 0.4804 (0.6365)  normalized_mse_mask: 0.0241 (0.0353)  rmse_m_all: 9.9176 (11.7655)  actual_mask_ratio: 0.0725 (0.0718)  actual_prediction_mask_ratio: 0.2378 (0.2327)  ignored_patch_ratio: 0.0181 (0.0220)  time: 0.1115  data: 0.0001  max mem: 1904
[17:23:26.402219] Epoch: [17]  [  80/1098]  eta: 0:01:54  lr: 0.000010  loss: 0.0114 (0.0376)  mae_m_mask: 0.4241 (0.4700)  rmse_m_mask: 0.6063 (0.6453)  normalized_mse_mask: 0.0114 (0.0376)  rmse_m_all: 10.5649 (11.4850)  actual_mask_ratio: 0.0731 (0.0719)  actual_prediction_mask_ratio: 0.2356 (0.2334)  ignored_patch_ratio: 0.0170 (0.0214)  time: 0.1112  data: 0.0001  max mem: 1904
[17:23:28.629143] Epoch: [17]  [ 100/1098]  eta: 0:01:52  lr: 0.000010  loss: 0.0155 (0.0394)  mae_m_mask: 0.4092 (0.4590)  rmse_m_mask: 0.4840 (0.6254)  normalized_mse_mask: 0.0155 (0.0394)  rmse_m_all: 11.6156 (11.4890)  actual_mask_ratio: 0.0732 (0.0722)  actual_prediction_mask_ratio: 0.2378 (0.2338)  ignored_patch_ratio: 0.0170 (0.0212)  time: 0.1113  data: 0.0001  max mem: 1904
[17:23:30.871585] Epoch: [17]  [ 120/1098]  eta: 0:01:49  lr: 0.000010  loss: 0.0105 (0.0393)  mae_m_mask: 0.4020 (0.4549)  rmse_m_mask: 0.5421 (0.6182)  normalized_mse_mask: 0.0105 (0.0393)  rmse_m_all: 10.3267 (11.2859)  actual_mask_ratio: 0.0730 (0.0723)  actual_prediction_mask_ratio: 0.2342 (0.2331)  ignored_patch_ratio: 0.0142 (0.0209)  time: 0.1121  data: 0.0001  max mem: 1904
[17:23:33.100372] Epoch: [17]  [ 140/1098]  eta: 0:01:47  lr: 0.000010  loss: 0.0092 (0.0374)  mae_m_mask: 0.3553 (0.4504)  rmse_m_mask: 0.5034 (0.6132)  normalized_mse_mask: 0.0092 (0.0374)  rmse_m_all: 9.4503 (11.1775)  actual_mask_ratio: 0.0686 (0.0719)  actual_prediction_mask_ratio: 0.2288 (0.2322)  ignored_patch_ratio: 0.0125 (0.0200)  time: 0.1114  data: 0.0001  max mem: 1904
[17:23:35.350113] Epoch: [17]  [ 160/1098]  eta: 0:01:45  lr: 0.000010  loss: 0.0100 (0.0360)  mae_m_mask: 0.4260 (0.4518)  rmse_m_mask: 0.5328 (0.6150)  normalized_mse_mask: 0.0100 (0.0360)  rmse_m_all: 9.7333 (11.1851)  actual_mask_ratio: 0.0703 (0.0716)  actual_prediction_mask_ratio: 0.2254 (0.2317)  ignored_patch_ratio: 0.0142 (0.0199)  time: 0.1124  data: 0.0001  max mem: 1904
[17:23:37.590501] Epoch: [17]  [ 180/1098]  eta: 0:01:42  lr: 0.000010  loss: 0.0065 (0.0367)  mae_m_mask: 0.3845 (0.4526)  rmse_m_mask: 0.4710 (0.6121)  normalized_mse_mask: 0.0065 (0.0367)  rmse_m_all: 12.1989 (11.2587)  actual_mask_ratio: 0.0714 (0.0716)  actual_prediction_mask_ratio: 0.2312 (0.2316)  ignored_patch_ratio: 0.0181 (0.0200)  time: 0.1120  data: 0.0001  max mem: 1904
[17:23:39.838453] Epoch: [17]  [ 200/1098]  eta: 0:01:40  lr: 0.000010  loss: 0.0107 (0.0393)  mae_m_mask: 0.4340 (0.4528)  rmse_m_mask: 0.6087 (0.6086)  normalized_mse_mask: 0.0107 (0.0393)  rmse_m_all: 11.6995 (11.3282)  actual_mask_ratio: 0.0705 (0.0716)  actual_prediction_mask_ratio: 0.2313 (0.2316)  ignored_patch_ratio: 0.0283 (0.0207)  time: 0.1124  data: 0.0001  max mem: 1904
[17:23:42.072290] Epoch: [17]  [ 220/1098]  eta: 0:01:38  lr: 0.000010  loss: 0.0089 (0.0392)  mae_m_mask: 0.3573 (0.4492)  rmse_m_mask: 0.4293 (0.6006)  normalized_mse_mask: 0.0089 (0.0392)  rmse_m_all: 11.7707 (11.3526)  actual_mask_ratio: 0.0679 (0.0713)  actual_prediction_mask_ratio: 0.2236 (0.2308)  ignored_patch_ratio: 0.0198 (0.0210)  time: 0.1117  data: 0.0001  max mem: 1904
[17:23:44.275547] Epoch: [17]  [ 240/1098]  eta: 0:01:36  lr: 0.000010  loss: 0.0084 (0.0389)  mae_m_mask: 0.4321 (0.4521)  rmse_m_mask: 0.5713 (0.6007)  normalized_mse_mask: 0.0084 (0.0389)  rmse_m_all: 13.9708 (11.5257)  actual_mask_ratio: 0.0699 (0.0714)  actual_prediction_mask_ratio: 0.2330 (0.2309)  ignored_patch_ratio: 0.0170 (0.0208)  time: 0.1101  data: 0.0001  max mem: 1904
[17:23:46.495015] Epoch: [17]  [ 260/1098]  eta: 0:01:33  lr: 0.000010  loss: 0.0174 (0.0389)  mae_m_mask: 0.4001 (0.4496)  rmse_m_mask: 0.4955 (0.6018)  normalized_mse_mask: 0.0174 (0.0389)  rmse_m_all: 11.7262 (11.4756)  actual_mask_ratio: 0.0725 (0.0716)  actual_prediction_mask_ratio: 0.2359 (0.2314)  ignored_patch_ratio: 0.0170 (0.0208)  time: 0.1109  data: 0.0001  max mem: 1904
[17:23:48.745413] Epoch: [17]  [ 280/1098]  eta: 0:01:31  lr: 0.000010  loss: 0.0135 (0.0383)  mae_m_mask: 0.4098 (0.4472)  rmse_m_mask: 0.4965 (0.5974)  normalized_mse_mask: 0.0135 (0.0383)  rmse_m_all: 11.5551 (11.4791)  actual_mask_ratio: 0.0711 (0.0715)  actual_prediction_mask_ratio: 0.2335 (0.2312)  ignored_patch_ratio: 0.0278 (0.0212)  time: 0.1125  data: 0.0001  max mem: 1904
[17:23:50.981784] Epoch: [17]  [ 300/1098]  eta: 0:01:29  lr: 0.000010  loss: 0.0038 (0.0365)  mae_m_mask: 0.3958 (0.4445)  rmse_m_mask: 0.5516 (0.5929)  normalized_mse_mask: 0.0038 (0.0365)  rmse_m_all: 13.4644 (11.5870)  actual_mask_ratio: 0.0718 (0.0715)  actual_prediction_mask_ratio: 0.2297 (0.2312)  ignored_patch_ratio: 0.0210 (0.0213)  time: 0.1118  data: 0.0001  max mem: 1904
[17:23:52.887167] Epoch: [17]  [ 320/1098]  eta: 0:01:26  lr: 0.000010  loss: 0.0057 (0.0354)  mae_m_mask: 0.4431 (0.4448)  rmse_m_mask: 0.5593 (0.5918)  normalized_mse_mask: 0.0057 (0.0354)  rmse_m_all: 11.7827 (11.6302)  actual_mask_ratio: 0.0734 (0.0715)  actual_prediction_mask_ratio: 0.2317 (0.2312)  ignored_patch_ratio: 0.0227 (0.0217)  time: 0.0952  data: 0.0001  max mem: 1904
[17:23:55.571624] Epoch: [17]  [ 340/1098]  eta: 0:01:25  lr: 0.000010  loss: 0.0041 (0.0346)  mae_m_mask: 0.4421 (0.4476)  rmse_m_mask: 0.6381 (0.5980)  normalized_mse_mask: 0.0041 (0.0346)  rmse_m_all: 12.7093 (11.6967)  actual_mask_ratio: 0.0707 (0.0715)  actual_prediction_mask_ratio: 0.2297 (0.2311)  ignored_patch_ratio: 0.0249 (0.0220)  time: 0.1342  data: 0.0505  max mem: 1904
[17:23:58.079781] Epoch: [17]  [ 360/1098]  eta: 0:01:23  lr: 0.000009  loss: 0.0077 (0.0339)  mae_m_mask: 0.4909 (0.4502)  rmse_m_mask: 0.5860 (0.6017)  normalized_mse_mask: 0.0077 (0.0339)  rmse_m_all: 13.9058 (11.7629)  actual_mask_ratio: 0.0708 (0.0715)  actual_prediction_mask_ratio: 0.2243 (0.2308)  ignored_patch_ratio: 0.0249 (0.0222)  time: 0.1254  data: 0.0497  max mem: 1904
[17:23:59.728895] Epoch: [17]  [ 380/1098]  eta: 0:01:19  lr: 0.000009  loss: 0.0136 (0.0336)  mae_m_mask: 0.3729 (0.4491)  rmse_m_mask: 0.4956 (0.5999)  normalized_mse_mask: 0.0136 (0.0336)  rmse_m_all: 12.8750 (11.8061)  actual_mask_ratio: 0.0712 (0.0715)  actual_prediction_mask_ratio: 0.2340 (0.2311)  ignored_patch_ratio: 0.0215 (0.0221)  time: 0.0824  data: 0.0001  max mem: 1904
[17:24:02.042854] Epoch: [17]  [ 400/1098]  eta: 0:01:17  lr: 0.000009  loss: 0.0087 (0.0328)  mae_m_mask: 0.3514 (0.4475)  rmse_m_mask: 0.5365 (0.5976)  normalized_mse_mask: 0.0087 (0.0328)  rmse_m_all: 11.2973 (11.8019)  actual_mask_ratio: 0.0716 (0.0714)  actual_prediction_mask_ratio: 0.2358 (0.2312)  ignored_patch_ratio: 0.0193 (0.0220)  time: 0.1157  data: 0.0001  max mem: 1904
[17:24:04.349998] Epoch: [17]  [ 420/1098]  eta: 0:01:15  lr: 0.000009  loss: 0.0093 (0.0335)  mae_m_mask: 0.4547 (0.4495)  rmse_m_mask: 0.6410 (0.5996)  normalized_mse_mask: 0.0093 (0.0335)  rmse_m_all: 11.7160 (11.8232)  actual_mask_ratio: 0.0712 (0.0715)  actual_prediction_mask_ratio: 0.2330 (0.2314)  ignored_patch_ratio: 0.0187 (0.0220)  time: 0.1153  data: 0.0001  max mem: 1904
[17:24:06.662159] Epoch: [17]  [ 440/1098]  eta: 0:01:13  lr: 0.000009  loss: 0.0125 (0.0333)  mae_m_mask: 0.3487 (0.4484)  rmse_m_mask: 0.4537 (0.5992)  normalized_mse_mask: 0.0125 (0.0333)  rmse_m_all: 11.6065 (11.7983)  actual_mask_ratio: 0.0709 (0.0715)  actual_prediction_mask_ratio: 0.2328 (0.2314)  ignored_patch_ratio: 0.0210 (0.0219)  time: 0.1156  data: 0.0001  max mem: 1904
[17:24:08.968802] Epoch: [17]  [ 460/1098]  eta: 0:01:11  lr: 0.000009  loss: 0.0140 (0.0341)  mae_m_mask: 0.3909 (0.4465)  rmse_m_mask: 0.5084 (0.5964)  normalized_mse_mask: 0.0140 (0.0341)  rmse_m_all: 11.6266 (11.8142)  actual_mask_ratio: 0.0731 (0.0716)  actual_prediction_mask_ratio: 0.2325 (0.2314)  ignored_patch_ratio: 0.0289 (0.0221)  time: 0.1153  data: 0.0001  max mem: 1904
[17:24:11.258975] Epoch: [17]  [ 480/1098]  eta: 0:01:09  lr: 0.000009  loss: 0.0063 (0.0336)  mae_m_mask: 0.4098 (0.4462)  rmse_m_mask: 0.5334 (0.5970)  normalized_mse_mask: 0.0063 (0.0336)  rmse_m_all: 11.2070 (11.8313)  actual_mask_ratio: 0.0710 (0.0715)  actual_prediction_mask_ratio: 0.2282 (0.2312)  ignored_patch_ratio: 0.0193 (0.0220)  time: 0.1145  data: 0.0001  max mem: 1904
[17:24:13.567893] Epoch: [17]  [ 500/1098]  eta: 0:01:07  lr: 0.000009  loss: 0.0121 (0.0331)  mae_m_mask: 0.2818 (0.4431)  rmse_m_mask: 0.3820 (0.5929)  normalized_mse_mask: 0.0121 (0.0331)  rmse_m_all: 9.6317 (11.8270)  actual_mask_ratio: 0.0709 (0.0715)  actual_prediction_mask_ratio: 0.2307 (0.2313)  ignored_patch_ratio: 0.0153 (0.0220)  time: 0.1154  data: 0.0001  max mem: 1904
[17:24:15.857374] Epoch: [17]  [ 520/1098]  eta: 0:01:04  lr: 0.000009  loss: 0.0076 (0.0326)  mae_m_mask: 0.3142 (0.4404)  rmse_m_mask: 0.3939 (0.5889)  normalized_mse_mask: 0.0076 (0.0326)  rmse_m_all: 11.5070 (11.8291)  actual_mask_ratio: 0.0737 (0.0716)  actual_prediction_mask_ratio: 0.2373 (0.2315)  ignored_patch_ratio: 0.0193 (0.0219)  time: 0.1144  data: 0.0001  max mem: 1904
[17:24:18.144933] Epoch: [17]  [ 540/1098]  eta: 0:01:02  lr: 0.000009  loss: 0.0396 (0.0336)  mae_m_mask: 0.3748 (0.4392)  rmse_m_mask: 0.4906 (0.5883)  normalized_mse_mask: 0.0396 (0.0336)  rmse_m_all: 9.8571 (11.7965)  actual_mask_ratio: 0.0727 (0.0716)  actual_prediction_mask_ratio: 0.2323 (0.2315)  ignored_patch_ratio: 0.0181 (0.0219)  time: 0.1143  data: 0.0001  max mem: 1904
[17:24:20.468404] Epoch: [17]  [ 560/1098]  eta: 0:01:00  lr: 0.000009  loss: 0.0168 (0.0333)  mae_m_mask: 0.4914 (0.4414)  rmse_m_mask: 0.6447 (0.5905)  normalized_mse_mask: 0.0168 (0.0333)  rmse_m_all: 12.8782 (11.8265)  actual_mask_ratio: 0.0739 (0.0717)  actual_prediction_mask_ratio: 0.2334 (0.2316)  ignored_patch_ratio: 0.0227 (0.0219)  time: 0.1161  data: 0.0001  max mem: 1904
[17:24:22.765266] Epoch: [17]  [ 580/1098]  eta: 0:00:58  lr: 0.000009  loss: 0.0113 (0.0330)  mae_m_mask: 0.3603 (0.4395)  rmse_m_mask: 0.4640 (0.5880)  normalized_mse_mask: 0.0113 (0.0330)  rmse_m_all: 12.3638 (11.8301)  actual_mask_ratio: 0.0729 (0.0717)  actual_prediction_mask_ratio: 0.2324 (0.2316)  ignored_patch_ratio: 0.0170 (0.0217)  time: 0.1148  data: 0.0001  max mem: 1904
[17:24:25.060066] Epoch: [17]  [ 600/1098]  eta: 0:00:56  lr: 0.000009  loss: 0.0092 (0.0328)  mae_m_mask: 0.4736 (0.4404)  rmse_m_mask: 0.5920 (0.5899)  normalized_mse_mask: 0.0092 (0.0328)  rmse_m_all: 11.5652 (11.8263)  actual_mask_ratio: 0.0716 (0.0717)  actual_prediction_mask_ratio: 0.2289 (0.2316)  ignored_patch_ratio: 0.0215 (0.0217)  time: 0.1147  data: 0.0001  max mem: 1904
[17:24:27.348537] Epoch: [17]  [ 620/1098]  eta: 0:00:53  lr: 0.000009  loss: 0.0079 (0.0327)  mae_m_mask: 0.3589 (0.4396)  rmse_m_mask: 0.4949 (0.5885)  normalized_mse_mask: 0.0079 (0.0327)  rmse_m_all: 11.8024 (11.8292)  actual_mask_ratio: 0.0720 (0.0717)  actual_prediction_mask_ratio: 0.2312 (0.2315)  ignored_patch_ratio: 0.0153 (0.0217)  time: 0.1144  data: 0.0001  max mem: 1904
[17:24:29.655100] Epoch: [17]  [ 640/1098]  eta: 0:00:51  lr: 0.000009  loss: 0.0249 (0.0327)  mae_m_mask: 0.4006 (0.4392)  rmse_m_mask: 0.5428 (0.5872)  normalized_mse_mask: 0.0249 (0.0327)  rmse_m_all: 11.8778 (11.8177)  actual_mask_ratio: 0.0720 (0.0717)  actual_prediction_mask_ratio: 0.2340 (0.2316)  ignored_patch_ratio: 0.0193 (0.0217)  time: 0.1153  data: 0.0001  max mem: 1904
[17:24:31.985572] Epoch: [17]  [ 660/1098]  eta: 0:00:49  lr: 0.000009  loss: 0.0226 (0.0332)  mae_m_mask: 0.4350 (0.4396)  rmse_m_mask: 0.6332 (0.5889)  normalized_mse_mask: 0.0226 (0.0332)  rmse_m_all: 12.2999 (11.8068)  actual_mask_ratio: 0.0728 (0.0717)  actual_prediction_mask_ratio: 0.2291 (0.2317)  ignored_patch_ratio: 0.0159 (0.0216)  time: 0.1165  data: 0.0001  max mem: 1904
[17:24:34.312599] Epoch: [17]  [ 680/1098]  eta: 0:00:47  lr: 0.000009  loss: 0.0145 (0.0332)  mae_m_mask: 0.3557 (0.4382)  rmse_m_mask: 0.4147 (0.5873)  normalized_mse_mask: 0.0145 (0.0332)  rmse_m_all: 11.9025 (11.7961)  actual_mask_ratio: 0.0734 (0.0718)  actual_prediction_mask_ratio: 0.2381 (0.2319)  ignored_patch_ratio: 0.0215 (0.0216)  time: 0.1163  data: 0.0001  max mem: 1904
[17:24:36.646189] Epoch: [17]  [ 700/1098]  eta: 0:00:45  lr: 0.000009  loss: 0.0238 (0.0334)  mae_m_mask: 0.3640 (0.4367)  rmse_m_mask: 0.4881 (0.5851)  normalized_mse_mask: 0.0238 (0.0334)  rmse_m_all: 10.7661 (11.7499)  actual_mask_ratio: 0.0705 (0.0718)  actual_prediction_mask_ratio: 0.2330 (0.2319)  ignored_patch_ratio: 0.0176 (0.0214)  time: 0.1166  data: 0.0001  max mem: 1904
[17:24:38.978395] Epoch: [17]  [ 720/1098]  eta: 0:00:42  lr: 0.000009  loss: 0.0107 (0.0332)  mae_m_mask: 0.5130 (0.4387)  rmse_m_mask: 0.6350 (0.5867)  normalized_mse_mask: 0.0107 (0.0332)  rmse_m_all: 11.8883 (11.7781)  actual_mask_ratio: 0.0711 (0.0718)  actual_prediction_mask_ratio: 0.2331 (0.2319)  ignored_patch_ratio: 0.0210 (0.0214)  time: 0.1166  data: 0.0001  max mem: 1904
[17:24:41.311494] Epoch: [17]  [ 740/1098]  eta: 0:00:40  lr: 0.000009  loss: 0.0171 (0.0331)  mae_m_mask: 0.3960 (0.4372)  rmse_m_mask: 0.4830 (0.5840)  normalized_mse_mask: 0.0171 (0.0331)  rmse_m_all: 12.0026 (11.7748)  actual_mask_ratio: 0.0716 (0.0718)  actual_prediction_mask_ratio: 0.2284 (0.2319)  ignored_patch_ratio: 0.0198 (0.0215)  time: 0.1166  data: 0.0001  max mem: 1904
[17:24:43.641998] Epoch: [17]  [ 760/1098]  eta: 0:00:38  lr: 0.000009  loss: 0.0292 (0.0334)  mae_m_mask: 0.3048 (0.4367)  rmse_m_mask: 0.4168 (0.5834)  normalized_mse_mask: 0.0292 (0.0334)  rmse_m_all: 11.0795 (11.7625)  actual_mask_ratio: 0.0703 (0.0718)  actual_prediction_mask_ratio: 0.2264 (0.2319)  ignored_patch_ratio: 0.0249 (0.0215)  time: 0.1165  data: 0.0001  max mem: 1904
[17:24:45.973177] Epoch: [17]  [ 780/1098]  eta: 0:00:36  lr: 0.000009  loss: 0.0059 (0.0338)  mae_m_mask: 0.3778 (0.4364)  rmse_m_mask: 0.5072 (0.5832)  normalized_mse_mask: 0.0059 (0.0338)  rmse_m_all: 13.7569 (11.8210)  actual_mask_ratio: 0.0723 (0.0718)  actual_prediction_mask_ratio: 0.2343 (0.2319)  ignored_patch_ratio: 0.0142 (0.0214)  time: 0.1165  data: 0.0001  max mem: 1904
[17:24:48.304732] Epoch: [17]  [ 800/1098]  eta: 0:00:33  lr: 0.000009  loss: 0.0039 (0.0336)  mae_m_mask: 0.3501 (0.4360)  rmse_m_mask: 0.5113 (0.5825)  normalized_mse_mask: 0.0039 (0.0336)  rmse_m_all: 10.7599 (11.7941)  actual_mask_ratio: 0.0750 (0.0718)  actual_prediction_mask_ratio: 0.2417 (0.2321)  ignored_patch_ratio: 0.0096 (0.0213)  time: 0.1165  data: 0.0001  max mem: 1904
[17:24:50.633055] Epoch: [17]  [ 820/1098]  eta: 0:00:31  lr: 0.000009  loss: 0.0101 (0.0340)  mae_m_mask: 0.4487 (0.4369)  rmse_m_mask: 0.6113 (0.5837)  normalized_mse_mask: 0.0101 (0.0340)  rmse_m_all: 14.1089 (11.8287)  actual_mask_ratio: 0.0735 (0.0719)  actual_prediction_mask_ratio: 0.2352 (0.2322)  ignored_patch_ratio: 0.0244 (0.0214)  time: 0.1164  data: 0.0001  max mem: 1904
[17:24:52.965950] Epoch: [17]  [ 840/1098]  eta: 0:00:29  lr: 0.000009  loss: 0.0062 (0.0340)  mae_m_mask: 0.4104 (0.4365)  rmse_m_mask: 0.6795 (0.5846)  normalized_mse_mask: 0.0062 (0.0340)  rmse_m_all: 11.2499 (11.8191)  actual_mask_ratio: 0.0734 (0.0719)  actual_prediction_mask_ratio: 0.2300 (0.2323)  ignored_patch_ratio: 0.0238 (0.0214)  time: 0.1166  data: 0.0001  max mem: 1904
[17:24:55.298082] Epoch: [17]  [ 860/1098]  eta: 0:00:27  lr: 0.000009  loss: 0.0076 (0.0337)  mae_m_mask: 0.3870 (0.4358)  rmse_m_mask: 0.4638 (0.5832)  normalized_mse_mask: 0.0076 (0.0337)  rmse_m_all: 10.8347 (11.8171)  actual_mask_ratio: 0.0722 (0.0719)  actual_prediction_mask_ratio: 0.2182 (0.2322)  ignored_patch_ratio: 0.0176 (0.0214)  time: 0.1166  data: 0.0001  max mem: 1904
[17:24:57.631116] Epoch: [17]  [ 880/1098]  eta: 0:00:24  lr: 0.000009  loss: 0.0149 (0.0336)  mae_m_mask: 0.4126 (0.4357)  rmse_m_mask: 0.5323 (0.5830)  normalized_mse_mask: 0.0149 (0.0336)  rmse_m_all: 12.9175 (11.8224)  actual_mask_ratio: 0.0699 (0.0718)  actual_prediction_mask_ratio: 0.2315 (0.2321)  ignored_patch_ratio: 0.0266 (0.0215)  time: 0.1166  data: 0.0001  max mem: 1904
[17:24:59.962302] Epoch: [17]  [ 900/1098]  eta: 0:00:22  lr: 0.000009  loss: 0.0076 (0.0343)  mae_m_mask: 0.4332 (0.4358)  rmse_m_mask: 0.5564 (0.5839)  normalized_mse_mask: 0.0076 (0.0343)  rmse_m_all: 11.1206 (11.8007)  actual_mask_ratio: 0.0718 (0.0718)  actual_prediction_mask_ratio: 0.2347 (0.2322)  ignored_patch_ratio: 0.0210 (0.0215)  time: 0.1165  data: 0.0001  max mem: 1904
[17:25:02.203832] Epoch: [17]  [ 920/1098]  eta: 0:00:20  lr: 0.000009  loss: 0.0063 (0.0341)  mae_m_mask: 0.4867 (0.4379)  rmse_m_mask: 0.6929 (0.5867)  normalized_mse_mask: 0.0063 (0.0341)  rmse_m_all: 13.3812 (11.8370)  actual_mask_ratio: 0.0719 (0.0718)  actual_prediction_mask_ratio: 0.2275 (0.2321)  ignored_patch_ratio: 0.0255 (0.0216)  time: 0.1120  data: 0.0065  max mem: 1904
[17:25:06.662384] Epoch: [17]  [ 940/1098]  eta: 0:00:18  lr: 0.000009  loss: 0.0077 (0.0343)  mae_m_mask: 0.4045 (0.4378)  rmse_m_mask: 0.5341 (0.5866)  normalized_mse_mask: 0.0077 (0.0343)  rmse_m_all: 12.0406 (11.8425)  actual_mask_ratio: 0.0741 (0.0719)  actual_prediction_mask_ratio: 0.2403 (0.2323)  ignored_patch_ratio: 0.0176 (0.0216)  time: 0.2229  data: 0.1528  max mem: 1904
[17:25:09.094735] Epoch: [17]  [ 960/1098]  eta: 0:00:16  lr: 0.000009  loss: 0.0084 (0.0345)  mae_m_mask: 0.4285 (0.4378)  rmse_m_mask: 0.5595 (0.5860)  normalized_mse_mask: 0.0084 (0.0345)  rmse_m_all: 11.0704 (11.8291)  actual_mask_ratio: 0.0726 (0.0719)  actual_prediction_mask_ratio: 0.2340 (0.2323)  ignored_patch_ratio: 0.0159 (0.0216)  time: 0.1216  data: 0.0132  max mem: 1904
[17:25:11.361399] Epoch: [17]  [ 980/1098]  eta: 0:00:13  lr: 0.000009  loss: 0.0149 (0.0345)  mae_m_mask: 0.5080 (0.4395)  rmse_m_mask: 0.6905 (0.5881)  normalized_mse_mask: 0.0149 (0.0345)  rmse_m_all: 11.6301 (11.8329)  actual_mask_ratio: 0.0706 (0.0718)  actual_prediction_mask_ratio: 0.2328 (0.2323)  ignored_patch_ratio: 0.0232 (0.0216)  time: 0.1133  data: 0.0001  max mem: 1904
[17:25:13.618306] Epoch: [17]  [1000/1098]  eta: 0:00:11  lr: 0.000009  loss: 0.0173 (0.0343)  mae_m_mask: 0.3942 (0.4385)  rmse_m_mask: 0.5367 (0.5870)  normalized_mse_mask: 0.0173 (0.0343)  rmse_m_all: 12.3499 (11.8332)  actual_mask_ratio: 0.0733 (0.0719)  actual_prediction_mask_ratio: 0.2355 (0.2324)  ignored_patch_ratio: 0.0136 (0.0216)  time: 0.1128  data: 0.0001  max mem: 1904
[17:25:15.864715] Epoch: [17]  [1020/1098]  eta: 0:00:09  lr: 0.000009  loss: 0.0180 (0.0341)  mae_m_mask: 0.4517 (0.4398)  rmse_m_mask: 0.5927 (0.5888)  normalized_mse_mask: 0.0180 (0.0341)  rmse_m_all: 11.4510 (11.8296)  actual_mask_ratio: 0.0712 (0.0719)  actual_prediction_mask_ratio: 0.2290 (0.2324)  ignored_patch_ratio: 0.0164 (0.0216)  time: 0.1123  data: 0.0001  max mem: 1904
[17:25:18.127231] Epoch: [17]  [1040/1098]  eta: 0:00:06  lr: 0.000009  loss: 0.0199 (0.0343)  mae_m_mask: 0.4816 (0.4409)  rmse_m_mask: 0.6002 (0.5898)  normalized_mse_mask: 0.0199 (0.0343)  rmse_m_all: 10.7697 (11.8281)  actual_mask_ratio: 0.0715 (0.0719)  actual_prediction_mask_ratio: 0.2296 (0.2324)  ignored_patch_ratio: 0.0193 (0.0216)  time: 0.1131  data: 0.0001  max mem: 1904
[17:25:20.379258] Epoch: [17]  [1060/1098]  eta: 0:00:04  lr: 0.000009  loss: 0.0208 (0.0346)  mae_m_mask: 0.4748 (0.4416)  rmse_m_mask: 0.6048 (0.5913)  normalized_mse_mask: 0.0208 (0.0346)  rmse_m_all: 11.8354 (11.8336)  actual_mask_ratio: 0.0702 (0.0718)  actual_prediction_mask_ratio: 0.2299 (0.2323)  ignored_patch_ratio: 0.0193 (0.0216)  time: 0.1126  data: 0.0001  max mem: 1904
[17:25:22.629386] Epoch: [17]  [1080/1098]  eta: 0:00:02  lr: 0.000009  loss: 0.0033 (0.0343)  mae_m_mask: 0.5142 (0.4428)  rmse_m_mask: 0.7152 (0.5932)  normalized_mse_mask: 0.0033 (0.0343)  rmse_m_all: 12.5957 (11.8499)  actual_mask_ratio: 0.0735 (0.0719)  actual_prediction_mask_ratio: 0.2327 (0.2323)  ignored_patch_ratio: 0.0266 (0.0217)  time: 0.1125  data: 0.0001  max mem: 1904
[17:25:24.534678] Epoch: [17]  [1097/1098]  eta: 0:00:00  lr: 0.000009  loss: 0.0199 (0.0345)  mae_m_mask: 0.3098 (0.4418)  rmse_m_mask: 0.3990 (0.5918)  normalized_mse_mask: 0.0199 (0.0345)  rmse_m_all: 10.0655 (11.8175)  actual_mask_ratio: 0.0699 (0.0718)  actual_prediction_mask_ratio: 0.2275 (0.2323)  ignored_patch_ratio: 0.0147 (0.0216)  time: 0.1122  data: 0.0001  max mem: 1904
[17:25:24.564066] Epoch: [17] Total time: 0:02:07 (0.1159 s / it)
[17:25:24.565850] Averaged stats: {'lr': 9.489497586079956e-06, 'loss': 0.03424181873464856, 'mae_m_mask': 0.4389851957329063, 'rmse_m_mask': 0.6385857355268215, 'normalized_mse_mask': 0.03424181873464856, 'rmse_m_all': 11.81745321291392, 'actual_mask_ratio': 0.07183818665344967, 'actual_prediction_mask_ratio': 0.2323237104385494, 'ignored_patch_ratio': 0.021571366893354878, 'supervised_pixel_count': 21816230.0}
[17:25:24.731553] Val: [17]  [  0/194]  eta: 0:00:31  loss: 0.3207 (0.3207)  mae_m_mask: 0.5166 (0.5166)  rmse_m_mask: 0.6971 (0.6971)  normalized_mse_mask: 0.3207 (0.3207)  rmse_m_all: 1.0002 (1.0002)  actual_mask_ratio: 0.0709 (0.0709)  actual_prediction_mask_ratio: 0.2352 (0.2352)  ignored_patch_ratio: 0.0646 (0.0646)  time: 0.1631  data: 0.0792  max mem: 1904
[17:25:29.002003] Val: [17]  [ 50/194]  eta: 0:00:12  loss: 0.0113 (0.0683)  mae_m_mask: 0.6443 (0.6765)  rmse_m_mask: 0.7921 (0.8363)  normalized_mse_mask: 0.0113 (0.0683)  rmse_m_all: 9.6244 (7.3704)  actual_mask_ratio: 0.0626 (0.0699)  actual_prediction_mask_ratio: 0.2166 (0.2286)  ignored_patch_ratio: 0.0000 (0.0044)  time: 0.0857  data: 0.0001  max mem: 1904
[17:25:33.038242] Val: [17]  [100/194]  eta: 0:00:07  loss: 0.0445 (0.0707)  mae_m_mask: 0.6662 (0.7047)  rmse_m_mask: 0.8679 (0.8698)  normalized_mse_mask: 0.0445 (0.0707)  rmse_m_all: 4.7164 (7.1246)  actual_mask_ratio: 0.0590 (0.0682)  actual_prediction_mask_ratio: 0.2018 (0.2221)  ignored_patch_ratio: 0.0000 (0.0025)  time: 0.1034  data: 0.0506  max mem: 1904
[17:25:36.810183] Val: [17]  [150/194]  eta: 0:00:03  loss: 0.0050 (0.0669)  mae_m_mask: 0.8525 (0.7666)  rmse_m_mask: 1.0213 (0.9437)  normalized_mse_mask: 0.0050 (0.0669)  rmse_m_all: 13.8170 (7.9072)  actual_mask_ratio: 0.0697 (0.0675)  actual_prediction_mask_ratio: 0.2175 (0.2175)  ignored_patch_ratio: 0.0000 (0.0024)  time: 0.0858  data: 0.0001  max mem: 1904
[17:25:40.477543] Val: [17]  [193/194]  eta: 0:00:00  loss: 0.1315 (0.0762)  mae_m_mask: 0.6287 (0.7532)  rmse_m_mask: 0.7584 (0.9276)  normalized_mse_mask: 0.1315 (0.0762)  rmse_m_all: 1.4474 (8.3715)  actual_mask_ratio: 0.0624 (0.0663)  actual_prediction_mask_ratio: 0.1985 (0.2131)  ignored_patch_ratio: 0.0136 (0.0049)  time: 0.0845  data: 0.0001  max mem: 1904
[17:25:40.591894] Val: [17] Total time: 0:00:16 (0.0826 s / it)
[17:25:40.592665] val stats: {'loss': 0.07696325532417181, 'mae_m_mask': 0.7500122026774168, 'rmse_m_mask': 0.9828467510011543, 'normalized_mse_mask': 0.07696325532417181, 'rmse_m_all': 8.371462707052526, 'actual_mask_ratio': 0.06633703996302541, 'actual_prediction_mask_ratio': 0.21313334448435872, 'ignored_patch_ratio': 0.00489066925245462, 'supervised_pixel_count': 3944867.0}
[17:25:45.270129] log_dir: /tank/data/SFS/xinyis/data/bathymetry/MAE-Topography/Downstream_Task_Bathy/cross_validation_v5_Stage2NormMSE_MeterSelect/runs/holdout_Santiam_D004Stage2NormMSE_MeterSelect_D001NoDataSafe/train_stage2_normMSE_meterSelect_OR_SantiamRiverTB_Topobathy_1_D23_fromStage1Best_e120_lr1e-5_b4_acc4/tb
[17:25:45.462882] Epoch: [18]  [   0/1098]  eta: 0:03:30  lr: 0.000009  loss: 0.0653 (0.0653)  mae_m_mask: 0.3964 (0.3964)  rmse_m_mask: 0.6664 (0.6664)  normalized_mse_mask: 0.0653 (0.0653)  rmse_m_all: 11.4947 (11.4947)  actual_mask_ratio: 0.0663 (0.0663)  actual_prediction_mask_ratio: 0.1988 (0.1988)  ignored_patch_ratio: 0.0164 (0.0164)  time: 0.1921  data: 0.0841  max mem: 1904
[17:25:47.684669] Epoch: [18]  [  20/1098]  eta: 0:02:03  lr: 0.000009  loss: 0.0149 (0.0438)  mae_m_mask: 0.3882 (0.4281)  rmse_m_mask: 0.5271 (0.5897)  normalized_mse_mask: 0.0149 (0.0438)  rmse_m_all: 10.2101 (10.6362)  actual_mask_ratio: 0.0703 (0.0726)  actual_prediction_mask_ratio: 0.2386 (0.2336)  ignored_patch_ratio: 0.0193 (0.0212)  time: 0.1111  data: 0.0001  max mem: 1904
[17:25:49.927702] Epoch: [18]  [  40/1098]  eta: 0:02:00  lr: 0.000009  loss: 0.0086 (0.0469)  mae_m_mask: 0.3786 (0.4334)  rmse_m_mask: 0.5855 (0.6047)  normalized_mse_mask: 0.0086 (0.0469)  rmse_m_all: 11.1432 (11.1333)  actual_mask_ratio: 0.0694 (0.0716)  actual_prediction_mask_ratio: 0.2266 (0.2313)  ignored_patch_ratio: 0.0193 (0.0227)  time: 0.1121  data: 0.0001  max mem: 1904
[17:25:52.177476] Epoch: [18]  [  60/1098]  eta: 0:01:57  lr: 0.000009  loss: 0.0111 (0.0398)  mae_m_mask: 0.3461 (0.4254)  rmse_m_mask: 0.4419 (0.5795)  normalized_mse_mask: 0.0111 (0.0398)  rmse_m_all: 11.8358 (11.3702)  actual_mask_ratio: 0.0711 (0.0712)  actual_prediction_mask_ratio: 0.2262 (0.2290)  ignored_patch_ratio: 0.0215 (0.0231)  time: 0.1124  data: 0.0001  max mem: 1904
[17:25:54.446463] Epoch: [18]  [  80/1098]  eta: 0:01:55  lr: 0.000009  loss: 0.0066 (0.0367)  mae_m_mask: 0.4480 (0.4345)  rmse_m_mask: 0.5594 (0.5837)  normalized_mse_mask: 0.0066 (0.0367)  rmse_m_all: 12.1296 (11.6966)  actual_mask_ratio: 0.0706 (0.0707)  actual_prediction_mask_ratio: 0.2297 (0.2294)  ignored_patch_ratio: 0.0232 (0.0232)  time: 0.1134  data: 0.0001  max mem: 1904
[17:25:56.718064] Epoch: [18]  [ 100/1098]  eta: 0:01:53  lr: 0.000009  loss: 0.0069 (0.0342)  mae_m_mask: 0.3366 (0.4315)  rmse_m_mask: 0.4385 (0.5742)  normalized_mse_mask: 0.0069 (0.0342)  rmse_m_all: 11.2008 (11.6481)  actual_mask_ratio: 0.0721 (0.0709)  actual_prediction_mask_ratio: 0.2358 (0.2302)  ignored_patch_ratio: 0.0221 (0.0224)  time: 0.1135  data: 0.0001  max mem: 1904
[17:25:58.978538] Epoch: [18]  [ 120/1098]  eta: 0:01:50  lr: 0.000009  loss: 0.0043 (0.0318)  mae_m_mask: 0.3517 (0.4248)  rmse_m_mask: 0.4288 (0.5669)  normalized_mse_mask: 0.0043 (0.0318)  rmse_m_all: 11.1558 (11.7210)  actual_mask_ratio: 0.0724 (0.0712)  actual_prediction_mask_ratio: 0.2356 (0.2305)  ignored_patch_ratio: 0.0238 (0.0222)  time: 0.1130  data: 0.0001  max mem: 1904
[17:26:01.244085] Epoch: [18]  [ 140/1098]  eta: 0:01:48  lr: 0.000009  loss: 0.0076 (0.0303)  mae_m_mask: 0.3355 (0.4185)  rmse_m_mask: 0.4592 (0.5582)  normalized_mse_mask: 0.0076 (0.0303)  rmse_m_all: 11.5615 (11.6873)  actual_mask_ratio: 0.0683 (0.0709)  actual_prediction_mask_ratio: 0.2194 (0.2295)  ignored_patch_ratio: 0.0136 (0.0220)  time: 0.1132  data: 0.0001  max mem: 1904
[17:26:03.512032] Epoch: [18]  [ 160/1098]  eta: 0:01:46  lr: 0.000009  loss: 0.0079 (0.0285)  mae_m_mask: 0.3976 (0.4234)  rmse_m_mask: 0.6033 (0.5695)  normalized_mse_mask: 0.0079 (0.0285)  rmse_m_all: 11.8986 (11.7493)  actual_mask_ratio: 0.0712 (0.0709)  actual_prediction_mask_ratio: 0.2328 (0.2300)  ignored_patch_ratio: 0.0170 (0.0214)  time: 0.1134  data: 0.0001  max mem: 1904
[17:26:05.781801] Epoch: [18]  [ 180/1098]  eta: 0:01:43  lr: 0.000009  loss: 0.0079 (0.0296)  mae_m_mask: 0.3844 (0.4217)  rmse_m_mask: 0.4623 (0.5675)  normalized_mse_mask: 0.0079 (0.0296)  rmse_m_all: 11.7346 (11.7472)  actual_mask_ratio: 0.0704 (0.0710)  actual_prediction_mask_ratio: 0.2280 (0.2302)  ignored_patch_ratio: 0.0181 (0.0213)  time: 0.1135  data: 0.0001  max mem: 1904
[17:26:08.040855] Epoch: [18]  [ 200/1098]  eta: 0:01:41  lr: 0.000009  loss: 0.0155 (0.0318)  mae_m_mask: 0.4256 (0.4290)  rmse_m_mask: 0.5745 (0.5749)  normalized_mse_mask: 0.0155 (0.0318)  rmse_m_all: 11.9380 (11.7461)  actual_mask_ratio: 0.0694 (0.0710)  actual_prediction_mask_ratio: 0.2247 (0.2302)  ignored_patch_ratio: 0.0204 (0.0215)  time: 0.1129  data: 0.0001  max mem: 1904
[17:26:10.291037] Epoch: [18]  [ 220/1098]  eta: 0:01:39  lr: 0.000009  loss: 0.0163 (0.0347)  mae_m_mask: 0.3971 (0.4354)  rmse_m_mask: 0.5948 (0.5853)  normalized_mse_mask: 0.0163 (0.0347)  rmse_m_all: 12.1571 (11.7584)  actual_mask_ratio: 0.0698 (0.0711)  actual_prediction_mask_ratio: 0.2259 (0.2304)  ignored_patch_ratio: 0.0215 (0.0215)  time: 0.1125  data: 0.0001  max mem: 1904
[17:26:12.371983] Epoch: [18]  [ 240/1098]  eta: 0:01:36  lr: 0.000009  loss: 0.0090 (0.0337)  mae_m_mask: 0.4240 (0.4412)  rmse_m_mask: 0.5161 (0.5918)  normalized_mse_mask: 0.0090 (0.0337)  rmse_m_all: 12.1944 (11.8379)  actual_mask_ratio: 0.0696 (0.0711)  actual_prediction_mask_ratio: 0.2289 (0.2305)  ignored_patch_ratio: 0.0142 (0.0214)  time: 0.1040  data: 0.0001  max mem: 1904
[17:26:14.874734] Epoch: [18]  [ 260/1098]  eta: 0:01:35  lr: 0.000009  loss: 0.0126 (0.0336)  mae_m_mask: 0.4442 (0.4398)  rmse_m_mask: 0.5612 (0.5880)  normalized_mse_mask: 0.0126 (0.0336)  rmse_m_all: 12.2646 (11.8623)  actual_mask_ratio: 0.0715 (0.0712)  actual_prediction_mask_ratio: 0.2292 (0.2305)  ignored_patch_ratio: 0.0221 (0.0216)  time: 0.1251  data: 0.0521  max mem: 1904
[17:26:17.014096] Epoch: [18]  [ 280/1098]  eta: 0:01:32  lr: 0.000009  loss: 0.0232 (0.0336)  mae_m_mask: 0.4605 (0.4465)  rmse_m_mask: 0.5777 (0.5944)  normalized_mse_mask: 0.0232 (0.0336)  rmse_m_all: 10.9550 (11.8866)  actual_mask_ratio: 0.0717 (0.0713)  actual_prediction_mask_ratio: 0.2356 (0.2307)  ignored_patch_ratio: 0.0198 (0.0216)  time: 0.1069  data: 0.0001  max mem: 1904
[17:26:19.331222] Epoch: [18]  [ 300/1098]  eta: 0:01:30  lr: 0.000009  loss: 0.0045 (0.0330)  mae_m_mask: 0.4167 (0.4443)  rmse_m_mask: 0.4928 (0.5917)  normalized_mse_mask: 0.0045 (0.0330)  rmse_m_all: 13.2451 (11.9289)  actual_mask_ratio: 0.0713 (0.0714)  actual_prediction_mask_ratio: 0.2311 (0.2309)  ignored_patch_ratio: 0.0119 (0.0212)  time: 0.1158  data: 0.0001  max mem: 1904
[17:26:21.656262] Epoch: [18]  [ 320/1098]  eta: 0:01:28  lr: 0.000009  loss: 0.0059 (0.0324)  mae_m_mask: 0.4710 (0.4493)  rmse_m_mask: 0.6642 (0.6012)  normalized_mse_mask: 0.0059 (0.0324)  rmse_m_all: 12.3488 (11.9876)  actual_mask_ratio: 0.0723 (0.0715)  actual_prediction_mask_ratio: 0.2362 (0.2311)  ignored_patch_ratio: 0.0215 (0.0214)  time: 0.1162  data: 0.0001  max mem: 1904
[17:26:23.977396] Epoch: [18]  [ 340/1098]  eta: 0:01:26  lr: 0.000009  loss: 0.0060 (0.0316)  mae_m_mask: 0.4368 (0.4512)  rmse_m_mask: 0.5338 (0.6030)  normalized_mse_mask: 0.0060 (0.0316)  rmse_m_all: 11.5662 (11.9664)  actual_mask_ratio: 0.0721 (0.0715)  actual_prediction_mask_ratio: 0.2318 (0.2312)  ignored_patch_ratio: 0.0227 (0.0214)  time: 0.1160  data: 0.0001  max mem: 1904
[17:26:26.322219] Epoch: [18]  [ 360/1098]  eta: 0:01:23  lr: 0.000009  loss: 0.0212 (0.0332)  mae_m_mask: 0.3966 (0.4491)  rmse_m_mask: 0.5225 (0.6006)  normalized_mse_mask: 0.0212 (0.0332)  rmse_m_all: 12.4771 (12.0299)  actual_mask_ratio: 0.0720 (0.0715)  actual_prediction_mask_ratio: 0.2281 (0.2312)  ignored_patch_ratio: 0.0215 (0.0216)  time: 0.1172  data: 0.0001  max mem: 1904
[17:26:28.654298] Epoch: [18]  [ 380/1098]  eta: 0:01:21  lr: 0.000009  loss: 0.0094 (0.0337)  mae_m_mask: 0.4142 (0.4498)  rmse_m_mask: 0.5351 (0.6006)  normalized_mse_mask: 0.0094 (0.0337)  rmse_m_all: 11.6884 (12.0085)  actual_mask_ratio: 0.0722 (0.0716)  actual_prediction_mask_ratio: 0.2331 (0.2314)  ignored_patch_ratio: 0.0176 (0.0215)  time: 0.1166  data: 0.0001  max mem: 1904
[17:26:30.988533] Epoch: [18]  [ 400/1098]  eta: 0:01:19  lr: 0.000009  loss: 0.0158 (0.0339)  mae_m_mask: 0.4994 (0.4524)  rmse_m_mask: 0.6118 (0.6023)  normalized_mse_mask: 0.0158 (0.0339)  rmse_m_all: 12.1633 (12.0266)  actual_mask_ratio: 0.0698 (0.0716)  actual_prediction_mask_ratio: 0.2347 (0.2316)  ignored_patch_ratio: 0.0198 (0.0215)  time: 0.1167  data: 0.0001  max mem: 1904
[17:26:33.321335] Epoch: [18]  [ 420/1098]  eta: 0:01:17  lr: 0.000009  loss: 0.0119 (0.0338)  mae_m_mask: 0.4925 (0.4541)  rmse_m_mask: 0.5840 (0.6049)  normalized_mse_mask: 0.0119 (0.0338)  rmse_m_all: 10.8629 (11.9600)  actual_mask_ratio: 0.0731 (0.0716)  actual_prediction_mask_ratio: 0.2349 (0.2316)  ignored_patch_ratio: 0.0159 (0.0213)  time: 0.1166  data: 0.0001  max mem: 1904
[17:26:35.651020] Epoch: [18]  [ 440/1098]  eta: 0:01:15  lr: 0.000009  loss: 0.0258 (0.0339)  mae_m_mask: 0.4272 (0.4542)  rmse_m_mask: 0.6131 (0.6058)  normalized_mse_mask: 0.0258 (0.0339)  rmse_m_all: 11.4892 (11.9433)  actual_mask_ratio: 0.0749 (0.0718)  actual_prediction_mask_ratio: 0.2437 (0.2322)  ignored_patch_ratio: 0.0227 (0.0213)  time: 0.1164  data: 0.0001  max mem: 1904
[17:26:37.981316] Epoch: [18]  [ 460/1098]  eta: 0:01:12  lr: 0.000009  loss: 0.0304 (0.0346)  mae_m_mask: 0.4609 (0.4563)  rmse_m_mask: 0.6095 (0.6137)  normalized_mse_mask: 0.0304 (0.0346)  rmse_m_all: 9.9578 (11.8596)  actual_mask_ratio: 0.0745 (0.0718)  actual_prediction_mask_ratio: 0.2416 (0.2326)  ignored_patch_ratio: 0.0119 (0.0210)  time: 0.1165  data: 0.0001  max mem: 1904
[17:26:40.313129] Epoch: [18]  [ 480/1098]  eta: 0:01:10  lr: 0.000009  loss: 0.0228 (0.0347)  mae_m_mask: 0.3959 (0.4558)  rmse_m_mask: 0.4952 (0.6131)  normalized_mse_mask: 0.0228 (0.0347)  rmse_m_all: 13.0444 (11.9093)  actual_mask_ratio: 0.0738 (0.0719)  actual_prediction_mask_ratio: 0.2322 (0.2327)  ignored_patch_ratio: 0.0210 (0.0210)  time: 0.1166  data: 0.0001  max mem: 1904
[17:26:42.641336] Epoch: [18]  [ 500/1098]  eta: 0:01:08  lr: 0.000009  loss: 0.0113 (0.0349)  mae_m_mask: 0.4049 (0.4567)  rmse_m_mask: 0.5062 (0.6131)  normalized_mse_mask: 0.0113 (0.0349)  rmse_m_all: 12.0147 (11.9279)  actual_mask_ratio: 0.0730 (0.0720)  actual_prediction_mask_ratio: 0.2287 (0.2326)  ignored_patch_ratio: 0.0249 (0.0211)  time: 0.1164  data: 0.0001  max mem: 1904
[17:26:44.973954] Epoch: [18]  [ 520/1098]  eta: 0:01:06  lr: 0.000009  loss: 0.0156 (0.0347)  mae_m_mask: 0.3217 (0.4535)  rmse_m_mask: 0.4734 (0.6092)  normalized_mse_mask: 0.0156 (0.0347)  rmse_m_all: 11.3588 (11.9073)  actual_mask_ratio: 0.0721 (0.0720)  actual_prediction_mask_ratio: 0.2334 (0.2327)  ignored_patch_ratio: 0.0159 (0.0210)  time: 0.1166  data: 0.0001  max mem: 1904
[17:26:47.301430] Epoch: [18]  [ 540/1098]  eta: 0:01:03  lr: 0.000009  loss: 0.0073 (0.0343)  mae_m_mask: 0.3400 (0.4509)  rmse_m_mask: 0.4849 (0.6070)  normalized_mse_mask: 0.0073 (0.0343)  rmse_m_all: 11.8703 (11.9115)  actual_mask_ratio: 0.0695 (0.0719)  actual_prediction_mask_ratio: 0.2254 (0.2325)  ignored_patch_ratio: 0.0193 (0.0211)  time: 0.1163  data: 0.0001  max mem: 1904
[17:26:49.630718] Epoch: [18]  [ 560/1098]  eta: 0:01:01  lr: 0.000009  loss: 0.0097 (0.0341)  mae_m_mask: 0.3307 (0.4488)  rmse_m_mask: 0.5032 (0.6048)  normalized_mse_mask: 0.0097 (0.0341)  rmse_m_all: 12.5007 (11.9302)  actual_mask_ratio: 0.0739 (0.0720)  actual_prediction_mask_ratio: 0.2302 (0.2325)  ignored_patch_ratio: 0.0164 (0.0210)  time: 0.1164  data: 0.0001  max mem: 1904
[17:26:51.958441] Epoch: [18]  [ 580/1098]  eta: 0:00:59  lr: 0.000009  loss: 0.0066 (0.0339)  mae_m_mask: 0.4577 (0.4493)  rmse_m_mask: 0.5889 (0.6053)  normalized_mse_mask: 0.0066 (0.0339)  rmse_m_all: 11.7292 (11.9120)  actual_mask_ratio: 0.0730 (0.0720)  actual_prediction_mask_ratio: 0.2319 (0.2326)  ignored_patch_ratio: 0.0147 (0.0209)  time: 0.1164  data: 0.0001  max mem: 1904
[17:26:54.293648] Epoch: [18]  [ 600/1098]  eta: 0:00:57  lr: 0.000009  loss: 0.0135 (0.0336)  mae_m_mask: 0.3986 (0.4506)  rmse_m_mask: 0.5460 (0.6064)  normalized_mse_mask: 0.0135 (0.0336)  rmse_m_all: 11.4528 (11.8886)  actual_mask_ratio: 0.0698 (0.0720)  actual_prediction_mask_ratio: 0.2193 (0.2323)  ignored_patch_ratio: 0.0204 (0.0208)  time: 0.1167  data: 0.0001  max mem: 1904
[17:26:56.621898] Epoch: [18]  [ 620/1098]  eta: 0:00:54  lr: 0.000009  loss: 0.0085 (0.0333)  mae_m_mask: 0.4053 (0.4502)  rmse_m_mask: 0.5285 (0.6052)  normalized_mse_mask: 0.0085 (0.0333)  rmse_m_all: 12.1526 (11.8884)  actual_mask_ratio: 0.0721 (0.0720)  actual_prediction_mask_ratio: 0.2255 (0.2322)  ignored_patch_ratio: 0.0295 (0.0210)  time: 0.1164  data: 0.0001  max mem: 1904
[17:26:58.953635] Epoch: [18]  [ 640/1098]  eta: 0:00:52  lr: 0.000009  loss: 0.0037 (0.0333)  mae_m_mask: 0.4288 (0.4501)  rmse_m_mask: 0.5832 (0.6065)  normalized_mse_mask: 0.0037 (0.0333)  rmse_m_all: 11.7884 (11.8799)  actual_mask_ratio: 0.0733 (0.0720)  actual_prediction_mask_ratio: 0.2347 (0.2323)  ignored_patch_ratio: 0.0187 (0.0210)  time: 0.1165  data: 0.0001  max mem: 1904
[17:27:01.284277] Epoch: [18]  [ 660/1098]  eta: 0:00:50  lr: 0.000009  loss: 0.0174 (0.0337)  mae_m_mask: 0.3745 (0.4485)  rmse_m_mask: 0.4542 (0.6043)  normalized_mse_mask: 0.0174 (0.0337)  rmse_m_all: 11.4491 (11.8758)  actual_mask_ratio: 0.0721 (0.0720)  actual_prediction_mask_ratio: 0.2382 (0.2323)  ignored_patch_ratio: 0.0204 (0.0210)  time: 0.1165  data: 0.0001  max mem: 1904
[17:27:03.611621] Epoch: [18]  [ 680/1098]  eta: 0:00:48  lr: 0.000009  loss: 0.0054 (0.0341)  mae_m_mask: 0.3690 (0.4476)  rmse_m_mask: 0.4802 (0.6025)  normalized_mse_mask: 0.0054 (0.0341)  rmse_m_all: 12.5483 (11.9006)  actual_mask_ratio: 0.0718 (0.0720)  actual_prediction_mask_ratio: 0.2327 (0.2325)  ignored_patch_ratio: 0.0215 (0.0211)  time: 0.1163  data: 0.0001  max mem: 1904
[17:27:05.941195] Epoch: [18]  [ 700/1098]  eta: 0:00:45  lr: 0.000009  loss: 0.0052 (0.0341)  mae_m_mask: 0.4089 (0.4467)  rmse_m_mask: 0.5114 (0.6005)  normalized_mse_mask: 0.0052 (0.0341)  rmse_m_all: 10.6277 (11.8742)  actual_mask_ratio: 0.0700 (0.0720)  actual_prediction_mask_ratio: 0.2385 (0.2326)  ignored_patch_ratio: 0.0153 (0.0211)  time: 0.1164  data: 0.0001  max mem: 1904
[17:27:08.240775] Epoch: [18]  [ 720/1098]  eta: 0:00:43  lr: 0.000009  loss: 0.0046 (0.0339)  mae_m_mask: 0.3845 (0.4460)  rmse_m_mask: 0.5171 (0.5995)  normalized_mse_mask: 0.0046 (0.0339)  rmse_m_all: 12.5189 (11.8796)  actual_mask_ratio: 0.0710 (0.0719)  actual_prediction_mask_ratio: 0.2365 (0.2326)  ignored_patch_ratio: 0.0198 (0.0212)  time: 0.1149  data: 0.0001  max mem: 1904
[17:27:10.557323] Epoch: [18]  [ 740/1098]  eta: 0:00:41  lr: 0.000009  loss: 0.0029 (0.0336)  mae_m_mask: 0.5229 (0.4480)  rmse_m_mask: 0.7240 (0.6024)  normalized_mse_mask: 0.0029 (0.0336)  rmse_m_all: 13.0282 (11.9033)  actual_mask_ratio: 0.0727 (0.0720)  actual_prediction_mask_ratio: 0.2284 (0.2326)  ignored_patch_ratio: 0.0176 (0.0212)  time: 0.1158  data: 0.0001  max mem: 1904
[17:27:12.890294] Epoch: [18]  [ 760/1098]  eta: 0:00:38  lr: 0.000009  loss: 0.0112 (0.0334)  mae_m_mask: 0.4235 (0.4480)  rmse_m_mask: 0.5312 (0.6021)  normalized_mse_mask: 0.0112 (0.0334)  rmse_m_all: 11.1138 (11.8882)  actual_mask_ratio: 0.0702 (0.0719)  actual_prediction_mask_ratio: 0.2332 (0.2326)  ignored_patch_ratio: 0.0193 (0.0211)  time: 0.1166  data: 0.0001  max mem: 1904
[17:27:15.201749] Epoch: [18]  [ 780/1098]  eta: 0:00:36  lr: 0.000009  loss: 0.0031 (0.0331)  mae_m_mask: 0.3262 (0.4463)  rmse_m_mask: 0.4255 (0.5998)  normalized_mse_mask: 0.0031 (0.0331)  rmse_m_all: 11.5322 (11.8812)  actual_mask_ratio: 0.0711 (0.0719)  actual_prediction_mask_ratio: 0.2267 (0.2325)  ignored_patch_ratio: 0.0204 (0.0211)  time: 0.1155  data: 0.0001  max mem: 1904
[17:27:17.514701] Epoch: [18]  [ 800/1098]  eta: 0:00:34  lr: 0.000009  loss: 0.0188 (0.0331)  mae_m_mask: 0.3232 (0.4450)  rmse_m_mask: 0.4444 (0.5977)  normalized_mse_mask: 0.0188 (0.0331)  rmse_m_all: 11.0983 (11.8714)  actual_mask_ratio: 0.0731 (0.0720)  actual_prediction_mask_ratio: 0.2368 (0.2327)  ignored_patch_ratio: 0.0198 (0.0210)  time: 0.1156  data: 0.0001  max mem: 1904
[17:27:19.838120] Epoch: [18]  [ 820/1098]  eta: 0:00:32  lr: 0.000009  loss: 0.0108 (0.0330)  mae_m_mask: 0.3460 (0.4447)  rmse_m_mask: 0.5039 (0.5970)  normalized_mse_mask: 0.0108 (0.0330)  rmse_m_all: 10.9344 (11.8666)  actual_mask_ratio: 0.0736 (0.0719)  actual_prediction_mask_ratio: 0.2338 (0.2325)  ignored_patch_ratio: 0.0204 (0.0212)  time: 0.1161  data: 0.0001  max mem: 1904
[17:27:22.144612] Epoch: [18]  [ 840/1098]  eta: 0:00:29  lr: 0.000009  loss: 0.0122 (0.0329)  mae_m_mask: 0.2927 (0.4431)  rmse_m_mask: 0.3987 (0.5940)  normalized_mse_mask: 0.0122 (0.0329)  rmse_m_all: 11.0859 (11.8391)  actual_mask_ratio: 0.0718 (0.0719)  actual_prediction_mask_ratio: 0.2364 (0.2325)  ignored_patch_ratio: 0.0091 (0.0211)  time: 0.1153  data: 0.0001  max mem: 1904
[17:27:24.455802] Epoch: [18]  [ 860/1098]  eta: 0:00:27  lr: 0.000009  loss: 0.0307 (0.0332)  mae_m_mask: 0.3770 (0.4440)  rmse_m_mask: 0.5219 (0.5949)  normalized_mse_mask: 0.0307 (0.0332)  rmse_m_all: 12.2003 (11.8625)  actual_mask_ratio: 0.0709 (0.0719)  actual_prediction_mask_ratio: 0.2299 (0.2325)  ignored_patch_ratio: 0.0176 (0.0211)  time: 0.1155  data: 0.0001  max mem: 1904
[17:27:26.768824] Epoch: [18]  [ 880/1098]  eta: 0:00:25  lr: 0.000009  loss: 0.0029 (0.0328)  mae_m_mask: 0.5298 (0.4460)  rmse_m_mask: 0.6438 (0.5973)  normalized_mse_mask: 0.0029 (0.0328)  rmse_m_all: 11.0798 (11.8812)  actual_mask_ratio: 0.0691 (0.0718)  actual_prediction_mask_ratio: 0.2364 (0.2325)  ignored_patch_ratio: 0.0198 (0.0212)  time: 0.1156  data: 0.0001  max mem: 1904
[17:27:29.073123] Epoch: [18]  [ 900/1098]  eta: 0:00:22  lr: 0.000009  loss: 0.0065 (0.0325)  mae_m_mask: 0.3823 (0.4464)  rmse_m_mask: 0.5036 (0.5977)  normalized_mse_mask: 0.0065 (0.0325)  rmse_m_all: 10.9587 (11.8811)  actual_mask_ratio: 0.0686 (0.0718)  actual_prediction_mask_ratio: 0.2373 (0.2325)  ignored_patch_ratio: 0.0215 (0.0212)  time: 0.1152  data: 0.0001  max mem: 1904
[17:27:31.298327] Epoch: [18]  [ 920/1098]  eta: 0:00:20  lr: 0.000009  loss: 0.0135 (0.0324)  mae_m_mask: 0.4458 (0.4467)  rmse_m_mask: 0.6268 (0.5978)  normalized_mse_mask: 0.0135 (0.0324)  rmse_m_all: 11.9239 (11.9040)  actual_mask_ratio: 0.0695 (0.0718)  actual_prediction_mask_ratio: 0.2222 (0.2323)  ignored_patch_ratio: 0.0221 (0.0213)  time: 0.1112  data: 0.0001  max mem: 1904
[17:27:33.541496] Epoch: [18]  [ 940/1098]  eta: 0:00:18  lr: 0.000009  loss: 0.0168 (0.0326)  mae_m_mask: 0.4048 (0.4460)  rmse_m_mask: 0.5160 (0.5966)  normalized_mse_mask: 0.0168 (0.0326)  rmse_m_all: 11.6407 (11.9012)  actual_mask_ratio: 0.0711 (0.0717)  actual_prediction_mask_ratio: 0.2253 (0.2322)  ignored_patch_ratio: 0.0249 (0.0214)  time: 0.1121  data: 0.0001  max mem: 1904
[17:27:35.782161] Epoch: [18]  [ 960/1098]  eta: 0:00:15  lr: 0.000009  loss: 0.0221 (0.0327)  mae_m_mask: 0.4050 (0.4459)  rmse_m_mask: 0.5839 (0.5963)  normalized_mse_mask: 0.0221 (0.0327)  rmse_m_all: 10.7649 (11.8684)  actual_mask_ratio: 0.0718 (0.0718)  actual_prediction_mask_ratio: 0.2375 (0.2323)  ignored_patch_ratio: 0.0102 (0.0213)  time: 0.1120  data: 0.0001  max mem: 1904
[17:27:38.015277] Epoch: [18]  [ 980/1098]  eta: 0:00:13  lr: 0.000009  loss: 0.0092 (0.0330)  mae_m_mask: 0.3894 (0.4450)  rmse_m_mask: 0.5563 (0.5958)  normalized_mse_mask: 0.0092 (0.0330)  rmse_m_all: 12.7857 (11.8748)  actual_mask_ratio: 0.0718 (0.0718)  actual_prediction_mask_ratio: 0.2327 (0.2323)  ignored_patch_ratio: 0.0187 (0.0214)  time: 0.1116  data: 0.0001  max mem: 1904
[17:27:40.215058] Epoch: [18]  [1000/1098]  eta: 0:00:11  lr: 0.000009  loss: 0.0037 (0.0326)  mae_m_mask: 0.3705 (0.4440)  rmse_m_mask: 0.4937 (0.5948)  normalized_mse_mask: 0.0037 (0.0326)  rmse_m_all: 13.2843 (11.8713)  actual_mask_ratio: 0.0727 (0.0718)  actual_prediction_mask_ratio: 0.2225 (0.2322)  ignored_patch_ratio: 0.0238 (0.0215)  time: 0.1100  data: 0.0001  max mem: 1904
[17:27:42.430089] Epoch: [18]  [1020/1098]  eta: 0:00:08  lr: 0.000009  loss: 0.0118 (0.0328)  mae_m_mask: 0.3605 (0.4433)  rmse_m_mask: 0.4770 (0.5938)  normalized_mse_mask: 0.0118 (0.0328)  rmse_m_all: 11.2140 (11.8576)  actual_mask_ratio: 0.0760 (0.0718)  actual_prediction_mask_ratio: 0.2374 (0.2323)  ignored_patch_ratio: 0.0176 (0.0214)  time: 0.1107  data: 0.0001  max mem: 1904
[17:27:44.589165] Epoch: [18]  [1040/1098]  eta: 0:00:06  lr: 0.000009  loss: 0.0273 (0.0330)  mae_m_mask: 0.4036 (0.4437)  rmse_m_mask: 0.5276 (0.5940)  normalized_mse_mask: 0.0273 (0.0330)  rmse_m_all: 11.6869 (11.8492)  actual_mask_ratio: 0.0717 (0.0718)  actual_prediction_mask_ratio: 0.2386 (0.2323)  ignored_patch_ratio: 0.0221 (0.0215)  time: 0.1079  data: 0.0001  max mem: 1904
[17:27:46.828223] Epoch: [18]  [1060/1098]  eta: 0:00:04  lr: 0.000009  loss: 0.0309 (0.0333)  mae_m_mask: 0.3637 (0.4445)  rmse_m_mask: 0.4447 (0.5944)  normalized_mse_mask: 0.0309 (0.0333)  rmse_m_all: 12.2452 (11.8560)  actual_mask_ratio: 0.0731 (0.0718)  actual_prediction_mask_ratio: 0.2296 (0.2323)  ignored_patch_ratio: 0.0215 (0.0215)  time: 0.1119  data: 0.0001  max mem: 1904
[17:27:49.028779] Epoch: [18]  [1080/1098]  eta: 0:00:02  lr: 0.000009  loss: 0.0207 (0.0335)  mae_m_mask: 0.3952 (0.4439)  rmse_m_mask: 0.5000 (0.5940)  normalized_mse_mask: 0.0207 (0.0335)  rmse_m_all: 10.6491 (11.8498)  actual_mask_ratio: 0.0724 (0.0718)  actual_prediction_mask_ratio: 0.2294 (0.2323)  ignored_patch_ratio: 0.0204 (0.0216)  time: 0.1100  data: 0.0001  max mem: 1904
[17:27:50.899607] Epoch: [18]  [1097/1098]  eta: 0:00:00  lr: 0.000009  loss: 0.0177 (0.0337)  mae_m_mask: 0.3990 (0.4445)  rmse_m_mask: 0.5552 (0.5946)  normalized_mse_mask: 0.0177 (0.0337)  rmse_m_all: 10.1458 (11.8564)  actual_mask_ratio: 0.0729 (0.0718)  actual_prediction_mask_ratio: 0.2316 (0.2323)  ignored_patch_ratio: 0.0176 (0.0216)  time: 0.1097  data: 0.0001  max mem: 1904
[17:27:50.941406] Epoch: [18] Total time: 0:02:05 (0.1145 s / it)
[17:27:50.941754] Averaged stats: {'lr': 9.43067350195384e-06, 'loss': 0.033550796447259446, 'mae_m_mask': 0.4406314075830994, 'rmse_m_mask': 0.6436654397440764, 'normalized_mse_mask': 0.033550796447259446, 'rmse_m_all': 11.856428428317246, 'actual_mask_ratio': 0.07183616148657378, 'actual_prediction_mask_ratio': 0.23232236296915618, 'ignored_patch_ratio': 0.021571366404792215, 'supervised_pixel_count': 21816230.0}
[17:27:51.121980] Val: [18]  [  0/194]  eta: 0:00:34  loss: 0.3110 (0.3110)  mae_m_mask: 0.5102 (0.5102)  rmse_m_mask: 0.6931 (0.6931)  normalized_mse_mask: 0.3110 (0.3110)  rmse_m_all: 1.0007 (1.0007)  actual_mask_ratio: 0.0709 (0.0709)  actual_prediction_mask_ratio: 0.2352 (0.2352)  ignored_patch_ratio: 0.0646 (0.0646)  time: 0.1776  data: 0.0883  max mem: 1904
[17:27:55.146080] Val: [18]  [ 50/194]  eta: 0:00:11  loss: 0.0117 (0.0705)  mae_m_mask: 0.5743 (0.6603)  rmse_m_mask: 0.7561 (0.8174)  normalized_mse_mask: 0.0117 (0.0705)  rmse_m_all: 9.5784 (7.3359)  actual_mask_ratio: 0.0626 (0.0699)  actual_prediction_mask_ratio: 0.2166 (0.2286)  ignored_patch_ratio: 0.0000 (0.0044)  time: 0.0752  data: 0.0001  max mem: 1904
[17:27:58.964384] Val: [18]  [100/194]  eta: 0:00:07  loss: 0.0293 (0.0712)  mae_m_mask: 0.6718 (0.6821)  rmse_m_mask: 0.8642 (0.8438)  normalized_mse_mask: 0.0293 (0.0712)  rmse_m_all: 4.6851 (7.0930)  actual_mask_ratio: 0.0590 (0.0682)  actual_prediction_mask_ratio: 0.2018 (0.2221)  ignored_patch_ratio: 0.0000 (0.0025)  time: 0.0559  data: 0.0001  max mem: 1904
[17:28:03.189447] Val: [18]  [150/194]  eta: 0:00:03  loss: 0.0047 (0.0665)  mae_m_mask: 0.8183 (0.7240)  rmse_m_mask: 1.0836 (0.8980)  normalized_mse_mask: 0.0047 (0.0665)  rmse_m_all: 13.7465 (7.8734)  actual_mask_ratio: 0.0697 (0.0675)  actual_prediction_mask_ratio: 0.2175 (0.2175)  ignored_patch_ratio: 0.0000 (0.0024)  time: 0.0851  data: 0.0001  max mem: 1904
[17:28:06.862603] Val: [18]  [193/194]  eta: 0:00:00  loss: 0.1309 (0.0765)  mae_m_mask: 0.6001 (0.7185)  rmse_m_mask: 0.7631 (0.8905)  normalized_mse_mask: 0.1309 (0.0765)  rmse_m_all: 1.3979 (8.3342)  actual_mask_ratio: 0.0624 (0.0663)  actual_prediction_mask_ratio: 0.1985 (0.2131)  ignored_patch_ratio: 0.0136 (0.0049)  time: 0.0854  data: 0.0001  max mem: 1904
[17:28:06.896204] Val: [18] Total time: 0:00:15 (0.0822 s / it)
[17:28:06.897255] val stats: {'loss': 0.0772663511764113, 'mae_m_mask': 0.7136896548294593, 'rmse_m_mask': 0.9246848134001706, 'normalized_mse_mask': 0.0772663511764113, 'rmse_m_all': 8.33416142015113, 'actual_mask_ratio': 0.06633703996302541, 'actual_prediction_mask_ratio': 0.21313334448435872, 'ignored_patch_ratio': 0.00489066925245462, 'supervised_pixel_count': 3944867.0}
[17:28:11.066285] log_dir: /tank/data/SFS/xinyis/data/bathymetry/MAE-Topography/Downstream_Task_Bathy/cross_validation_v5_Stage2NormMSE_MeterSelect/runs/holdout_Santiam_D004Stage2NormMSE_MeterSelect_D001NoDataSafe/train_stage2_normMSE_meterSelect_OR_SantiamRiverTB_Topobathy_1_D23_fromStage1Best_e120_lr1e-5_b4_acc4/tb
[17:28:11.247456] Epoch: [19]  [   0/1098]  eta: 0:03:18  lr: 0.000009  loss: 0.0050 (0.0050)  mae_m_mask: 0.6168 (0.6168)  rmse_m_mask: 0.8701 (0.8701)  normalized_mse_mask: 0.0050 (0.0050)  rmse_m_all: 11.2675 (11.2675)  actual_mask_ratio: 0.0741 (0.0741)  actual_prediction_mask_ratio: 0.2380 (0.2380)  ignored_patch_ratio: 0.0210 (0.0210)  time: 0.1805  data: 0.0768  max mem: 1904
[17:28:13.466930] Epoch: [19]  [  20/1098]  eta: 0:02:03  lr: 0.000009  loss: 0.0219 (0.0295)  mae_m_mask: 0.3763 (0.4236)  rmse_m_mask: 0.5223 (0.5743)  normalized_mse_mask: 0.0219 (0.0295)  rmse_m_all: 12.7516 (12.2038)  actual_mask_ratio: 0.0721 (0.0713)  actual_prediction_mask_ratio: 0.2271 (0.2262)  ignored_patch_ratio: 0.0261 (0.0289)  time: 0.1109  data: 0.0001  max mem: 1904
[17:28:15.707547] Epoch: [19]  [  40/1098]  eta: 0:01:59  lr: 0.000009  loss: 0.0069 (0.0227)  mae_m_mask: 0.3482 (0.4183)  rmse_m_mask: 0.4599 (0.5622)  normalized_mse_mask: 0.0069 (0.0227)  rmse_m_all: 11.2334 (12.0041)  actual_mask_ratio: 0.0688 (0.0704)  actual_prediction_mask_ratio: 0.2247 (0.2255)  ignored_patch_ratio: 0.0210 (0.0289)  time: 0.1120  data: 0.0001  max mem: 1904
[17:28:17.932685] Epoch: [19]  [  60/1098]  eta: 0:01:56  lr: 0.000009  loss: 0.0091 (0.0215)  mae_m_mask: 0.5173 (0.4364)  rmse_m_mask: 0.6387 (0.5740)  normalized_mse_mask: 0.0091 (0.0215)  rmse_m_all: 10.9727 (11.7070)  actual_mask_ratio: 0.0703 (0.0706)  actual_prediction_mask_ratio: 0.2366 (0.2287)  ignored_patch_ratio: 0.0159 (0.0262)  time: 0.1112  data: 0.0001  max mem: 1904
[17:28:20.194158] Epoch: [19]  [  80/1098]  eta: 0:01:54  lr: 0.000009  loss: 0.0088 (0.0229)  mae_m_mask: 0.3171 (0.4189)  rmse_m_mask: 0.3858 (0.5518)  normalized_mse_mask: 0.0088 (0.0229)  rmse_m_all: 11.0275 (11.4866)  actual_mask_ratio: 0.0714 (0.0710)  actual_prediction_mask_ratio: 0.2304 (0.2303)  ignored_patch_ratio: 0.0244 (0.0252)  time: 0.1130  data: 0.0001  max mem: 1904
[17:28:22.449871] Epoch: [19]  [ 100/1098]  eta: 0:01:52  lr: 0.000009  loss: 0.0024 (0.0256)  mae_m_mask: 0.3881 (0.4183)  rmse_m_mask: 0.4611 (0.5525)  normalized_mse_mask: 0.0024 (0.0256)  rmse_m_all: 10.9308 (11.5334)  actual_mask_ratio: 0.0727 (0.0713)  actual_prediction_mask_ratio: 0.2407 (0.2321)  ignored_patch_ratio: 0.0193 (0.0247)  time: 0.1128  data: 0.0001  max mem: 1904
[17:28:24.718931] Epoch: [19]  [ 120/1098]  eta: 0:01:50  lr: 0.000009  loss: 0.0363 (0.0295)  mae_m_mask: 0.3219 (0.4116)  rmse_m_mask: 0.4210 (0.5428)  normalized_mse_mask: 0.0363 (0.0295)  rmse_m_all: 9.8724 (11.5184)  actual_mask_ratio: 0.0731 (0.0717)  actual_prediction_mask_ratio: 0.2358 (0.2328)  ignored_patch_ratio: 0.0102 (0.0232)  time: 0.1134  data: 0.0001  max mem: 1904
[17:28:26.983888] Epoch: [19]  [ 140/1098]  eta: 0:01:48  lr: 0.000009  loss: 0.0114 (0.0284)  mae_m_mask: 0.3126 (0.4027)  rmse_m_mask: 0.4078 (0.5322)  normalized_mse_mask: 0.0114 (0.0284)  rmse_m_all: 11.8566 (11.4135)  actual_mask_ratio: 0.0732 (0.0717)  actual_prediction_mask_ratio: 0.2370 (0.2332)  ignored_patch_ratio: 0.0164 (0.0226)  time: 0.1132  data: 0.0001  max mem: 1904
[17:28:28.821253] Epoch: [19]  [ 160/1098]  eta: 0:01:43  lr: 0.000009  loss: 0.0089 (0.0277)  mae_m_mask: 0.3856 (0.4069)  rmse_m_mask: 0.4878 (0.5375)  normalized_mse_mask: 0.0089 (0.0277)  rmse_m_all: 12.6936 (11.6316)  actual_mask_ratio: 0.0685 (0.0716)  actual_prediction_mask_ratio: 0.2245 (0.2324)  ignored_patch_ratio: 0.0227 (0.0229)  time: 0.0918  data: 0.0001  max mem: 1904
[17:28:31.403798] Epoch: [19]  [ 180/1098]  eta: 0:01:43  lr: 0.000009  loss: 0.0316 (0.0284)  mae_m_mask: 0.4006 (0.4101)  rmse_m_mask: 0.5314 (0.5414)  normalized_mse_mask: 0.0316 (0.0284)  rmse_m_all: 12.4362 (11.7259)  actual_mask_ratio: 0.0715 (0.0716)  actual_prediction_mask_ratio: 0.2271 (0.2324)  ignored_patch_ratio: 0.0244 (0.0231)  time: 0.1291  data: 0.0495  max mem: 1904
[17:28:33.321767] Epoch: [19]  [ 200/1098]  eta: 0:01:39  lr: 0.000009  loss: 0.0141 (0.0301)  mae_m_mask: 0.3768 (0.4135)  rmse_m_mask: 0.5202 (0.5475)  normalized_mse_mask: 0.0141 (0.0301)  rmse_m_all: 10.0150 (11.6638)  actual_mask_ratio: 0.0734 (0.0718)  actual_prediction_mask_ratio: 0.2317 (0.2326)  ignored_patch_ratio: 0.0215 (0.0228)  time: 0.0959  data: 0.0001  max mem: 1904
[17:28:35.627320] Epoch: [19]  [ 220/1098]  eta: 0:01:37  lr: 0.000009  loss: 0.0101 (0.0326)  mae_m_mask: 0.4202 (0.4176)  rmse_m_mask: 0.5511 (0.5545)  normalized_mse_mask: 0.0101 (0.0326)  rmse_m_all: 12.8509 (11.6265)  actual_mask_ratio: 0.0698 (0.0715)  actual_prediction_mask_ratio: 0.2238 (0.2313)  ignored_patch_ratio: 0.0181 (0.0228)  time: 0.1152  data: 0.0001  max mem: 1904
[17:28:37.916435] Epoch: [19]  [ 240/1098]  eta: 0:01:35  lr: 0.000009  loss: 0.0030 (0.0333)  mae_m_mask: 0.4138 (0.4178)  rmse_m_mask: 0.5560 (0.5537)  normalized_mse_mask: 0.0030 (0.0333)  rmse_m_all: 13.0187 (11.7525)  actual_mask_ratio: 0.0727 (0.0716)  actual_prediction_mask_ratio: 0.2334 (0.2313)  ignored_patch_ratio: 0.0215 (0.0229)  time: 0.1144  data: 0.0001  max mem: 1904
[17:28:40.217273] Epoch: [19]  [ 260/1098]  eta: 0:01:33  lr: 0.000009  loss: 0.0187 (0.0332)  mae_m_mask: 0.4653 (0.4215)  rmse_m_mask: 0.6093 (0.5610)  normalized_mse_mask: 0.0187 (0.0332)  rmse_m_all: 12.8977 (11.7834)  actual_mask_ratio: 0.0731 (0.0716)  actual_prediction_mask_ratio: 0.2271 (0.2313)  ignored_patch_ratio: 0.0210 (0.0229)  time: 0.1150  data: 0.0001  max mem: 1904
[17:28:42.531733] Epoch: [19]  [ 280/1098]  eta: 0:01:31  lr: 0.000009  loss: 0.0100 (0.0342)  mae_m_mask: 0.4061 (0.4252)  rmse_m_mask: 0.5368 (0.5683)  normalized_mse_mask: 0.0100 (0.0342)  rmse_m_all: 10.1003 (11.7241)  actual_mask_ratio: 0.0705 (0.0716)  actual_prediction_mask_ratio: 0.2330 (0.2312)  ignored_patch_ratio: 0.0187 (0.0226)  time: 0.1157  data: 0.0001  max mem: 1904
[17:28:44.846670] Epoch: [19]  [ 300/1098]  eta: 0:01:29  lr: 0.000009  loss: 0.0263 (0.0346)  mae_m_mask: 0.3926 (0.4251)  rmse_m_mask: 0.4714 (0.5687)  normalized_mse_mask: 0.0263 (0.0346)  rmse_m_all: 11.0345 (11.6678)  actual_mask_ratio: 0.0726 (0.0716)  actual_prediction_mask_ratio: 0.2364 (0.2316)  ignored_patch_ratio: 0.0181 (0.0225)  time: 0.1157  data: 0.0001  max mem: 1904
[17:28:48.098901] Epoch: [19]  [ 320/1098]  eta: 0:01:29  lr: 0.000009  loss: 0.0082 (0.0340)  mae_m_mask: 0.4164 (0.4256)  rmse_m_mask: 0.5590 (0.5692)  normalized_mse_mask: 0.0082 (0.0340)  rmse_m_all: 11.8715 (11.6278)  actual_mask_ratio: 0.0716 (0.0717)  actual_prediction_mask_ratio: 0.2300 (0.2316)  ignored_patch_ratio: 0.0204 (0.0223)  time: 0.1626  data: 0.0755  max mem: 1904
[17:28:51.960349] Epoch: [19]  [ 340/1098]  eta: 0:01:30  lr: 0.000009  loss: 0.0221 (0.0339)  mae_m_mask: 0.3780 (0.4244)  rmse_m_mask: 0.5336 (0.5674)  normalized_mse_mask: 0.0221 (0.0339)  rmse_m_all: 10.7938 (11.5979)  actual_mask_ratio: 0.0717 (0.0717)  actual_prediction_mask_ratio: 0.2375 (0.2319)  ignored_patch_ratio: 0.0119 (0.0221)  time: 0.1930  data: 0.1270  max mem: 1904
[17:28:54.348276] Epoch: [19]  [ 360/1098]  eta: 0:01:28  lr: 0.000009  loss: 0.0184 (0.0337)  mae_m_mask: 0.4040 (0.4240)  rmse_m_mask: 0.5379 (0.5685)  normalized_mse_mask: 0.0184 (0.0337)  rmse_m_all: 12.9589 (11.6563)  actual_mask_ratio: 0.0713 (0.0717)  actual_prediction_mask_ratio: 0.2282 (0.2318)  ignored_patch_ratio: 0.0187 (0.0219)  time: 0.1194  data: 0.0036  max mem: 1904
[17:28:56.647120] Epoch: [19]  [ 380/1098]  eta: 0:01:25  lr: 0.000009  loss: 0.0102 (0.0337)  mae_m_mask: 0.4021 (0.4249)  rmse_m_mask: 0.5475 (0.5696)  normalized_mse_mask: 0.0102 (0.0337)  rmse_m_all: 12.8349 (11.6953)  actual_mask_ratio: 0.0714 (0.0717)  actual_prediction_mask_ratio: 0.2280 (0.2317)  ignored_patch_ratio: 0.0187 (0.0220)  time: 0.1149  data: 0.0001  max mem: 1904
[17:28:58.945181] Epoch: [19]  [ 400/1098]  eta: 0:01:23  lr: 0.000009  loss: 0.0075 (0.0339)  mae_m_mask: 0.3958 (0.4244)  rmse_m_mask: 0.4935 (0.5683)  normalized_mse_mask: 0.0075 (0.0339)  rmse_m_all: 12.1332 (11.7281)  actual_mask_ratio: 0.0748 (0.0718)  actual_prediction_mask_ratio: 0.2370 (0.2320)  ignored_patch_ratio: 0.0221 (0.0221)  time: 0.1149  data: 0.0001  max mem: 1904
[17:29:01.277768] Epoch: [19]  [ 420/1098]  eta: 0:01:20  lr: 0.000009  loss: 0.0056 (0.0337)  mae_m_mask: 0.3916 (0.4232)  rmse_m_mask: 0.4976 (0.5665)  normalized_mse_mask: 0.0056 (0.0337)  rmse_m_all: 10.2892 (11.6839)  actual_mask_ratio: 0.0735 (0.0719)  actual_prediction_mask_ratio: 0.2360 (0.2323)  ignored_patch_ratio: 0.0108 (0.0219)  time: 0.1166  data: 0.0001  max mem: 1904
[17:29:03.613014] Epoch: [19]  [ 440/1098]  eta: 0:01:18  lr: 0.000009  loss: 0.0090 (0.0336)  mae_m_mask: 0.4474 (0.4242)  rmse_m_mask: 0.6047 (0.5683)  normalized_mse_mask: 0.0090 (0.0336)  rmse_m_all: 12.7522 (11.6534)  actual_mask_ratio: 0.0739 (0.0720)  actual_prediction_mask_ratio: 0.2353 (0.2325)  ignored_patch_ratio: 0.0164 (0.0219)  time: 0.1167  data: 0.0001  max mem: 1904
[17:29:05.903407] Epoch: [19]  [ 460/1098]  eta: 0:01:15  lr: 0.000009  loss: 0.0239 (0.0336)  mae_m_mask: 0.3893 (0.4256)  rmse_m_mask: 0.5504 (0.5724)  normalized_mse_mask: 0.0239 (0.0336)  rmse_m_all: 11.5875 (11.6898)  actual_mask_ratio: 0.0701 (0.0719)  actual_prediction_mask_ratio: 0.2294 (0.2323)  ignored_patch_ratio: 0.0204 (0.0220)  time: 0.1145  data: 0.0001  max mem: 1904
[17:29:08.239843] Epoch: [19]  [ 480/1098]  eta: 0:01:13  lr: 0.000009  loss: 0.0087 (0.0333)  mae_m_mask: 0.3249 (0.4230)  rmse_m_mask: 0.4351 (0.5691)  normalized_mse_mask: 0.0087 (0.0333)  rmse_m_all: 10.3922 (11.6284)  actual_mask_ratio: 0.0708 (0.0719)  actual_prediction_mask_ratio: 0.2319 (0.2322)  ignored_patch_ratio: 0.0176 (0.0219)  time: 0.1168  data: 0.0001  max mem: 1904
[17:29:10.560477] Epoch: [19]  [ 500/1098]  eta: 0:01:10  lr: 0.000009  loss: 0.0056 (0.0327)  mae_m_mask: 0.4270 (0.4240)  rmse_m_mask: 0.5481 (0.5705)  normalized_mse_mask: 0.0056 (0.0327)  rmse_m_all: 9.8777 (11.5859)  actual_mask_ratio: 0.0734 (0.0719)  actual_prediction_mask_ratio: 0.2282 (0.2323)  ignored_patch_ratio: 0.0176 (0.0218)  time: 0.1160  data: 0.0001  max mem: 1904
[17:29:12.859569] Epoch: [19]  [ 520/1098]  eta: 0:01:08  lr: 0.000009  loss: 0.0070 (0.0321)  mae_m_mask: 0.3349 (0.4240)  rmse_m_mask: 0.4978 (0.5713)  normalized_mse_mask: 0.0070 (0.0321)  rmse_m_all: 11.3762 (11.5797)  actual_mask_ratio: 0.0731 (0.0719)  actual_prediction_mask_ratio: 0.2345 (0.2322)  ignored_patch_ratio: 0.0193 (0.0218)  time: 0.1149  data: 0.0001  max mem: 1904
[17:29:15.192057] Epoch: [19]  [ 540/1098]  eta: 0:01:06  lr: 0.000009  loss: 0.0291 (0.0330)  mae_m_mask: 0.3927 (0.4234)  rmse_m_mask: 0.5101 (0.5703)  normalized_mse_mask: 0.0291 (0.0330)  rmse_m_all: 10.3810 (11.5455)  actual_mask_ratio: 0.0760 (0.0720)  actual_prediction_mask_ratio: 0.2390 (0.2324)  ignored_patch_ratio: 0.0215 (0.0218)  time: 0.1166  data: 0.0001  max mem: 1904
[17:29:17.525020] Epoch: [19]  [ 560/1098]  eta: 0:01:03  lr: 0.000009  loss: 0.0186 (0.0327)  mae_m_mask: 0.4071 (0.4237)  rmse_m_mask: 0.5093 (0.5700)  normalized_mse_mask: 0.0186 (0.0327)  rmse_m_all: 13.3538 (11.5710)  actual_mask_ratio: 0.0712 (0.0720)  actual_prediction_mask_ratio: 0.2344 (0.2324)  ignored_patch_ratio: 0.0198 (0.0219)  time: 0.1166  data: 0.0001  max mem: 1904
[17:29:19.857309] Epoch: [19]  [ 580/1098]  eta: 0:01:01  lr: 0.000009  loss: 0.0257 (0.0334)  mae_m_mask: 0.4390 (0.4245)  rmse_m_mask: 0.6400 (0.5719)  normalized_mse_mask: 0.0257 (0.0334)  rmse_m_all: 11.4331 (11.5503)  actual_mask_ratio: 0.0724 (0.0720)  actual_prediction_mask_ratio: 0.2382 (0.2327)  ignored_patch_ratio: 0.0210 (0.0218)  time: 0.1166  data: 0.0001  max mem: 1904
[17:29:22.198525] Epoch: [19]  [ 600/1098]  eta: 0:00:58  lr: 0.000009  loss: 0.0191 (0.0347)  mae_m_mask: 0.5070 (0.4283)  rmse_m_mask: 0.6988 (0.5783)  normalized_mse_mask: 0.0191 (0.0347)  rmse_m_all: 12.4053 (11.5816)  actual_mask_ratio: 0.0718 (0.0720)  actual_prediction_mask_ratio: 0.2303 (0.2326)  ignored_patch_ratio: 0.0210 (0.0218)  time: 0.1170  data: 0.0001  max mem: 1904
[17:29:24.533967] Epoch: [19]  [ 620/1098]  eta: 0:00:56  lr: 0.000009  loss: 0.0184 (0.0343)  mae_m_mask: 0.3394 (0.4273)  rmse_m_mask: 0.4473 (0.5772)  normalized_mse_mask: 0.0184 (0.0343)  rmse_m_all: 10.9546 (11.5620)  actual_mask_ratio: 0.0721 (0.0720)  actual_prediction_mask_ratio: 0.2305 (0.2326)  ignored_patch_ratio: 0.0164 (0.0218)  time: 0.1167  data: 0.0001  max mem: 1904
[17:29:26.866050] Epoch: [19]  [ 640/1098]  eta: 0:00:54  lr: 0.000009  loss: 0.0056 (0.0340)  mae_m_mask: 0.3883 (0.4289)  rmse_m_mask: 0.5709 (0.5794)  normalized_mse_mask: 0.0056 (0.0340)  rmse_m_all: 11.1178 (11.5728)  actual_mask_ratio: 0.0725 (0.0720)  actual_prediction_mask_ratio: 0.2343 (0.2326)  ignored_patch_ratio: 0.0147 (0.0216)  time: 0.1166  data: 0.0001  max mem: 1904
[17:29:29.199257] Epoch: [19]  [ 660/1098]  eta: 0:00:51  lr: 0.000009  loss: 0.0172 (0.0344)  mae_m_mask: 0.5053 (0.4321)  rmse_m_mask: 0.6385 (0.5843)  normalized_mse_mask: 0.0172 (0.0344)  rmse_m_all: 9.7898 (11.5706)  actual_mask_ratio: 0.0714 (0.0720)  actual_prediction_mask_ratio: 0.2343 (0.2326)  ignored_patch_ratio: 0.0164 (0.0216)  time: 0.1166  data: 0.0001  max mem: 1904
[17:29:31.528760] Epoch: [19]  [ 680/1098]  eta: 0:00:49  lr: 0.000009  loss: 0.0080 (0.0341)  mae_m_mask: 0.3919 (0.4330)  rmse_m_mask: 0.5333 (0.5850)  normalized_mse_mask: 0.0080 (0.0341)  rmse_m_all: 13.0128 (11.6019)  actual_mask_ratio: 0.0681 (0.0720)  actual_prediction_mask_ratio: 0.2282 (0.2324)  ignored_patch_ratio: 0.0249 (0.0217)  time: 0.1164  data: 0.0001  max mem: 1904
[17:29:33.858555] Epoch: [19]  [ 700/1098]  eta: 0:00:46  lr: 0.000009  loss: 0.0237 (0.0347)  mae_m_mask: 0.3703 (0.4328)  rmse_m_mask: 0.4720 (0.5843)  normalized_mse_mask: 0.0237 (0.0347)  rmse_m_all: 12.0129 (11.5883)  actual_mask_ratio: 0.0717 (0.0719)  actual_prediction_mask_ratio: 0.2386 (0.2325)  ignored_patch_ratio: 0.0221 (0.0217)  time: 0.1165  data: 0.0001  max mem: 1904
[17:29:36.190505] Epoch: [19]  [ 720/1098]  eta: 0:00:44  lr: 0.000009  loss: 0.0025 (0.0342)  mae_m_mask: 0.4061 (0.4333)  rmse_m_mask: 0.5373 (0.5841)  normalized_mse_mask: 0.0025 (0.0342)  rmse_m_all: 11.2608 (11.5980)  actual_mask_ratio: 0.0718 (0.0719)  actual_prediction_mask_ratio: 0.2297 (0.2325)  ignored_patch_ratio: 0.0147 (0.0216)  time: 0.1166  data: 0.0001  max mem: 1904
[17:29:38.521238] Epoch: [19]  [ 740/1098]  eta: 0:00:42  lr: 0.000009  loss: 0.0139 (0.0342)  mae_m_mask: 0.4069 (0.4355)  rmse_m_mask: 0.5375 (0.5863)  normalized_mse_mask: 0.0139 (0.0342)  rmse_m_all: 13.0751 (11.6204)  actual_mask_ratio: 0.0715 (0.0719)  actual_prediction_mask_ratio: 0.2364 (0.2325)  ignored_patch_ratio: 0.0170 (0.0216)  time: 0.1165  data: 0.0001  max mem: 1904
[17:29:40.857479] Epoch: [19]  [ 760/1098]  eta: 0:00:39  lr: 0.000009  loss: 0.0057 (0.0340)  mae_m_mask: 0.4082 (0.4355)  rmse_m_mask: 0.5002 (0.5854)  normalized_mse_mask: 0.0057 (0.0340)  rmse_m_all: 13.3384 (11.6380)  actual_mask_ratio: 0.0713 (0.0719)  actual_prediction_mask_ratio: 0.2256 (0.2324)  ignored_patch_ratio: 0.0181 (0.0216)  time: 0.1168  data: 0.0001  max mem: 1904
[17:29:43.190587] Epoch: [19]  [ 780/1098]  eta: 0:00:37  lr: 0.000009  loss: 0.0090 (0.0337)  mae_m_mask: 0.4872 (0.4365)  rmse_m_mask: 0.6366 (0.5864)  normalized_mse_mask: 0.0090 (0.0337)  rmse_m_all: 12.1838 (11.6516)  actual_mask_ratio: 0.0706 (0.0718)  actual_prediction_mask_ratio: 0.2281 (0.2323)  ignored_patch_ratio: 0.0261 (0.0217)  time: 0.1166  data: 0.0001  max mem: 1904
[17:29:45.524565] Epoch: [19]  [ 800/1098]  eta: 0:00:35  lr: 0.000009  loss: 0.0142 (0.0343)  mae_m_mask: 0.4444 (0.4368)  rmse_m_mask: 0.5925 (0.5862)  normalized_mse_mask: 0.0142 (0.0343)  rmse_m_all: 13.5654 (11.6821)  actual_mask_ratio: 0.0718 (0.0719)  actual_prediction_mask_ratio: 0.2295 (0.2324)  ignored_patch_ratio: 0.0193 (0.0218)  time: 0.1167  data: 0.0001  max mem: 1904
[17:29:47.861329] Epoch: [19]  [ 820/1098]  eta: 0:00:32  lr: 0.000009  loss: 0.0110 (0.0343)  mae_m_mask: 0.3242 (0.4356)  rmse_m_mask: 0.4375 (0.5840)  normalized_mse_mask: 0.0110 (0.0343)  rmse_m_all: 11.4870 (11.6812)  actual_mask_ratio: 0.0714 (0.0718)  actual_prediction_mask_ratio: 0.2302 (0.2324)  ignored_patch_ratio: 0.0125 (0.0216)  time: 0.1168  data: 0.0001  max mem: 1904
[17:29:50.194089] Epoch: [19]  [ 840/1098]  eta: 0:00:30  lr: 0.000009  loss: 0.0127 (0.0341)  mae_m_mask: 0.3851 (0.4352)  rmse_m_mask: 0.4991 (0.5841)  normalized_mse_mask: 0.0127 (0.0341)  rmse_m_all: 12.9358 (11.6766)  actual_mask_ratio: 0.0720 (0.0718)  actual_prediction_mask_ratio: 0.2334 (0.2325)  ignored_patch_ratio: 0.0181 (0.0215)  time: 0.1166  data: 0.0001  max mem: 1904
[17:29:52.524194] Epoch: [19]  [ 860/1098]  eta: 0:00:28  lr: 0.000009  loss: 0.0024 (0.0343)  mae_m_mask: 0.4440 (0.4355)  rmse_m_mask: 0.6004 (0.5856)  normalized_mse_mask: 0.0024 (0.0343)  rmse_m_all: 12.2997 (11.7066)  actual_mask_ratio: 0.0704 (0.0718)  actual_prediction_mask_ratio: 0.2303 (0.2324)  ignored_patch_ratio: 0.0204 (0.0216)  time: 0.1165  data: 0.0001  max mem: 1904
[17:29:54.859399] Epoch: [19]  [ 880/1098]  eta: 0:00:25  lr: 0.000009  loss: 0.0051 (0.0338)  mae_m_mask: 0.3503 (0.4350)  rmse_m_mask: 0.4425 (0.5849)  normalized_mse_mask: 0.0051 (0.0338)  rmse_m_all: 12.6407 (11.7160)  actual_mask_ratio: 0.0698 (0.0718)  actual_prediction_mask_ratio: 0.2326 (0.2324)  ignored_patch_ratio: 0.0153 (0.0216)  time: 0.1167  data: 0.0001  max mem: 1904
[17:29:57.145798] Epoch: [19]  [ 900/1098]  eta: 0:00:23  lr: 0.000009  loss: 0.0115 (0.0336)  mae_m_mask: 0.4651 (0.4356)  rmse_m_mask: 0.6309 (0.5859)  normalized_mse_mask: 0.0115 (0.0336)  rmse_m_all: 12.3845 (11.7376)  actual_mask_ratio: 0.0733 (0.0718)  actual_prediction_mask_ratio: 0.2389 (0.2324)  ignored_patch_ratio: 0.0221 (0.0217)  time: 0.1143  data: 0.0001  max mem: 1904
[17:29:59.387702] Epoch: [19]  [ 920/1098]  eta: 0:00:20  lr: 0.000009  loss: 0.0129 (0.0341)  mae_m_mask: 0.4007 (0.4359)  rmse_m_mask: 0.5249 (0.5861)  normalized_mse_mask: 0.0129 (0.0341)  rmse_m_all: 12.7942 (11.7642)  actual_mask_ratio: 0.0722 (0.0718)  actual_prediction_mask_ratio: 0.2343 (0.2325)  ignored_patch_ratio: 0.0198 (0.0217)  time: 0.1121  data: 0.0001  max mem: 1904
[17:30:01.625933] Epoch: [19]  [ 940/1098]  eta: 0:00:18  lr: 0.000009  loss: 0.0069 (0.0338)  mae_m_mask: 0.5227 (0.4378)  rmse_m_mask: 0.7019 (0.5889)  normalized_mse_mask: 0.0069 (0.0338)  rmse_m_all: 13.5011 (11.7955)  actual_mask_ratio: 0.0684 (0.0718)  actual_prediction_mask_ratio: 0.2223 (0.2323)  ignored_patch_ratio: 0.0210 (0.0217)  time: 0.1119  data: 0.0001  max mem: 1904
[17:30:03.776763] Epoch: [19]  [ 960/1098]  eta: 0:00:16  lr: 0.000009  loss: 0.0100 (0.0341)  mae_m_mask: 0.4326 (0.4384)  rmse_m_mask: 0.5228 (0.5896)  normalized_mse_mask: 0.0100 (0.0341)  rmse_m_all: 12.7459 (11.8182)  actual_mask_ratio: 0.0714 (0.0717)  actual_prediction_mask_ratio: 0.2297 (0.2323)  ignored_patch_ratio: 0.0204 (0.0218)  time: 0.1075  data: 0.0001  max mem: 1904
[17:30:05.976315] Epoch: [19]  [ 980/1098]  eta: 0:00:13  lr: 0.000009  loss: 0.0180 (0.0338)  mae_m_mask: 0.3323 (0.4379)  rmse_m_mask: 0.5285 (0.5889)  normalized_mse_mask: 0.0180 (0.0338)  rmse_m_all: 10.8203 (11.8047)  actual_mask_ratio: 0.0739 (0.0718)  actual_prediction_mask_ratio: 0.2350 (0.2324)  ignored_patch_ratio: 0.0176 (0.0218)  time: 0.1099  data: 0.0001  max mem: 1904
[17:30:08.175446] Epoch: [19]  [1000/1098]  eta: 0:00:11  lr: 0.000009  loss: 0.0135 (0.0336)  mae_m_mask: 0.4085 (0.4377)  rmse_m_mask: 0.5668 (0.5885)  normalized_mse_mask: 0.0135 (0.0336)  rmse_m_all: 12.2643 (11.7980)  actual_mask_ratio: 0.0734 (0.0718)  actual_prediction_mask_ratio: 0.2381 (0.2325)  ignored_patch_ratio: 0.0181 (0.0217)  time: 0.1099  data: 0.0001  max mem: 1904
[17:30:10.338059] Epoch: [19]  [1020/1098]  eta: 0:00:09  lr: 0.000009  loss: 0.0144 (0.0339)  mae_m_mask: 0.3525 (0.4370)  rmse_m_mask: 0.4842 (0.5875)  normalized_mse_mask: 0.0144 (0.0339)  rmse_m_all: 11.4977 (11.7717)  actual_mask_ratio: 0.0704 (0.0718)  actual_prediction_mask_ratio: 0.2255 (0.2324)  ignored_patch_ratio: 0.0147 (0.0217)  time: 0.1081  data: 0.0001  max mem: 1904
[17:30:12.571503] Epoch: [19]  [1040/1098]  eta: 0:00:06  lr: 0.000009  loss: 0.0190 (0.0340)  mae_m_mask: 0.3743 (0.4368)  rmse_m_mask: 0.5001 (0.5881)  normalized_mse_mask: 0.0190 (0.0340)  rmse_m_all: 11.8254 (11.7556)  actual_mask_ratio: 0.0752 (0.0718)  actual_prediction_mask_ratio: 0.2300 (0.2324)  ignored_patch_ratio: 0.0176 (0.0217)  time: 0.1116  data: 0.0001  max mem: 1904
[17:30:14.769095] Epoch: [19]  [1060/1098]  eta: 0:00:04  lr: 0.000009  loss: 0.0137 (0.0343)  mae_m_mask: 0.4024 (0.4374)  rmse_m_mask: 0.5220 (0.5886)  normalized_mse_mask: 0.0137 (0.0343)  rmse_m_all: 11.7229 (11.7744)  actual_mask_ratio: 0.0738 (0.0719)  actual_prediction_mask_ratio: 0.2369 (0.2325)  ignored_patch_ratio: 0.0164 (0.0216)  time: 0.1098  data: 0.0001  max mem: 1904
[17:30:16.972603] Epoch: [19]  [1080/1098]  eta: 0:00:02  lr: 0.000009  loss: 0.0080 (0.0339)  mae_m_mask: 0.4725 (0.4393)  rmse_m_mask: 0.6224 (0.5909)  normalized_mse_mask: 0.0080 (0.0339)  rmse_m_all: 13.7953 (11.8180)  actual_mask_ratio: 0.0701 (0.0718)  actual_prediction_mask_ratio: 0.2254 (0.2324)  ignored_patch_ratio: 0.0170 (0.0216)  time: 0.1101  data: 0.0001  max mem: 1904
[17:30:18.842583] Epoch: [19]  [1097/1098]  eta: 0:00:00  lr: 0.000009  loss: 0.0080 (0.0336)  mae_m_mask: 0.4386 (0.4400)  rmse_m_mask: 0.5182 (0.5918)  normalized_mse_mask: 0.0080 (0.0336)  rmse_m_all: 12.3046 (11.8256)  actual_mask_ratio: 0.0714 (0.0718)  actual_prediction_mask_ratio: 0.2284 (0.2323)  ignored_patch_ratio: 0.0153 (0.0216)  time: 0.1105  data: 0.0001  max mem: 1904
[17:30:18.969137] Epoch: [19] Total time: 0:02:07 (0.1165 s / it)
[17:30:18.970834] Averaged stats: {'lr': 9.368847123029067e-06, 'loss': 0.03287446323001298, 'mae_m_mask': 0.43729599659496265, 'rmse_m_mask': 0.6369747645905026, 'normalized_mse_mask': 0.03287446323001298, 'rmse_m_all': 11.825612297746437, 'actual_mask_ratio': 0.07183645689734452, 'actual_prediction_mask_ratio': 0.2323216480526985, 'ignored_patch_ratio': 0.021571367707625983, 'supervised_pixel_count': 21816230.0}
[17:30:19.141786] Val: [19]  [  0/194]  eta: 0:00:32  loss: 0.3311 (0.3311)  mae_m_mask: 0.5376 (0.5376)  rmse_m_mask: 0.7130 (0.7130)  normalized_mse_mask: 0.3311 (0.3311)  rmse_m_all: 1.0080 (1.0080)  actual_mask_ratio: 0.0709 (0.0709)  actual_prediction_mask_ratio: 0.2352 (0.2352)  ignored_patch_ratio: 0.0646 (0.0646)  time: 0.1678  data: 0.0868  max mem: 1904
[17:30:22.826012] Val: [19]  [ 50/194]  eta: 0:00:10  loss: 0.0127 (0.0722)  mae_m_mask: 0.5998 (0.6569)  rmse_m_mask: 0.7482 (0.8116)  normalized_mse_mask: 0.0127 (0.0722)  rmse_m_all: 9.5379 (7.3321)  actual_mask_ratio: 0.0626 (0.0699)  actual_prediction_mask_ratio: 0.2166 (0.2286)  ignored_patch_ratio: 0.0000 (0.0044)  time: 0.0571  data: 0.0001  max mem: 1904
[17:30:27.224653] Val: [19]  [100/194]  eta: 0:00:07  loss: 0.0350 (0.0726)  mae_m_mask: 0.6832 (0.6885)  rmse_m_mask: 0.8751 (0.8496)  normalized_mse_mask: 0.0350 (0.0726)  rmse_m_all: 4.7066 (7.0875)  actual_mask_ratio: 0.0590 (0.0682)  actual_prediction_mask_ratio: 0.2018 (0.2221)  ignored_patch_ratio: 0.0000 (0.0025)  time: 0.0855  data: 0.0001  max mem: 1904
[17:30:31.586350] Val: [19]  [150/194]  eta: 0:00:03  loss: 0.0053 (0.0676)  mae_m_mask: 0.8733 (0.7330)  rmse_m_mask: 1.0941 (0.9061)  normalized_mse_mask: 0.0053 (0.0676)  rmse_m_all: 13.7187 (7.8721)  actual_mask_ratio: 0.0697 (0.0675)  actual_prediction_mask_ratio: 0.2175 (0.2175)  ignored_patch_ratio: 0.0000 (0.0024)  time: 0.0874  data: 0.0001  max mem: 1904
[17:30:35.284843] Val: [19]  [193/194]  eta: 0:00:00  loss: 0.1296 (0.0769)  mae_m_mask: 0.6015 (0.7262)  rmse_m_mask: 0.7636 (0.8988)  normalized_mse_mask: 0.1296 (0.0769)  rmse_m_all: 1.4290 (8.3304)  actual_mask_ratio: 0.0624 (0.0663)  actual_prediction_mask_ratio: 0.1985 (0.2131)  ignored_patch_ratio: 0.0136 (0.0049)  time: 0.0849  data: 0.0001  max mem: 1904
[17:30:35.333480] Val: [19] Total time: 0:00:16 (0.0843 s / it)
[17:30:35.334623] val stats: {'loss': 0.07790076260463161, 'mae_m_mask': 0.721044278436007, 'rmse_m_mask': 0.934068269318073, 'normalized_mse_mask': 0.07790076260463161, 'rmse_m_all': 8.330409636202546, 'actual_mask_ratio': 0.06633703996302541, 'actual_prediction_mask_ratio': 0.21313334448435872, 'ignored_patch_ratio': 0.00489066925245462, 'supervised_pixel_count': 3944867.0}
[17:30:40.043023] log_dir: /tank/data/SFS/xinyis/data/bathymetry/MAE-Topography/Downstream_Task_Bathy/cross_validation_v5_Stage2NormMSE_MeterSelect/runs/holdout_Santiam_D004Stage2NormMSE_MeterSelect_D001NoDataSafe/train_stage2_normMSE_meterSelect_OR_SantiamRiverTB_Topobathy_1_D23_fromStage1Best_e120_lr1e-5_b4_acc4/tb
[17:30:40.227212] Epoch: [20]  [   0/1098]  eta: 0:03:21  lr: 0.000009  loss: 0.0010 (0.0010)  mae_m_mask: 0.4723 (0.4723)  rmse_m_mask: 0.6224 (0.6224)  normalized_mse_mask: 0.0010 (0.0010)  rmse_m_all: 12.6156 (12.6156)  actual_mask_ratio: 0.0760 (0.0760)  actual_prediction_mask_ratio: 0.2379 (0.2379)  ignored_patch_ratio: 0.0159 (0.0159)  time: 0.1836  data: 0.0768  max mem: 1904
[17:30:42.490441] Epoch: [20]  [  20/1098]  eta: 0:02:05  lr: 0.000009  loss: 0.0155 (0.0502)  mae_m_mask: 0.3623 (0.3971)  rmse_m_mask: 0.4447 (0.5086)  normalized_mse_mask: 0.0155 (0.0502)  rmse_m_all: 10.8084 (10.7947)  actual_mask_ratio: 0.0737 (0.0746)  actual_prediction_mask_ratio: 0.2293 (0.2367)  ignored_patch_ratio: 0.0170 (0.0188)  time: 0.1131  data: 0.0001  max mem: 1904
[17:30:44.749728] Epoch: [20]  [  40/1098]  eta: 0:02:01  lr: 0.000009  loss: 0.0148 (0.0523)  mae_m_mask: 0.3265 (0.3769)  rmse_m_mask: 0.4016 (0.4853)  normalized_mse_mask: 0.0148 (0.0523)  rmse_m_all: 9.6264 (10.4395)  actual_mask_ratio: 0.0699 (0.0723)  actual_prediction_mask_ratio: 0.2266 (0.2333)  ignored_patch_ratio: 0.0193 (0.0208)  time: 0.1129  data: 0.0001  max mem: 1904
[17:30:46.686504] Epoch: [20]  [  60/1098]  eta: 0:01:53  lr: 0.000009  loss: 0.0018 (0.0389)  mae_m_mask: 0.3772 (0.4032)  rmse_m_mask: 0.4720 (0.5219)  normalized_mse_mask: 0.0018 (0.0389)  rmse_m_all: 11.7175 (11.1433)  actual_mask_ratio: 0.0709 (0.0716)  actual_prediction_mask_ratio: 0.2289 (0.2320)  ignored_patch_ratio: 0.0232 (0.0214)  time: 0.0968  data: 0.0001  max mem: 1904
[17:30:48.254209] Epoch: [20]  [  80/1098]  eta: 0:01:43  lr: 0.000009  loss: 0.0066 (0.0329)  mae_m_mask: 0.3867 (0.4050)  rmse_m_mask: 0.5332 (0.5310)  normalized_mse_mask: 0.0066 (0.0329)  rmse_m_all: 11.4248 (11.0153)  actual_mask_ratio: 0.0727 (0.0718)  actual_prediction_mask_ratio: 0.2369 (0.2333)  ignored_patch_ratio: 0.0159 (0.0209)  time: 0.0784  data: 0.0001  max mem: 1904
[17:30:49.832461] Epoch: [20]  [ 100/1098]  eta: 0:01:36  lr: 0.000009  loss: 0.0107 (0.0321)  mae_m_mask: 0.3540 (0.4031)  rmse_m_mask: 0.5199 (0.5343)  normalized_mse_mask: 0.0107 (0.0321)  rmse_m_all: 11.2429 (11.0694)  actual_mask_ratio: 0.0715 (0.0717)  actual_prediction_mask_ratio: 0.2381 (0.2327)  ignored_patch_ratio: 0.0227 (0.0214)  time: 0.0789  data: 0.0001  max mem: 1904
[17:30:51.394311] Epoch: [20]  [ 120/1098]  eta: 0:01:31  lr: 0.000009  loss: 0.0128 (0.0329)  mae_m_mask: 0.3808 (0.4069)  rmse_m_mask: 0.4874 (0.5366)  normalized_mse_mask: 0.0128 (0.0329)  rmse_m_all: 11.0037 (11.1635)  actual_mask_ratio: 0.0715 (0.0719)  actual_prediction_mask_ratio: 0.2348 (0.2336)  ignored_patch_ratio: 0.0221 (0.0215)  time: 0.0781  data: 0.0001  max mem: 1904
[17:30:52.973473] Epoch: [20]  [ 140/1098]  eta: 0:01:27  lr: 0.000009  loss: 0.0097 (0.0306)  mae_m_mask: 0.3853 (0.4067)  rmse_m_mask: 0.5372 (0.5379)  normalized_mse_mask: 0.0097 (0.0306)  rmse_m_all: 11.3313 (11.2336)  actual_mask_ratio: 0.0697 (0.0716)  actual_prediction_mask_ratio: 0.2225 (0.2330)  ignored_patch_ratio: 0.0176 (0.0216)  time: 0.0789  data: 0.0001  max mem: 1904
[17:30:54.544018] Epoch: [20]  [ 160/1098]  eta: 0:01:24  lr: 0.000009  loss: 0.0101 (0.0331)  mae_m_mask: 0.4666 (0.4190)  rmse_m_mask: 0.6293 (0.5563)  normalized_mse_mask: 0.0101 (0.0331)  rmse_m_all: 11.4862 (11.2983)  actual_mask_ratio: 0.0730 (0.0716)  actual_prediction_mask_ratio: 0.2317 (0.2328)  ignored_patch_ratio: 0.0210 (0.0220)  time: 0.0785  data: 0.0001  max mem: 1904
[17:30:56.113892] Epoch: [20]  [ 180/1098]  eta: 0:01:21  lr: 0.000009  loss: 0.0075 (0.0322)  mae_m_mask: 0.3650 (0.4162)  rmse_m_mask: 0.4531 (0.5518)  normalized_mse_mask: 0.0075 (0.0322)  rmse_m_all: 12.2169 (11.3888)  actual_mask_ratio: 0.0721 (0.0718)  actual_prediction_mask_ratio: 0.2364 (0.2331)  ignored_patch_ratio: 0.0193 (0.0219)  time: 0.0785  data: 0.0001  max mem: 1904
[17:30:57.691096] Epoch: [20]  [ 200/1098]  eta: 0:01:18  lr: 0.000009  loss: 0.0166 (0.0312)  mae_m_mask: 0.3399 (0.4123)  rmse_m_mask: 0.4265 (0.5453)  normalized_mse_mask: 0.0166 (0.0312)  rmse_m_all: 13.3758 (11.5519)  actual_mask_ratio: 0.0714 (0.0718)  actual_prediction_mask_ratio: 0.2323 (0.2328)  ignored_patch_ratio: 0.0244 (0.0220)  time: 0.0788  data: 0.0001  max mem: 1904
[17:30:59.230057] Epoch: [20]  [ 220/1098]  eta: 0:01:16  lr: 0.000009  loss: 0.0060 (0.0302)  mae_m_mask: 0.4146 (0.4176)  rmse_m_mask: 0.5057 (0.5501)  normalized_mse_mask: 0.0060 (0.0302)  rmse_m_all: 11.8779 (11.5733)  actual_mask_ratio: 0.0705 (0.0718)  actual_prediction_mask_ratio: 0.2302 (0.2326)  ignored_patch_ratio: 0.0198 (0.0221)  time: 0.0769  data: 0.0001  max mem: 1904
[17:31:00.779479] Epoch: [20]  [ 240/1098]  eta: 0:01:13  lr: 0.000009  loss: 0.0129 (0.0304)  mae_m_mask: 0.3560 (0.4175)  rmse_m_mask: 0.4245 (0.5516)  normalized_mse_mask: 0.0129 (0.0304)  rmse_m_all: 13.0474 (11.6966)  actual_mask_ratio: 0.0709 (0.0717)  actual_prediction_mask_ratio: 0.2292 (0.2322)  ignored_patch_ratio: 0.0227 (0.0221)  time: 0.0774  data: 0.0001  max mem: 1904
[17:31:02.330732] Epoch: [20]  [ 260/1098]  eta: 0:01:11  lr: 0.000009  loss: 0.0159 (0.0310)  mae_m_mask: 0.3158 (0.4156)  rmse_m_mask: 0.4668 (0.5520)  normalized_mse_mask: 0.0159 (0.0310)  rmse_m_all: 10.8491 (11.6043)  actual_mask_ratio: 0.0698 (0.0716)  actual_prediction_mask_ratio: 0.2269 (0.2321)  ignored_patch_ratio: 0.0181 (0.0219)  time: 0.0775  data: 0.0001  max mem: 1904
[17:31:03.885271] Epoch: [20]  [ 280/1098]  eta: 0:01:09  lr: 0.000009  loss: 0.0096 (0.0305)  mae_m_mask: 0.4164 (0.4211)  rmse_m_mask: 0.6019 (0.5610)  normalized_mse_mask: 0.0096 (0.0305)  rmse_m_all: 11.6374 (11.6112)  actual_mask_ratio: 0.0699 (0.0716)  actual_prediction_mask_ratio: 0.2321 (0.2322)  ignored_patch_ratio: 0.0164 (0.0221)  time: 0.0777  data: 0.0001  max mem: 1904
[17:31:05.432360] Epoch: [20]  [ 300/1098]  eta: 0:01:07  lr: 0.000009  loss: 0.0087 (0.0309)  mae_m_mask: 0.4629 (0.4298)  rmse_m_mask: 0.6347 (0.5713)  normalized_mse_mask: 0.0087 (0.0309)  rmse_m_all: 12.3260 (11.6164)  actual_mask_ratio: 0.0713 (0.0717)  actual_prediction_mask_ratio: 0.2280 (0.2323)  ignored_patch_ratio: 0.0261 (0.0222)  time: 0.0773  data: 0.0001  max mem: 1904
[17:31:06.981835] Epoch: [20]  [ 320/1098]  eta: 0:01:05  lr: 0.000009  loss: 0.0189 (0.0307)  mae_m_mask: 0.4284 (0.4320)  rmse_m_mask: 0.6066 (0.5743)  normalized_mse_mask: 0.0189 (0.0307)  rmse_m_all: 10.7559 (11.5888)  actual_mask_ratio: 0.0714 (0.0716)  actual_prediction_mask_ratio: 0.2263 (0.2322)  ignored_patch_ratio: 0.0164 (0.0220)  time: 0.0774  data: 0.0001  max mem: 1904
[17:31:08.526676] Epoch: [20]  [ 340/1098]  eta: 0:01:03  lr: 0.000009  loss: 0.0121 (0.0300)  mae_m_mask: 0.4230 (0.4327)  rmse_m_mask: 0.5808 (0.5768)  normalized_mse_mask: 0.0121 (0.0300)  rmse_m_all: 10.2250 (11.5688)  actual_mask_ratio: 0.0743 (0.0717)  actual_prediction_mask_ratio: 0.2361 (0.2326)  ignored_patch_ratio: 0.0204 (0.0220)  time: 0.0772  data: 0.0001  max mem: 1904
[17:31:10.075831] Epoch: [20]  [ 360/1098]  eta: 0:01:01  lr: 0.000009  loss: 0.0283 (0.0311)  mae_m_mask: 0.4140 (0.4330)  rmse_m_mask: 0.6445 (0.5771)  normalized_mse_mask: 0.0283 (0.0311)  rmse_m_all: 11.2053 (11.5889)  actual_mask_ratio: 0.0728 (0.0718)  actual_prediction_mask_ratio: 0.2341 (0.2328)  ignored_patch_ratio: 0.0181 (0.0218)  time: 0.0774  data: 0.0001  max mem: 1904
[17:31:11.624569] Epoch: [20]  [ 380/1098]  eta: 0:00:59  lr: 0.000009  loss: 0.0195 (0.0315)  mae_m_mask: 0.3353 (0.4316)  rmse_m_mask: 0.4344 (0.5739)  normalized_mse_mask: 0.0195 (0.0315)  rmse_m_all: 9.6811 (11.5367)  actual_mask_ratio: 0.0708 (0.0718)  actual_prediction_mask_ratio: 0.2324 (0.2328)  ignored_patch_ratio: 0.0176 (0.0218)  time: 0.0774  data: 0.0001  max mem: 1904
[17:31:13.590063] Epoch: [20]  [ 400/1098]  eta: 0:00:58  lr: 0.000009  loss: 0.0076 (0.0314)  mae_m_mask: 0.4498 (0.4354)  rmse_m_mask: 0.6192 (0.5798)  normalized_mse_mask: 0.0076 (0.0314)  rmse_m_all: 11.5842 (11.5325)  actual_mask_ratio: 0.0705 (0.0717)  actual_prediction_mask_ratio: 0.2276 (0.2327)  ignored_patch_ratio: 0.0159 (0.0216)  time: 0.0982  data: 0.0246  max mem: 1904
[17:31:16.090582] Epoch: [20]  [ 420/1098]  eta: 0:00:58  lr: 0.000009  loss: 0.0088 (0.0320)  mae_m_mask: 0.4246 (0.4355)  rmse_m_mask: 0.5005 (0.5799)  normalized_mse_mask: 0.0088 (0.0320)  rmse_m_all: 11.0063 (11.5119)  actual_mask_ratio: 0.0719 (0.0717)  actual_prediction_mask_ratio: 0.2298 (0.2326)  ignored_patch_ratio: 0.0221 (0.0216)  time: 0.1250  data: 0.0276  max mem: 1904
[17:31:18.383859] Epoch: [20]  [ 440/1098]  eta: 0:00:57  lr: 0.000009  loss: 0.0130 (0.0316)  mae_m_mask: 0.3198 (0.4319)  rmse_m_mask: 0.4740 (0.5758)  normalized_mse_mask: 0.0130 (0.0316)  rmse_m_all: 11.1634 (11.5368)  actual_mask_ratio: 0.0689 (0.0717)  actual_prediction_mask_ratio: 0.2164 (0.2321)  ignored_patch_ratio: 0.0176 (0.0217)  time: 0.1146  data: 0.0001  max mem: 1904
[17:31:20.698306] Epoch: [20]  [ 460/1098]  eta: 0:00:56  lr: 0.000009  loss: 0.0175 (0.0314)  mae_m_mask: 0.4216 (0.4336)  rmse_m_mask: 0.6238 (0.5791)  normalized_mse_mask: 0.0175 (0.0314)  rmse_m_all: 12.3246 (11.5674)  actual_mask_ratio: 0.0721 (0.0716)  actual_prediction_mask_ratio: 0.2279 (0.2320)  ignored_patch_ratio: 0.0221 (0.0217)  time: 0.1157  data: 0.0001  max mem: 1904
[17:31:23.009690] Epoch: [20]  [ 480/1098]  eta: 0:00:55  lr: 0.000009  loss: 0.0098 (0.0327)  mae_m_mask: 0.4239 (0.4366)  rmse_m_mask: 0.6551 (0.5830)  normalized_mse_mask: 0.0098 (0.0327)  rmse_m_all: 11.6105 (11.5622)  actual_mask_ratio: 0.0703 (0.0716)  actual_prediction_mask_ratio: 0.2345 (0.2321)  ignored_patch_ratio: 0.0159 (0.0217)  time: 0.1155  data: 0.0001  max mem: 1904
[17:31:25.310635] Epoch: [20]  [ 500/1098]  eta: 0:00:54  lr: 0.000009  loss: 0.0098 (0.0328)  mae_m_mask: 0.4177 (0.4384)  rmse_m_mask: 0.5534 (0.5852)  normalized_mse_mask: 0.0098 (0.0328)  rmse_m_all: 11.6912 (11.5956)  actual_mask_ratio: 0.0711 (0.0716)  actual_prediction_mask_ratio: 0.2324 (0.2321)  ignored_patch_ratio: 0.0210 (0.0217)  time: 0.1150  data: 0.0001  max mem: 1904
[17:31:27.617410] Epoch: [20]  [ 520/1098]  eta: 0:00:52  lr: 0.000009  loss: 0.0075 (0.0326)  mae_m_mask: 0.5019 (0.4425)  rmse_m_mask: 0.6677 (0.5907)  normalized_mse_mask: 0.0075 (0.0326)  rmse_m_all: 12.9937 (11.6623)  actual_mask_ratio: 0.0713 (0.0716)  actual_prediction_mask_ratio: 0.2334 (0.2321)  ignored_patch_ratio: 0.0261 (0.0218)  time: 0.1153  data: 0.0001  max mem: 1904
[17:31:29.940544] Epoch: [20]  [ 540/1098]  eta: 0:00:51  lr: 0.000009  loss: 0.0173 (0.0325)  mae_m_mask: 0.5049 (0.4439)  rmse_m_mask: 0.6286 (0.5924)  normalized_mse_mask: 0.0173 (0.0325)  rmse_m_all: 12.5055 (11.6803)  actual_mask_ratio: 0.0696 (0.0716)  actual_prediction_mask_ratio: 0.2307 (0.2320)  ignored_patch_ratio: 0.0170 (0.0216)  time: 0.1161  data: 0.0001  max mem: 1904
[17:31:32.242959] Epoch: [20]  [ 560/1098]  eta: 0:00:50  lr: 0.000009  loss: 0.0095 (0.0322)  mae_m_mask: 0.4345 (0.4439)  rmse_m_mask: 0.5700 (0.5931)  normalized_mse_mask: 0.0095 (0.0322)  rmse_m_all: 10.8083 (11.6626)  actual_mask_ratio: 0.0707 (0.0716)  actual_prediction_mask_ratio: 0.2384 (0.2320)  ignored_patch_ratio: 0.0266 (0.0217)  time: 0.1151  data: 0.0001  max mem: 1904
[17:31:34.560717] Epoch: [20]  [ 580/1098]  eta: 0:00:48  lr: 0.000009  loss: 0.0105 (0.0321)  mae_m_mask: 0.4188 (0.4431)  rmse_m_mask: 0.5259 (0.5918)  normalized_mse_mask: 0.0105 (0.0321)  rmse_m_all: 11.1748 (11.6823)  actual_mask_ratio: 0.0727 (0.0717)  actual_prediction_mask_ratio: 0.2355 (0.2323)  ignored_patch_ratio: 0.0153 (0.0216)  time: 0.1159  data: 0.0001  max mem: 1904
[17:31:36.879068] Epoch: [20]  [ 600/1098]  eta: 0:00:47  lr: 0.000009  loss: 0.0050 (0.0319)  mae_m_mask: 0.3426 (0.4429)  rmse_m_mask: 0.4656 (0.5910)  normalized_mse_mask: 0.0050 (0.0319)  rmse_m_all: 12.9711 (11.7259)  actual_mask_ratio: 0.0720 (0.0717)  actual_prediction_mask_ratio: 0.2268 (0.2323)  ignored_patch_ratio: 0.0221 (0.0216)  time: 0.1159  data: 0.0001  max mem: 1904
[17:31:39.203668] Epoch: [20]  [ 620/1098]  eta: 0:00:45  lr: 0.000009  loss: 0.0101 (0.0315)  mae_m_mask: 0.4657 (0.4445)  rmse_m_mask: 0.6155 (0.5922)  normalized_mse_mask: 0.0101 (0.0315)  rmse_m_all: 11.7381 (11.7324)  actual_mask_ratio: 0.0720 (0.0717)  actual_prediction_mask_ratio: 0.2287 (0.2323)  ignored_patch_ratio: 0.0193 (0.0216)  time: 0.1162  data: 0.0001  max mem: 1904
[17:31:41.527417] Epoch: [20]  [ 640/1098]  eta: 0:00:43  lr: 0.000009  loss: 0.0040 (0.0311)  mae_m_mask: 0.3999 (0.4456)  rmse_m_mask: 0.5736 (0.5939)  normalized_mse_mask: 0.0040 (0.0311)  rmse_m_all: 13.4287 (11.7847)  actual_mask_ratio: 0.0709 (0.0717)  actual_prediction_mask_ratio: 0.2307 (0.2322)  ignored_patch_ratio: 0.0221 (0.0216)  time: 0.1162  data: 0.0001  max mem: 1904
[17:31:43.856476] Epoch: [20]  [ 660/1098]  eta: 0:00:42  lr: 0.000009  loss: 0.0087 (0.0311)  mae_m_mask: 0.3781 (0.4457)  rmse_m_mask: 0.5668 (0.5937)  normalized_mse_mask: 0.0087 (0.0311)  rmse_m_all: 9.8930 (11.7399)  actual_mask_ratio: 0.0727 (0.0717)  actual_prediction_mask_ratio: 0.2351 (0.2323)  ignored_patch_ratio: 0.0164 (0.0216)  time: 0.1164  data: 0.0001  max mem: 1904
[17:31:46.174359] Epoch: [20]  [ 680/1098]  eta: 0:00:40  lr: 0.000009  loss: 0.0239 (0.0314)  mae_m_mask: 0.3664 (0.4453)  rmse_m_mask: 0.4851 (0.5935)  normalized_mse_mask: 0.0239 (0.0314)  rmse_m_all: 11.8456 (11.7467)  actual_mask_ratio: 0.0720 (0.0717)  actual_prediction_mask_ratio: 0.2344 (0.2323)  ignored_patch_ratio: 0.0164 (0.0215)  time: 0.1159  data: 0.0001  max mem: 1904
[17:31:48.487273] Epoch: [20]  [ 700/1098]  eta: 0:00:38  lr: 0.000009  loss: 0.0152 (0.0314)  mae_m_mask: 0.3899 (0.4453)  rmse_m_mask: 0.5245 (0.5934)  normalized_mse_mask: 0.0152 (0.0314)  rmse_m_all: 12.0445 (11.7772)  actual_mask_ratio: 0.0673 (0.0716)  actual_prediction_mask_ratio: 0.2257 (0.2321)  ignored_patch_ratio: 0.0159 (0.0215)  time: 0.1156  data: 0.0001  max mem: 1904
[17:31:50.805904] Epoch: [20]  [ 720/1098]  eta: 0:00:37  lr: 0.000009  loss: 0.0163 (0.0314)  mae_m_mask: 0.3404 (0.4438)  rmse_m_mask: 0.4411 (0.5917)  normalized_mse_mask: 0.0163 (0.0314)  rmse_m_all: 10.8603 (11.7400)  actual_mask_ratio: 0.0713 (0.0716)  actual_prediction_mask_ratio: 0.2339 (0.2321)  ignored_patch_ratio: 0.0108 (0.0212)  time: 0.1159  data: 0.0001  max mem: 1904
[17:31:53.119470] Epoch: [20]  [ 740/1098]  eta: 0:00:35  lr: 0.000009  loss: 0.0183 (0.0316)  mae_m_mask: 0.4201 (0.4436)  rmse_m_mask: 0.5635 (0.5917)  normalized_mse_mask: 0.0183 (0.0316)  rmse_m_all: 10.5038 (11.7177)  actual_mask_ratio: 0.0728 (0.0717)  actual_prediction_mask_ratio: 0.2307 (0.2321)  ignored_patch_ratio: 0.0204 (0.0212)  time: 0.1156  data: 0.0001  max mem: 1904
[17:31:55.436610] Epoch: [20]  [ 760/1098]  eta: 0:00:33  lr: 0.000009  loss: 0.0123 (0.0316)  mae_m_mask: 0.3539 (0.4428)  rmse_m_mask: 0.4919 (0.5907)  normalized_mse_mask: 0.0123 (0.0316)  rmse_m_all: 10.8991 (11.7144)  actual_mask_ratio: 0.0728 (0.0717)  actual_prediction_mask_ratio: 0.2403 (0.2323)  ignored_patch_ratio: 0.0198 (0.0212)  time: 0.1158  data: 0.0001  max mem: 1904
[17:31:57.747594] Epoch: [20]  [ 780/1098]  eta: 0:00:31  lr: 0.000009  loss: 0.0114 (0.0320)  mae_m_mask: 0.4445 (0.4430)  rmse_m_mask: 0.5585 (0.5907)  normalized_mse_mask: 0.0114 (0.0320)  rmse_m_all: 13.2212 (11.7471)  actual_mask_ratio: 0.0732 (0.0718)  actual_prediction_mask_ratio: 0.2294 (0.2322)  ignored_patch_ratio: 0.0170 (0.0212)  time: 0.1155  data: 0.0001  max mem: 1904
[17:32:00.060786] Epoch: [20]  [ 800/1098]  eta: 0:00:29  lr: 0.000009  loss: 0.0048 (0.0315)  mae_m_mask: 0.4131 (0.4425)  rmse_m_mask: 0.5624 (0.5905)  normalized_mse_mask: 0.0048 (0.0315)  rmse_m_all: 13.1015 (11.7706)  actual_mask_ratio: 0.0694 (0.0718)  actual_prediction_mask_ratio: 0.2289 (0.2322)  ignored_patch_ratio: 0.0266 (0.0213)  time: 0.1156  data: 0.0001  max mem: 1904
[17:32:02.369888] Epoch: [20]  [ 820/1098]  eta: 0:00:27  lr: 0.000009  loss: 0.0145 (0.0316)  mae_m_mask: 0.4139 (0.4427)  rmse_m_mask: 0.5261 (0.5904)  normalized_mse_mask: 0.0145 (0.0316)  rmse_m_all: 11.5237 (11.7550)  actual_mask_ratio: 0.0722 (0.0718)  actual_prediction_mask_ratio: 0.2336 (0.2322)  ignored_patch_ratio: 0.0142 (0.0212)  time: 0.1154  data: 0.0001  max mem: 1904
[17:32:04.678192] Epoch: [20]  [ 840/1098]  eta: 0:00:25  lr: 0.000009  loss: 0.0019 (0.0316)  mae_m_mask: 0.3827 (0.4417)  rmse_m_mask: 0.5235 (0.5889)  normalized_mse_mask: 0.0019 (0.0316)  rmse_m_all: 13.0412 (11.7860)  actual_mask_ratio: 0.0686 (0.0717)  actual_prediction_mask_ratio: 0.2243 (0.2321)  ignored_patch_ratio: 0.0176 (0.0212)  time: 0.1154  data: 0.0001  max mem: 1904
[17:32:06.978430] Epoch: [20]  [ 860/1098]  eta: 0:00:24  lr: 0.000009  loss: 0.0058 (0.0313)  mae_m_mask: 0.3877 (0.4415)  rmse_m_mask: 0.5652 (0.5883)  normalized_mse_mask: 0.0058 (0.0313)  rmse_m_all: 13.0843 (11.8231)  actual_mask_ratio: 0.0716 (0.0718)  actual_prediction_mask_ratio: 0.2312 (0.2321)  ignored_patch_ratio: 0.0181 (0.0212)  time: 0.1150  data: 0.0001  max mem: 1904
[17:32:09.225956] Epoch: [20]  [ 880/1098]  eta: 0:00:22  lr: 0.000009  loss: 0.0124 (0.0325)  mae_m_mask: 0.5397 (0.4432)  rmse_m_mask: 0.6960 (0.5916)  normalized_mse_mask: 0.0124 (0.0325)  rmse_m_all: 10.3661 (11.8229)  actual_mask_ratio: 0.0711 (0.0718)  actual_prediction_mask_ratio: 0.2370 (0.2321)  ignored_patch_ratio: 0.0289 (0.0214)  time: 0.1123  data: 0.0001  max mem: 1904
[17:32:11.457165] Epoch: [20]  [ 900/1098]  eta: 0:00:20  lr: 0.000009  loss: 0.0249 (0.0332)  mae_m_mask: 0.5107 (0.4456)  rmse_m_mask: 0.6824 (0.5940)  normalized_mse_mask: 0.0249 (0.0332)  rmse_m_all: 13.5754 (11.8682)  actual_mask_ratio: 0.0729 (0.0718)  actual_prediction_mask_ratio: 0.2336 (0.2322)  ignored_patch_ratio: 0.0198 (0.0214)  time: 0.1115  data: 0.0001  max mem: 1904
[17:32:13.655228] Epoch: [20]  [ 920/1098]  eta: 0:00:18  lr: 0.000009  loss: 0.0236 (0.0337)  mae_m_mask: 0.4509 (0.4461)  rmse_m_mask: 0.6399 (0.5952)  normalized_mse_mask: 0.0236 (0.0337)  rmse_m_all: 11.3389 (11.8512)  actual_mask_ratio: 0.0740 (0.0718)  actual_prediction_mask_ratio: 0.2404 (0.2323)  ignored_patch_ratio: 0.0130 (0.0213)  time: 0.1099  data: 0.0001  max mem: 1904
[17:32:15.874673] Epoch: [20]  [ 940/1098]  eta: 0:00:16  lr: 0.000009  loss: 0.0363 (0.0340)  mae_m_mask: 0.4107 (0.4469)  rmse_m_mask: 0.5272 (0.5961)  normalized_mse_mask: 0.0363 (0.0340)  rmse_m_all: 12.6348 (11.8584)  actual_mask_ratio: 0.0717 (0.0718)  actual_prediction_mask_ratio: 0.2358 (0.2324)  ignored_patch_ratio: 0.0193 (0.0213)  time: 0.1109  data: 0.0001  max mem: 1904
[17:32:18.123087] Epoch: [20]  [ 960/1098]  eta: 0:00:14  lr: 0.000009  loss: 0.0022 (0.0338)  mae_m_mask: 0.4402 (0.4474)  rmse_m_mask: 0.5691 (0.5968)  normalized_mse_mask: 0.0022 (0.0338)  rmse_m_all: 12.9662 (11.8816)  actual_mask_ratio: 0.0723 (0.0718)  actual_prediction_mask_ratio: 0.2327 (0.2323)  ignored_patch_ratio: 0.0295 (0.0215)  time: 0.1124  data: 0.0001  max mem: 1904
[17:32:20.368538] Epoch: [20]  [ 980/1098]  eta: 0:00:12  lr: 0.000009  loss: 0.0269 (0.0340)  mae_m_mask: 0.4228 (0.4475)  rmse_m_mask: 0.5411 (0.5968)  normalized_mse_mask: 0.0269 (0.0340)  rmse_m_all: 11.5187 (11.8885)  actual_mask_ratio: 0.0714 (0.0718)  actual_prediction_mask_ratio: 0.2244 (0.2323)  ignored_patch_ratio: 0.0210 (0.0215)  time: 0.1122  data: 0.0001  max mem: 1904
[17:32:22.619016] Epoch: [20]  [1000/1098]  eta: 0:00:10  lr: 0.000009  loss: 0.0143 (0.0339)  mae_m_mask: 0.4579 (0.4481)  rmse_m_mask: 0.6407 (0.5984)  normalized_mse_mask: 0.0143 (0.0339)  rmse_m_all: 13.8706 (11.9082)  actual_mask_ratio: 0.0720 (0.0719)  actual_prediction_mask_ratio: 0.2397 (0.2324)  ignored_patch_ratio: 0.0210 (0.0215)  time: 0.1125  data: 0.0001  max mem: 1904
[17:32:24.872583] Epoch: [20]  [1020/1098]  eta: 0:00:08  lr: 0.000009  loss: 0.0053 (0.0338)  mae_m_mask: 0.3617 (0.4484)  rmse_m_mask: 0.4735 (0.5981)  normalized_mse_mask: 0.0053 (0.0338)  rmse_m_all: 12.1252 (11.9071)  actual_mask_ratio: 0.0718 (0.0718)  actual_prediction_mask_ratio: 0.2331 (0.2324)  ignored_patch_ratio: 0.0181 (0.0216)  time: 0.1126  data: 0.0001  max mem: 1904
[17:32:27.135507] Epoch: [20]  [1040/1098]  eta: 0:00:05  lr: 0.000009  loss: 0.0259 (0.0338)  mae_m_mask: 0.3739 (0.4483)  rmse_m_mask: 0.5539 (0.5978)  normalized_mse_mask: 0.0259 (0.0338)  rmse_m_all: 12.2950 (11.9083)  actual_mask_ratio: 0.0725 (0.0718)  actual_prediction_mask_ratio: 0.2319 (0.2323)  ignored_patch_ratio: 0.0164 (0.0216)  time: 0.1131  data: 0.0001  max mem: 1904
[17:32:29.347864] Epoch: [20]  [1060/1098]  eta: 0:00:03  lr: 0.000009  loss: 0.0231 (0.0337)  mae_m_mask: 0.4018 (0.4480)  rmse_m_mask: 0.5964 (0.5975)  normalized_mse_mask: 0.0231 (0.0337)  rmse_m_all: 11.3947 (11.8971)  actual_mask_ratio: 0.0722 (0.0718)  actual_prediction_mask_ratio: 0.2364 (0.2323)  ignored_patch_ratio: 0.0193 (0.0215)  time: 0.1106  data: 0.0001  max mem: 1904
[17:32:31.567370] Epoch: [20]  [1080/1098]  eta: 0:00:01  lr: 0.000009  loss: 0.0105 (0.0337)  mae_m_mask: 0.3116 (0.4471)  rmse_m_mask: 0.3892 (0.5962)  normalized_mse_mask: 0.0105 (0.0337)  rmse_m_all: 12.7299 (11.8957)  actual_mask_ratio: 0.0726 (0.0718)  actual_prediction_mask_ratio: 0.2277 (0.2323)  ignored_patch_ratio: 0.0215 (0.0216)  time: 0.1109  data: 0.0001  max mem: 1904
[17:32:33.469368] Epoch: [20]  [1097/1098]  eta: 0:00:00  lr: 0.000009  loss: 0.0129 (0.0337)  mae_m_mask: 0.4161 (0.4473)  rmse_m_mask: 0.5879 (0.5968)  normalized_mse_mask: 0.0129 (0.0337)  rmse_m_all: 12.7582 (11.8966)  actual_mask_ratio: 0.0716 (0.0718)  actual_prediction_mask_ratio: 0.2336 (0.2323)  ignored_patch_ratio: 0.0170 (0.0216)  time: 0.1116  data: 0.0001  max mem: 1904
[17:32:33.500508] Epoch: [20] Total time: 0:01:53 (0.1033 s / it)
[17:32:33.500967] Averaged stats: {'lr': 9.304060822017471e-06, 'loss': 0.0329166057876223, 'mae_m_mask': 0.44683824445462667, 'rmse_m_mask': 0.647007382058313, 'normalized_mse_mask': 0.0329166057876223, 'rmse_m_all': 11.896608635593198, 'actual_mask_ratio': 0.07183885798943933, 'actual_prediction_mask_ratio': 0.2323253774822084, 'ignored_patch_ratio': 0.0215713675990565, 'supervised_pixel_count': 21816230.0}
[17:32:33.679654] Val: [20]  [  0/194]  eta: 0:00:34  loss: 0.3449 (0.3449)  mae_m_mask: 0.5626 (0.5626)  rmse_m_mask: 0.7317 (0.7317)  normalized_mse_mask: 0.3449 (0.3449)  rmse_m_all: 1.0063 (1.0063)  actual_mask_ratio: 0.0709 (0.0709)  actual_prediction_mask_ratio: 0.2352 (0.2352)  ignored_patch_ratio: 0.0646 (0.0646)  time: 0.1759  data: 0.0912  max mem: 1904
[17:32:36.773390] Val: [20]  [ 50/194]  eta: 0:00:09  loss: 0.0133 (0.0813)  mae_m_mask: 0.5964 (0.6705)  rmse_m_mask: 0.7518 (0.8251)  normalized_mse_mask: 0.0133 (0.0813)  rmse_m_all: 9.5846 (7.3535)  actual_mask_ratio: 0.0626 (0.0699)  actual_prediction_mask_ratio: 0.2166 (0.2286)  ignored_patch_ratio: 0.0000 (0.0044)  time: 0.0559  data: 0.0001  max mem: 1904
[17:32:39.572725] Val: [20]  [100/194]  eta: 0:00:05  loss: 0.0238 (0.0792)  mae_m_mask: 0.7037 (0.6997)  rmse_m_mask: 0.8833 (0.8627)  normalized_mse_mask: 0.0238 (0.0792)  rmse_m_all: 4.7249 (7.1087)  actual_mask_ratio: 0.0590 (0.0682)  actual_prediction_mask_ratio: 0.2018 (0.2221)  ignored_patch_ratio: 0.0000 (0.0025)  time: 0.0553  data: 0.0001  max mem: 1904
[17:32:42.279588] Val: [20]  [150/194]  eta: 0:00:02  loss: 0.0050 (0.0753)  mae_m_mask: 0.8830 (0.7416)  rmse_m_mask: 1.0946 (0.9164)  normalized_mse_mask: 0.0050 (0.0753)  rmse_m_all: 13.8532 (7.9035)  actual_mask_ratio: 0.0697 (0.0675)  actual_prediction_mask_ratio: 0.2175 (0.2175)  ignored_patch_ratio: 0.0000 (0.0024)  time: 0.0562  data: 0.0001  max mem: 1904
[17:32:44.671242] Val: [20]  [193/194]  eta: 0:00:00  loss: 0.1272 (0.0848)  mae_m_mask: 0.6386 (0.7346)  rmse_m_mask: 0.7710 (0.9086)  normalized_mse_mask: 0.1272 (0.0848)  rmse_m_all: 1.4015 (8.3603)  actual_mask_ratio: 0.0624 (0.0663)  actual_prediction_mask_ratio: 0.1985 (0.2131)  ignored_patch_ratio: 0.0136 (0.0049)  time: 0.0551  data: 0.0001  max mem: 1904
[17:32:44.821035] Val: [20] Total time: 0:00:11 (0.0583 s / it)
[17:32:44.822614] val stats: {'loss': 0.08635680793838114, 'mae_m_mask': 0.7305489439563964, 'rmse_m_mask': 0.9451768147095069, 'normalized_mse_mask': 0.08635680793838114, 'rmse_m_all': 8.360266250740622, 'actual_mask_ratio': 0.06633703996302541, 'actual_prediction_mask_ratio': 0.21313334448435872, 'ignored_patch_ratio': 0.00489066925245462, 'supervised_pixel_count': 3944867.0}
[17:33:18.547854] log_dir: /tank/data/SFS/xinyis/data/bathymetry/MAE-Topography/Downstream_Task_Bathy/cross_validation_v5_Stage2NormMSE_MeterSelect/runs/holdout_Santiam_D004Stage2NormMSE_MeterSelect_D001NoDataSafe/train_stage2_normMSE_meterSelect_OR_SantiamRiverTB_Topobathy_1_D23_fromStage1Best_e120_lr1e-5_b4_acc4/tb
[17:33:18.733033] Epoch: [21]  [   0/1098]  eta: 0:03:22  lr: 0.000009  loss: 0.0003 (0.0003)  mae_m_mask: 0.3613 (0.3613)  rmse_m_mask: 0.4547 (0.4547)  normalized_mse_mask: 0.0003 (0.0003)  rmse_m_all: 13.0570 (13.0570)  actual_mask_ratio: 0.0709 (0.0709)  actual_prediction_mask_ratio: 0.2239 (0.2239)  ignored_patch_ratio: 0.0402 (0.0402)  time: 0.1846  data: 0.0777  max mem: 1904
[17:33:21.038748] Epoch: [21]  [  20/1098]  eta: 0:02:07  lr: 0.000009  loss: 0.0122 (0.0555)  mae_m_mask: 0.3376 (0.4050)  rmse_m_mask: 0.4367 (0.5427)  normalized_mse_mask: 0.0122 (0.0555)  rmse_m_all: 10.3586 (10.4143)  actual_mask_ratio: 0.0742 (0.0725)  actual_prediction_mask_ratio: 0.2358 (0.2384)  ignored_patch_ratio: 0.0164 (0.0185)  time: 0.1152  data: 0.0001  max mem: 1904
[17:33:23.378054] Epoch: [21]  [  40/1098]  eta: 0:02:04  lr: 0.000009  loss: 0.0280 (0.0576)  mae_m_mask: 0.2979 (0.3871)  rmse_m_mask: 0.4206 (0.5218)  normalized_mse_mask: 0.0280 (0.0576)  rmse_m_all: 9.3995 (10.3503)  actual_mask_ratio: 0.0734 (0.0727)  actual_prediction_mask_ratio: 0.2358 (0.2381)  ignored_patch_ratio: 0.0074 (0.0152)  time: 0.1169  data: 0.0001  max mem: 1904
[17:33:25.693449] Epoch: [21]  [  60/1098]  eta: 0:02:01  lr: 0.000009  loss: 0.0104 (0.0465)  mae_m_mask: 0.5469 (0.4588)  rmse_m_mask: 0.6341 (0.6109)  normalized_mse_mask: 0.0104 (0.0465)  rmse_m_all: 12.7840 (11.1687)  actual_mask_ratio: 0.0714 (0.0722)  actual_prediction_mask_ratio: 0.2296 (0.2367)  ignored_patch_ratio: 0.0170 (0.0162)  time: 0.1157  data: 0.0001  max mem: 1904
[17:33:28.008448] Epoch: [21]  [  80/1098]  eta: 0:01:58  lr: 0.000009  loss: 0.0268 (0.0465)  mae_m_mask: 0.4534 (0.4650)  rmse_m_mask: 0.5854 (0.6245)  normalized_mse_mask: 0.0268 (0.0465)  rmse_m_all: 11.1319 (11.4495)  actual_mask_ratio: 0.0681 (0.0713)  actual_prediction_mask_ratio: 0.2236 (0.2341)  ignored_patch_ratio: 0.0176 (0.0167)  time: 0.1157  data: 0.0001  max mem: 1904
[17:33:30.319449] Epoch: [21]  [ 100/1098]  eta: 0:01:56  lr: 0.000009  loss: 0.0071 (0.0448)  mae_m_mask: 0.3487 (0.4576)  rmse_m_mask: 0.5280 (0.6128)  normalized_mse_mask: 0.0071 (0.0448)  rmse_m_all: 13.3840 (11.8324)  actual_mask_ratio: 0.0687 (0.0708)  actual_prediction_mask_ratio: 0.2163 (0.2308)  ignored_patch_ratio: 0.0227 (0.0180)  time: 0.1155  data: 0.0001  max mem: 1904
[17:33:32.633200] Epoch: [21]  [ 120/1098]  eta: 0:01:53  lr: 0.000009  loss: 0.0055 (0.0407)  mae_m_mask: 0.3773 (0.4508)  rmse_m_mask: 0.4784 (0.6024)  normalized_mse_mask: 0.0055 (0.0407)  rmse_m_all: 11.5283 (11.9313)  actual_mask_ratio: 0.0714 (0.0710)  actual_prediction_mask_ratio: 0.2285 (0.2312)  ignored_patch_ratio: 0.0159 (0.0185)  time: 0.1156  data: 0.0001  max mem: 1904
[17:33:34.953505] Epoch: [21]  [ 140/1098]  eta: 0:01:51  lr: 0.000009  loss: 0.0166 (0.0400)  mae_m_mask: 0.3446 (0.4435)  rmse_m_mask: 0.4632 (0.5918)  normalized_mse_mask: 0.0166 (0.0400)  rmse_m_all: 12.3662 (11.9991)  actual_mask_ratio: 0.0730 (0.0713)  actual_prediction_mask_ratio: 0.2358 (0.2318)  ignored_patch_ratio: 0.0170 (0.0185)  time: 0.1160  data: 0.0001  max mem: 1904
[17:33:37.264569] Epoch: [21]  [ 160/1098]  eta: 0:01:49  lr: 0.000009  loss: 0.0117 (0.0394)  mae_m_mask: 0.3567 (0.4357)  rmse_m_mask: 0.4897 (0.5809)  normalized_mse_mask: 0.0117 (0.0394)  rmse_m_all: 11.9227 (12.0343)  actual_mask_ratio: 0.0734 (0.0717)  actual_prediction_mask_ratio: 0.2336 (0.2319)  ignored_patch_ratio: 0.0198 (0.0192)  time: 0.1155  data: 0.0001  max mem: 1904
[17:33:39.577042] Epoch: [21]  [ 180/1098]  eta: 0:01:46  lr: 0.000009  loss: 0.0078 (0.0370)  mae_m_mask: 0.4411 (0.4411)  rmse_m_mask: 0.5540 (0.5865)  normalized_mse_mask: 0.0078 (0.0370)  rmse_m_all: 14.1912 (12.2331)  actual_mask_ratio: 0.0690 (0.0713)  actual_prediction_mask_ratio: 0.2215 (0.2311)  ignored_patch_ratio: 0.0249 (0.0200)  time: 0.1156  data: 0.0001  max mem: 1904
[17:33:41.868103] Epoch: [21]  [ 200/1098]  eta: 0:01:44  lr: 0.000009  loss: 0.0142 (0.0385)  mae_m_mask: 0.3611 (0.4370)  rmse_m_mask: 0.4756 (0.5795)  normalized_mse_mask: 0.0142 (0.0385)  rmse_m_all: 12.1692 (12.1985)  actual_mask_ratio: 0.0725 (0.0714)  actual_prediction_mask_ratio: 0.2286 (0.2309)  ignored_patch_ratio: 0.0181 (0.0199)  time: 0.1145  data: 0.0001  max mem: 1904
[17:33:44.166297] Epoch: [21]  [ 220/1098]  eta: 0:01:41  lr: 0.000009  loss: 0.0127 (0.0403)  mae_m_mask: 0.3837 (0.4344)  rmse_m_mask: 0.4788 (0.5817)  normalized_mse_mask: 0.0127 (0.0403)  rmse_m_all: 11.1900 (12.0118)  actual_mask_ratio: 0.0725 (0.0716)  actual_prediction_mask_ratio: 0.2383 (0.2317)  ignored_patch_ratio: 0.0102 (0.0194)  time: 0.1149  data: 0.0001  max mem: 1904
[17:33:46.474645] Epoch: [21]  [ 240/1098]  eta: 0:01:39  lr: 0.000009  loss: 0.0119 (0.0389)  mae_m_mask: 0.3715 (0.4337)  rmse_m_mask: 0.5036 (0.5792)  normalized_mse_mask: 0.0119 (0.0389)  rmse_m_all: 11.0352 (11.9885)  actual_mask_ratio: 0.0710 (0.0717)  actual_prediction_mask_ratio: 0.2377 (0.2322)  ignored_patch_ratio: 0.0193 (0.0198)  time: 0.1154  data: 0.0001  max mem: 1904
[17:33:48.789592] Epoch: [21]  [ 260/1098]  eta: 0:01:37  lr: 0.000009  loss: 0.0076 (0.0374)  mae_m_mask: 0.4324 (0.4351)  rmse_m_mask: 0.5625 (0.5806)  normalized_mse_mask: 0.0076 (0.0374)  rmse_m_all: 11.3618 (11.9362)  actual_mask_ratio: 0.0726 (0.0717)  actual_prediction_mask_ratio: 0.2352 (0.2324)  ignored_patch_ratio: 0.0198 (0.0198)  time: 0.1157  data: 0.0001  max mem: 1904
[17:33:51.106915] Epoch: [21]  [ 280/1098]  eta: 0:01:34  lr: 0.000009  loss: 0.0169 (0.0367)  mae_m_mask: 0.4205 (0.4361)  rmse_m_mask: 0.5416 (0.5814)  normalized_mse_mask: 0.0169 (0.0367)  rmse_m_all: 12.0123 (11.9434)  actual_mask_ratio: 0.0717 (0.0717)  actual_prediction_mask_ratio: 0.2378 (0.2326)  ignored_patch_ratio: 0.0227 (0.0200)  time: 0.1158  data: 0.0001  max mem: 1904
[17:33:53.418009] Epoch: [21]  [ 300/1098]  eta: 0:01:32  lr: 0.000009  loss: 0.0078 (0.0365)  mae_m_mask: 0.4831 (0.4397)  rmse_m_mask: 0.5828 (0.5849)  normalized_mse_mask: 0.0078 (0.0365)  rmse_m_all: 12.0950 (11.9646)  actual_mask_ratio: 0.0727 (0.0717)  actual_prediction_mask_ratio: 0.2315 (0.2324)  ignored_patch_ratio: 0.0244 (0.0204)  time: 0.1155  data: 0.0001  max mem: 1904
[17:33:55.733999] Epoch: [21]  [ 320/1098]  eta: 0:01:30  lr: 0.000009  loss: 0.0202 (0.0358)  mae_m_mask: 0.3728 (0.4372)  rmse_m_mask: 0.4483 (0.5819)  normalized_mse_mask: 0.0202 (0.0358)  rmse_m_all: 10.5268 (11.8620)  actual_mask_ratio: 0.0706 (0.0717)  actual_prediction_mask_ratio: 0.2283 (0.2322)  ignored_patch_ratio: 0.0227 (0.0204)  time: 0.1158  data: 0.0001  max mem: 1904
[17:33:58.049833] Epoch: [21]  [ 340/1098]  eta: 0:01:27  lr: 0.000009  loss: 0.0084 (0.0351)  mae_m_mask: 0.3623 (0.4368)  rmse_m_mask: 0.5480 (0.5841)  normalized_mse_mask: 0.0084 (0.0351)  rmse_m_all: 12.5053 (11.8792)  actual_mask_ratio: 0.0741 (0.0718)  actual_prediction_mask_ratio: 0.2330 (0.2325)  ignored_patch_ratio: 0.0181 (0.0207)  time: 0.1158  data: 0.0001  max mem: 1904
[17:34:00.379556] Epoch: [21]  [ 360/1098]  eta: 0:01:25  lr: 0.000009  loss: 0.0044 (0.0338)  mae_m_mask: 0.3967 (0.4407)  rmse_m_mask: 0.5494 (0.5894)  normalized_mse_mask: 0.0044 (0.0338)  rmse_m_all: 12.6092 (11.9214)  actual_mask_ratio: 0.0732 (0.0719)  actual_prediction_mask_ratio: 0.2358 (0.2327)  ignored_patch_ratio: 0.0238 (0.0208)  time: 0.1164  data: 0.0001  max mem: 1904
[17:34:02.716509] Epoch: [21]  [ 380/1098]  eta: 0:01:23  lr: 0.000009  loss: 0.0026 (0.0326)  mae_m_mask: 0.4027 (0.4414)  rmse_m_mask: 0.5189 (0.5889)  normalized_mse_mask: 0.0026 (0.0326)  rmse_m_all: 12.9485 (11.9723)  actual_mask_ratio: 0.0716 (0.0718)  actual_prediction_mask_ratio: 0.2290 (0.2326)  ignored_patch_ratio: 0.0278 (0.0210)  time: 0.1168  data: 0.0001  max mem: 1904
[17:34:05.048339] Epoch: [21]  [ 400/1098]  eta: 0:01:20  lr: 0.000009  loss: 0.0162 (0.0325)  mae_m_mask: 0.4425 (0.4437)  rmse_m_mask: 0.6122 (0.5913)  normalized_mse_mask: 0.0162 (0.0325)  rmse_m_all: 13.0749 (12.0114)  actual_mask_ratio: 0.0724 (0.0718)  actual_prediction_mask_ratio: 0.2252 (0.2323)  ignored_patch_ratio: 0.0238 (0.0212)  time: 0.1166  data: 0.0001  max mem: 1904
[17:34:07.380784] Epoch: [21]  [ 420/1098]  eta: 0:01:18  lr: 0.000009  loss: 0.0090 (0.0326)  mae_m_mask: 0.3476 (0.4428)  rmse_m_mask: 0.4972 (0.5902)  normalized_mse_mask: 0.0090 (0.0326)  rmse_m_all: 11.8714 (11.9907)  actual_mask_ratio: 0.0736 (0.0719)  actual_prediction_mask_ratio: 0.2367 (0.2326)  ignored_patch_ratio: 0.0244 (0.0214)  time: 0.1166  data: 0.0001  max mem: 1904
[17:34:09.711093] Epoch: [21]  [ 440/1098]  eta: 0:01:16  lr: 0.000009  loss: 0.0268 (0.0325)  mae_m_mask: 0.4176 (0.4437)  rmse_m_mask: 0.5780 (0.5906)  normalized_mse_mask: 0.0268 (0.0325)  rmse_m_all: 12.2043 (11.9862)  actual_mask_ratio: 0.0748 (0.0720)  actual_prediction_mask_ratio: 0.2361 (0.2327)  ignored_patch_ratio: 0.0187 (0.0214)  time: 0.1165  data: 0.0001  max mem: 1904
[17:34:12.040368] Epoch: [21]  [ 460/1098]  eta: 0:01:14  lr: 0.000009  loss: 0.0252 (0.0332)  mae_m_mask: 0.3830 (0.4431)  rmse_m_mask: 0.5355 (0.5905)  normalized_mse_mask: 0.0252 (0.0332)  rmse_m_all: 10.8134 (11.9288)  actual_mask_ratio: 0.0716 (0.0720)  actual_prediction_mask_ratio: 0.2347 (0.2328)  ignored_patch_ratio: 0.0108 (0.0212)  time: 0.1164  data: 0.0001  max mem: 1904
[17:34:14.377448] Epoch: [21]  [ 480/1098]  eta: 0:01:11  lr: 0.000009  loss: 0.0115 (0.0332)  mae_m_mask: 0.4265 (0.4432)  rmse_m_mask: 0.5737 (0.5908)  normalized_mse_mask: 0.0115 (0.0332)  rmse_m_all: 10.9641 (11.8893)  actual_mask_ratio: 0.0730 (0.0720)  actual_prediction_mask_ratio: 0.2293 (0.2328)  ignored_patch_ratio: 0.0181 (0.0212)  time: 0.1168  data: 0.0001  max mem: 1904
[17:34:16.707465] Epoch: [21]  [ 500/1098]  eta: 0:01:09  lr: 0.000009  loss: 0.0062 (0.0327)  mae_m_mask: 0.4644 (0.4449)  rmse_m_mask: 0.5686 (0.5927)  normalized_mse_mask: 0.0062 (0.0327)  rmse_m_all: 13.8567 (11.9131)  actual_mask_ratio: 0.0706 (0.0720)  actual_prediction_mask_ratio: 0.2288 (0.2327)  ignored_patch_ratio: 0.0232 (0.0213)  time: 0.1165  data: 0.0001  max mem: 1904
[17:34:19.043934] Epoch: [21]  [ 520/1098]  eta: 0:01:07  lr: 0.000009  loss: 0.0159 (0.0328)  mae_m_mask: 0.3968 (0.4450)  rmse_m_mask: 0.5128 (0.5927)  normalized_mse_mask: 0.0159 (0.0328)  rmse_m_all: 10.6468 (11.9233)  actual_mask_ratio: 0.0713 (0.0720)  actual_prediction_mask_ratio: 0.2222 (0.2325)  ignored_patch_ratio: 0.0187 (0.0214)  time: 0.1168  data: 0.0001  max mem: 1904
[17:34:21.376005] Epoch: [21]  [ 540/1098]  eta: 0:01:04  lr: 0.000009  loss: 0.0209 (0.0331)  mae_m_mask: 0.3800 (0.4432)  rmse_m_mask: 0.4865 (0.5899)  normalized_mse_mask: 0.0209 (0.0331)  rmse_m_all: 11.1314 (11.9290)  actual_mask_ratio: 0.0723 (0.0720)  actual_prediction_mask_ratio: 0.2354 (0.2325)  ignored_patch_ratio: 0.0198 (0.0214)  time: 0.1166  data: 0.0001  max mem: 1904
[17:34:23.627409] Epoch: [21]  [ 560/1098]  eta: 0:01:02  lr: 0.000009  loss: 0.0112 (0.0326)  mae_m_mask: 0.3208 (0.4406)  rmse_m_mask: 0.4266 (0.5862)  normalized_mse_mask: 0.0112 (0.0326)  rmse_m_all: 8.9580 (11.9169)  actual_mask_ratio: 0.0718 (0.0720)  actual_prediction_mask_ratio: 0.2243 (0.2324)  ignored_patch_ratio: 0.0164 (0.0213)  time: 0.1125  data: 0.0001  max mem: 1904
[17:34:25.843114] Epoch: [21]  [ 580/1098]  eta: 0:00:59  lr: 0.000009  loss: 0.0081 (0.0322)  mae_m_mask: 0.3328 (0.4389)  rmse_m_mask: 0.4548 (0.5834)  normalized_mse_mask: 0.0081 (0.0322)  rmse_m_all: 10.1864 (11.9131)  actual_mask_ratio: 0.0711 (0.0720)  actual_prediction_mask_ratio: 0.2347 (0.2325)  ignored_patch_ratio: 0.0227 (0.0214)  time: 0.1107  data: 0.0001  max mem: 1904
[17:34:28.093652] Epoch: [21]  [ 600/1098]  eta: 0:00:57  lr: 0.000009  loss: 0.0051 (0.0323)  mae_m_mask: 0.4375 (0.4391)  rmse_m_mask: 0.5257 (0.5839)  normalized_mse_mask: 0.0051 (0.0323)  rmse_m_all: 11.6571 (11.9187)  actual_mask_ratio: 0.0748 (0.0721)  actual_prediction_mask_ratio: 0.2327 (0.2326)  ignored_patch_ratio: 0.0170 (0.0214)  time: 0.1125  data: 0.0001  max mem: 1904
[17:34:30.351037] Epoch: [21]  [ 620/1098]  eta: 0:00:55  lr: 0.000009  loss: 0.0026 (0.0320)  mae_m_mask: 0.3623 (0.4399)  rmse_m_mask: 0.4779 (0.5849)  normalized_mse_mask: 0.0026 (0.0320)  rmse_m_all: 12.8620 (11.9616)  actual_mask_ratio: 0.0690 (0.0720)  actual_prediction_mask_ratio: 0.2291 (0.2325)  ignored_patch_ratio: 0.0164 (0.0214)  time: 0.1128  data: 0.0001  max mem: 1904
[17:34:32.619622] Epoch: [21]  [ 640/1098]  eta: 0:00:52  lr: 0.000009  loss: 0.0222 (0.0326)  mae_m_mask: 0.4491 (0.4405)  rmse_m_mask: 0.6317 (0.5875)  normalized_mse_mask: 0.0222 (0.0326)  rmse_m_all: 11.8684 (11.9570)  actual_mask_ratio: 0.0718 (0.0720)  actual_prediction_mask_ratio: 0.2240 (0.2324)  ignored_patch_ratio: 0.0198 (0.0214)  time: 0.1134  data: 0.0001  max mem: 1904
[17:34:34.870331] Epoch: [21]  [ 660/1098]  eta: 0:00:50  lr: 0.000009  loss: 0.0214 (0.0324)  mae_m_mask: 0.3663 (0.4393)  rmse_m_mask: 0.4831 (0.5852)  normalized_mse_mask: 0.0214 (0.0324)  rmse_m_all: 10.9301 (11.9061)  actual_mask_ratio: 0.0734 (0.0721)  actual_prediction_mask_ratio: 0.2395 (0.2327)  ignored_patch_ratio: 0.0198 (0.0215)  time: 0.1125  data: 0.0001  max mem: 1904
[17:34:37.156646] Epoch: [21]  [ 680/1098]  eta: 0:00:48  lr: 0.000009  loss: 0.0063 (0.0325)  mae_m_mask: 0.3763 (0.4396)  rmse_m_mask: 0.4993 (0.5857)  normalized_mse_mask: 0.0063 (0.0325)  rmse_m_all: 12.9775 (11.9471)  actual_mask_ratio: 0.0702 (0.0721)  actual_prediction_mask_ratio: 0.2280 (0.2326)  ignored_patch_ratio: 0.0210 (0.0215)  time: 0.1143  data: 0.0001  max mem: 1904
[17:34:39.412147] Epoch: [21]  [ 700/1098]  eta: 0:00:45  lr: 0.000009  loss: 0.0182 (0.0327)  mae_m_mask: 0.3139 (0.4372)  rmse_m_mask: 0.4478 (0.5830)  normalized_mse_mask: 0.0182 (0.0327)  rmse_m_all: 10.8408 (11.9272)  actual_mask_ratio: 0.0703 (0.0720)  actual_prediction_mask_ratio: 0.2279 (0.2325)  ignored_patch_ratio: 0.0159 (0.0214)  time: 0.1127  data: 0.0001  max mem: 1904
[17:34:41.665175] Epoch: [21]  [ 720/1098]  eta: 0:00:43  lr: 0.000009  loss: 0.0082 (0.0326)  mae_m_mask: 0.3308 (0.4365)  rmse_m_mask: 0.4466 (0.5820)  normalized_mse_mask: 0.0082 (0.0326)  rmse_m_all: 12.1097 (11.9331)  actual_mask_ratio: 0.0717 (0.0720)  actual_prediction_mask_ratio: 0.2293 (0.2324)  ignored_patch_ratio: 0.0283 (0.0215)  time: 0.1126  data: 0.0001  max mem: 1904
[17:34:43.930206] Epoch: [21]  [ 740/1098]  eta: 0:00:41  lr: 0.000009  loss: 0.0135 (0.0331)  mae_m_mask: 0.3794 (0.4361)  rmse_m_mask: 0.4948 (0.5821)  normalized_mse_mask: 0.0135 (0.0331)  rmse_m_all: 10.6704 (11.9103)  actual_mask_ratio: 0.0738 (0.0720)  actual_prediction_mask_ratio: 0.2424 (0.2326)  ignored_patch_ratio: 0.0176 (0.0215)  time: 0.1132  data: 0.0001  max mem: 1904
[17:34:46.193824] Epoch: [21]  [ 760/1098]  eta: 0:00:38  lr: 0.000009  loss: 0.0091 (0.0328)  mae_m_mask: 0.4066 (0.4370)  rmse_m_mask: 0.6167 (0.5838)  normalized_mse_mask: 0.0091 (0.0328)  rmse_m_all: 13.2580 (11.9554)  actual_mask_ratio: 0.0738 (0.0720)  actual_prediction_mask_ratio: 0.2329 (0.2326)  ignored_patch_ratio: 0.0215 (0.0215)  time: 0.1131  data: 0.0001  max mem: 1904
[17:34:48.455736] Epoch: [21]  [ 780/1098]  eta: 0:00:36  lr: 0.000009  loss: 0.0359 (0.0332)  mae_m_mask: 0.3810 (0.4357)  rmse_m_mask: 0.4879 (0.5817)  normalized_mse_mask: 0.0359 (0.0332)  rmse_m_all: 11.8198 (11.9395)  actual_mask_ratio: 0.0748 (0.0720)  actual_prediction_mask_ratio: 0.2291 (0.2325)  ignored_patch_ratio: 0.0170 (0.0214)  time: 0.1131  data: 0.0001  max mem: 1904
[17:34:50.705348] Epoch: [21]  [ 800/1098]  eta: 0:00:34  lr: 0.000009  loss: 0.0060 (0.0330)  mae_m_mask: 0.4781 (0.4374)  rmse_m_mask: 0.5857 (0.5842)  normalized_mse_mask: 0.0060 (0.0330)  rmse_m_all: 13.7279 (11.9756)  actual_mask_ratio: 0.0726 (0.0720)  actual_prediction_mask_ratio: 0.2371 (0.2326)  ignored_patch_ratio: 0.0261 (0.0215)  time: 0.1124  data: 0.0001  max mem: 1904
[17:34:52.961913] Epoch: [21]  [ 820/1098]  eta: 0:00:31  lr: 0.000009  loss: 0.0229 (0.0331)  mae_m_mask: 0.3430 (0.4357)  rmse_m_mask: 0.4666 (0.5817)  normalized_mse_mask: 0.0229 (0.0331)  rmse_m_all: 12.4676 (12.0119)  actual_mask_ratio: 0.0714 (0.0720)  actual_prediction_mask_ratio: 0.2340 (0.2325)  ignored_patch_ratio: 0.0266 (0.0217)  time: 0.1128  data: 0.0001  max mem: 1904
[17:34:55.209446] Epoch: [21]  [ 840/1098]  eta: 0:00:29  lr: 0.000009  loss: 0.0156 (0.0327)  mae_m_mask: 0.3651 (0.4355)  rmse_m_mask: 0.4506 (0.5806)  normalized_mse_mask: 0.0156 (0.0327)  rmse_m_all: 13.0488 (12.0302)  actual_mask_ratio: 0.0708 (0.0720)  actual_prediction_mask_ratio: 0.2296 (0.2325)  ignored_patch_ratio: 0.0147 (0.0217)  time: 0.1123  data: 0.0001  max mem: 1904
[17:34:57.461515] Epoch: [21]  [ 860/1098]  eta: 0:00:27  lr: 0.000009  loss: 0.0037 (0.0333)  mae_m_mask: 0.3954 (0.4350)  rmse_m_mask: 0.5278 (0.5805)  normalized_mse_mask: 0.0037 (0.0333)  rmse_m_all: 12.3744 (12.0131)  actual_mask_ratio: 0.0721 (0.0720)  actual_prediction_mask_ratio: 0.2270 (0.2325)  ignored_patch_ratio: 0.0142 (0.0216)  time: 0.1126  data: 0.0001  max mem: 1904
[17:34:59.605742] Epoch: [21]  [ 880/1098]  eta: 0:00:24  lr: 0.000009  loss: 0.0117 (0.0332)  mae_m_mask: 0.3563 (0.4341)  rmse_m_mask: 0.4981 (0.5805)  normalized_mse_mask: 0.0117 (0.0332)  rmse_m_all: 11.7602 (12.0029)  actual_mask_ratio: 0.0710 (0.0720)  actual_prediction_mask_ratio: 0.2286 (0.2325)  ignored_patch_ratio: 0.0159 (0.0215)  time: 0.1072  data: 0.0001  max mem: 1904
[17:35:01.757657] Epoch: [21]  [ 900/1098]  eta: 0:00:22  lr: 0.000009  loss: 0.0077 (0.0333)  mae_m_mask: 0.4844 (0.4362)  rmse_m_mask: 0.6789 (0.5830)  normalized_mse_mask: 0.0077 (0.0333)  rmse_m_all: 12.5031 (12.0246)  actual_mask_ratio: 0.0699 (0.0719)  actual_prediction_mask_ratio: 0.2247 (0.2324)  ignored_patch_ratio: 0.0278 (0.0216)  time: 0.1076  data: 0.0001  max mem: 1904
[17:35:03.908006] Epoch: [21]  [ 920/1098]  eta: 0:00:20  lr: 0.000009  loss: 0.0081 (0.0330)  mae_m_mask: 0.3662 (0.4352)  rmse_m_mask: 0.4443 (0.5815)  normalized_mse_mask: 0.0081 (0.0330)  rmse_m_all: 11.1565 (12.0033)  actual_mask_ratio: 0.0701 (0.0719)  actual_prediction_mask_ratio: 0.2316 (0.2323)  ignored_patch_ratio: 0.0176 (0.0215)  time: 0.1075  data: 0.0001  max mem: 1904
[17:35:06.046032] Epoch: [21]  [ 940/1098]  eta: 0:00:18  lr: 0.000009  loss: 0.0095 (0.0329)  mae_m_mask: 0.4136 (0.4365)  rmse_m_mask: 0.5911 (0.5829)  normalized_mse_mask: 0.0095 (0.0329)  rmse_m_all: 12.1835 (12.0118)  actual_mask_ratio: 0.0716 (0.0719)  actual_prediction_mask_ratio: 0.2308 (0.2323)  ignored_patch_ratio: 0.0221 (0.0216)  time: 0.1069  data: 0.0001  max mem: 1904
[17:35:08.259182] Epoch: [21]  [ 960/1098]  eta: 0:00:15  lr: 0.000009  loss: 0.0060 (0.0326)  mae_m_mask: 0.4642 (0.4373)  rmse_m_mask: 0.6225 (0.5841)  normalized_mse_mask: 0.0060 (0.0326)  rmse_m_all: 11.2401 (12.0017)  actual_mask_ratio: 0.0720 (0.0719)  actual_prediction_mask_ratio: 0.2344 (0.2324)  ignored_patch_ratio: 0.0221 (0.0217)  time: 0.1106  data: 0.0001  max mem: 1904
[17:35:10.167926] Epoch: [21]  [ 980/1098]  eta: 0:00:13  lr: 0.000009  loss: 0.0244 (0.0325)  mae_m_mask: 0.4348 (0.4381)  rmse_m_mask: 0.5827 (0.5851)  normalized_mse_mask: 0.0244 (0.0325)  rmse_m_all: 12.3909 (12.0007)  actual_mask_ratio: 0.0726 (0.0719)  actual_prediction_mask_ratio: 0.2287 (0.2324)  ignored_patch_ratio: 0.0232 (0.0217)  time: 0.0954  data: 0.0001  max mem: 1904
[17:35:12.697169] Epoch: [21]  [1000/1098]  eta: 0:00:11  lr: 0.000009  loss: 0.0177 (0.0326)  mae_m_mask: 0.3545 (0.4375)  rmse_m_mask: 0.4995 (0.5847)  normalized_mse_mask: 0.0177 (0.0326)  rmse_m_all: 11.5162 (12.0056)  actual_mask_ratio: 0.0730 (0.0719)  actual_prediction_mask_ratio: 0.2314 (0.2323)  ignored_patch_ratio: 0.0261 (0.0217)  time: 0.1264  data: 0.0516  max mem: 1904
[17:35:14.809184] Epoch: [21]  [1020/1098]  eta: 0:00:08  lr: 0.000009  loss: 0.0115 (0.0326)  mae_m_mask: 0.3447 (0.4362)  rmse_m_mask: 0.4369 (0.5835)  normalized_mse_mask: 0.0115 (0.0326)  rmse_m_all: 10.3278 (11.9739)  actual_mask_ratio: 0.0731 (0.0719)  actual_prediction_mask_ratio: 0.2362 (0.2324)  ignored_patch_ratio: 0.0130 (0.0216)  time: 0.1056  data: 0.0001  max mem: 1904
[17:35:17.041424] Epoch: [21]  [1040/1098]  eta: 0:00:06  lr: 0.000009  loss: 0.0108 (0.0325)  mae_m_mask: 0.4368 (0.4355)  rmse_m_mask: 0.5788 (0.5824)  normalized_mse_mask: 0.0108 (0.0325)  rmse_m_all: 12.3820 (11.9762)  actual_mask_ratio: 0.0709 (0.0719)  actual_prediction_mask_ratio: 0.2352 (0.2324)  ignored_patch_ratio: 0.0170 (0.0215)  time: 0.1116  data: 0.0001  max mem: 1904
[17:35:19.281231] Epoch: [21]  [1060/1098]  eta: 0:00:04  lr: 0.000009  loss: 0.0160 (0.0327)  mae_m_mask: 0.3842 (0.4356)  rmse_m_mask: 0.5022 (0.5825)  normalized_mse_mask: 0.0160 (0.0327)  rmse_m_all: 11.3357 (11.9655)  actual_mask_ratio: 0.0656 (0.0718)  actual_prediction_mask_ratio: 0.2372 (0.2324)  ignored_patch_ratio: 0.0164 (0.0215)  time: 0.1119  data: 0.0001  max mem: 1904
[17:35:21.519802] Epoch: [21]  [1080/1098]  eta: 0:00:02  lr: 0.000009  loss: 0.0065 (0.0325)  mae_m_mask: 0.4386 (0.4367)  rmse_m_mask: 0.5274 (0.5838)  normalized_mse_mask: 0.0065 (0.0325)  rmse_m_all: 12.8261 (11.9762)  actual_mask_ratio: 0.0703 (0.0718)  actual_prediction_mask_ratio: 0.2291 (0.2323)  ignored_patch_ratio: 0.0244 (0.0216)  time: 0.1119  data: 0.0001  max mem: 1904
[17:35:23.120259] Epoch: [21]  [1097/1098]  eta: 0:00:00  lr: 0.000009  loss: 0.0083 (0.0326)  mae_m_mask: 0.3781 (0.4366)  rmse_m_mask: 0.4982 (0.5835)  normalized_mse_mask: 0.0083 (0.0326)  rmse_m_all: 11.6699 (11.9710)  actual_mask_ratio: 0.0728 (0.0718)  actual_prediction_mask_ratio: 0.2321 (0.2323)  ignored_patch_ratio: 0.0204 (0.0216)  time: 0.0973  data: 0.0001  max mem: 1904
[17:35:23.161955] Epoch: [21] Total time: 0:02:04 (0.1135 s / it)
[17:35:23.162216] Averaged stats: {'lr': 9.236359000213442e-06, 'loss': 0.031952350237929576, 'mae_m_mask': 0.43563624604430107, 'rmse_m_mask': 0.6354390516993599, 'normalized_mse_mask': 0.031952350237929576, 'rmse_m_all': 11.97101762630249, 'actual_mask_ratio': 0.07184101398253918, 'actual_prediction_mask_ratio': 0.232337218001892, 'ignored_patch_ratio': 0.02157136727334806, 'supervised_pixel_count': 21816230.0}
[17:35:23.300817] Val: [21]  [  0/194]  eta: 0:00:26  loss: 0.3456 (0.3456)  mae_m_mask: 0.5588 (0.5588)  rmse_m_mask: 0.7348 (0.7348)  normalized_mse_mask: 0.3456 (0.3456)  rmse_m_all: 1.0206 (1.0206)  actual_mask_ratio: 0.0709 (0.0709)  actual_prediction_mask_ratio: 0.2352 (0.2352)  ignored_patch_ratio: 0.0646 (0.0646)  time: 0.1356  data: 0.0809  max mem: 1904
[17:35:27.633367] Val: [21]  [ 50/194]  eta: 0:00:12  loss: 0.0128 (0.0789)  mae_m_mask: 0.5889 (0.6559)  rmse_m_mask: 0.7502 (0.8123)  normalized_mse_mask: 0.0128 (0.0789)  rmse_m_all: 9.5986 (7.3788)  actual_mask_ratio: 0.0626 (0.0699)  actual_prediction_mask_ratio: 0.2166 (0.2286)  ignored_patch_ratio: 0.0000 (0.0044)  time: 0.0842  data: 0.0001  max mem: 1904
[17:35:32.199960] Val: [21]  [100/194]  eta: 0:00:08  loss: 0.0317 (0.0772)  mae_m_mask: 0.6997 (0.6869)  rmse_m_mask: 0.8699 (0.8494)  normalized_mse_mask: 0.0317 (0.0772)  rmse_m_all: 4.7247 (7.1347)  actual_mask_ratio: 0.0590 (0.0682)  actual_prediction_mask_ratio: 0.2018 (0.2221)  ignored_patch_ratio: 0.0000 (0.0025)  time: 0.0910  data: 0.0001  max mem: 1904
[17:35:36.713638] Val: [21]  [150/194]  eta: 0:00:03  loss: 0.0047 (0.0722)  mae_m_mask: 0.8575 (0.7294)  rmse_m_mask: 1.1014 (0.9036)  normalized_mse_mask: 0.0047 (0.0722)  rmse_m_all: 13.8749 (7.9290)  actual_mask_ratio: 0.0697 (0.0675)  actual_prediction_mask_ratio: 0.2175 (0.2175)  ignored_patch_ratio: 0.0000 (0.0024)  time: 0.0900  data: 0.0001  max mem: 1904
[17:35:40.594328] Val: [21]  [193/194]  eta: 0:00:00  loss: 0.1442 (0.0813)  mae_m_mask: 0.6268 (0.7232)  rmse_m_mask: 0.7637 (0.8964)  normalized_mse_mask: 0.1442 (0.0813)  rmse_m_all: 1.4455 (8.3880)  actual_mask_ratio: 0.0624 (0.0663)  actual_prediction_mask_ratio: 0.1985 (0.2131)  ignored_patch_ratio: 0.0136 (0.0049)  time: 0.0884  data: 0.0001  max mem: 1904
[17:35:40.619283] Val: [21] Total time: 0:00:17 (0.0900 s / it)
[17:35:40.620782] val stats: {'loss': 0.08257863863983747, 'mae_m_mask': 0.7189599975369297, 'rmse_m_mask': 0.9322808234115482, 'normalized_mse_mask': 0.08257863863983747, 'rmse_m_all': 8.38797954308618, 'actual_mask_ratio': 0.06633703996302541, 'actual_prediction_mask_ratio': 0.21313334448435872, 'ignored_patch_ratio': 0.00489066925245462, 'supervised_pixel_count': 3944867.0}
[17:35:44.644654] log_dir: /tank/data/SFS/xinyis/data/bathymetry/MAE-Topography/Downstream_Task_Bathy/cross_validation_v5_Stage2NormMSE_MeterSelect/runs/holdout_Santiam_D004Stage2NormMSE_MeterSelect_D001NoDataSafe/train_stage2_normMSE_meterSelect_OR_SantiamRiverTB_Topobathy_1_D23_fromStage1Best_e120_lr1e-5_b4_acc4/tb
[17:35:44.841807] Epoch: [22]  [   0/1098]  eta: 0:03:35  lr: 0.000009  loss: 0.0047 (0.0047)  mae_m_mask: 0.6658 (0.6658)  rmse_m_mask: 0.9414 (0.9414)  normalized_mse_mask: 0.0047 (0.0047)  rmse_m_all: 16.9601 (16.9601)  actual_mask_ratio: 0.0680 (0.0680)  actual_prediction_mask_ratio: 0.2214 (0.2214)  ignored_patch_ratio: 0.0323 (0.0323)  time: 0.1965  data: 0.0870  max mem: 1904
[17:35:47.167209] Epoch: [22]  [  20/1098]  eta: 0:02:09  lr: 0.000009  loss: 0.0169 (0.0354)  mae_m_mask: 0.3789 (0.4530)  rmse_m_mask: 0.5474 (0.6250)  normalized_mse_mask: 0.0169 (0.0354)  rmse_m_all: 12.0214 (12.7272)  actual_mask_ratio: 0.0738 (0.0736)  actual_prediction_mask_ratio: 0.2356 (0.2347)  ignored_patch_ratio: 0.0198 (0.0211)  time: 0.1162  data: 0.0001  max mem: 1904
[17:35:49.460993] Epoch: [22]  [  40/1098]  eta: 0:02:04  lr: 0.000009  loss: 0.0120 (0.0281)  mae_m_mask: 0.3755 (0.4378)  rmse_m_mask: 0.4943 (0.5813)  normalized_mse_mask: 0.0120 (0.0281)  rmse_m_all: 13.5604 (12.7701)  actual_mask_ratio: 0.0711 (0.0718)  actual_prediction_mask_ratio: 0.2227 (0.2301)  ignored_patch_ratio: 0.0210 (0.0220)  time: 0.1147  data: 0.0001  max mem: 1904
[17:35:51.717646] Epoch: [22]  [  60/1098]  eta: 0:02:00  lr: 0.000009  loss: 0.0102 (0.0272)  mae_m_mask: 0.3952 (0.4412)  rmse_m_mask: 0.5398 (0.5805)  normalized_mse_mask: 0.0102 (0.0272)  rmse_m_all: 11.5827 (12.9263)  actual_mask_ratio: 0.0736 (0.0719)  actual_prediction_mask_ratio: 0.2333 (0.2310)  ignored_patch_ratio: 0.0227 (0.0238)  time: 0.1128  data: 0.0001  max mem: 1904
[17:35:54.031005] Epoch: [22]  [  80/1098]  eta: 0:01:57  lr: 0.000009  loss: 0.0197 (0.0310)  mae_m_mask: 0.4421 (0.4423)  rmse_m_mask: 0.5770 (0.5834)  normalized_mse_mask: 0.0197 (0.0310)  rmse_m_all: 12.5373 (12.8814)  actual_mask_ratio: 0.0715 (0.0719)  actual_prediction_mask_ratio: 0.2303 (0.2310)  ignored_patch_ratio: 0.0204 (0.0229)  time: 0.1156  data: 0.0001  max mem: 1904
[17:35:56.347347] Epoch: [22]  [ 100/1098]  eta: 0:01:55  lr: 0.000009  loss: 0.0101 (0.0293)  mae_m_mask: 0.3484 (0.4295)  rmse_m_mask: 0.4598 (0.5674)  normalized_mse_mask: 0.0101 (0.0293)  rmse_m_all: 9.9866 (12.3419)  actual_mask_ratio: 0.0724 (0.0721)  actual_prediction_mask_ratio: 0.2315 (0.2313)  ignored_patch_ratio: 0.0119 (0.0212)  time: 0.1158  data: 0.0001  max mem: 1904
[17:35:58.667401] Epoch: [22]  [ 120/1098]  eta: 0:01:53  lr: 0.000009  loss: 0.0090 (0.0304)  mae_m_mask: 0.3553 (0.4329)  rmse_m_mask: 0.4859 (0.5724)  normalized_mse_mask: 0.0090 (0.0304)  rmse_m_all: 13.3729 (12.2739)  actual_mask_ratio: 0.0695 (0.0715)  actual_prediction_mask_ratio: 0.2239 (0.2305)  ignored_patch_ratio: 0.0198 (0.0213)  time: 0.1160  data: 0.0001  max mem: 1904
[17:36:00.979752] Epoch: [22]  [ 140/1098]  eta: 0:01:50  lr: 0.000009  loss: 0.0193 (0.0300)  mae_m_mask: 0.3354 (0.4236)  rmse_m_mask: 0.4415 (0.5599)  normalized_mse_mask: 0.0193 (0.0300)  rmse_m_all: 11.4159 (12.0940)  actual_mask_ratio: 0.0710 (0.0715)  actual_prediction_mask_ratio: 0.2302 (0.2306)  ignored_patch_ratio: 0.0193 (0.0213)  time: 0.1156  data: 0.0001  max mem: 1904
[17:36:03.291837] Epoch: [22]  [ 160/1098]  eta: 0:01:48  lr: 0.000009  loss: 0.0228 (0.0340)  mae_m_mask: 0.4453 (0.4290)  rmse_m_mask: 0.5520 (0.5747)  normalized_mse_mask: 0.0228 (0.0340)  rmse_m_all: 11.1096 (11.9532)  actual_mask_ratio: 0.0727 (0.0718)  actual_prediction_mask_ratio: 0.2438 (0.2315)  ignored_patch_ratio: 0.0187 (0.0214)  time: 0.1156  data: 0.0001  max mem: 1904
[17:36:05.630872] Epoch: [22]  [ 180/1098]  eta: 0:01:46  lr: 0.000009  loss: 0.0170 (0.0341)  mae_m_mask: 0.4239 (0.4293)  rmse_m_mask: 0.5381 (0.5741)  normalized_mse_mask: 0.0170 (0.0341)  rmse_m_all: 11.4788 (11.9443)  actual_mask_ratio: 0.0711 (0.0717)  actual_prediction_mask_ratio: 0.2268 (0.2312)  ignored_patch_ratio: 0.0181 (0.0212)  time: 0.1169  data: 0.0001  max mem: 1904
[17:36:07.970345] Epoch: [22]  [ 200/1098]  eta: 0:01:44  lr: 0.000009  loss: 0.0059 (0.0326)  mae_m_mask: 0.4223 (0.4303)  rmse_m_mask: 0.5371 (0.5742)  normalized_mse_mask: 0.0059 (0.0326)  rmse_m_all: 11.8126 (11.9301)  actual_mask_ratio: 0.0720 (0.0718)  actual_prediction_mask_ratio: 0.2320 (0.2313)  ignored_patch_ratio: 0.0204 (0.0212)  time: 0.1169  data: 0.0001  max mem: 1904
[17:36:10.313971] Epoch: [22]  [ 220/1098]  eta: 0:01:41  lr: 0.000009  loss: 0.0172 (0.0320)  mae_m_mask: 0.4442 (0.4352)  rmse_m_mask: 0.5827 (0.5839)  normalized_mse_mask: 0.0172 (0.0320)  rmse_m_all: 11.3086 (11.9075)  actual_mask_ratio: 0.0721 (0.0718)  actual_prediction_mask_ratio: 0.2332 (0.2316)  ignored_patch_ratio: 0.0153 (0.0209)  time: 0.1171  data: 0.0001  max mem: 1904
[17:36:12.654698] Epoch: [22]  [ 240/1098]  eta: 0:01:39  lr: 0.000009  loss: 0.0148 (0.0315)  mae_m_mask: 0.4058 (0.4348)  rmse_m_mask: 0.5206 (0.5816)  normalized_mse_mask: 0.0148 (0.0315)  rmse_m_all: 11.6128 (11.9193)  actual_mask_ratio: 0.0722 (0.0719)  actual_prediction_mask_ratio: 0.2348 (0.2319)  ignored_patch_ratio: 0.0198 (0.0211)  time: 0.1170  data: 0.0001  max mem: 1904
[17:36:14.945777] Epoch: [22]  [ 260/1098]  eta: 0:01:37  lr: 0.000009  loss: 0.0161 (0.0317)  mae_m_mask: 0.3834 (0.4367)  rmse_m_mask: 0.5338 (0.5833)  normalized_mse_mask: 0.0161 (0.0317)  rmse_m_all: 9.7614 (11.8691)  actual_mask_ratio: 0.0730 (0.0719)  actual_prediction_mask_ratio: 0.2384 (0.2323)  ignored_patch_ratio: 0.0170 (0.0212)  time: 0.1145  data: 0.0001  max mem: 1904
[17:36:17.294044] Epoch: [22]  [ 280/1098]  eta: 0:01:35  lr: 0.000009  loss: 0.0124 (0.0326)  mae_m_mask: 0.4100 (0.4371)  rmse_m_mask: 0.5300 (0.5836)  normalized_mse_mask: 0.0124 (0.0326)  rmse_m_all: 11.8325 (11.8164)  actual_mask_ratio: 0.0709 (0.0719)  actual_prediction_mask_ratio: 0.2222 (0.2321)  ignored_patch_ratio: 0.0198 (0.0213)  time: 0.1174  data: 0.0001  max mem: 1904
[17:36:19.642786] Epoch: [22]  [ 300/1098]  eta: 0:01:32  lr: 0.000009  loss: 0.0037 (0.0313)  mae_m_mask: 0.3615 (0.4365)  rmse_m_mask: 0.5254 (0.5815)  normalized_mse_mask: 0.0037 (0.0313)  rmse_m_all: 12.9329 (11.9173)  actual_mask_ratio: 0.0691 (0.0718)  actual_prediction_mask_ratio: 0.2242 (0.2318)  ignored_patch_ratio: 0.0261 (0.0218)  time: 0.1174  data: 0.0001  max mem: 1904
[17:36:21.989748] Epoch: [22]  [ 320/1098]  eta: 0:01:30  lr: 0.000009  loss: 0.0078 (0.0305)  mae_m_mask: 0.4068 (0.4373)  rmse_m_mask: 0.5847 (0.5832)  normalized_mse_mask: 0.0078 (0.0305)  rmse_m_all: 11.4420 (11.8960)  actual_mask_ratio: 0.0711 (0.0718)  actual_prediction_mask_ratio: 0.2242 (0.2315)  ignored_patch_ratio: 0.0215 (0.0218)  time: 0.1173  data: 0.0001  max mem: 1904
[17:36:24.336796] Epoch: [22]  [ 340/1098]  eta: 0:01:28  lr: 0.000009  loss: 0.0060 (0.0298)  mae_m_mask: 0.3904 (0.4359)  rmse_m_mask: 0.5755 (0.5824)  normalized_mse_mask: 0.0060 (0.0298)  rmse_m_all: 11.7659 (11.9338)  actual_mask_ratio: 0.0714 (0.0718)  actual_prediction_mask_ratio: 0.2310 (0.2316)  ignored_patch_ratio: 0.0221 (0.0218)  time: 0.1173  data: 0.0001  max mem: 1904
[17:36:26.691881] Epoch: [22]  [ 360/1098]  eta: 0:01:25  lr: 0.000009  loss: 0.0100 (0.0300)  mae_m_mask: 0.3918 (0.4359)  rmse_m_mask: 0.5233 (0.5826)  normalized_mse_mask: 0.0100 (0.0300)  rmse_m_all: 12.3904 (11.9335)  actual_mask_ratio: 0.0730 (0.0719)  actual_prediction_mask_ratio: 0.2364 (0.2320)  ignored_patch_ratio: 0.0210 (0.0217)  time: 0.1177  data: 0.0001  max mem: 1904
[17:36:29.040799] Epoch: [22]  [ 380/1098]  eta: 0:01:23  lr: 0.000009  loss: 0.0057 (0.0301)  mae_m_mask: 0.4284 (0.4349)  rmse_m_mask: 0.5186 (0.5815)  normalized_mse_mask: 0.0057 (0.0301)  rmse_m_all: 11.3440 (11.9003)  actual_mask_ratio: 0.0713 (0.0719)  actual_prediction_mask_ratio: 0.2334 (0.2323)  ignored_patch_ratio: 0.0159 (0.0214)  time: 0.1174  data: 0.0001  max mem: 1904
[17:36:31.387504] Epoch: [22]  [ 400/1098]  eta: 0:01:21  lr: 0.000009  loss: 0.0258 (0.0318)  mae_m_mask: 0.4319 (0.4362)  rmse_m_mask: 0.5954 (0.5845)  normalized_mse_mask: 0.0258 (0.0318)  rmse_m_all: 9.8762 (11.8243)  actual_mask_ratio: 0.0716 (0.0719)  actual_prediction_mask_ratio: 0.2429 (0.2327)  ignored_patch_ratio: 0.0130 (0.0212)  time: 0.1173  data: 0.0001  max mem: 1904
[17:36:33.733962] Epoch: [22]  [ 420/1098]  eta: 0:01:19  lr: 0.000009  loss: 0.0120 (0.0317)  mae_m_mask: 0.3071 (0.4337)  rmse_m_mask: 0.4104 (0.5810)  normalized_mse_mask: 0.0120 (0.0317)  rmse_m_all: 11.7675 (11.7775)  actual_mask_ratio: 0.0702 (0.0718)  actual_prediction_mask_ratio: 0.2232 (0.2323)  ignored_patch_ratio: 0.0176 (0.0211)  time: 0.1173  data: 0.0001  max mem: 1904
[17:36:36.073769] Epoch: [22]  [ 440/1098]  eta: 0:01:16  lr: 0.000009  loss: 0.0130 (0.0320)  mae_m_mask: 0.4509 (0.4340)  rmse_m_mask: 0.5742 (0.5823)  normalized_mse_mask: 0.0130 (0.0320)  rmse_m_all: 11.0854 (11.7446)  actual_mask_ratio: 0.0723 (0.0720)  actual_prediction_mask_ratio: 0.2415 (0.2328)  ignored_patch_ratio: 0.0187 (0.0210)  time: 0.1170  data: 0.0001  max mem: 1904
[17:36:38.414265] Epoch: [22]  [ 460/1098]  eta: 0:01:14  lr: 0.000009  loss: 0.0112 (0.0316)  mae_m_mask: 0.4975 (0.4385)  rmse_m_mask: 0.5975 (0.5867)  normalized_mse_mask: 0.0112 (0.0316)  rmse_m_all: 12.3812 (11.8145)  actual_mask_ratio: 0.0716 (0.0719)  actual_prediction_mask_ratio: 0.2283 (0.2327)  ignored_patch_ratio: 0.0136 (0.0209)  time: 0.1170  data: 0.0001  max mem: 1904
[17:36:40.702566] Epoch: [22]  [ 480/1098]  eta: 0:01:12  lr: 0.000009  loss: 0.0139 (0.0323)  mae_m_mask: 0.3803 (0.4387)  rmse_m_mask: 0.5519 (0.5868)  normalized_mse_mask: 0.0139 (0.0323)  rmse_m_all: 11.1053 (11.7931)  actual_mask_ratio: 0.0720 (0.0720)  actual_prediction_mask_ratio: 0.2333 (0.2327)  ignored_patch_ratio: 0.0181 (0.0208)  time: 0.1144  data: 0.0001  max mem: 1904
[17:36:42.983384] Epoch: [22]  [ 500/1098]  eta: 0:01:09  lr: 0.000009  loss: 0.0113 (0.0320)  mae_m_mask: 0.4261 (0.4384)  rmse_m_mask: 0.5577 (0.5882)  normalized_mse_mask: 0.0113 (0.0320)  rmse_m_all: 11.6839 (11.7799)  actual_mask_ratio: 0.0723 (0.0720)  actual_prediction_mask_ratio: 0.2350 (0.2328)  ignored_patch_ratio: 0.0198 (0.0209)  time: 0.1140  data: 0.0001  max mem: 1904
[17:36:45.235545] Epoch: [22]  [ 520/1098]  eta: 0:01:07  lr: 0.000009  loss: 0.0257 (0.0325)  mae_m_mask: 0.4259 (0.4389)  rmse_m_mask: 0.5243 (0.5881)  normalized_mse_mask: 0.0257 (0.0325)  rmse_m_all: 10.5485 (11.7251)  actual_mask_ratio: 0.0696 (0.0720)  actual_prediction_mask_ratio: 0.2309 (0.2327)  ignored_patch_ratio: 0.0181 (0.0210)  time: 0.1126  data: 0.0001  max mem: 1904
[17:36:47.506576] Epoch: [22]  [ 540/1098]  eta: 0:01:04  lr: 0.000009  loss: 0.0101 (0.0327)  mae_m_mask: 0.4037 (0.4403)  rmse_m_mask: 0.5202 (0.5892)  normalized_mse_mask: 0.0101 (0.0327)  rmse_m_all: 12.0023 (11.7649)  actual_mask_ratio: 0.0706 (0.0720)  actual_prediction_mask_ratio: 0.2241 (0.2325)  ignored_patch_ratio: 0.0204 (0.0213)  time: 0.1135  data: 0.0001  max mem: 1904
[17:36:49.769698] Epoch: [22]  [ 560/1098]  eta: 0:01:02  lr: 0.000009  loss: 0.0120 (0.0326)  mae_m_mask: 0.3778 (0.4402)  rmse_m_mask: 0.5171 (0.5898)  normalized_mse_mask: 0.0120 (0.0326)  rmse_m_all: 11.5990 (11.7638)  actual_mask_ratio: 0.0732 (0.0720)  actual_prediction_mask_ratio: 0.2347 (0.2326)  ignored_patch_ratio: 0.0187 (0.0214)  time: 0.1131  data: 0.0001  max mem: 1904
[17:36:52.045012] Epoch: [22]  [ 580/1098]  eta: 0:01:00  lr: 0.000009  loss: 0.0119 (0.0327)  mae_m_mask: 0.3929 (0.4400)  rmse_m_mask: 0.5191 (0.5893)  normalized_mse_mask: 0.0119 (0.0327)  rmse_m_all: 12.5042 (11.8010)  actual_mask_ratio: 0.0724 (0.0720)  actual_prediction_mask_ratio: 0.2334 (0.2326)  ignored_patch_ratio: 0.0227 (0.0215)  time: 0.1137  data: 0.0001  max mem: 1904
[17:36:54.381148] Epoch: [22]  [ 600/1098]  eta: 0:00:57  lr: 0.000009  loss: 0.0057 (0.0329)  mae_m_mask: 0.3970 (0.4402)  rmse_m_mask: 0.5260 (0.5893)  normalized_mse_mask: 0.0057 (0.0329)  rmse_m_all: 13.0746 (11.8233)  actual_mask_ratio: 0.0724 (0.0721)  actual_prediction_mask_ratio: 0.2402 (0.2328)  ignored_patch_ratio: 0.0227 (0.0217)  time: 0.1168  data: 0.0063  max mem: 1904
[17:36:56.620100] Epoch: [22]  [ 620/1098]  eta: 0:00:55  lr: 0.000009  loss: 0.0213 (0.0329)  mae_m_mask: 0.3418 (0.4396)  rmse_m_mask: 0.4849 (0.5882)  normalized_mse_mask: 0.0213 (0.0329)  rmse_m_all: 10.2550 (11.8010)  actual_mask_ratio: 0.0706 (0.0720)  actual_prediction_mask_ratio: 0.2287 (0.2328)  ignored_patch_ratio: 0.0198 (0.0216)  time: 0.1119  data: 0.0001  max mem: 1904
[17:36:58.920144] Epoch: [22]  [ 640/1098]  eta: 0:00:53  lr: 0.000009  loss: 0.0114 (0.0323)  mae_m_mask: 0.3801 (0.4378)  rmse_m_mask: 0.4856 (0.5855)  normalized_mse_mask: 0.0114 (0.0323)  rmse_m_all: 13.5422 (11.8299)  actual_mask_ratio: 0.0689 (0.0720)  actual_prediction_mask_ratio: 0.2250 (0.2325)  ignored_patch_ratio: 0.0289 (0.0219)  time: 0.1150  data: 0.0001  max mem: 1904
[17:37:01.159878] Epoch: [22]  [ 660/1098]  eta: 0:00:50  lr: 0.000009  loss: 0.0137 (0.0320)  mae_m_mask: 0.3667 (0.4378)  rmse_m_mask: 0.4906 (0.5846)  normalized_mse_mask: 0.0137 (0.0320)  rmse_m_all: 13.1901 (11.8744)  actual_mask_ratio: 0.0699 (0.0719)  actual_prediction_mask_ratio: 0.2280 (0.2324)  ignored_patch_ratio: 0.0272 (0.0220)  time: 0.1120  data: 0.0001  max mem: 1904
[17:37:03.396491] Epoch: [22]  [ 680/1098]  eta: 0:00:48  lr: 0.000009  loss: 0.0057 (0.0323)  mae_m_mask: 0.4319 (0.4378)  rmse_m_mask: 0.5583 (0.5844)  normalized_mse_mask: 0.0057 (0.0323)  rmse_m_all: 12.6495 (11.8836)  actual_mask_ratio: 0.0729 (0.0719)  actual_prediction_mask_ratio: 0.2366 (0.2325)  ignored_patch_ratio: 0.0176 (0.0220)  time: 0.1118  data: 0.0001  max mem: 1904
[17:37:05.662937] Epoch: [22]  [ 700/1098]  eta: 0:00:45  lr: 0.000009  loss: 0.0177 (0.0322)  mae_m_mask: 0.3585 (0.4372)  rmse_m_mask: 0.4667 (0.5837)  normalized_mse_mask: 0.0177 (0.0322)  rmse_m_all: 11.2470 (11.8797)  actual_mask_ratio: 0.0720 (0.0720)  actual_prediction_mask_ratio: 0.2336 (0.2326)  ignored_patch_ratio: 0.0181 (0.0220)  time: 0.1133  data: 0.0001  max mem: 1904
[17:37:07.957306] Epoch: [22]  [ 720/1098]  eta: 0:00:43  lr: 0.000009  loss: 0.0061 (0.0319)  mae_m_mask: 0.3403 (0.4366)  rmse_m_mask: 0.4516 (0.5838)  normalized_mse_mask: 0.0061 (0.0319)  rmse_m_all: 11.9639 (11.8870)  actual_mask_ratio: 0.0723 (0.0719)  actual_prediction_mask_ratio: 0.2301 (0.2325)  ignored_patch_ratio: 0.0221 (0.0221)  time: 0.1147  data: 0.0001  max mem: 1904
[17:37:10.252391] Epoch: [22]  [ 740/1098]  eta: 0:00:41  lr: 0.000009  loss: 0.0058 (0.0315)  mae_m_mask: 0.3534 (0.4358)  rmse_m_mask: 0.4740 (0.5826)  normalized_mse_mask: 0.0058 (0.0315)  rmse_m_all: 10.9687 (11.8685)  actual_mask_ratio: 0.0680 (0.0719)  actual_prediction_mask_ratio: 0.2251 (0.2324)  ignored_patch_ratio: 0.0170 (0.0221)  time: 0.1147  data: 0.0001  max mem: 1904
[17:37:12.517790] Epoch: [22]  [ 760/1098]  eta: 0:00:39  lr: 0.000009  loss: 0.0261 (0.0322)  mae_m_mask: 0.4066 (0.4358)  rmse_m_mask: 0.5743 (0.5832)  normalized_mse_mask: 0.0261 (0.0322)  rmse_m_all: 11.2010 (11.8348)  actual_mask_ratio: 0.0730 (0.0719)  actual_prediction_mask_ratio: 0.2352 (0.2325)  ignored_patch_ratio: 0.0170 (0.0220)  time: 0.1132  data: 0.0001  max mem: 1904
[17:37:14.775650] Epoch: [22]  [ 780/1098]  eta: 0:00:36  lr: 0.000009  loss: 0.0116 (0.0321)  mae_m_mask: 0.3984 (0.4363)  rmse_m_mask: 0.5386 (0.5834)  normalized_mse_mask: 0.0116 (0.0321)  rmse_m_all: 11.5021 (11.8275)  actual_mask_ratio: 0.0702 (0.0719)  actual_prediction_mask_ratio: 0.2329 (0.2325)  ignored_patch_ratio: 0.0164 (0.0220)  time: 0.1129  data: 0.0001  max mem: 1904
[17:37:17.078837] Epoch: [22]  [ 800/1098]  eta: 0:00:34  lr: 0.000009  loss: 0.0125 (0.0320)  mae_m_mask: 0.3803 (0.4373)  rmse_m_mask: 0.5741 (0.5857)  normalized_mse_mask: 0.0125 (0.0320)  rmse_m_all: 11.6165 (11.8348)  actual_mask_ratio: 0.0697 (0.0718)  actual_prediction_mask_ratio: 0.2239 (0.2324)  ignored_patch_ratio: 0.0164 (0.0220)  time: 0.1151  data: 0.0001  max mem: 1904
[17:37:19.355377] Epoch: [22]  [ 820/1098]  eta: 0:00:32  lr: 0.000009  loss: 0.0060 (0.0316)  mae_m_mask: 0.3610 (0.4356)  rmse_m_mask: 0.4968 (0.5836)  normalized_mse_mask: 0.0060 (0.0316)  rmse_m_all: 13.3488 (11.8631)  actual_mask_ratio: 0.0709 (0.0718)  actual_prediction_mask_ratio: 0.2321 (0.2323)  ignored_patch_ratio: 0.0244 (0.0221)  time: 0.1138  data: 0.0001  max mem: 1904
[17:37:21.536883] Epoch: [22]  [ 840/1098]  eta: 0:00:29  lr: 0.000009  loss: 0.0049 (0.0311)  mae_m_mask: 0.4013 (0.4346)  rmse_m_mask: 0.5680 (0.5823)  normalized_mse_mask: 0.0049 (0.0311)  rmse_m_all: 11.4151 (11.8668)  actual_mask_ratio: 0.0709 (0.0718)  actual_prediction_mask_ratio: 0.2313 (0.2323)  ignored_patch_ratio: 0.0164 (0.0220)  time: 0.1090  data: 0.0002  max mem: 1904
[17:37:23.738498] Epoch: [22]  [ 860/1098]  eta: 0:00:27  lr: 0.000009  loss: 0.0018 (0.0307)  mae_m_mask: 0.4307 (0.4348)  rmse_m_mask: 0.5667 (0.5822)  normalized_mse_mask: 0.0018 (0.0307)  rmse_m_all: 13.6917 (11.8973)  actual_mask_ratio: 0.0710 (0.0718)  actual_prediction_mask_ratio: 0.2305 (0.2322)  ignored_patch_ratio: 0.0255 (0.0221)  time: 0.1100  data: 0.0002  max mem: 1904
[17:37:25.915414] Epoch: [22]  [ 880/1098]  eta: 0:00:25  lr: 0.000009  loss: 0.0137 (0.0307)  mae_m_mask: 0.3606 (0.4336)  rmse_m_mask: 0.4885 (0.5808)  normalized_mse_mask: 0.0137 (0.0307)  rmse_m_all: 11.7403 (11.8932)  actual_mask_ratio: 0.0730 (0.0718)  actual_prediction_mask_ratio: 0.2386 (0.2323)  ignored_patch_ratio: 0.0102 (0.0219)  time: 0.1088  data: 0.0001  max mem: 1904
[17:37:27.857693] Epoch: [22]  [ 900/1098]  eta: 0:00:22  lr: 0.000009  loss: 0.0029 (0.0307)  mae_m_mask: 0.3652 (0.4332)  rmse_m_mask: 0.4625 (0.5805)  normalized_mse_mask: 0.0029 (0.0307)  rmse_m_all: 13.1253 (11.9216)  actual_mask_ratio: 0.0693 (0.0718)  actual_prediction_mask_ratio: 0.2236 (0.2323)  ignored_patch_ratio: 0.0204 (0.0219)  time: 0.0971  data: 0.0001  max mem: 1904
[17:37:30.609960] Epoch: [22]  [ 920/1098]  eta: 0:00:20  lr: 0.000009  loss: 0.0032 (0.0307)  mae_m_mask: 0.3233 (0.4315)  rmse_m_mask: 0.4222 (0.5782)  normalized_mse_mask: 0.0032 (0.0307)  rmse_m_all: 10.2225 (11.9148)  actual_mask_ratio: 0.0717 (0.0718)  actual_prediction_mask_ratio: 0.2268 (0.2322)  ignored_patch_ratio: 0.0221 (0.0219)  time: 0.1376  data: 0.0619  max mem: 1904
[17:37:32.615883] Epoch: [22]  [ 940/1098]  eta: 0:00:18  lr: 0.000009  loss: 0.0199 (0.0307)  mae_m_mask: 0.4025 (0.4315)  rmse_m_mask: 0.5603 (0.5785)  normalized_mse_mask: 0.0199 (0.0307)  rmse_m_all: 11.1488 (11.9072)  actual_mask_ratio: 0.0708 (0.0718)  actual_prediction_mask_ratio: 0.2332 (0.2322)  ignored_patch_ratio: 0.0176 (0.0219)  time: 0.1003  data: 0.0001  max mem: 1904
[17:37:34.843165] Epoch: [22]  [ 960/1098]  eta: 0:00:15  lr: 0.000009  loss: 0.0180 (0.0307)  mae_m_mask: 0.3282 (0.4308)  rmse_m_mask: 0.5164 (0.5787)  normalized_mse_mask: 0.0180 (0.0307)  rmse_m_all: 10.7767 (11.9042)  actual_mask_ratio: 0.0732 (0.0718)  actual_prediction_mask_ratio: 0.2345 (0.2322)  ignored_patch_ratio: 0.0187 (0.0219)  time: 0.1113  data: 0.0001  max mem: 1904
[17:37:37.066108] Epoch: [22]  [ 980/1098]  eta: 0:00:13  lr: 0.000009  loss: 0.0069 (0.0308)  mae_m_mask: 0.4239 (0.4305)  rmse_m_mask: 0.5473 (0.5774)  normalized_mse_mask: 0.0069 (0.0308)  rmse_m_all: 12.6925 (11.9079)  actual_mask_ratio: 0.0711 (0.0718)  actual_prediction_mask_ratio: 0.2255 (0.2321)  ignored_patch_ratio: 0.0198 (0.0220)  time: 0.1111  data: 0.0001  max mem: 1904
[17:37:39.302137] Epoch: [22]  [1000/1098]  eta: 0:00:11  lr: 0.000009  loss: 0.0059 (0.0315)  mae_m_mask: 0.4226 (0.4317)  rmse_m_mask: 0.5609 (0.5790)  normalized_mse_mask: 0.0059 (0.0315)  rmse_m_all: 12.8167 (11.9188)  actual_mask_ratio: 0.0712 (0.0718)  actual_prediction_mask_ratio: 0.2306 (0.2320)  ignored_patch_ratio: 0.0176 (0.0220)  time: 0.1118  data: 0.0001  max mem: 1904
[17:37:41.554461] Epoch: [22]  [1020/1098]  eta: 0:00:08  lr: 0.000009  loss: 0.0185 (0.0314)  mae_m_mask: 0.4464 (0.4323)  rmse_m_mask: 0.5752 (0.5804)  normalized_mse_mask: 0.0185 (0.0314)  rmse_m_all: 10.6842 (11.8889)  actual_mask_ratio: 0.0727 (0.0718)  actual_prediction_mask_ratio: 0.2307 (0.2320)  ignored_patch_ratio: 0.0170 (0.0219)  time: 0.1126  data: 0.0001  max mem: 1904
[17:37:43.827786] Epoch: [22]  [1040/1098]  eta: 0:00:06  lr: 0.000009  loss: 0.0066 (0.0312)  mae_m_mask: 0.4573 (0.4329)  rmse_m_mask: 0.5913 (0.5815)  normalized_mse_mask: 0.0066 (0.0312)  rmse_m_all: 11.9693 (11.9143)  actual_mask_ratio: 0.0732 (0.0718)  actual_prediction_mask_ratio: 0.2333 (0.2322)  ignored_patch_ratio: 0.0130 (0.0218)  time: 0.1136  data: 0.0001  max mem: 1904
[17:37:46.002440] Epoch: [22]  [1060/1098]  eta: 0:00:04  lr: 0.000009  loss: 0.0234 (0.0319)  mae_m_mask: 0.3448 (0.4324)  rmse_m_mask: 0.5040 (0.5818)  normalized_mse_mask: 0.0234 (0.0319)  rmse_m_all: 11.0994 (11.8900)  actual_mask_ratio: 0.0704 (0.0718)  actual_prediction_mask_ratio: 0.2351 (0.2321)  ignored_patch_ratio: 0.0176 (0.0218)  time: 0.1087  data: 0.0001  max mem: 1904
[17:37:48.501362] Epoch: [22]  [1080/1098]  eta: 0:00:02  lr: 0.000009  loss: 0.0076 (0.0318)  mae_m_mask: 0.4077 (0.4323)  rmse_m_mask: 0.5453 (0.5816)  normalized_mse_mask: 0.0076 (0.0318)  rmse_m_all: 12.9570 (11.9079)  actual_mask_ratio: 0.0734 (0.0718)  actual_prediction_mask_ratio: 0.2332 (0.2322)  ignored_patch_ratio: 0.0153 (0.0217)  time: 0.1249  data: 0.0506  max mem: 1904
[17:37:50.219198] Epoch: [22]  [1097/1098]  eta: 0:00:00  lr: 0.000009  loss: 0.0183 (0.0319)  mae_m_mask: 0.4177 (0.4324)  rmse_m_mask: 0.6061 (0.5816)  normalized_mse_mask: 0.0183 (0.0319)  rmse_m_all: 10.3029 (11.8979)  actual_mask_ratio: 0.0728 (0.0718)  actual_prediction_mask_ratio: 0.2381 (0.2323)  ignored_patch_ratio: 0.0119 (0.0216)  time: 0.0973  data: 0.0001  max mem: 1904
[17:37:50.253212] Epoch: [22] Total time: 0:02:05 (0.1144 s / it)
[17:37:50.253507] Averaged stats: {'lr': 9.165788057064018e-06, 'loss': 0.03142324728797773, 'mae_m_mask': 0.42957684518930256, 'rmse_m_mask': 0.6282679931940415, 'normalized_mse_mask': 0.03142324728797773, 'rmse_m_all': 11.89787695430667, 'actual_mask_ratio': 0.07183697532679213, 'actual_prediction_mask_ratio': 0.23232560006321454, 'ignored_patch_ratio': 0.021571367707625983, 'supervised_pixel_count': 21816230.0}
[17:37:50.453595] Val: [22]  [  0/194]  eta: 0:00:38  loss: 0.3017 (0.3017)  mae_m_mask: 0.4970 (0.4970)  rmse_m_mask: 0.6740 (0.6740)  normalized_mse_mask: 0.3017 (0.3017)  rmse_m_all: 1.0198 (1.0198)  actual_mask_ratio: 0.0709 (0.0709)  actual_prediction_mask_ratio: 0.2352 (0.2352)  ignored_patch_ratio: 0.0646 (0.0646)  time: 0.1973  data: 0.1068  max mem: 1904
[17:37:54.807682] Val: [22]  [ 50/194]  eta: 0:00:12  loss: 0.0123 (0.0682)  mae_m_mask: 0.6070 (0.6633)  rmse_m_mask: 0.7572 (0.8219)  normalized_mse_mask: 0.0123 (0.0682)  rmse_m_all: 9.6434 (7.4100)  actual_mask_ratio: 0.0626 (0.0699)  actual_prediction_mask_ratio: 0.2166 (0.2286)  ignored_patch_ratio: 0.0000 (0.0044)  time: 0.0864  data: 0.0001  max mem: 1904
[17:37:59.253961] Val: [22]  [100/194]  eta: 0:00:08  loss: 0.0333 (0.0689)  mae_m_mask: 0.6544 (0.6919)  rmse_m_mask: 0.8772 (0.8560)  normalized_mse_mask: 0.0333 (0.0689)  rmse_m_all: 4.7180 (7.1647)  actual_mask_ratio: 0.0590 (0.0682)  actual_prediction_mask_ratio: 0.2018 (0.2221)  ignored_patch_ratio: 0.0000 (0.0025)  time: 0.0900  data: 0.0001  max mem: 1904
[17:38:03.627088] Val: [22]  [150/194]  eta: 0:00:03  loss: 0.0052 (0.0649)  mae_m_mask: 0.9397 (0.7507)  rmse_m_mask: 1.1297 (0.9269)  normalized_mse_mask: 0.0052 (0.0649)  rmse_m_all: 13.9362 (7.9653)  actual_mask_ratio: 0.0697 (0.0675)  actual_prediction_mask_ratio: 0.2175 (0.2175)  ignored_patch_ratio: 0.0000 (0.0024)  time: 0.0888  data: 0.0001  max mem: 1904
[17:38:07.473546] Val: [22]  [193/194]  eta: 0:00:00  loss: 0.1176 (0.0737)  mae_m_mask: 0.6015 (0.7406)  rmse_m_mask: 0.7204 (0.9137)  normalized_mse_mask: 0.1176 (0.0737)  rmse_m_all: 1.5142 (8.4257)  actual_mask_ratio: 0.0624 (0.0663)  actual_prediction_mask_ratio: 0.1985 (0.2131)  ignored_patch_ratio: 0.0136 (0.0049)  time: 0.0890  data: 0.0001  max mem: 1904
[17:38:07.501850] Val: [22] Total time: 0:00:17 (0.0889 s / it)
[17:38:07.502515] val stats: {'loss': 0.07472834283501817, 'mae_m_mask': 0.7380500357727523, 'rmse_m_mask': 0.9687606300784626, 'normalized_mse_mask': 0.07472834283501817, 'rmse_m_all': 8.425684707373687, 'actual_mask_ratio': 0.06633703996302541, 'actual_prediction_mask_ratio': 0.21313334448435872, 'ignored_patch_ratio': 0.00489066925245462, 'supervised_pixel_count': 3944867.0}
[17:38:11.735863] log_dir: /tank/data/SFS/xinyis/data/bathymetry/MAE-Topography/Downstream_Task_Bathy/cross_validation_v5_Stage2NormMSE_MeterSelect/runs/holdout_Santiam_D004Stage2NormMSE_MeterSelect_D001NoDataSafe/train_stage2_normMSE_meterSelect_OR_SantiamRiverTB_Topobathy_1_D23_fromStage1Best_e120_lr1e-5_b4_acc4/tb
[17:38:11.927933] Epoch: [23]  [   0/1098]  eta: 0:03:30  lr: 0.000009  loss: 0.0978 (0.0978)  mae_m_mask: 0.4939 (0.4939)  rmse_m_mask: 0.6080 (0.6080)  normalized_mse_mask: 0.0978 (0.0978)  rmse_m_all: 16.3555 (16.3555)  actual_mask_ratio: 0.0705 (0.0705)  actual_prediction_mask_ratio: 0.2295 (0.2295)  ignored_patch_ratio: 0.0193 (0.0193)  time: 0.1914  data: 0.0871  max mem: 1904
[17:38:14.219323] Epoch: [23]  [  20/1098]  eta: 0:02:07  lr: 0.000009  loss: 0.0139 (0.0222)  mae_m_mask: 0.3344 (0.3968)  rmse_m_mask: 0.4280 (0.5339)  normalized_mse_mask: 0.0139 (0.0222)  rmse_m_all: 12.1694 (12.0083)  actual_mask_ratio: 0.0701 (0.0700)  actual_prediction_mask_ratio: 0.2273 (0.2288)  ignored_patch_ratio: 0.0181 (0.0222)  time: 0.1145  data: 0.0001  max mem: 1904
[17:38:16.540251] Epoch: [23]  [  40/1098]  eta: 0:02:03  lr: 0.000009  loss: 0.0067 (0.0198)  mae_m_mask: 0.3795 (0.4064)  rmse_m_mask: 0.4471 (0.5479)  normalized_mse_mask: 0.0067 (0.0198)  rmse_m_all: 10.8459 (11.7466)  actual_mask_ratio: 0.0723 (0.0707)  actual_prediction_mask_ratio: 0.2327 (0.2303)  ignored_patch_ratio: 0.0198 (0.0229)  time: 0.1160  data: 0.0001  max mem: 1904
[17:38:18.843506] Epoch: [23]  [  60/1098]  eta: 0:02:00  lr: 0.000009  loss: 0.0027 (0.0169)  mae_m_mask: 0.3958 (0.4183)  rmse_m_mask: 0.5248 (0.5592)  normalized_mse_mask: 0.0027 (0.0169)  rmse_m_all: 12.2571 (12.0778)  actual_mask_ratio: 0.0726 (0.0713)  actual_prediction_mask_ratio: 0.2348 (0.2318)  ignored_patch_ratio: 0.0181 (0.0212)  time: 0.1151  data: 0.0001  max mem: 1904
[17:38:21.179237] Epoch: [23]  [  80/1098]  eta: 0:01:58  lr: 0.000009  loss: 0.0143 (0.0225)  mae_m_mask: 0.3408 (0.4146)  rmse_m_mask: 0.5135 (0.5486)  normalized_mse_mask: 0.0143 (0.0225)  rmse_m_all: 12.3764 (12.1755)  actual_mask_ratio: 0.0736 (0.0716)  actual_prediction_mask_ratio: 0.2333 (0.2324)  ignored_patch_ratio: 0.0170 (0.0207)  time: 0.1167  data: 0.0001  max mem: 1904
[17:38:23.520494] Epoch: [23]  [ 100/1098]  eta: 0:01:56  lr: 0.000009  loss: 0.0233 (0.0299)  mae_m_mask: 0.3435 (0.4151)  rmse_m_mask: 0.4846 (0.5532)  normalized_mse_mask: 0.0233 (0.0299)  rmse_m_all: 10.1963 (12.0218)  actual_mask_ratio: 0.0703 (0.0717)  actual_prediction_mask_ratio: 0.2354 (0.2335)  ignored_patch_ratio: 0.0136 (0.0202)  time: 0.1170  data: 0.0001  max mem: 1904
[17:38:25.859417] Epoch: [23]  [ 120/1098]  eta: 0:01:54  lr: 0.000009  loss: 0.0150 (0.0326)  mae_m_mask: 0.3401 (0.4092)  rmse_m_mask: 0.4481 (0.5471)  normalized_mse_mask: 0.0150 (0.0326)  rmse_m_all: 11.6296 (11.9700)  actual_mask_ratio: 0.0697 (0.0714)  actual_prediction_mask_ratio: 0.2353 (0.2338)  ignored_patch_ratio: 0.0198 (0.0202)  time: 0.1169  data: 0.0001  max mem: 1904
[17:38:28.199824] Epoch: [23]  [ 140/1098]  eta: 0:01:51  lr: 0.000009  loss: 0.0117 (0.0319)  mae_m_mask: 0.3758 (0.4053)  rmse_m_mask: 0.4940 (0.5394)  normalized_mse_mask: 0.0117 (0.0319)  rmse_m_all: 12.6453 (11.9362)  actual_mask_ratio: 0.0677 (0.0709)  actual_prediction_mask_ratio: 0.2213 (0.2317)  ignored_patch_ratio: 0.0204 (0.0204)  time: 0.1170  data: 0.0001  max mem: 1904
[17:38:30.540308] Epoch: [23]  [ 160/1098]  eta: 0:01:49  lr: 0.000009  loss: 0.0023 (0.0311)  mae_m_mask: 0.4977 (0.4177)  rmse_m_mask: 0.6247 (0.5566)  normalized_mse_mask: 0.0023 (0.0311)  rmse_m_all: 14.5335 (12.1939)  actual_mask_ratio: 0.0729 (0.0712)  actual_prediction_mask_ratio: 0.2384 (0.2326)  ignored_patch_ratio: 0.0176 (0.0202)  time: 0.1170  data: 0.0001  max mem: 1904
[17:38:32.882753] Epoch: [23]  [ 180/1098]  eta: 0:01:47  lr: 0.000009  loss: 0.0155 (0.0323)  mae_m_mask: 0.3565 (0.4174)  rmse_m_mask: 0.5167 (0.5614)  normalized_mse_mask: 0.0155 (0.0323)  rmse_m_all: 10.3269 (12.1218)  actual_mask_ratio: 0.0703 (0.0710)  actual_prediction_mask_ratio: 0.2324 (0.2322)  ignored_patch_ratio: 0.0221 (0.0204)  time: 0.1171  data: 0.0001  max mem: 1904
[17:38:35.219727] Epoch: [23]  [ 200/1098]  eta: 0:01:44  lr: 0.000009  loss: 0.0118 (0.0320)  mae_m_mask: 0.3833 (0.4212)  rmse_m_mask: 0.5134 (0.5668)  normalized_mse_mask: 0.0118 (0.0320)  rmse_m_all: 11.0178 (12.1356)  actual_mask_ratio: 0.0700 (0.0710)  actual_prediction_mask_ratio: 0.2222 (0.2317)  ignored_patch_ratio: 0.0204 (0.0205)  time: 0.1168  data: 0.0001  max mem: 1904
[17:38:37.561204] Epoch: [23]  [ 220/1098]  eta: 0:01:42  lr: 0.000009  loss: 0.0145 (0.0336)  mae_m_mask: 0.4501 (0.4220)  rmse_m_mask: 0.5689 (0.5671)  normalized_mse_mask: 0.0145 (0.0336)  rmse_m_all: 10.8716 (11.9819)  actual_mask_ratio: 0.0702 (0.0709)  actual_prediction_mask_ratio: 0.2271 (0.2313)  ignored_patch_ratio: 0.0142 (0.0202)  time: 0.1170  data: 0.0001  max mem: 1904
[17:38:39.901639] Epoch: [23]  [ 240/1098]  eta: 0:01:40  lr: 0.000009  loss: 0.0082 (0.0347)  mae_m_mask: 0.4103 (0.4236)  rmse_m_mask: 0.5531 (0.5687)  normalized_mse_mask: 0.0082 (0.0347)  rmse_m_all: 12.0029 (12.0090)  actual_mask_ratio: 0.0714 (0.0710)  actual_prediction_mask_ratio: 0.2262 (0.2315)  ignored_patch_ratio: 0.0210 (0.0204)  time: 0.1170  data: 0.0001  max mem: 1904
[17:38:42.240406] Epoch: [23]  [ 260/1098]  eta: 0:01:37  lr: 0.000009  loss: 0.0072 (0.0342)  mae_m_mask: 0.4240 (0.4247)  rmse_m_mask: 0.5510 (0.5710)  normalized_mse_mask: 0.0072 (0.0342)  rmse_m_all: 12.2521 (12.0784)  actual_mask_ratio: 0.0698 (0.0710)  actual_prediction_mask_ratio: 0.2308 (0.2312)  ignored_patch_ratio: 0.0238 (0.0207)  time: 0.1169  data: 0.0001  max mem: 1904
[17:38:44.604930] Epoch: [23]  [ 280/1098]  eta: 0:01:35  lr: 0.000009  loss: 0.0136 (0.0353)  mae_m_mask: 0.4916 (0.4335)  rmse_m_mask: 0.6184 (0.5818)  normalized_mse_mask: 0.0136 (0.0353)  rmse_m_all: 11.0341 (12.0263)  actual_mask_ratio: 0.0750 (0.0713)  actual_prediction_mask_ratio: 0.2290 (0.2315)  ignored_patch_ratio: 0.0159 (0.0207)  time: 0.1182  data: 0.0001  max mem: 1904
[17:38:46.907407] Epoch: [23]  [ 300/1098]  eta: 0:01:33  lr: 0.000009  loss: 0.0270 (0.0352)  mae_m_mask: 0.5722 (0.4445)  rmse_m_mask: 0.7135 (0.5943)  normalized_mse_mask: 0.0270 (0.0352)  rmse_m_all: 12.3297 (12.0270)  actual_mask_ratio: 0.0735 (0.0714)  actual_prediction_mask_ratio: 0.2427 (0.2321)  ignored_patch_ratio: 0.0142 (0.0206)  time: 0.1151  data: 0.0001  max mem: 1904
[17:38:49.218256] Epoch: [23]  [ 320/1098]  eta: 0:01:30  lr: 0.000009  loss: 0.0239 (0.0355)  mae_m_mask: 0.4726 (0.4500)  rmse_m_mask: 0.6738 (0.6012)  normalized_mse_mask: 0.0239 (0.0355)  rmse_m_all: 12.2394 (12.0328)  actual_mask_ratio: 0.0716 (0.0715)  actual_prediction_mask_ratio: 0.2240 (0.2322)  ignored_patch_ratio: 0.0261 (0.0209)  time: 0.1155  data: 0.0001  max mem: 1904
[17:38:51.503216] Epoch: [23]  [ 340/1098]  eta: 0:01:28  lr: 0.000009  loss: 0.0147 (0.0361)  mae_m_mask: 0.3717 (0.4529)  rmse_m_mask: 0.4886 (0.6026)  normalized_mse_mask: 0.0147 (0.0361)  rmse_m_all: 11.7691 (12.0239)  actual_mask_ratio: 0.0734 (0.0716)  actual_prediction_mask_ratio: 0.2352 (0.2326)  ignored_patch_ratio: 0.0249 (0.0210)  time: 0.1142  data: 0.0001  max mem: 1904
[17:38:53.820488] Epoch: [23]  [ 360/1098]  eta: 0:01:26  lr: 0.000009  loss: 0.0111 (0.0357)  mae_m_mask: 0.4354 (0.4539)  rmse_m_mask: 0.6227 (0.6055)  normalized_mse_mask: 0.0111 (0.0357)  rmse_m_all: 14.4335 (12.0931)  actual_mask_ratio: 0.0710 (0.0717)  actual_prediction_mask_ratio: 0.2296 (0.2324)  ignored_patch_ratio: 0.0232 (0.0210)  time: 0.1158  data: 0.0001  max mem: 1904
[17:38:56.087381] Epoch: [23]  [ 380/1098]  eta: 0:01:23  lr: 0.000009  loss: 0.0071 (0.0348)  mae_m_mask: 0.4491 (0.4553)  rmse_m_mask: 0.5922 (0.6077)  normalized_mse_mask: 0.0071 (0.0348)  rmse_m_all: 9.9715 (11.9982)  actual_mask_ratio: 0.0730 (0.0717)  actual_prediction_mask_ratio: 0.2322 (0.2327)  ignored_patch_ratio: 0.0221 (0.0211)  time: 0.1133  data: 0.0001  max mem: 1904
[17:38:58.326423] Epoch: [23]  [ 400/1098]  eta: 0:01:21  lr: 0.000009  loss: 0.0090 (0.0348)  mae_m_mask: 0.4256 (0.4550)  rmse_m_mask: 0.5667 (0.6085)  normalized_mse_mask: 0.0090 (0.0348)  rmse_m_all: 13.4583 (12.0334)  actual_mask_ratio: 0.0685 (0.0716)  actual_prediction_mask_ratio: 0.2240 (0.2320)  ignored_patch_ratio: 0.0210 (0.0213)  time: 0.1119  data: 0.0001  max mem: 1904
[17:39:00.579124] Epoch: [23]  [ 420/1098]  eta: 0:01:18  lr: 0.000009  loss: 0.0197 (0.0347)  mae_m_mask: 0.3813 (0.4530)  rmse_m_mask: 0.5142 (0.6059)  normalized_mse_mask: 0.0197 (0.0347)  rmse_m_all: 13.9352 (12.0567)  actual_mask_ratio: 0.0693 (0.0715)  actual_prediction_mask_ratio: 0.2283 (0.2320)  ignored_patch_ratio: 0.0164 (0.0212)  time: 0.1126  data: 0.0001  max mem: 1904
[17:39:02.848568] Epoch: [23]  [ 440/1098]  eta: 0:01:16  lr: 0.000009  loss: 0.0147 (0.0342)  mae_m_mask: 0.4192 (0.4543)  rmse_m_mask: 0.5639 (0.6073)  normalized_mse_mask: 0.0147 (0.0342)  rmse_m_all: 11.7716 (12.0490)  actual_mask_ratio: 0.0729 (0.0716)  actual_prediction_mask_ratio: 0.2320 (0.2320)  ignored_patch_ratio: 0.0232 (0.0214)  time: 0.1134  data: 0.0001  max mem: 1904
[17:39:05.114160] Epoch: [23]  [ 460/1098]  eta: 0:01:13  lr: 0.000009  loss: 0.0077 (0.0341)  mae_m_mask: 0.3847 (0.4544)  rmse_m_mask: 0.5469 (0.6086)  normalized_mse_mask: 0.0077 (0.0341)  rmse_m_all: 12.8216 (12.0340)  actual_mask_ratio: 0.0713 (0.0716)  actual_prediction_mask_ratio: 0.2311 (0.2321)  ignored_patch_ratio: 0.0215 (0.0215)  time: 0.1132  data: 0.0001  max mem: 1904
[17:39:07.385223] Epoch: [23]  [ 480/1098]  eta: 0:01:11  lr: 0.000009  loss: 0.0131 (0.0335)  mae_m_mask: 0.4541 (0.4549)  rmse_m_mask: 0.6896 (0.6111)  normalized_mse_mask: 0.0131 (0.0335)  rmse_m_all: 12.0597 (12.0299)  actual_mask_ratio: 0.0729 (0.0717)  actual_prediction_mask_ratio: 0.2334 (0.2322)  ignored_patch_ratio: 0.0119 (0.0213)  time: 0.1135  data: 0.0001  max mem: 1904
[17:39:09.660172] Epoch: [23]  [ 500/1098]  eta: 0:01:09  lr: 0.000009  loss: 0.0225 (0.0337)  mae_m_mask: 0.4443 (0.4562)  rmse_m_mask: 0.5591 (0.6129)  normalized_mse_mask: 0.0225 (0.0337)  rmse_m_all: 12.1445 (12.0309)  actual_mask_ratio: 0.0724 (0.0717)  actual_prediction_mask_ratio: 0.2333 (0.2322)  ignored_patch_ratio: 0.0176 (0.0213)  time: 0.1137  data: 0.0001  max mem: 1904
[17:39:11.943016] Epoch: [23]  [ 520/1098]  eta: 0:01:06  lr: 0.000009  loss: 0.0045 (0.0331)  mae_m_mask: 0.3606 (0.4553)  rmse_m_mask: 0.4779 (0.6114)  normalized_mse_mask: 0.0045 (0.0331)  rmse_m_all: 12.8656 (12.0521)  actual_mask_ratio: 0.0735 (0.0717)  actual_prediction_mask_ratio: 0.2351 (0.2324)  ignored_patch_ratio: 0.0204 (0.0213)  time: 0.1141  data: 0.0001  max mem: 1904
[17:39:14.213410] Epoch: [23]  [ 540/1098]  eta: 0:01:04  lr: 0.000009  loss: 0.0386 (0.0353)  mae_m_mask: 0.4182 (0.4565)  rmse_m_mask: 0.5732 (0.6127)  normalized_mse_mask: 0.0386 (0.0353)  rmse_m_all: 9.5516 (12.0178)  actual_mask_ratio: 0.0703 (0.0718)  actual_prediction_mask_ratio: 0.2284 (0.2323)  ignored_patch_ratio: 0.0187 (0.0214)  time: 0.1135  data: 0.0001  max mem: 1904
[17:39:16.472362] Epoch: [23]  [ 560/1098]  eta: 0:01:02  lr: 0.000009  loss: 0.0225 (0.0356)  mae_m_mask: 0.3743 (0.4553)  rmse_m_mask: 0.5164 (0.6099)  normalized_mse_mask: 0.0225 (0.0356)  rmse_m_all: 10.3018 (12.0037)  actual_mask_ratio: 0.0735 (0.0718)  actual_prediction_mask_ratio: 0.2346 (0.2324)  ignored_patch_ratio: 0.0153 (0.0213)  time: 0.1129  data: 0.0001  max mem: 1904
[17:39:18.725558] Epoch: [23]  [ 580/1098]  eta: 0:00:59  lr: 0.000009  loss: 0.0182 (0.0354)  mae_m_mask: 0.4202 (0.4566)  rmse_m_mask: 0.5988 (0.6111)  normalized_mse_mask: 0.0182 (0.0354)  rmse_m_all: 12.3408 (12.0083)  actual_mask_ratio: 0.0722 (0.0719)  actual_prediction_mask_ratio: 0.2342 (0.2326)  ignored_patch_ratio: 0.0221 (0.0213)  time: 0.1126  data: 0.0001  max mem: 1904
[17:39:20.980475] Epoch: [23]  [ 600/1098]  eta: 0:00:57  lr: 0.000009  loss: 0.0110 (0.0349)  mae_m_mask: 0.3480 (0.4545)  rmse_m_mask: 0.4668 (0.6089)  normalized_mse_mask: 0.0110 (0.0349)  rmse_m_all: 10.6226 (11.9943)  actual_mask_ratio: 0.0744 (0.0719)  actual_prediction_mask_ratio: 0.2421 (0.2328)  ignored_patch_ratio: 0.0164 (0.0213)  time: 0.1127  data: 0.0001  max mem: 1904
[17:39:23.265128] Epoch: [23]  [ 620/1098]  eta: 0:00:55  lr: 0.000009  loss: 0.0043 (0.0348)  mae_m_mask: 0.3992 (0.4542)  rmse_m_mask: 0.5281 (0.6079)  normalized_mse_mask: 0.0043 (0.0348)  rmse_m_all: 10.6054 (11.9734)  actual_mask_ratio: 0.0707 (0.0719)  actual_prediction_mask_ratio: 0.2330 (0.2328)  ignored_patch_ratio: 0.0181 (0.0213)  time: 0.1142  data: 0.0001  max mem: 1904
[17:39:25.477498] Epoch: [23]  [ 640/1098]  eta: 0:00:52  lr: 0.000009  loss: 0.0211 (0.0355)  mae_m_mask: 0.5077 (0.4560)  rmse_m_mask: 0.6729 (0.6101)  normalized_mse_mask: 0.0211 (0.0355)  rmse_m_all: 13.4754 (11.9930)  actual_mask_ratio: 0.0753 (0.0720)  actual_prediction_mask_ratio: 0.2363 (0.2329)  ignored_patch_ratio: 0.0159 (0.0213)  time: 0.1106  data: 0.0001  max mem: 1904
[17:39:27.698871] Epoch: [23]  [ 660/1098]  eta: 0:00:50  lr: 0.000009  loss: 0.0082 (0.0350)  mae_m_mask: 0.3832 (0.4552)  rmse_m_mask: 0.5239 (0.6091)  normalized_mse_mask: 0.0082 (0.0350)  rmse_m_all: 12.8433 (12.0212)  actual_mask_ratio: 0.0696 (0.0720)  actual_prediction_mask_ratio: 0.2236 (0.2326)  ignored_patch_ratio: 0.0221 (0.0214)  time: 0.1110  data: 0.0001  max mem: 1904
[17:39:29.908286] Epoch: [23]  [ 680/1098]  eta: 0:00:47  lr: 0.000009  loss: 0.0120 (0.0349)  mae_m_mask: 0.3750 (0.4549)  rmse_m_mask: 0.5556 (0.6080)  normalized_mse_mask: 0.0120 (0.0349)  rmse_m_all: 11.7778 (12.0307)  actual_mask_ratio: 0.0695 (0.0719)  actual_prediction_mask_ratio: 0.2223 (0.2324)  ignored_patch_ratio: 0.0210 (0.0215)  time: 0.1104  data: 0.0001  max mem: 1904
[17:39:32.110653] Epoch: [23]  [ 700/1098]  eta: 0:00:45  lr: 0.000009  loss: 0.0100 (0.0349)  mae_m_mask: 0.3852 (0.4537)  rmse_m_mask: 0.5257 (0.6067)  normalized_mse_mask: 0.0100 (0.0349)  rmse_m_all: 11.0426 (12.0098)  actual_mask_ratio: 0.0720 (0.0719)  actual_prediction_mask_ratio: 0.2336 (0.2326)  ignored_patch_ratio: 0.0159 (0.0214)  time: 0.1101  data: 0.0001  max mem: 1904
[17:39:34.358284] Epoch: [23]  [ 720/1098]  eta: 0:00:43  lr: 0.000009  loss: 0.0138 (0.0349)  mae_m_mask: 0.4054 (0.4532)  rmse_m_mask: 0.4847 (0.6054)  normalized_mse_mask: 0.0138 (0.0349)  rmse_m_all: 13.6014 (12.0351)  actual_mask_ratio: 0.0716 (0.0719)  actual_prediction_mask_ratio: 0.2241 (0.2324)  ignored_patch_ratio: 0.0187 (0.0214)  time: 0.1123  data: 0.0001  max mem: 1904
[17:39:36.629812] Epoch: [23]  [ 740/1098]  eta: 0:00:40  lr: 0.000009  loss: 0.0150 (0.0345)  mae_m_mask: 0.3933 (0.4521)  rmse_m_mask: 0.5154 (0.6039)  normalized_mse_mask: 0.0150 (0.0345)  rmse_m_all: 11.7899 (12.0423)  actual_mask_ratio: 0.0719 (0.0719)  actual_prediction_mask_ratio: 0.2330 (0.2324)  ignored_patch_ratio: 0.0210 (0.0214)  time: 0.1135  data: 0.0001  max mem: 1904
[17:39:38.898377] Epoch: [23]  [ 760/1098]  eta: 0:00:38  lr: 0.000009  loss: 0.0147 (0.0343)  mae_m_mask: 0.3034 (0.4501)  rmse_m_mask: 0.4502 (0.6017)  normalized_mse_mask: 0.0147 (0.0343)  rmse_m_all: 11.6042 (12.0277)  actual_mask_ratio: 0.0747 (0.0719)  actual_prediction_mask_ratio: 0.2375 (0.2326)  ignored_patch_ratio: 0.0153 (0.0214)  time: 0.1134  data: 0.0001  max mem: 1904
[17:39:41.160555] Epoch: [23]  [ 780/1098]  eta: 0:00:36  lr: 0.000009  loss: 0.0138 (0.0342)  mae_m_mask: 0.3485 (0.4481)  rmse_m_mask: 0.4443 (0.5985)  normalized_mse_mask: 0.0138 (0.0342)  rmse_m_all: 10.2180 (11.9988)  actual_mask_ratio: 0.0726 (0.0719)  actual_prediction_mask_ratio: 0.2262 (0.2325)  ignored_patch_ratio: 0.0170 (0.0213)  time: 0.1131  data: 0.0001  max mem: 1904
[17:39:43.436706] Epoch: [23]  [ 800/1098]  eta: 0:00:34  lr: 0.000009  loss: 0.0103 (0.0340)  mae_m_mask: 0.3409 (0.4479)  rmse_m_mask: 0.4829 (0.5980)  normalized_mse_mask: 0.0103 (0.0340)  rmse_m_all: 12.4013 (12.0019)  actual_mask_ratio: 0.0693 (0.0718)  actual_prediction_mask_ratio: 0.2263 (0.2323)  ignored_patch_ratio: 0.0204 (0.0213)  time: 0.1138  data: 0.0001  max mem: 1904
[17:39:45.548910] Epoch: [23]  [ 820/1098]  eta: 0:00:31  lr: 0.000009  loss: 0.0113 (0.0339)  mae_m_mask: 0.3701 (0.4468)  rmse_m_mask: 0.4766 (0.5967)  normalized_mse_mask: 0.0113 (0.0339)  rmse_m_all: 11.6093 (11.9763)  actual_mask_ratio: 0.0759 (0.0719)  actual_prediction_mask_ratio: 0.2375 (0.2324)  ignored_patch_ratio: 0.0136 (0.0213)  time: 0.1056  data: 0.0008  max mem: 1904
[17:39:48.107395] Epoch: [23]  [ 840/1098]  eta: 0:00:29  lr: 0.000009  loss: 0.0069 (0.0338)  mae_m_mask: 0.3160 (0.4451)  rmse_m_mask: 0.4424 (0.5953)  normalized_mse_mask: 0.0069 (0.0338)  rmse_m_all: 11.7538 (11.9470)  actual_mask_ratio: 0.0720 (0.0719)  actual_prediction_mask_ratio: 0.2360 (0.2324)  ignored_patch_ratio: 0.0142 (0.0212)  time: 0.1279  data: 0.0539  max mem: 1904
[17:39:50.129674] Epoch: [23]  [ 860/1098]  eta: 0:00:27  lr: 0.000009  loss: 0.0032 (0.0333)  mae_m_mask: 0.3988 (0.4439)  rmse_m_mask: 0.5106 (0.5933)  normalized_mse_mask: 0.0032 (0.0333)  rmse_m_all: 11.9982 (11.9545)  actual_mask_ratio: 0.0704 (0.0719)  actual_prediction_mask_ratio: 0.2275 (0.2322)  ignored_patch_ratio: 0.0249 (0.0213)  time: 0.1011  data: 0.0001  max mem: 1904
[17:39:52.347860] Epoch: [23]  [ 880/1098]  eta: 0:00:24  lr: 0.000009  loss: 0.0050 (0.0333)  mae_m_mask: 0.3387 (0.4427)  rmse_m_mask: 0.4429 (0.5921)  normalized_mse_mask: 0.0050 (0.0333)  rmse_m_all: 11.7683 (11.9593)  actual_mask_ratio: 0.0703 (0.0718)  actual_prediction_mask_ratio: 0.2248 (0.2321)  ignored_patch_ratio: 0.0176 (0.0213)  time: 0.1109  data: 0.0001  max mem: 1904
[17:39:54.601247] Epoch: [23]  [ 900/1098]  eta: 0:00:22  lr: 0.000009  loss: 0.0052 (0.0330)  mae_m_mask: 0.4444 (0.4429)  rmse_m_mask: 0.5509 (0.5917)  normalized_mse_mask: 0.0052 (0.0330)  rmse_m_all: 10.7758 (11.9528)  actual_mask_ratio: 0.0707 (0.0718)  actual_prediction_mask_ratio: 0.2313 (0.2321)  ignored_patch_ratio: 0.0215 (0.0214)  time: 0.1126  data: 0.0001  max mem: 1904
[17:39:56.848169] Epoch: [23]  [ 920/1098]  eta: 0:00:20  lr: 0.000009  loss: 0.0091 (0.0328)  mae_m_mask: 0.3636 (0.4429)  rmse_m_mask: 0.4918 (0.5917)  normalized_mse_mask: 0.0091 (0.0328)  rmse_m_all: 10.5754 (11.9475)  actual_mask_ratio: 0.0737 (0.0718)  actual_prediction_mask_ratio: 0.2391 (0.2322)  ignored_patch_ratio: 0.0187 (0.0213)  time: 0.1123  data: 0.0001  max mem: 1904
[17:39:59.072502] Epoch: [23]  [ 940/1098]  eta: 0:00:18  lr: 0.000009  loss: 0.0071 (0.0325)  mae_m_mask: 0.4656 (0.4447)  rmse_m_mask: 0.6301 (0.5943)  normalized_mse_mask: 0.0071 (0.0325)  rmse_m_all: 12.8256 (11.9817)  actual_mask_ratio: 0.0704 (0.0718)  actual_prediction_mask_ratio: 0.2182 (0.2321)  ignored_patch_ratio: 0.0249 (0.0214)  time: 0.1112  data: 0.0001  max mem: 1904
[17:40:01.284925] Epoch: [23]  [ 960/1098]  eta: 0:00:15  lr: 0.000009  loss: 0.0060 (0.0322)  mae_m_mask: 0.3742 (0.4443)  rmse_m_mask: 0.5843 (0.5939)  normalized_mse_mask: 0.0060 (0.0322)  rmse_m_all: 12.2313 (11.9846)  actual_mask_ratio: 0.0714 (0.0718)  actual_prediction_mask_ratio: 0.2347 (0.2321)  ignored_patch_ratio: 0.0181 (0.0214)  time: 0.1106  data: 0.0001  max mem: 1904
[17:40:03.551908] Epoch: [23]  [ 980/1098]  eta: 0:00:13  lr: 0.000009  loss: 0.0214 (0.0322)  mae_m_mask: 0.3321 (0.4429)  rmse_m_mask: 0.4595 (0.5924)  normalized_mse_mask: 0.0214 (0.0322)  rmse_m_all: 9.7067 (11.9465)  actual_mask_ratio: 0.0739 (0.0718)  actual_prediction_mask_ratio: 0.2408 (0.2322)  ignored_patch_ratio: 0.0159 (0.0214)  time: 0.1133  data: 0.0001  max mem: 1904
[17:40:05.807655] Epoch: [23]  [1000/1098]  eta: 0:00:11  lr: 0.000009  loss: 0.0191 (0.0322)  mae_m_mask: 0.3973 (0.4430)  rmse_m_mask: 0.5469 (0.5929)  normalized_mse_mask: 0.0191 (0.0322)  rmse_m_all: 11.4432 (11.9390)  actual_mask_ratio: 0.0733 (0.0719)  actual_prediction_mask_ratio: 0.2393 (0.2323)  ignored_patch_ratio: 0.0170 (0.0214)  time: 0.1127  data: 0.0001  max mem: 1904
[17:40:08.084337] Epoch: [23]  [1020/1098]  eta: 0:00:08  lr: 0.000009  loss: 0.0038 (0.0321)  mae_m_mask: 0.4125 (0.4429)  rmse_m_mask: 0.5237 (0.5922)  normalized_mse_mask: 0.0038 (0.0321)  rmse_m_all: 13.5537 (11.9812)  actual_mask_ratio: 0.0707 (0.0719)  actual_prediction_mask_ratio: 0.2276 (0.2323)  ignored_patch_ratio: 0.0232 (0.0214)  time: 0.1138  data: 0.0001  max mem: 1904
[17:40:10.117979] Epoch: [23]  [1040/1098]  eta: 0:00:06  lr: 0.000009  loss: 0.0152 (0.0323)  mae_m_mask: 0.4541 (0.4437)  rmse_m_mask: 0.6050 (0.5937)  normalized_mse_mask: 0.0152 (0.0323)  rmse_m_all: 11.2345 (11.9757)  actual_mask_ratio: 0.0736 (0.0719)  actual_prediction_mask_ratio: 0.2380 (0.2325)  ignored_patch_ratio: 0.0181 (0.0215)  time: 0.1016  data: 0.0001  max mem: 1904
[17:40:13.147976] Epoch: [23]  [1060/1098]  eta: 0:00:04  lr: 0.000009  loss: 0.0173 (0.0323)  mae_m_mask: 0.4912 (0.4460)  rmse_m_mask: 0.6303 (0.5965)  normalized_mse_mask: 0.0173 (0.0323)  rmse_m_all: 12.4941 (11.9912)  actual_mask_ratio: 0.0717 (0.0719)  actual_prediction_mask_ratio: 0.2355 (0.2325)  ignored_patch_ratio: 0.0204 (0.0215)  time: 0.1515  data: 0.0819  max mem: 1904
[17:40:15.173121] Epoch: [23]  [1080/1098]  eta: 0:00:02  lr: 0.000009  loss: 0.0087 (0.0324)  mae_m_mask: 0.3855 (0.4460)  rmse_m_mask: 0.4991 (0.5970)  normalized_mse_mask: 0.0087 (0.0324)  rmse_m_all: 11.8136 (11.9924)  actual_mask_ratio: 0.0718 (0.0719)  actual_prediction_mask_ratio: 0.2302 (0.2324)  ignored_patch_ratio: 0.0204 (0.0216)  time: 0.1012  data: 0.0001  max mem: 1904
[17:40:17.156133] Epoch: [23]  [1097/1098]  eta: 0:00:00  lr: 0.000009  loss: 0.0117 (0.0324)  mae_m_mask: 0.3600 (0.4449)  rmse_m_mask: 0.4685 (0.5961)  normalized_mse_mask: 0.0117 (0.0324)  rmse_m_all: 10.3168 (11.9801)  actual_mask_ratio: 0.0689 (0.0718)  actual_prediction_mask_ratio: 0.2195 (0.2323)  ignored_patch_ratio: 0.0204 (0.0216)  time: 0.1168  data: 0.0001  max mem: 1904
[17:40:17.247744] Epoch: [23] Total time: 0:02:05 (0.1143 s / it)
[17:40:17.248818] Averaged stats: {'lr': 9.09239635836847e-06, 'loss': 0.03198511094850367, 'mae_m_mask': 0.44266280933454916, 'rmse_m_mask': 0.6459976150928967, 'normalized_mse_mask': 0.03198511094850367, 'rmse_m_all': 11.980068063258257, 'actual_mask_ratio': 0.0718357471175804, 'actual_prediction_mask_ratio': 0.23231529402385426, 'ignored_patch_ratio': 0.02157136716477858, 'supervised_pixel_count': 21816230.0}
[17:40:17.430956] Val: [23]  [  0/194]  eta: 0:00:34  loss: 0.3179 (0.3179)  mae_m_mask: 0.5075 (0.5075)  rmse_m_mask: 0.6893 (0.6893)  normalized_mse_mask: 0.3179 (0.3179)  rmse_m_all: 1.0224 (1.0224)  actual_mask_ratio: 0.0709 (0.0709)  actual_prediction_mask_ratio: 0.2352 (0.2352)  ignored_patch_ratio: 0.0646 (0.0646)  time: 0.1793  data: 0.0908  max mem: 1904
[17:40:21.813360] Val: [23]  [ 50/194]  eta: 0:00:12  loss: 0.0123 (0.0719)  mae_m_mask: 0.5784 (0.6686)  rmse_m_mask: 0.7502 (0.8279)  normalized_mse_mask: 0.0123 (0.0719)  rmse_m_all: 9.6417 (7.4425)  actual_mask_ratio: 0.0626 (0.0699)  actual_prediction_mask_ratio: 0.2166 (0.2286)  ignored_patch_ratio: 0.0000 (0.0044)  time: 0.0881  data: 0.0001  max mem: 1904
[17:40:26.316019] Val: [23]  [100/194]  eta: 0:00:08  loss: 0.0609 (0.0738)  mae_m_mask: 0.6731 (0.7111)  rmse_m_mask: 0.8640 (0.8801)  normalized_mse_mask: 0.0609 (0.0738)  rmse_m_all: 4.7358 (7.1926)  actual_mask_ratio: 0.0590 (0.0682)  actual_prediction_mask_ratio: 0.2018 (0.2221)  ignored_patch_ratio: 0.0000 (0.0025)  time: 0.0915  data: 0.0001  max mem: 1904
[17:40:30.909165] Val: [23]  [150/194]  eta: 0:00:03  loss: 0.0052 (0.0693)  mae_m_mask: 0.9617 (0.7787)  rmse_m_mask: 1.2025 (0.9606)  normalized_mse_mask: 0.0052 (0.0693)  rmse_m_all: 13.9472 (7.9947)  actual_mask_ratio: 0.0697 (0.0675)  actual_prediction_mask_ratio: 0.2175 (0.2175)  ignored_patch_ratio: 0.0000 (0.0024)  time: 0.0933  data: 0.0042  max mem: 1904
[17:40:34.784528] Val: [23]  [193/194]  eta: 0:00:00  loss: 0.1139 (0.0764)  mae_m_mask: 0.5923 (0.7585)  rmse_m_mask: 0.7182 (0.9369)  normalized_mse_mask: 0.1139 (0.0764)  rmse_m_all: 1.4922 (8.4540)  actual_mask_ratio: 0.0624 (0.0663)  actual_prediction_mask_ratio: 0.1985 (0.2131)  ignored_patch_ratio: 0.0136 (0.0049)  time: 0.0893  data: 0.0001  max mem: 1904
[17:40:34.806587] Val: [23] Total time: 0:00:17 (0.0905 s / it)
[17:40:34.808622] val stats: {'loss': 0.07788116282681115, 'mae_m_mask': 0.7582420532076082, 'rmse_m_mask': 1.0017906121929228, 'normalized_mse_mask': 0.07788116282681115, 'rmse_m_all': 8.454005473053332, 'actual_mask_ratio': 0.06633703996302541, 'actual_prediction_mask_ratio': 0.21313334448435872, 'ignored_patch_ratio': 0.00489066925245462, 'supervised_pixel_count': 3944867.0}
[17:40:39.074217] log_dir: /tank/data/SFS/xinyis/data/bathymetry/MAE-Topography/Downstream_Task_Bathy/cross_validation_v5_Stage2NormMSE_MeterSelect/runs/holdout_Santiam_D004Stage2NormMSE_MeterSelect_D001NoDataSafe/train_stage2_normMSE_meterSelect_OR_SantiamRiverTB_Topobathy_1_D23_fromStage1Best_e120_lr1e-5_b4_acc4/tb
[17:40:39.266769] Epoch: [24]  [   0/1098]  eta: 0:03:30  lr: 0.000009  loss: 0.0014 (0.0014)  mae_m_mask: 0.2732 (0.2732)  rmse_m_mask: 0.3320 (0.3320)  normalized_mse_mask: 0.0014 (0.0014)  rmse_m_all: 16.3681 (16.3681)  actual_mask_ratio: 0.0648 (0.0648)  actual_prediction_mask_ratio: 0.2226 (0.2226)  ignored_patch_ratio: 0.0374 (0.0374)  time: 0.1919  data: 0.0823  max mem: 1904
[17:40:41.578437] Epoch: [24]  [  20/1098]  eta: 0:02:08  lr: 0.000009  loss: 0.0230 (0.0250)  mae_m_mask: 0.3974 (0.4079)  rmse_m_mask: 0.5217 (0.5399)  normalized_mse_mask: 0.0230 (0.0250)  rmse_m_all: 10.6815 (11.6487)  actual_mask_ratio: 0.0729 (0.0719)  actual_prediction_mask_ratio: 0.2377 (0.2335)  ignored_patch_ratio: 0.0198 (0.0221)  time: 0.1155  data: 0.0001  max mem: 1904
[17:40:44.346902] Epoch: [24]  [  40/1098]  eta: 0:02:16  lr: 0.000009  loss: 0.0133 (0.0224)  mae_m_mask: 0.4611 (0.4397)  rmse_m_mask: 0.6147 (0.5860)  normalized_mse_mask: 0.0133 (0.0224)  rmse_m_all: 12.1970 (12.2522)  actual_mask_ratio: 0.0754 (0.0729)  actual_prediction_mask_ratio: 0.2380 (0.2355)  ignored_patch_ratio: 0.0176 (0.0209)  time: 0.1384  data: 0.0297  max mem: 1904
[17:40:48.570085] Epoch: [24]  [  60/1098]  eta: 0:02:41  lr: 0.000009  loss: 0.0113 (0.0228)  mae_m_mask: 0.4303 (0.4393)  rmse_m_mask: 0.5554 (0.5768)  normalized_mse_mask: 0.0113 (0.0228)  rmse_m_all: 12.8285 (12.2305)  actual_mask_ratio: 0.0720 (0.0727)  actual_prediction_mask_ratio: 0.2341 (0.2348)  ignored_patch_ratio: 0.0221 (0.0223)  time: 0.2111  data: 0.1368  max mem: 1904
[17:40:50.993545] Epoch: [24]  [  80/1098]  eta: 0:02:29  lr: 0.000009  loss: 0.0150 (0.0311)  mae_m_mask: 0.3646 (0.4327)  rmse_m_mask: 0.6173 (0.5773)  normalized_mse_mask: 0.0150 (0.0311)  rmse_m_all: 10.1855 (11.6442)  actual_mask_ratio: 0.0726 (0.0725)  actual_prediction_mask_ratio: 0.2356 (0.2352)  ignored_patch_ratio: 0.0096 (0.0207)  time: 0.1211  data: 0.0050  max mem: 1904
[17:40:53.305160] Epoch: [24]  [ 100/1098]  eta: 0:02:20  lr: 0.000009  loss: 0.0243 (0.0346)  mae_m_mask: 0.4585 (0.4598)  rmse_m_mask: 0.6179 (0.6206)  normalized_mse_mask: 0.0243 (0.0346)  rmse_m_all: 11.9617 (11.6401)  actual_mask_ratio: 0.0741 (0.0729)  actual_prediction_mask_ratio: 0.2439 (0.2363)  ignored_patch_ratio: 0.0187 (0.0207)  time: 0.1155  data: 0.0001  max mem: 1904
[17:40:55.620595] Epoch: [24]  [ 120/1098]  eta: 0:02:13  lr: 0.000009  loss: 0.0061 (0.0317)  mae_m_mask: 0.4118 (0.4647)  rmse_m_mask: 0.6303 (0.6347)  normalized_mse_mask: 0.0061 (0.0317)  rmse_m_all: 12.6307 (11.9596)  actual_mask_ratio: 0.0718 (0.0728)  actual_prediction_mask_ratio: 0.2338 (0.2360)  ignored_patch_ratio: 0.0176 (0.0207)  time: 0.1157  data: 0.0001  max mem: 1904
[17:40:57.933396] Epoch: [24]  [ 140/1098]  eta: 0:02:08  lr: 0.000009  loss: 0.0221 (0.0308)  mae_m_mask: 0.3385 (0.4537)  rmse_m_mask: 0.4329 (0.6208)  normalized_mse_mask: 0.0221 (0.0308)  rmse_m_all: 9.3564 (11.6864)  actual_mask_ratio: 0.0703 (0.0726)  actual_prediction_mask_ratio: 0.2342 (0.2354)  ignored_patch_ratio: 0.0130 (0.0202)  time: 0.1156  data: 0.0001  max mem: 1904
[17:41:00.246006] Epoch: [24]  [ 160/1098]  eta: 0:02:03  lr: 0.000009  loss: 0.0116 (0.0289)  mae_m_mask: 0.3775 (0.4475)  rmse_m_mask: 0.4861 (0.6103)  normalized_mse_mask: 0.0116 (0.0289)  rmse_m_all: 11.1171 (11.6504)  actual_mask_ratio: 0.0701 (0.0726)  actual_prediction_mask_ratio: 0.2369 (0.2356)  ignored_patch_ratio: 0.0187 (0.0204)  time: 0.1156  data: 0.0001  max mem: 1904
[17:41:02.561450] Epoch: [24]  [ 180/1098]  eta: 0:01:59  lr: 0.000009  loss: 0.0071 (0.0299)  mae_m_mask: 0.4964 (0.4495)  rmse_m_mask: 0.6141 (0.6096)  normalized_mse_mask: 0.0071 (0.0299)  rmse_m_all: 10.7949 (11.6524)  actual_mask_ratio: 0.0746 (0.0729)  actual_prediction_mask_ratio: 0.2373 (0.2356)  ignored_patch_ratio: 0.0147 (0.0202)  time: 0.1157  data: 0.0001  max mem: 1904
[17:41:04.896620] Epoch: [24]  [ 200/1098]  eta: 0:01:55  lr: 0.000009  loss: 0.0099 (0.0304)  mae_m_mask: 0.4127 (0.4461)  rmse_m_mask: 0.5485 (0.6019)  normalized_mse_mask: 0.0099 (0.0304)  rmse_m_all: 12.4916 (11.6419)  actual_mask_ratio: 0.0713 (0.0727)  actual_prediction_mask_ratio: 0.2261 (0.2352)  ignored_patch_ratio: 0.0159 (0.0200)  time: 0.1167  data: 0.0001  max mem: 1904
[17:41:07.226173] Epoch: [24]  [ 220/1098]  eta: 0:01:51  lr: 0.000009  loss: 0.0107 (0.0307)  mae_m_mask: 0.3887 (0.4420)  rmse_m_mask: 0.5080 (0.5973)  normalized_mse_mask: 0.0107 (0.0307)  rmse_m_all: 13.1057 (11.7912)  actual_mask_ratio: 0.0715 (0.0727)  actual_prediction_mask_ratio: 0.2318 (0.2350)  ignored_patch_ratio: 0.0170 (0.0199)  time: 0.1164  data: 0.0001  max mem: 1904
[17:41:09.546725] Epoch: [24]  [ 240/1098]  eta: 0:01:48  lr: 0.000009  loss: 0.0086 (0.0306)  mae_m_mask: 0.4297 (0.4431)  rmse_m_mask: 0.5658 (0.5996)  normalized_mse_mask: 0.0086 (0.0306)  rmse_m_all: 11.2582 (11.7063)  actual_mask_ratio: 0.0719 (0.0726)  actual_prediction_mask_ratio: 0.2276 (0.2346)  ignored_patch_ratio: 0.0232 (0.0203)  time: 0.1160  data: 0.0001  max mem: 1904
[17:41:11.860554] Epoch: [24]  [ 260/1098]  eta: 0:01:45  lr: 0.000009  loss: 0.0197 (0.0306)  mae_m_mask: 0.4815 (0.4469)  rmse_m_mask: 0.5942 (0.6041)  normalized_mse_mask: 0.0197 (0.0306)  rmse_m_all: 12.8056 (11.7010)  actual_mask_ratio: 0.0737 (0.0727)  actual_prediction_mask_ratio: 0.2365 (0.2348)  ignored_patch_ratio: 0.0193 (0.0207)  time: 0.1156  data: 0.0001  max mem: 1904
[17:41:14.178724] Epoch: [24]  [ 280/1098]  eta: 0:01:42  lr: 0.000009  loss: 0.0085 (0.0301)  mae_m_mask: 0.3966 (0.4466)  rmse_m_mask: 0.5700 (0.6041)  normalized_mse_mask: 0.0085 (0.0301)  rmse_m_all: 11.7021 (11.7009)  actual_mask_ratio: 0.0675 (0.0724)  actual_prediction_mask_ratio: 0.2315 (0.2344)  ignored_patch_ratio: 0.0210 (0.0210)  time: 0.1159  data: 0.0001  max mem: 1904
[17:41:16.488903] Epoch: [24]  [ 300/1098]  eta: 0:01:39  lr: 0.000009  loss: 0.0158 (0.0297)  mae_m_mask: 0.3605 (0.4436)  rmse_m_mask: 0.4888 (0.6015)  normalized_mse_mask: 0.0158 (0.0297)  rmse_m_all: 10.3147 (11.6155)  actual_mask_ratio: 0.0709 (0.0723)  actual_prediction_mask_ratio: 0.2303 (0.2343)  ignored_patch_ratio: 0.0170 (0.0210)  time: 0.1155  data: 0.0001  max mem: 1904
[17:41:18.802366] Epoch: [24]  [ 320/1098]  eta: 0:01:36  lr: 0.000009  loss: 0.0255 (0.0305)  mae_m_mask: 0.3704 (0.4405)  rmse_m_mask: 0.5054 (0.5977)  normalized_mse_mask: 0.0255 (0.0305)  rmse_m_all: 10.7213 (11.5716)  actual_mask_ratio: 0.0703 (0.0722)  actual_prediction_mask_ratio: 0.2283 (0.2340)  ignored_patch_ratio: 0.0153 (0.0208)  time: 0.1156  data: 0.0001  max mem: 1904
[17:41:21.045328] Epoch: [24]  [ 340/1098]  eta: 0:01:33  lr: 0.000009  loss: 0.0090 (0.0308)  mae_m_mask: 0.3358 (0.4371)  rmse_m_mask: 0.4326 (0.5927)  normalized_mse_mask: 0.0090 (0.0308)  rmse_m_all: 10.2928 (11.5333)  actual_mask_ratio: 0.0724 (0.0722)  actual_prediction_mask_ratio: 0.2225 (0.2336)  ignored_patch_ratio: 0.0153 (0.0206)  time: 0.1121  data: 0.0001  max mem: 1904
[17:41:23.334147] Epoch: [24]  [ 360/1098]  eta: 0:01:30  lr: 0.000009  loss: 0.0076 (0.0301)  mae_m_mask: 0.4275 (0.4373)  rmse_m_mask: 0.5350 (0.5917)  normalized_mse_mask: 0.0076 (0.0301)  rmse_m_all: 12.4907 (11.5672)  actual_mask_ratio: 0.0752 (0.0724)  actual_prediction_mask_ratio: 0.2415 (0.2340)  ignored_patch_ratio: 0.0142 (0.0204)  time: 0.1144  data: 0.0001  max mem: 1904
[17:41:25.604073] Epoch: [24]  [ 380/1098]  eta: 0:01:27  lr: 0.000009  loss: 0.0122 (0.0300)  mae_m_mask: 0.3936 (0.4380)  rmse_m_mask: 0.5529 (0.5919)  normalized_mse_mask: 0.0122 (0.0300)  rmse_m_all: 10.3073 (11.5846)  actual_mask_ratio: 0.0704 (0.0723)  actual_prediction_mask_ratio: 0.2281 (0.2337)  ignored_patch_ratio: 0.0204 (0.0205)  time: 0.1135  data: 0.0001  max mem: 1904
[17:41:27.863907] Epoch: [24]  [ 400/1098]  eta: 0:01:24  lr: 0.000009  loss: 0.0098 (0.0295)  mae_m_mask: 0.4092 (0.4385)  rmse_m_mask: 0.5951 (0.5919)  normalized_mse_mask: 0.0098 (0.0295)  rmse_m_all: 12.4737 (11.6621)  actual_mask_ratio: 0.0691 (0.0721)  actual_prediction_mask_ratio: 0.2287 (0.2334)  ignored_patch_ratio: 0.0198 (0.0207)  time: 0.1129  data: 0.0001  max mem: 1904
[17:41:30.123830] Epoch: [24]  [ 420/1098]  eta: 0:01:22  lr: 0.000009  loss: 0.0066 (0.0296)  mae_m_mask: 0.4405 (0.4414)  rmse_m_mask: 0.6195 (0.5978)  normalized_mse_mask: 0.0066 (0.0296)  rmse_m_all: 11.9705 (11.7064)  actual_mask_ratio: 0.0728 (0.0722)  actual_prediction_mask_ratio: 0.2279 (0.2333)  ignored_patch_ratio: 0.0159 (0.0207)  time: 0.1129  data: 0.0001  max mem: 1904
[17:41:32.364773] Epoch: [24]  [ 440/1098]  eta: 0:01:19  lr: 0.000009  loss: 0.0094 (0.0292)  mae_m_mask: 0.4759 (0.4440)  rmse_m_mask: 0.5811 (0.5998)  normalized_mse_mask: 0.0094 (0.0292)  rmse_m_all: 12.6765 (11.7625)  actual_mask_ratio: 0.0726 (0.0722)  actual_prediction_mask_ratio: 0.2302 (0.2331)  ignored_patch_ratio: 0.0136 (0.0205)  time: 0.1120  data: 0.0001  max mem: 1904
[17:41:34.583501] Epoch: [24]  [ 460/1098]  eta: 0:01:16  lr: 0.000009  loss: 0.0167 (0.0290)  mae_m_mask: 0.4217 (0.4458)  rmse_m_mask: 0.5311 (0.6015)  normalized_mse_mask: 0.0167 (0.0290)  rmse_m_all: 14.9625 (11.8557)  actual_mask_ratio: 0.0710 (0.0721)  actual_prediction_mask_ratio: 0.2281 (0.2328)  ignored_patch_ratio: 0.0181 (0.0205)  time: 0.1109  data: 0.0001  max mem: 1904
[17:41:36.787583] Epoch: [24]  [ 480/1098]  eta: 0:01:14  lr: 0.000009  loss: 0.0116 (0.0286)  mae_m_mask: 0.4077 (0.4457)  rmse_m_mask: 0.5404 (0.6024)  normalized_mse_mask: 0.0116 (0.0286)  rmse_m_all: 13.1078 (11.8731)  actual_mask_ratio: 0.0716 (0.0721)  actual_prediction_mask_ratio: 0.2334 (0.2328)  ignored_patch_ratio: 0.0210 (0.0206)  time: 0.1102  data: 0.0001  max mem: 1904
[17:41:39.018057] Epoch: [24]  [ 500/1098]  eta: 0:01:11  lr: 0.000009  loss: 0.0086 (0.0285)  mae_m_mask: 0.3402 (0.4437)  rmse_m_mask: 0.4589 (0.5996)  normalized_mse_mask: 0.0086 (0.0285)  rmse_m_all: 13.2806 (11.9035)  actual_mask_ratio: 0.0717 (0.0721)  actual_prediction_mask_ratio: 0.2346 (0.2328)  ignored_patch_ratio: 0.0221 (0.0206)  time: 0.1115  data: 0.0001  max mem: 1904
[17:41:41.268243] Epoch: [24]  [ 520/1098]  eta: 0:01:08  lr: 0.000009  loss: 0.0047 (0.0281)  mae_m_mask: 0.3595 (0.4425)  rmse_m_mask: 0.4668 (0.5974)  normalized_mse_mask: 0.0047 (0.0281)  rmse_m_all: 13.8470 (11.9515)  actual_mask_ratio: 0.0678 (0.0720)  actual_prediction_mask_ratio: 0.2214 (0.2325)  ignored_patch_ratio: 0.0272 (0.0209)  time: 0.1125  data: 0.0001  max mem: 1904
[17:41:43.517793] Epoch: [24]  [ 540/1098]  eta: 0:01:06  lr: 0.000009  loss: 0.0152 (0.0281)  mae_m_mask: 0.3929 (0.4436)  rmse_m_mask: 0.5413 (0.5999)  normalized_mse_mask: 0.0152 (0.0281)  rmse_m_all: 10.8942 (11.9270)  actual_mask_ratio: 0.0714 (0.0720)  actual_prediction_mask_ratio: 0.2289 (0.2325)  ignored_patch_ratio: 0.0159 (0.0209)  time: 0.1124  data: 0.0001  max mem: 1904
[17:41:45.792885] Epoch: [24]  [ 560/1098]  eta: 0:01:03  lr: 0.000009  loss: 0.0147 (0.0280)  mae_m_mask: 0.3452 (0.4432)  rmse_m_mask: 0.4288 (0.5981)  normalized_mse_mask: 0.0147 (0.0280)  rmse_m_all: 11.7009 (11.9323)  actual_mask_ratio: 0.0692 (0.0719)  actual_prediction_mask_ratio: 0.2349 (0.2324)  ignored_patch_ratio: 0.0176 (0.0210)  time: 0.1137  data: 0.0001  max mem: 1904
[17:41:47.992169] Epoch: [24]  [ 580/1098]  eta: 0:01:01  lr: 0.000009  loss: 0.0025 (0.0273)  mae_m_mask: 0.4622 (0.4442)  rmse_m_mask: 0.6617 (0.5992)  normalized_mse_mask: 0.0025 (0.0273)  rmse_m_all: 12.8123 (11.9686)  actual_mask_ratio: 0.0705 (0.0720)  actual_prediction_mask_ratio: 0.2235 (0.2323)  ignored_patch_ratio: 0.0283 (0.0213)  time: 0.1099  data: 0.0001  max mem: 1904
[17:41:50.248091] Epoch: [24]  [ 600/1098]  eta: 0:00:58  lr: 0.000009  loss: 0.0201 (0.0279)  mae_m_mask: 0.4034 (0.4432)  rmse_m_mask: 0.4947 (0.5978)  normalized_mse_mask: 0.0201 (0.0279)  rmse_m_all: 12.2906 (11.9541)  actual_mask_ratio: 0.0711 (0.0719)  actual_prediction_mask_ratio: 0.2214 (0.2322)  ignored_patch_ratio: 0.0255 (0.0214)  time: 0.1127  data: 0.0001  max mem: 1904
[17:41:52.545468] Epoch: [24]  [ 620/1098]  eta: 0:00:56  lr: 0.000009  loss: 0.0202 (0.0282)  mae_m_mask: 0.4779 (0.4457)  rmse_m_mask: 0.7038 (0.6011)  normalized_mse_mask: 0.0202 (0.0282)  rmse_m_all: 11.7880 (11.9796)  actual_mask_ratio: 0.0728 (0.0720)  actual_prediction_mask_ratio: 0.2332 (0.2324)  ignored_patch_ratio: 0.0153 (0.0213)  time: 0.1148  data: 0.0001  max mem: 1904
[17:41:54.799730] Epoch: [24]  [ 640/1098]  eta: 0:00:54  lr: 0.000009  loss: 0.0094 (0.0281)  mae_m_mask: 0.4734 (0.4480)  rmse_m_mask: 0.5784 (0.6026)  normalized_mse_mask: 0.0094 (0.0281)  rmse_m_all: 12.1065 (11.9930)  actual_mask_ratio: 0.0727 (0.0720)  actual_prediction_mask_ratio: 0.2332 (0.2324)  ignored_patch_ratio: 0.0153 (0.0212)  time: 0.1127  data: 0.0001  max mem: 1904
[17:41:57.066219] Epoch: [24]  [ 660/1098]  eta: 0:00:51  lr: 0.000009  loss: 0.0175 (0.0287)  mae_m_mask: 0.3866 (0.4474)  rmse_m_mask: 0.5202 (0.6029)  normalized_mse_mask: 0.0175 (0.0287)  rmse_m_all: 10.6988 (11.9854)  actual_mask_ratio: 0.0721 (0.0720)  actual_prediction_mask_ratio: 0.2375 (0.2326)  ignored_patch_ratio: 0.0176 (0.0212)  time: 0.1133  data: 0.0001  max mem: 1904
[17:41:59.325157] Epoch: [24]  [ 680/1098]  eta: 0:00:49  lr: 0.000009  loss: 0.0084 (0.0284)  mae_m_mask: 0.3320 (0.4461)  rmse_m_mask: 0.5111 (0.6008)  normalized_mse_mask: 0.0084 (0.0284)  rmse_m_all: 11.7552 (12.0164)  actual_mask_ratio: 0.0704 (0.0719)  actual_prediction_mask_ratio: 0.2296 (0.2324)  ignored_patch_ratio: 0.0210 (0.0213)  time: 0.1129  data: 0.0001  max mem: 1904
[17:42:01.594698] Epoch: [24]  [ 700/1098]  eta: 0:00:46  lr: 0.000009  loss: 0.0169 (0.0289)  mae_m_mask: 0.3212 (0.4436)  rmse_m_mask: 0.4377 (0.5969)  normalized_mse_mask: 0.0169 (0.0289)  rmse_m_all: 11.4166 (12.0028)  actual_mask_ratio: 0.0720 (0.0719)  actual_prediction_mask_ratio: 0.2348 (0.2325)  ignored_patch_ratio: 0.0153 (0.0212)  time: 0.1134  data: 0.0001  max mem: 1904
[17:42:03.827763] Epoch: [24]  [ 720/1098]  eta: 0:00:44  lr: 0.000009  loss: 0.0090 (0.0291)  mae_m_mask: 0.3689 (0.4436)  rmse_m_mask: 0.5254 (0.5976)  normalized_mse_mask: 0.0090 (0.0291)  rmse_m_all: 12.5124 (12.0024)  actual_mask_ratio: 0.0722 (0.0719)  actual_prediction_mask_ratio: 0.2336 (0.2325)  ignored_patch_ratio: 0.0181 (0.0212)  time: 0.1116  data: 0.0001  max mem: 1904
[17:42:06.016701] Epoch: [24]  [ 740/1098]  eta: 0:00:41  lr: 0.000009  loss: 0.0250 (0.0297)  mae_m_mask: 0.4576 (0.4439)  rmse_m_mask: 0.5877 (0.5972)  normalized_mse_mask: 0.0250 (0.0297)  rmse_m_all: 12.0797 (12.0001)  actual_mask_ratio: 0.0711 (0.0719)  actual_prediction_mask_ratio: 0.2402 (0.2326)  ignored_patch_ratio: 0.0198 (0.0212)  time: 0.1094  data: 0.0001  max mem: 1904
[17:42:08.146673] Epoch: [24]  [ 760/1098]  eta: 0:00:39  lr: 0.000009  loss: 0.0146 (0.0296)  mae_m_mask: 0.4378 (0.4442)  rmse_m_mask: 0.5873 (0.5974)  normalized_mse_mask: 0.0146 (0.0296)  rmse_m_all: 12.1687 (12.0036)  actual_mask_ratio: 0.0731 (0.0720)  actual_prediction_mask_ratio: 0.2327 (0.2326)  ignored_patch_ratio: 0.0215 (0.0213)  time: 0.1065  data: 0.0307  max mem: 1904
[17:42:10.580908] Epoch: [24]  [ 780/1098]  eta: 0:00:37  lr: 0.000009  loss: 0.0120 (0.0296)  mae_m_mask: 0.4472 (0.4453)  rmse_m_mask: 0.5807 (0.5991)  normalized_mse_mask: 0.0120 (0.0296)  rmse_m_all: 12.1112 (11.9915)  actual_mask_ratio: 0.0714 (0.0719)  actual_prediction_mask_ratio: 0.2381 (0.2327)  ignored_patch_ratio: 0.0193 (0.0214)  time: 0.1217  data: 0.0149  max mem: 1904
[17:42:12.778584] Epoch: [24]  [ 800/1098]  eta: 0:00:34  lr: 0.000009  loss: 0.0118 (0.0295)  mae_m_mask: 0.3618 (0.4446)  rmse_m_mask: 0.4925 (0.5981)  normalized_mse_mask: 0.0118 (0.0295)  rmse_m_all: 12.7137 (12.0102)  actual_mask_ratio: 0.0690 (0.0719)  actual_prediction_mask_ratio: 0.2272 (0.2326)  ignored_patch_ratio: 0.0181 (0.0214)  time: 0.1098  data: 0.0001  max mem: 1904
[17:42:15.019074] Epoch: [24]  [ 820/1098]  eta: 0:00:32  lr: 0.000009  loss: 0.0127 (0.0294)  mae_m_mask: 0.4693 (0.4469)  rmse_m_mask: 0.6122 (0.6016)  normalized_mse_mask: 0.0127 (0.0294)  rmse_m_all: 11.4600 (12.0093)  actual_mask_ratio: 0.0718 (0.0719)  actual_prediction_mask_ratio: 0.2316 (0.2325)  ignored_patch_ratio: 0.0181 (0.0214)  time: 0.1120  data: 0.0001  max mem: 1904
[17:42:17.237952] Epoch: [24]  [ 840/1098]  eta: 0:00:30  lr: 0.000009  loss: 0.0156 (0.0294)  mae_m_mask: 0.3835 (0.4452)  rmse_m_mask: 0.5143 (0.5992)  normalized_mse_mask: 0.0156 (0.0294)  rmse_m_all: 12.6756 (12.0111)  actual_mask_ratio: 0.0721 (0.0719)  actual_prediction_mask_ratio: 0.2399 (0.2327)  ignored_patch_ratio: 0.0221 (0.0215)  time: 0.1109  data: 0.0001  max mem: 1904
[17:42:19.473890] Epoch: [24]  [ 860/1098]  eta: 0:00:27  lr: 0.000009  loss: 0.0120 (0.0292)  mae_m_mask: 0.3175 (0.4433)  rmse_m_mask: 0.3769 (0.5962)  normalized_mse_mask: 0.0120 (0.0292)  rmse_m_all: 11.5361 (11.9871)  actual_mask_ratio: 0.0747 (0.0720)  actual_prediction_mask_ratio: 0.2335 (0.2328)  ignored_patch_ratio: 0.0193 (0.0215)  time: 0.1118  data: 0.0001  max mem: 1904
[17:42:21.714654] Epoch: [24]  [ 880/1098]  eta: 0:00:25  lr: 0.000009  loss: 0.0062 (0.0295)  mae_m_mask: 0.3683 (0.4431)  rmse_m_mask: 0.4856 (0.5964)  normalized_mse_mask: 0.0062 (0.0295)  rmse_m_all: 12.2271 (11.9785)  actual_mask_ratio: 0.0726 (0.0720)  actual_prediction_mask_ratio: 0.2356 (0.2329)  ignored_patch_ratio: 0.0221 (0.0215)  time: 0.1120  data: 0.0001  max mem: 1904
[17:42:23.961680] Epoch: [24]  [ 900/1098]  eta: 0:00:23  lr: 0.000009  loss: 0.0062 (0.0299)  mae_m_mask: 0.5285 (0.4439)  rmse_m_mask: 0.6467 (0.5981)  normalized_mse_mask: 0.0062 (0.0299)  rmse_m_all: 11.9224 (11.9672)  actual_mask_ratio: 0.0720 (0.0720)  actual_prediction_mask_ratio: 0.2282 (0.2329)  ignored_patch_ratio: 0.0193 (0.0215)  time: 0.1123  data: 0.0001  max mem: 1904
[17:42:26.184657] Epoch: [24]  [ 920/1098]  eta: 0:00:20  lr: 0.000009  loss: 0.0046 (0.0296)  mae_m_mask: 0.4101 (0.4432)  rmse_m_mask: 0.5430 (0.5968)  normalized_mse_mask: 0.0046 (0.0296)  rmse_m_all: 11.6782 (11.9568)  actual_mask_ratio: 0.0705 (0.0720)  actual_prediction_mask_ratio: 0.2310 (0.2328)  ignored_patch_ratio: 0.0210 (0.0215)  time: 0.1111  data: 0.0001  max mem: 1904
[17:42:28.415969] Epoch: [24]  [ 940/1098]  eta: 0:00:18  lr: 0.000009  loss: 0.0176 (0.0298)  mae_m_mask: 0.4030 (0.4433)  rmse_m_mask: 0.5746 (0.5969)  normalized_mse_mask: 0.0176 (0.0298)  rmse_m_all: 12.3726 (11.9468)  actual_mask_ratio: 0.0743 (0.0720)  actual_prediction_mask_ratio: 0.2324 (0.2328)  ignored_patch_ratio: 0.0153 (0.0213)  time: 0.1115  data: 0.0001  max mem: 1904
[17:42:30.640077] Epoch: [24]  [ 960/1098]  eta: 0:00:16  lr: 0.000009  loss: 0.0131 (0.0300)  mae_m_mask: 0.4021 (0.4439)  rmse_m_mask: 0.5085 (0.5975)  normalized_mse_mask: 0.0131 (0.0300)  rmse_m_all: 12.4629 (11.9632)  actual_mask_ratio: 0.0742 (0.0720)  actual_prediction_mask_ratio: 0.2358 (0.2329)  ignored_patch_ratio: 0.0164 (0.0213)  time: 0.1112  data: 0.0001  max mem: 1904
[17:42:32.852158] Epoch: [24]  [ 980/1098]  eta: 0:00:13  lr: 0.000009  loss: 0.0129 (0.0304)  mae_m_mask: 0.3738 (0.4424)  rmse_m_mask: 0.5538 (0.5961)  normalized_mse_mask: 0.0129 (0.0304)  rmse_m_all: 11.8384 (11.9628)  actual_mask_ratio: 0.0713 (0.0720)  actual_prediction_mask_ratio: 0.2294 (0.2328)  ignored_patch_ratio: 0.0198 (0.0213)  time: 0.1106  data: 0.0001  max mem: 1904
[17:42:35.084085] Epoch: [24]  [1000/1098]  eta: 0:00:11  lr: 0.000009  loss: 0.0096 (0.0303)  mae_m_mask: 0.4288 (0.4424)  rmse_m_mask: 0.5485 (0.5964)  normalized_mse_mask: 0.0096 (0.0303)  rmse_m_all: 11.6428 (11.9549)  actual_mask_ratio: 0.0732 (0.0720)  actual_prediction_mask_ratio: 0.2380 (0.2329)  ignored_patch_ratio: 0.0142 (0.0213)  time: 0.1116  data: 0.0001  max mem: 1904
[17:42:37.233797] Epoch: [24]  [1020/1098]  eta: 0:00:09  lr: 0.000009  loss: 0.0074 (0.0302)  mae_m_mask: 0.4193 (0.4428)  rmse_m_mask: 0.5134 (0.5965)  normalized_mse_mask: 0.0074 (0.0302)  rmse_m_all: 12.4557 (11.9583)  actual_mask_ratio: 0.0694 (0.0720)  actual_prediction_mask_ratio: 0.2228 (0.2327)  ignored_patch_ratio: 0.0278 (0.0214)  time: 0.1074  data: 0.0001  max mem: 1904
[17:42:39.695600] Epoch: [24]  [1040/1098]  eta: 0:00:06  lr: 0.000009  loss: 0.0019 (0.0304)  mae_m_mask: 0.4217 (0.4435)  rmse_m_mask: 0.5692 (0.5974)  normalized_mse_mask: 0.0019 (0.0304)  rmse_m_all: 12.9799 (11.9673)  actual_mask_ratio: 0.0697 (0.0719)  actual_prediction_mask_ratio: 0.2294 (0.2326)  ignored_patch_ratio: 0.0221 (0.0215)  time: 0.1231  data: 0.0500  max mem: 1904
[17:42:41.710200] Epoch: [24]  [1060/1098]  eta: 0:00:04  lr: 0.000009  loss: 0.0050 (0.0306)  mae_m_mask: 0.4438 (0.4435)  rmse_m_mask: 0.5553 (0.5970)  normalized_mse_mask: 0.0050 (0.0306)  rmse_m_all: 12.9289 (11.9864)  actual_mask_ratio: 0.0688 (0.0719)  actual_prediction_mask_ratio: 0.2161 (0.2324)  ignored_patch_ratio: 0.0272 (0.0216)  time: 0.1007  data: 0.0001  max mem: 1904
[17:42:44.012786] Epoch: [24]  [1080/1098]  eta: 0:00:02  lr: 0.000009  loss: 0.0073 (0.0307)  mae_m_mask: 0.3702 (0.4434)  rmse_m_mask: 0.5054 (0.5966)  normalized_mse_mask: 0.0073 (0.0307)  rmse_m_all: 13.5335 (12.0009)  actual_mask_ratio: 0.0710 (0.0718)  actual_prediction_mask_ratio: 0.2314 (0.2323)  ignored_patch_ratio: 0.0187 (0.0216)  time: 0.1151  data: 0.0001  max mem: 1904
[17:42:45.948966] Epoch: [24]  [1097/1098]  eta: 0:00:00  lr: 0.000009  loss: 0.0047 (0.0309)  mae_m_mask: 0.4298 (0.4447)  rmse_m_mask: 0.5353 (0.5977)  normalized_mse_mask: 0.0047 (0.0309)  rmse_m_all: 13.2635 (12.0205)  actual_mask_ratio: 0.0726 (0.0718)  actual_prediction_mask_ratio: 0.2333 (0.2323)  ignored_patch_ratio: 0.0193 (0.0216)  time: 0.1142  data: 0.0001  max mem: 1904
[17:42:45.979702] Epoch: [24] Total time: 0:02:06 (0.1156 s / it)
[17:42:45.981139] Averaged stats: {'lr': 9.01623420313112e-06, 'loss': 0.03041150253019172, 'mae_m_mask': 0.44086954604456896, 'rmse_m_mask': 0.6451766595207624, 'normalized_mse_mask': 0.03041150253019172, 'rmse_m_all': 12.020474537311356, 'actual_mask_ratio': 0.07184153103111872, 'actual_prediction_mask_ratio': 0.23233243259847272, 'ignored_patch_ratio': 0.02157136721906332, 'supervised_pixel_count': 21816230.0}
[17:42:46.158625] Val: [24]  [  0/194]  eta: 0:00:33  loss: 0.2705 (0.2705)  mae_m_mask: 0.4503 (0.4503)  rmse_m_mask: 0.6255 (0.6255)  normalized_mse_mask: 0.2705 (0.2705)  rmse_m_all: 1.0263 (1.0263)  actual_mask_ratio: 0.0709 (0.0709)  actual_prediction_mask_ratio: 0.2352 (0.2352)  ignored_patch_ratio: 0.0646 (0.0646)  time: 0.1748  data: 0.0872  max mem: 1904
[17:42:50.580837] Val: [24]  [ 50/194]  eta: 0:00:12  loss: 0.0178 (0.0672)  mae_m_mask: 0.6397 (0.7691)  rmse_m_mask: 0.7872 (0.9456)  normalized_mse_mask: 0.0178 (0.0672)  rmse_m_all: 9.7767 (7.5181)  actual_mask_ratio: 0.0626 (0.0699)  actual_prediction_mask_ratio: 0.2166 (0.2286)  ignored_patch_ratio: 0.0000 (0.0044)  time: 0.0902  data: 0.0001  max mem: 1904
[17:42:55.020582] Val: [24]  [100/194]  eta: 0:00:08  loss: 0.0626 (0.0736)  mae_m_mask: 0.7537 (0.8007)  rmse_m_mask: 0.9408 (0.9858)  normalized_mse_mask: 0.0626 (0.0736)  rmse_m_all: 4.7953 (7.2687)  actual_mask_ratio: 0.0590 (0.0682)  actual_prediction_mask_ratio: 0.2018 (0.2221)  ignored_patch_ratio: 0.0000 (0.0025)  time: 0.0896  data: 0.0001  max mem: 1904
[17:42:59.400141] Val: [24]  [150/194]  eta: 0:00:03  loss: 0.0105 (0.0698)  mae_m_mask: 1.0241 (0.8888)  rmse_m_mask: 1.2182 (1.0826)  normalized_mse_mask: 0.0105 (0.0698)  rmse_m_all: 14.1078 (8.0788)  actual_mask_ratio: 0.0697 (0.0675)  actual_prediction_mask_ratio: 0.2175 (0.2175)  ignored_patch_ratio: 0.0000 (0.0024)  time: 0.0885  data: 0.0001  max mem: 1904
[17:43:03.254414] Val: [24]  [193/194]  eta: 0:00:00  loss: 0.1168 (0.0793)  mae_m_mask: 0.6722 (0.8594)  rmse_m_mask: 0.8222 (1.0464)  normalized_mse_mask: 0.1168 (0.0793)  rmse_m_all: 1.5380 (8.5448)  actual_mask_ratio: 0.0624 (0.0663)  actual_prediction_mask_ratio: 0.1985 (0.2131)  ignored_patch_ratio: 0.0136 (0.0049)  time: 0.0888  data: 0.0001  max mem: 1904
[17:43:03.283526] Val: [24] Total time: 0:00:17 (0.0892 s / it)
[17:43:03.284740] val stats: {'loss': 0.08054633310607773, 'mae_m_mask': 0.8632675041409033, 'rmse_m_mask': 1.159231412690826, 'normalized_mse_mask': 0.08054633310607773, 'rmse_m_all': 8.5447808909662, 'actual_mask_ratio': 0.06633703996302541, 'actual_prediction_mask_ratio': 0.21313334448435872, 'ignored_patch_ratio': 0.00489066925245462, 'supervised_pixel_count': 3944867.0}
[17:43:07.246140] log_dir: /tank/data/SFS/xinyis/data/bathymetry/MAE-Topography/Downstream_Task_Bathy/cross_validation_v5_Stage2NormMSE_MeterSelect/runs/holdout_Santiam_D004Stage2NormMSE_MeterSelect_D001NoDataSafe/train_stage2_normMSE_meterSelect_OR_SantiamRiverTB_Topobathy_1_D23_fromStage1Best_e120_lr1e-5_b4_acc4/tb
[17:43:07.578925] Epoch: [25]  [   0/1098]  eta: 0:06:04  lr: 0.000009  loss: 0.1979 (0.1979)  mae_m_mask: 0.4884 (0.4884)  rmse_m_mask: 0.5619 (0.5619)  normalized_mse_mask: 0.1979 (0.1979)  rmse_m_all: 5.3525 (5.3525)  actual_mask_ratio: 0.0694 (0.0694)  actual_prediction_mask_ratio: 0.2260 (0.2260)  ignored_patch_ratio: 0.0040 (0.0040)  time: 0.3321  data: 0.1977  max mem: 1904
[17:43:09.943183] Epoch: [25]  [  20/1098]  eta: 0:02:18  lr: 0.000009  loss: 0.0217 (0.0466)  mae_m_mask: 0.4902 (0.4967)  rmse_m_mask: 0.6504 (0.7003)  normalized_mse_mask: 0.0217 (0.0466)  rmse_m_all: 11.4925 (11.2886)  actual_mask_ratio: 0.0726 (0.0727)  actual_prediction_mask_ratio: 0.2378 (0.2340)  ignored_patch_ratio: 0.0198 (0.0206)  time: 0.1182  data: 0.0001  max mem: 1904
[17:43:12.286713] Epoch: [25]  [  40/1098]  eta: 0:02:10  lr: 0.000009  loss: 0.0161 (0.0454)  mae_m_mask: 0.3739 (0.4604)  rmse_m_mask: 0.4706 (0.6274)  normalized_mse_mask: 0.0161 (0.0454)  rmse_m_all: 11.8785 (11.3945)  actual_mask_ratio: 0.0713 (0.0718)  actual_prediction_mask_ratio: 0.2302 (0.2331)  ignored_patch_ratio: 0.0193 (0.0202)  time: 0.1171  data: 0.0001  max mem: 1904
[17:43:14.634920] Epoch: [25]  [  60/1098]  eta: 0:02:05  lr: 0.000009  loss: 0.0119 (0.0371)  mae_m_mask: 0.4199 (0.4672)  rmse_m_mask: 0.5533 (0.6417)  normalized_mse_mask: 0.0119 (0.0371)  rmse_m_all: 12.7966 (11.6769)  actual_mask_ratio: 0.0726 (0.0724)  actual_prediction_mask_ratio: 0.2376 (0.2350)  ignored_patch_ratio: 0.0204 (0.0212)  time: 0.1174  data: 0.0001  max mem: 1904
[17:43:16.978114] Epoch: [25]  [  80/1098]  eta: 0:02:02  lr: 0.000009  loss: 0.0053 (0.0361)  mae_m_mask: 0.6128 (0.5040)  rmse_m_mask: 0.7391 (0.6769)  normalized_mse_mask: 0.0053 (0.0361)  rmse_m_all: 13.3002 (11.9823)  actual_mask_ratio: 0.0719 (0.0721)  actual_prediction_mask_ratio: 0.2271 (0.2343)  ignored_patch_ratio: 0.0238 (0.0224)  time: 0.1171  data: 0.0001  max mem: 1904
[17:43:19.329964] Epoch: [25]  [ 100/1098]  eta: 0:01:59  lr: 0.000009  loss: 0.0066 (0.0335)  mae_m_mask: 0.4462 (0.5013)  rmse_m_mask: 0.5785 (0.6734)  normalized_mse_mask: 0.0066 (0.0335)  rmse_m_all: 11.6086 (11.9907)  actual_mask_ratio: 0.0707 (0.0720)  actual_prediction_mask_ratio: 0.2298 (0.2336)  ignored_patch_ratio: 0.0181 (0.0215)  time: 0.1176  data: 0.0001  max mem: 1904
[17:43:21.674304] Epoch: [25]  [ 120/1098]  eta: 0:01:56  lr: 0.000009  loss: 0.0090 (0.0324)  mae_m_mask: 0.3887 (0.4855)  rmse_m_mask: 0.5356 (0.6530)  normalized_mse_mask: 0.0090 (0.0324)  rmse_m_all: 11.6306 (11.9953)  actual_mask_ratio: 0.0682 (0.0716)  actual_prediction_mask_ratio: 0.2261 (0.2327)  ignored_patch_ratio: 0.0198 (0.0219)  time: 0.1172  data: 0.0001  max mem: 1904
[17:43:24.017468] Epoch: [25]  [ 140/1098]  eta: 0:01:53  lr: 0.000009  loss: 0.0178 (0.0344)  mae_m_mask: 0.3699 (0.4807)  rmse_m_mask: 0.5205 (0.6464)  normalized_mse_mask: 0.0178 (0.0344)  rmse_m_all: 10.6661 (11.9473)  actual_mask_ratio: 0.0704 (0.0715)  actual_prediction_mask_ratio: 0.2323 (0.2322)  ignored_patch_ratio: 0.0159 (0.0219)  time: 0.1171  data: 0.0001  max mem: 1904
[17:43:26.364856] Epoch: [25]  [ 160/1098]  eta: 0:01:51  lr: 0.000009  loss: 0.0150 (0.0337)  mae_m_mask: 0.3328 (0.4699)  rmse_m_mask: 0.4250 (0.6322)  normalized_mse_mask: 0.0150 (0.0337)  rmse_m_all: 12.3123 (11.9534)  actual_mask_ratio: 0.0717 (0.0714)  actual_prediction_mask_ratio: 0.2247 (0.2317)  ignored_patch_ratio: 0.0170 (0.0215)  time: 0.1173  data: 0.0001  max mem: 1904
[17:43:28.711152] Epoch: [25]  [ 180/1098]  eta: 0:01:48  lr: 0.000009  loss: 0.0121 (0.0322)  mae_m_mask: 0.4489 (0.4693)  rmse_m_mask: 0.5683 (0.6325)  normalized_mse_mask: 0.0121 (0.0322)  rmse_m_all: 13.2221 (12.0474)  actual_mask_ratio: 0.0728 (0.0714)  actual_prediction_mask_ratio: 0.2278 (0.2315)  ignored_patch_ratio: 0.0198 (0.0216)  time: 0.1173  data: 0.0001  max mem: 1904
[17:43:31.055403] Epoch: [25]  [ 200/1098]  eta: 0:01:46  lr: 0.000009  loss: 0.0074 (0.0335)  mae_m_mask: 0.3495 (0.4633)  rmse_m_mask: 0.4787 (0.6259)  normalized_mse_mask: 0.0074 (0.0335)  rmse_m_all: 12.1696 (12.0273)  actual_mask_ratio: 0.0737 (0.0715)  actual_prediction_mask_ratio: 0.2377 (0.2325)  ignored_patch_ratio: 0.0227 (0.0217)  time: 0.1172  data: 0.0001  max mem: 1904
[17:43:33.396203] Epoch: [25]  [ 220/1098]  eta: 0:01:43  lr: 0.000009  loss: 0.0039 (0.0317)  mae_m_mask: 0.3447 (0.4560)  rmse_m_mask: 0.4345 (0.6141)  normalized_mse_mask: 0.0039 (0.0317)  rmse_m_all: 10.9168 (12.0153)  actual_mask_ratio: 0.0710 (0.0714)  actual_prediction_mask_ratio: 0.2288 (0.2322)  ignored_patch_ratio: 0.0159 (0.0215)  time: 0.1170  data: 0.0001  max mem: 1904
[17:43:35.745803] Epoch: [25]  [ 240/1098]  eta: 0:01:41  lr: 0.000009  loss: 0.0174 (0.0315)  mae_m_mask: 0.4092 (0.4541)  rmse_m_mask: 0.5742 (0.6123)  normalized_mse_mask: 0.0174 (0.0315)  rmse_m_all: 11.8986 (11.9785)  actual_mask_ratio: 0.0742 (0.0717)  actual_prediction_mask_ratio: 0.2464 (0.2330)  ignored_patch_ratio: 0.0176 (0.0211)  time: 0.1174  data: 0.0001  max mem: 1904
[17:43:37.980592] Epoch: [25]  [ 260/1098]  eta: 0:01:38  lr: 0.000009  loss: 0.0067 (0.0308)  mae_m_mask: 0.3689 (0.4508)  rmse_m_mask: 0.4712 (0.6073)  normalized_mse_mask: 0.0067 (0.0308)  rmse_m_all: 13.5351 (12.0859)  actual_mask_ratio: 0.0712 (0.0717)  actual_prediction_mask_ratio: 0.2258 (0.2327)  ignored_patch_ratio: 0.0232 (0.0215)  time: 0.1117  data: 0.0001  max mem: 1904
[17:43:40.191952] Epoch: [25]  [ 280/1098]  eta: 0:01:35  lr: 0.000009  loss: 0.0267 (0.0320)  mae_m_mask: 0.4237 (0.4531)  rmse_m_mask: 0.5776 (0.6127)  normalized_mse_mask: 0.0267 (0.0320)  rmse_m_all: 13.0414 (12.1571)  actual_mask_ratio: 0.0712 (0.0717)  actual_prediction_mask_ratio: 0.2333 (0.2324)  ignored_patch_ratio: 0.0187 (0.0217)  time: 0.1105  data: 0.0001  max mem: 1904
[17:43:42.399565] Epoch: [25]  [ 300/1098]  eta: 0:01:33  lr: 0.000009  loss: 0.0085 (0.0323)  mae_m_mask: 0.3659 (0.4497)  rmse_m_mask: 0.4784 (0.6079)  normalized_mse_mask: 0.0085 (0.0323)  rmse_m_all: 11.3075 (12.0906)  actual_mask_ratio: 0.0725 (0.0717)  actual_prediction_mask_ratio: 0.2324 (0.2325)  ignored_patch_ratio: 0.0147 (0.0213)  time: 0.1103  data: 0.0001  max mem: 1904
[17:43:44.610638] Epoch: [25]  [ 320/1098]  eta: 0:01:30  lr: 0.000009  loss: 0.0157 (0.0315)  mae_m_mask: 0.3556 (0.4463)  rmse_m_mask: 0.4781 (0.6019)  normalized_mse_mask: 0.0157 (0.0315)  rmse_m_all: 11.4076 (12.0462)  actual_mask_ratio: 0.0709 (0.0717)  actual_prediction_mask_ratio: 0.2302 (0.2322)  ignored_patch_ratio: 0.0193 (0.0211)  time: 0.1105  data: 0.0001  max mem: 1904
[17:43:46.822590] Epoch: [25]  [ 340/1098]  eta: 0:01:27  lr: 0.000009  loss: 0.0187 (0.0312)  mae_m_mask: 0.3951 (0.4426)  rmse_m_mask: 0.4850 (0.5963)  normalized_mse_mask: 0.0187 (0.0312)  rmse_m_all: 12.0858 (12.0216)  actual_mask_ratio: 0.0707 (0.0718)  actual_prediction_mask_ratio: 0.2290 (0.2324)  ignored_patch_ratio: 0.0142 (0.0209)  time: 0.1106  data: 0.0001  max mem: 1904
[17:43:49.084596] Epoch: [25]  [ 360/1098]  eta: 0:01:25  lr: 0.000009  loss: 0.0032 (0.0304)  mae_m_mask: 0.4620 (0.4443)  rmse_m_mask: 0.6146 (0.5981)  normalized_mse_mask: 0.0032 (0.0304)  rmse_m_all: 12.8220 (12.0713)  actual_mask_ratio: 0.0702 (0.0718)  actual_prediction_mask_ratio: 0.2333 (0.2323)  ignored_patch_ratio: 0.0227 (0.0211)  time: 0.1131  data: 0.0001  max mem: 1904
[17:43:51.371101] Epoch: [25]  [ 380/1098]  eta: 0:01:23  lr: 0.000009  loss: 0.0177 (0.0308)  mae_m_mask: 0.5005 (0.4478)  rmse_m_mask: 0.6654 (0.6014)  normalized_mse_mask: 0.0177 (0.0308)  rmse_m_all: 12.2574 (12.0730)  actual_mask_ratio: 0.0687 (0.0717)  actual_prediction_mask_ratio: 0.2283 (0.2323)  ignored_patch_ratio: 0.0187 (0.0211)  time: 0.1143  data: 0.0001  max mem: 1904
[17:43:53.648415] Epoch: [25]  [ 400/1098]  eta: 0:01:20  lr: 0.000009  loss: 0.0167 (0.0309)  mae_m_mask: 0.4823 (0.4514)  rmse_m_mask: 0.6569 (0.6060)  normalized_mse_mask: 0.0167 (0.0309)  rmse_m_all: 11.7700 (12.0687)  actual_mask_ratio: 0.0715 (0.0717)  actual_prediction_mask_ratio: 0.2345 (0.2323)  ignored_patch_ratio: 0.0215 (0.0210)  time: 0.1138  data: 0.0001  max mem: 1904
[17:43:55.938548] Epoch: [25]  [ 420/1098]  eta: 0:01:18  lr: 0.000009  loss: 0.0068 (0.0311)  mae_m_mask: 0.4557 (0.4515)  rmse_m_mask: 0.6329 (0.6057)  normalized_mse_mask: 0.0068 (0.0311)  rmse_m_all: 12.3735 (12.0988)  actual_mask_ratio: 0.0718 (0.0717)  actual_prediction_mask_ratio: 0.2307 (0.2323)  ignored_patch_ratio: 0.0210 (0.0212)  time: 0.1145  data: 0.0001  max mem: 1904
[17:43:58.214264] Epoch: [25]  [ 440/1098]  eta: 0:01:16  lr: 0.000009  loss: 0.0181 (0.0307)  mae_m_mask: 0.3990 (0.4544)  rmse_m_mask: 0.5130 (0.6084)  normalized_mse_mask: 0.0181 (0.0307)  rmse_m_all: 15.4521 (12.1620)  actual_mask_ratio: 0.0721 (0.0718)  actual_prediction_mask_ratio: 0.2364 (0.2325)  ignored_patch_ratio: 0.0125 (0.0210)  time: 0.1137  data: 0.0001  max mem: 1904
[17:44:00.535595] Epoch: [25]  [ 460/1098]  eta: 0:01:13  lr: 0.000009  loss: 0.0110 (0.0306)  mae_m_mask: 0.3465 (0.4532)  rmse_m_mask: 0.5323 (0.6067)  normalized_mse_mask: 0.0110 (0.0306)  rmse_m_all: 10.7900 (12.1113)  actual_mask_ratio: 0.0729 (0.0718)  actual_prediction_mask_ratio: 0.2394 (0.2326)  ignored_patch_ratio: 0.0142 (0.0211)  time: 0.1160  data: 0.0001  max mem: 1904
[17:44:02.830788] Epoch: [25]  [ 480/1098]  eta: 0:01:11  lr: 0.000009  loss: 0.0030 (0.0300)  mae_m_mask: 0.3588 (0.4511)  rmse_m_mask: 0.4785 (0.6042)  normalized_mse_mask: 0.0030 (0.0300)  rmse_m_all: 13.3523 (12.1475)  actual_mask_ratio: 0.0699 (0.0718)  actual_prediction_mask_ratio: 0.2275 (0.2325)  ignored_patch_ratio: 0.0210 (0.0212)  time: 0.1147  data: 0.0001  max mem: 1904
[17:44:05.103802] Epoch: [25]  [ 500/1098]  eta: 0:01:09  lr: 0.000009  loss: 0.0072 (0.0294)  mae_m_mask: 0.3327 (0.4481)  rmse_m_mask: 0.4457 (0.5995)  normalized_mse_mask: 0.0072 (0.0294)  rmse_m_all: 11.4117 (12.1491)  actual_mask_ratio: 0.0722 (0.0718)  actual_prediction_mask_ratio: 0.2358 (0.2325)  ignored_patch_ratio: 0.0221 (0.0213)  time: 0.1136  data: 0.0001  max mem: 1904
[17:44:07.380660] Epoch: [25]  [ 520/1098]  eta: 0:01:06  lr: 0.000009  loss: 0.0067 (0.0293)  mae_m_mask: 0.3122 (0.4470)  rmse_m_mask: 0.4233 (0.5985)  normalized_mse_mask: 0.0067 (0.0293)  rmse_m_all: 9.3650 (12.0805)  actual_mask_ratio: 0.0738 (0.0718)  actual_prediction_mask_ratio: 0.2409 (0.2329)  ignored_patch_ratio: 0.0096 (0.0211)  time: 0.1138  data: 0.0001  max mem: 1904
[17:44:09.681103] Epoch: [25]  [ 540/1098]  eta: 0:01:04  lr: 0.000009  loss: 0.0137 (0.0294)  mae_m_mask: 0.3483 (0.4451)  rmse_m_mask: 0.4285 (0.5958)  normalized_mse_mask: 0.0137 (0.0294)  rmse_m_all: 10.2682 (12.0599)  actual_mask_ratio: 0.0694 (0.0718)  actual_prediction_mask_ratio: 0.2251 (0.2327)  ignored_patch_ratio: 0.0164 (0.0209)  time: 0.1150  data: 0.0001  max mem: 1904
[17:44:11.972291] Epoch: [25]  [ 560/1098]  eta: 0:01:02  lr: 0.000009  loss: 0.0167 (0.0294)  mae_m_mask: 0.3930 (0.4447)  rmse_m_mask: 0.4956 (0.5947)  normalized_mse_mask: 0.0167 (0.0294)  rmse_m_all: 12.1661 (12.0669)  actual_mask_ratio: 0.0711 (0.0717)  actual_prediction_mask_ratio: 0.2282 (0.2326)  ignored_patch_ratio: 0.0227 (0.0210)  time: 0.1145  data: 0.0001  max mem: 1904
[17:44:14.260260] Epoch: [25]  [ 580/1098]  eta: 0:00:59  lr: 0.000009  loss: 0.0117 (0.0295)  mae_m_mask: 0.4145 (0.4459)  rmse_m_mask: 0.5724 (0.5978)  normalized_mse_mask: 0.0117 (0.0295)  rmse_m_all: 11.5328 (12.0673)  actual_mask_ratio: 0.0731 (0.0718)  actual_prediction_mask_ratio: 0.2307 (0.2327)  ignored_patch_ratio: 0.0204 (0.0210)  time: 0.1144  data: 0.0001  max mem: 1904
[17:44:16.528255] Epoch: [25]  [ 600/1098]  eta: 0:00:57  lr: 0.000009  loss: 0.0254 (0.0296)  mae_m_mask: 0.3452 (0.4439)  rmse_m_mask: 0.4408 (0.5944)  normalized_mse_mask: 0.0254 (0.0296)  rmse_m_all: 10.8118 (12.0319)  actual_mask_ratio: 0.0732 (0.0719)  actual_prediction_mask_ratio: 0.2413 (0.2329)  ignored_patch_ratio: 0.0215 (0.0211)  time: 0.1134  data: 0.0001  max mem: 1904
[17:44:18.805994] Epoch: [25]  [ 620/1098]  eta: 0:00:55  lr: 0.000009  loss: 0.0214 (0.0295)  mae_m_mask: 0.3770 (0.4433)  rmse_m_mask: 0.5179 (0.5931)  normalized_mse_mask: 0.0214 (0.0295)  rmse_m_all: 12.1028 (12.0440)  actual_mask_ratio: 0.0701 (0.0718)  actual_prediction_mask_ratio: 0.2326 (0.2328)  ignored_patch_ratio: 0.0187 (0.0211)  time: 0.1138  data: 0.0001  max mem: 1904
[17:44:21.068065] Epoch: [25]  [ 640/1098]  eta: 0:00:52  lr: 0.000009  loss: 0.0148 (0.0296)  mae_m_mask: 0.3751 (0.4416)  rmse_m_mask: 0.4932 (0.5907)  normalized_mse_mask: 0.0148 (0.0296)  rmse_m_all: 10.9289 (12.0203)  actual_mask_ratio: 0.0705 (0.0718)  actual_prediction_mask_ratio: 0.2361 (0.2328)  ignored_patch_ratio: 0.0193 (0.0212)  time: 0.1131  data: 0.0001  max mem: 1904
[17:44:23.256311] Epoch: [25]  [ 660/1098]  eta: 0:00:50  lr: 0.000009  loss: 0.0205 (0.0297)  mae_m_mask: 0.3762 (0.4408)  rmse_m_mask: 0.5397 (0.5900)  normalized_mse_mask: 0.0205 (0.0297)  rmse_m_all: 11.3992 (11.9854)  actual_mask_ratio: 0.0741 (0.0719)  actual_prediction_mask_ratio: 0.2369 (0.2329)  ignored_patch_ratio: 0.0215 (0.0213)  time: 0.1094  data: 0.0001  max mem: 1904
[17:44:25.715076] Epoch: [25]  [ 680/1098]  eta: 0:00:48  lr: 0.000009  loss: 0.0231 (0.0299)  mae_m_mask: 0.4698 (0.4418)  rmse_m_mask: 0.6080 (0.5905)  normalized_mse_mask: 0.0231 (0.0299)  rmse_m_all: 13.4653 (12.0083)  actual_mask_ratio: 0.0675 (0.0718)  actual_prediction_mask_ratio: 0.2220 (0.2326)  ignored_patch_ratio: 0.0187 (0.0213)  time: 0.1229  data: 0.0480  max mem: 1904
[17:44:27.698058] Epoch: [25]  [ 700/1098]  eta: 0:00:45  lr: 0.000009  loss: 0.0080 (0.0301)  mae_m_mask: 0.4112 (0.4417)  rmse_m_mask: 0.5377 (0.5909)  normalized_mse_mask: 0.0080 (0.0301)  rmse_m_all: 11.5016 (12.0146)  actual_mask_ratio: 0.0741 (0.0718)  actual_prediction_mask_ratio: 0.2337 (0.2327)  ignored_patch_ratio: 0.0130 (0.0212)  time: 0.0991  data: 0.0001  max mem: 1904
[17:44:30.012007] Epoch: [25]  [ 720/1098]  eta: 0:00:43  lr: 0.000009  loss: 0.0094 (0.0304)  mae_m_mask: 0.3629 (0.4427)  rmse_m_mask: 0.5010 (0.5917)  normalized_mse_mask: 0.0094 (0.0304)  rmse_m_all: 12.1084 (12.0435)  actual_mask_ratio: 0.0713 (0.0718)  actual_prediction_mask_ratio: 0.2277 (0.2326)  ignored_patch_ratio: 0.0193 (0.0213)  time: 0.1157  data: 0.0001  max mem: 1904
[17:44:32.348406] Epoch: [25]  [ 740/1098]  eta: 0:00:41  lr: 0.000009  loss: 0.0176 (0.0308)  mae_m_mask: 0.3732 (0.4416)  rmse_m_mask: 0.4844 (0.5901)  normalized_mse_mask: 0.0176 (0.0308)  rmse_m_all: 11.2737 (12.0422)  actual_mask_ratio: 0.0730 (0.0718)  actual_prediction_mask_ratio: 0.2314 (0.2326)  ignored_patch_ratio: 0.0238 (0.0213)  time: 0.1168  data: 0.0001  max mem: 1904
[17:44:34.666014] Epoch: [25]  [ 760/1098]  eta: 0:00:38  lr: 0.000009  loss: 0.0067 (0.0307)  mae_m_mask: 0.4130 (0.4408)  rmse_m_mask: 0.5149 (0.5892)  normalized_mse_mask: 0.0067 (0.0307)  rmse_m_all: 12.5825 (12.0400)  actual_mask_ratio: 0.0729 (0.0719)  actual_prediction_mask_ratio: 0.2371 (0.2327)  ignored_patch_ratio: 0.0198 (0.0213)  time: 0.1158  data: 0.0001  max mem: 1904
[17:44:36.950495] Epoch: [25]  [ 780/1098]  eta: 0:00:36  lr: 0.000009  loss: 0.0105 (0.0304)  mae_m_mask: 0.4072 (0.4409)  rmse_m_mask: 0.5218 (0.5890)  normalized_mse_mask: 0.0105 (0.0304)  rmse_m_all: 12.2703 (12.0482)  actual_mask_ratio: 0.0723 (0.0719)  actual_prediction_mask_ratio: 0.2323 (0.2328)  ignored_patch_ratio: 0.0176 (0.0213)  time: 0.1142  data: 0.0001  max mem: 1904
[17:44:39.220164] Epoch: [25]  [ 800/1098]  eta: 0:00:34  lr: 0.000009  loss: 0.0081 (0.0308)  mae_m_mask: 0.4673 (0.4410)  rmse_m_mask: 0.5890 (0.5896)  normalized_mse_mask: 0.0081 (0.0308)  rmse_m_all: 11.1068 (12.0304)  actual_mask_ratio: 0.0722 (0.0719)  actual_prediction_mask_ratio: 0.2307 (0.2327)  ignored_patch_ratio: 0.0159 (0.0213)  time: 0.1134  data: 0.0001  max mem: 1904
[17:44:41.472035] Epoch: [25]  [ 820/1098]  eta: 0:00:31  lr: 0.000009  loss: 0.0079 (0.0308)  mae_m_mask: 0.3933 (0.4406)  rmse_m_mask: 0.4675 (0.5893)  normalized_mse_mask: 0.0079 (0.0308)  rmse_m_all: 12.2142 (12.0385)  actual_mask_ratio: 0.0737 (0.0720)  actual_prediction_mask_ratio: 0.2404 (0.2328)  ignored_patch_ratio: 0.0244 (0.0213)  time: 0.1126  data: 0.0001  max mem: 1904
[17:44:43.721284] Epoch: [25]  [ 840/1098]  eta: 0:00:29  lr: 0.000009  loss: 0.0024 (0.0312)  mae_m_mask: 0.3399 (0.4400)  rmse_m_mask: 0.4250 (0.5885)  normalized_mse_mask: 0.0024 (0.0312)  rmse_m_all: 10.9387 (12.0277)  actual_mask_ratio: 0.0714 (0.0719)  actual_prediction_mask_ratio: 0.2273 (0.2328)  ignored_patch_ratio: 0.0159 (0.0214)  time: 0.1124  data: 0.0001  max mem: 1904
[17:44:45.978716] Epoch: [25]  [ 860/1098]  eta: 0:00:27  lr: 0.000009  loss: 0.0059 (0.0309)  mae_m_mask: 0.4275 (0.4398)  rmse_m_mask: 0.5091 (0.5879)  normalized_mse_mask: 0.0059 (0.0309)  rmse_m_all: 13.0862 (12.0255)  actual_mask_ratio: 0.0706 (0.0719)  actual_prediction_mask_ratio: 0.2314 (0.2328)  ignored_patch_ratio: 0.0164 (0.0214)  time: 0.1128  data: 0.0001  max mem: 1904
[17:44:48.237648] Epoch: [25]  [ 880/1098]  eta: 0:00:24  lr: 0.000009  loss: 0.0056 (0.0310)  mae_m_mask: 0.2748 (0.4374)  rmse_m_mask: 0.3640 (0.5854)  normalized_mse_mask: 0.0056 (0.0310)  rmse_m_all: 10.4750 (11.9925)  actual_mask_ratio: 0.0730 (0.0720)  actual_prediction_mask_ratio: 0.2377 (0.2328)  ignored_patch_ratio: 0.0164 (0.0213)  time: 0.1129  data: 0.0001  max mem: 1904
[17:44:50.470491] Epoch: [25]  [ 900/1098]  eta: 0:00:22  lr: 0.000009  loss: 0.0075 (0.0307)  mae_m_mask: 0.4631 (0.4385)  rmse_m_mask: 0.5852 (0.5861)  normalized_mse_mask: 0.0075 (0.0307)  rmse_m_all: 11.8623 (11.9855)  actual_mask_ratio: 0.0705 (0.0719)  actual_prediction_mask_ratio: 0.2258 (0.2327)  ignored_patch_ratio: 0.0193 (0.0214)  time: 0.1116  data: 0.0001  max mem: 1904
[17:44:52.718401] Epoch: [25]  [ 920/1098]  eta: 0:00:20  lr: 0.000009  loss: 0.0157 (0.0307)  mae_m_mask: 0.4347 (0.4398)  rmse_m_mask: 0.5286 (0.5879)  normalized_mse_mask: 0.0157 (0.0307)  rmse_m_all: 12.8055 (12.0057)  actual_mask_ratio: 0.0725 (0.0719)  actual_prediction_mask_ratio: 0.2289 (0.2327)  ignored_patch_ratio: 0.0210 (0.0214)  time: 0.1124  data: 0.0001  max mem: 1904
[17:44:54.944856] Epoch: [25]  [ 940/1098]  eta: 0:00:18  lr: 0.000009  loss: 0.0103 (0.0307)  mae_m_mask: 0.4027 (0.4394)  rmse_m_mask: 0.5378 (0.5874)  normalized_mse_mask: 0.0103 (0.0307)  rmse_m_all: 11.7737 (12.0000)  actual_mask_ratio: 0.0712 (0.0719)  actual_prediction_mask_ratio: 0.2300 (0.2326)  ignored_patch_ratio: 0.0210 (0.0214)  time: 0.1113  data: 0.0001  max mem: 1904
[17:44:57.149300] Epoch: [25]  [ 960/1098]  eta: 0:00:15  lr: 0.000009  loss: 0.0232 (0.0308)  mae_m_mask: 0.4547 (0.4398)  rmse_m_mask: 0.6140 (0.5887)  normalized_mse_mask: 0.0232 (0.0308)  rmse_m_all: 10.3096 (11.9645)  actual_mask_ratio: 0.0714 (0.0719)  actual_prediction_mask_ratio: 0.2370 (0.2327)  ignored_patch_ratio: 0.0147 (0.0213)  time: 0.1102  data: 0.0001  max mem: 1904
[17:44:59.387304] Epoch: [25]  [ 980/1098]  eta: 0:00:13  lr: 0.000009  loss: 0.0107 (0.0307)  mae_m_mask: 0.4480 (0.4400)  rmse_m_mask: 0.6062 (0.5887)  normalized_mse_mask: 0.0107 (0.0307)  rmse_m_all: 13.1678 (11.9914)  actual_mask_ratio: 0.0693 (0.0719)  actual_prediction_mask_ratio: 0.2268 (0.2326)  ignored_patch_ratio: 0.0278 (0.0214)  time: 0.1119  data: 0.0001  max mem: 1904
[17:45:01.584657] Epoch: [25]  [1000/1098]  eta: 0:00:11  lr: 0.000009  loss: 0.0045 (0.0306)  mae_m_mask: 0.4129 (0.4396)  rmse_m_mask: 0.5231 (0.5879)  normalized_mse_mask: 0.0045 (0.0306)  rmse_m_all: 13.3710 (12.0190)  actual_mask_ratio: 0.0672 (0.0718)  actual_prediction_mask_ratio: 0.2168 (0.2323)  ignored_patch_ratio: 0.0306 (0.0216)  time: 0.1098  data: 0.0001  max mem: 1904
[17:45:04.048852] Epoch: [25]  [1020/1098]  eta: 0:00:08  lr: 0.000009  loss: 0.0212 (0.0306)  mae_m_mask: 0.4077 (0.4397)  rmse_m_mask: 0.5418 (0.5884)  normalized_mse_mask: 0.0212 (0.0306)  rmse_m_all: 11.1535 (11.9973)  actual_mask_ratio: 0.0758 (0.0719)  actual_prediction_mask_ratio: 0.2381 (0.2325)  ignored_patch_ratio: 0.0193 (0.0216)  time: 0.1232  data: 0.0511  max mem: 1904
[17:45:05.891735] Epoch: [25]  [1040/1098]  eta: 0:00:06  lr: 0.000009  loss: 0.0086 (0.0304)  mae_m_mask: 0.3905 (0.4402)  rmse_m_mask: 0.4953 (0.5888)  normalized_mse_mask: 0.0086 (0.0304)  rmse_m_all: 14.2304 (12.0227)  actual_mask_ratio: 0.0710 (0.0719)  actual_prediction_mask_ratio: 0.2244 (0.2323)  ignored_patch_ratio: 0.0221 (0.0217)  time: 0.0921  data: 0.0001  max mem: 1904
[17:45:08.202511] Epoch: [25]  [1060/1098]  eta: 0:00:04  lr: 0.000009  loss: 0.0160 (0.0304)  mae_m_mask: 0.3371 (0.4392)  rmse_m_mask: 0.4877 (0.5874)  normalized_mse_mask: 0.0160 (0.0304)  rmse_m_all: 10.8799 (12.0049)  actual_mask_ratio: 0.0702 (0.0719)  actual_prediction_mask_ratio: 0.2229 (0.2323)  ignored_patch_ratio: 0.0153 (0.0217)  time: 0.1155  data: 0.0001  max mem: 1904
[17:45:10.505172] Epoch: [25]  [1080/1098]  eta: 0:00:02  lr: 0.000009  loss: 0.0226 (0.0307)  mae_m_mask: 0.3936 (0.4388)  rmse_m_mask: 0.5546 (0.5872)  normalized_mse_mask: 0.0226 (0.0307)  rmse_m_all: 13.0964 (12.0175)  actual_mask_ratio: 0.0717 (0.0718)  actual_prediction_mask_ratio: 0.2264 (0.2322)  ignored_patch_ratio: 0.0187 (0.0216)  time: 0.1151  data: 0.0001  max mem: 1904
[17:45:12.485339] Epoch: [25]  [1097/1098]  eta: 0:00:00  lr: 0.000009  loss: 0.0152 (0.0310)  mae_m_mask: 0.5210 (0.4405)  rmse_m_mask: 0.6158 (0.5898)  normalized_mse_mask: 0.0152 (0.0310)  rmse_m_all: 12.6623 (12.0262)  actual_mask_ratio: 0.0726 (0.0718)  actual_prediction_mask_ratio: 0.2365 (0.2323)  ignored_patch_ratio: 0.0170 (0.0216)  time: 0.1153  data: 0.0001  max mem: 1904
[17:45:12.516285] Epoch: [25] Total time: 0:02:05 (0.1141 s / it)
[17:45:12.517033] Averaged stats: {'lr': 8.937353789088731e-06, 'loss': 0.030209071416314244, 'mae_m_mask': 0.43896063427105075, 'rmse_m_mask': 0.6391042490120065, 'normalized_mse_mask': 0.030209071416314244, 'rmse_m_all': 12.026179277886024, 'actual_mask_ratio': 0.071833697695604, 'actual_prediction_mask_ratio': 0.2323030036736707, 'ignored_patch_ratio': 0.02157136743620228, 'supervised_pixel_count': 21816230.0}
[17:45:12.691923] Val: [25]  [  0/194]  eta: 0:00:33  loss: 0.3367 (0.3367)  mae_m_mask: 0.5266 (0.5266)  rmse_m_mask: 0.7118 (0.7118)  normalized_mse_mask: 0.3367 (0.3367)  rmse_m_all: 1.0226 (1.0226)  actual_mask_ratio: 0.0709 (0.0709)  actual_prediction_mask_ratio: 0.2352 (0.2352)  ignored_patch_ratio: 0.0646 (0.0646)  time: 0.1722  data: 0.0836  max mem: 1904
[17:45:17.202375] Val: [25]  [ 50/194]  eta: 0:00:13  loss: 0.0122 (0.0728)  mae_m_mask: 0.5853 (0.6555)  rmse_m_mask: 0.7399 (0.8147)  normalized_mse_mask: 0.0122 (0.0728)  rmse_m_all: 9.7373 (7.4817)  actual_mask_ratio: 0.0626 (0.0699)  actual_prediction_mask_ratio: 0.2166 (0.2286)  ignored_patch_ratio: 0.0000 (0.0044)  time: 0.0910  data: 0.0001  max mem: 1904
[17:45:21.696488] Val: [25]  [100/194]  eta: 0:00:08  loss: 0.0329 (0.0725)  mae_m_mask: 0.6771 (0.6829)  rmse_m_mask: 0.8762 (0.8448)  normalized_mse_mask: 0.0329 (0.0725)  rmse_m_all: 4.7768 (7.2302)  actual_mask_ratio: 0.0590 (0.0682)  actual_prediction_mask_ratio: 0.2018 (0.2221)  ignored_patch_ratio: 0.0000 (0.0025)  time: 0.0902  data: 0.0001  max mem: 1904
[17:45:26.222941] Val: [25]  [150/194]  eta: 0:00:03  loss: 0.0044 (0.0686)  mae_m_mask: 0.8524 (0.7294)  rmse_m_mask: 1.0950 (0.9038)  normalized_mse_mask: 0.0044 (0.0686)  rmse_m_all: 14.1377 (8.0388)  actual_mask_ratio: 0.0697 (0.0675)  actual_prediction_mask_ratio: 0.2175 (0.2175)  ignored_patch_ratio: 0.0000 (0.0024)  time: 0.0899  data: 0.0001  max mem: 1904
[17:45:29.970412] Val: [25]  [193/194]  eta: 0:00:00  loss: 0.1149 (0.0773)  mae_m_mask: 0.6008 (0.7212)  rmse_m_mask: 0.7138 (0.8938)  normalized_mse_mask: 0.1149 (0.0773)  rmse_m_all: 1.4635 (8.5043)  actual_mask_ratio: 0.0624 (0.0663)  actual_prediction_mask_ratio: 0.1985 (0.2131)  ignored_patch_ratio: 0.0136 (0.0049)  time: 0.0870  data: 0.0001  max mem: 1904
[17:45:30.001933] Val: [25] Total time: 0:00:17 (0.0901 s / it)
[17:45:30.006003] val stats: {'loss': 0.07845013280040998, 'mae_m_mask': 0.7155356801740124, 'rmse_m_mask': 0.9317131520458304, 'normalized_mse_mask': 0.07845013280040998, 'rmse_m_all': 8.504320077060424, 'actual_mask_ratio': 0.06633703996302541, 'actual_prediction_mask_ratio': 0.21313334448435872, 'ignored_patch_ratio': 0.00489066925245462, 'supervised_pixel_count': 3944867.0}
[17:45:34.080270] log_dir: /tank/data/SFS/xinyis/data/bathymetry/MAE-Topography/Downstream_Task_Bathy/cross_validation_v5_Stage2NormMSE_MeterSelect/runs/holdout_Santiam_D004Stage2NormMSE_MeterSelect_D001NoDataSafe/train_stage2_normMSE_meterSelect_OR_SantiamRiverTB_Topobathy_1_D23_fromStage1Best_e120_lr1e-5_b4_acc4/tb
[17:45:34.276174] Epoch: [26]  [   0/1098]  eta: 0:03:34  lr: 0.000009  loss: 0.0027 (0.0027)  mae_m_mask: 0.2106 (0.2106)  rmse_m_mask: 0.2732 (0.2732)  normalized_mse_mask: 0.0027 (0.0027)  rmse_m_all: 11.2612 (11.2612)  actual_mask_ratio: 0.0685 (0.0685)  actual_prediction_mask_ratio: 0.2460 (0.2460)  ignored_patch_ratio: 0.0159 (0.0159)  time: 0.1953  data: 0.0909  max mem: 1904
[17:45:36.595754] Epoch: [26]  [  20/1098]  eta: 0:02:09  lr: 0.000009  loss: 0.0230 (0.0266)  mae_m_mask: 0.4230 (0.4288)  rmse_m_mask: 0.5911 (0.5709)  normalized_mse_mask: 0.0230 (0.0266)  rmse_m_all: 11.4469 (11.3634)  actual_mask_ratio: 0.0716 (0.0719)  actual_prediction_mask_ratio: 0.2332 (0.2347)  ignored_patch_ratio: 0.0164 (0.0166)  time: 0.1159  data: 0.0001  max mem: 1904
[17:45:38.880560] Epoch: [26]  [  40/1098]  eta: 0:02:03  lr: 0.000009  loss: 0.0045 (0.0340)  mae_m_mask: 0.3780 (0.4251)  rmse_m_mask: 0.5008 (0.5680)  normalized_mse_mask: 0.0045 (0.0340)  rmse_m_all: 12.9372 (11.7570)  actual_mask_ratio: 0.0699 (0.0717)  actual_prediction_mask_ratio: 0.2272 (0.2321)  ignored_patch_ratio: 0.0198 (0.0198)  time: 0.1142  data: 0.0001  max mem: 1904
[17:45:41.204425] Epoch: [26]  [  60/1098]  eta: 0:02:01  lr: 0.000009  loss: 0.0075 (0.0349)  mae_m_mask: 0.4275 (0.4212)  rmse_m_mask: 0.5406 (0.5588)  normalized_mse_mask: 0.0075 (0.0349)  rmse_m_all: 11.5013 (11.6437)  actual_mask_ratio: 0.0692 (0.0714)  actual_prediction_mask_ratio: 0.2282 (0.2319)  ignored_patch_ratio: 0.0238 (0.0225)  time: 0.1161  data: 0.0001  max mem: 1904
[17:45:43.526677] Epoch: [26]  [  80/1098]  eta: 0:01:58  lr: 0.000009  loss: 0.0161 (0.0330)  mae_m_mask: 0.3496 (0.4154)  rmse_m_mask: 0.5033 (0.5575)  normalized_mse_mask: 0.0161 (0.0330)  rmse_m_all: 10.7385 (11.7378)  actual_mask_ratio: 0.0733 (0.0720)  actual_prediction_mask_ratio: 0.2398 (0.2342)  ignored_patch_ratio: 0.0176 (0.0211)  time: 0.1161  data: 0.0001  max mem: 1904
[17:45:45.849453] Epoch: [26]  [ 100/1098]  eta: 0:01:56  lr: 0.000009  loss: 0.0155 (0.0328)  mae_m_mask: 0.3628 (0.4064)  rmse_m_mask: 0.4870 (0.5475)  normalized_mse_mask: 0.0155 (0.0328)  rmse_m_all: 10.8315 (11.6784)  actual_mask_ratio: 0.0741 (0.0722)  actual_prediction_mask_ratio: 0.2332 (0.2340)  ignored_patch_ratio: 0.0153 (0.0208)  time: 0.1161  data: 0.0001  max mem: 1904
[17:45:48.171295] Epoch: [26]  [ 120/1098]  eta: 0:01:53  lr: 0.000009  loss: 0.0074 (0.0309)  mae_m_mask: 0.3785 (0.4079)  rmse_m_mask: 0.4779 (0.5475)  normalized_mse_mask: 0.0074 (0.0309)  rmse_m_all: 13.1345 (12.0483)  actual_mask_ratio: 0.0700 (0.0719)  actual_prediction_mask_ratio: 0.2243 (0.2330)  ignored_patch_ratio: 0.0312 (0.0226)  time: 0.1160  data: 0.0001  max mem: 1904
[17:45:50.491186] Epoch: [26]  [ 140/1098]  eta: 0:01:51  lr: 0.000009  loss: 0.0142 (0.0314)  mae_m_mask: 0.3680 (0.4051)  rmse_m_mask: 0.4885 (0.5431)  normalized_mse_mask: 0.0142 (0.0314)  rmse_m_all: 10.6430 (11.8868)  actual_mask_ratio: 0.0721 (0.0719)  actual_prediction_mask_ratio: 0.2362 (0.2336)  ignored_patch_ratio: 0.0108 (0.0213)  time: 0.1159  data: 0.0001  max mem: 1904
[17:45:52.803888] Epoch: [26]  [ 160/1098]  eta: 0:01:49  lr: 0.000009  loss: 0.0141 (0.0297)  mae_m_mask: 0.4148 (0.4119)  rmse_m_mask: 0.5595 (0.5504)  normalized_mse_mask: 0.0141 (0.0297)  rmse_m_all: 12.8489 (12.0302)  actual_mask_ratio: 0.0702 (0.0718)  actual_prediction_mask_ratio: 0.2278 (0.2331)  ignored_patch_ratio: 0.0238 (0.0223)  time: 0.1156  data: 0.0001  max mem: 1904
[17:45:55.007671] Epoch: [26]  [ 180/1098]  eta: 0:01:46  lr: 0.000009  loss: 0.0065 (0.0333)  mae_m_mask: 0.4820 (0.4190)  rmse_m_mask: 0.6298 (0.5614)  normalized_mse_mask: 0.0065 (0.0333)  rmse_m_all: 12.9528 (12.0900)  actual_mask_ratio: 0.0741 (0.0719)  actual_prediction_mask_ratio: 0.2449 (0.2338)  ignored_patch_ratio: 0.0159 (0.0224)  time: 0.1101  data: 0.0001  max mem: 1904
[17:45:57.267014] Epoch: [26]  [ 200/1098]  eta: 0:01:43  lr: 0.000009  loss: 0.0224 (0.0340)  mae_m_mask: 0.4196 (0.4212)  rmse_m_mask: 0.5262 (0.5621)  normalized_mse_mask: 0.0224 (0.0340)  rmse_m_all: 12.3496 (12.1000)  actual_mask_ratio: 0.0706 (0.0719)  actual_prediction_mask_ratio: 0.2311 (0.2337)  ignored_patch_ratio: 0.0244 (0.0223)  time: 0.1129  data: 0.0001  max mem: 1904
[17:45:59.549238] Epoch: [26]  [ 220/1098]  eta: 0:01:41  lr: 0.000009  loss: 0.0097 (0.0330)  mae_m_mask: 0.4163 (0.4287)  rmse_m_mask: 0.6389 (0.5762)  normalized_mse_mask: 0.0097 (0.0330)  rmse_m_all: 12.5039 (12.0856)  actual_mask_ratio: 0.0720 (0.0719)  actual_prediction_mask_ratio: 0.2248 (0.2335)  ignored_patch_ratio: 0.0170 (0.0220)  time: 0.1141  data: 0.0001  max mem: 1904
[17:46:01.807063] Epoch: [26]  [ 240/1098]  eta: 0:01:38  lr: 0.000009  loss: 0.0041 (0.0319)  mae_m_mask: 0.3138 (0.4266)  rmse_m_mask: 0.5007 (0.5762)  normalized_mse_mask: 0.0041 (0.0319)  rmse_m_all: 11.3062 (12.0709)  actual_mask_ratio: 0.0723 (0.0721)  actual_prediction_mask_ratio: 0.2366 (0.2335)  ignored_patch_ratio: 0.0147 (0.0217)  time: 0.1128  data: 0.0001  max mem: 1904
[17:46:04.084043] Epoch: [26]  [ 260/1098]  eta: 0:01:36  lr: 0.000009  loss: 0.0032 (0.0313)  mae_m_mask: 0.3863 (0.4283)  rmse_m_mask: 0.4720 (0.5753)  normalized_mse_mask: 0.0032 (0.0313)  rmse_m_all: 11.4143 (12.0417)  actual_mask_ratio: 0.0745 (0.0723)  actual_prediction_mask_ratio: 0.2357 (0.2335)  ignored_patch_ratio: 0.0170 (0.0217)  time: 0.1138  data: 0.0001  max mem: 1904
[17:46:06.365113] Epoch: [26]  [ 280/1098]  eta: 0:01:33  lr: 0.000009  loss: 0.0138 (0.0307)  mae_m_mask: 0.3591 (0.4285)  rmse_m_mask: 0.5086 (0.5769)  normalized_mse_mask: 0.0138 (0.0307)  rmse_m_all: 11.4348 (11.9683)  actual_mask_ratio: 0.0700 (0.0721)  actual_prediction_mask_ratio: 0.2309 (0.2332)  ignored_patch_ratio: 0.0187 (0.0218)  time: 0.1140  data: 0.0001  max mem: 1904
[17:46:08.658054] Epoch: [26]  [ 300/1098]  eta: 0:01:31  lr: 0.000009  loss: 0.0104 (0.0305)  mae_m_mask: 0.4242 (0.4321)  rmse_m_mask: 0.5420 (0.5810)  normalized_mse_mask: 0.0104 (0.0305)  rmse_m_all: 11.3262 (11.9162)  actual_mask_ratio: 0.0738 (0.0722)  actual_prediction_mask_ratio: 0.2382 (0.2336)  ignored_patch_ratio: 0.0170 (0.0215)  time: 0.1146  data: 0.0001  max mem: 1904
[17:46:10.944789] Epoch: [26]  [ 320/1098]  eta: 0:01:29  lr: 0.000009  loss: 0.0157 (0.0304)  mae_m_mask: 0.4295 (0.4336)  rmse_m_mask: 0.5859 (0.5821)  normalized_mse_mask: 0.0157 (0.0304)  rmse_m_all: 12.2763 (11.9344)  actual_mask_ratio: 0.0716 (0.0722)  actual_prediction_mask_ratio: 0.2293 (0.2335)  ignored_patch_ratio: 0.0210 (0.0216)  time: 0.1143  data: 0.0001  max mem: 1904
[17:46:13.229681] Epoch: [26]  [ 340/1098]  eta: 0:01:26  lr: 0.000009  loss: 0.0120 (0.0305)  mae_m_mask: 0.3947 (0.4368)  rmse_m_mask: 0.4778 (0.5848)  normalized_mse_mask: 0.0120 (0.0305)  rmse_m_all: 11.3889 (11.9295)  actual_mask_ratio: 0.0704 (0.0720)  actual_prediction_mask_ratio: 0.2254 (0.2330)  ignored_patch_ratio: 0.0232 (0.0218)  time: 0.1142  data: 0.0001  max mem: 1904
[17:46:15.496093] Epoch: [26]  [ 360/1098]  eta: 0:01:24  lr: 0.000009  loss: 0.0213 (0.0315)  mae_m_mask: 0.3918 (0.4360)  rmse_m_mask: 0.5659 (0.5858)  normalized_mse_mask: 0.0213 (0.0315)  rmse_m_all: 12.1808 (11.9455)  actual_mask_ratio: 0.0703 (0.0719)  actual_prediction_mask_ratio: 0.2257 (0.2329)  ignored_patch_ratio: 0.0198 (0.0220)  time: 0.1133  data: 0.0001  max mem: 1904
[17:46:17.793042] Epoch: [26]  [ 380/1098]  eta: 0:01:22  lr: 0.000009  loss: 0.0178 (0.0313)  mae_m_mask: 0.3916 (0.4340)  rmse_m_mask: 0.5097 (0.5829)  normalized_mse_mask: 0.0178 (0.0313)  rmse_m_all: 14.0987 (12.0518)  actual_mask_ratio: 0.0699 (0.0719)  actual_prediction_mask_ratio: 0.2298 (0.2327)  ignored_patch_ratio: 0.0187 (0.0219)  time: 0.1148  data: 0.0001  max mem: 1904
[17:46:20.059560] Epoch: [26]  [ 400/1098]  eta: 0:01:19  lr: 0.000009  loss: 0.0118 (0.0309)  mae_m_mask: 0.3282 (0.4312)  rmse_m_mask: 0.4368 (0.5799)  normalized_mse_mask: 0.0118 (0.0309)  rmse_m_all: 9.2579 (11.9777)  actual_mask_ratio: 0.0723 (0.0720)  actual_prediction_mask_ratio: 0.2341 (0.2328)  ignored_patch_ratio: 0.0136 (0.0217)  time: 0.1133  data: 0.0001  max mem: 1904
[17:46:22.337610] Epoch: [26]  [ 420/1098]  eta: 0:01:17  lr: 0.000009  loss: 0.0017 (0.0311)  mae_m_mask: 0.3807 (0.4325)  rmse_m_mask: 0.4464 (0.5802)  normalized_mse_mask: 0.0017 (0.0311)  rmse_m_all: 10.6560 (11.9753)  actual_mask_ratio: 0.0701 (0.0719)  actual_prediction_mask_ratio: 0.2320 (0.2325)  ignored_patch_ratio: 0.0198 (0.0218)  time: 0.1139  data: 0.0001  max mem: 1904
[17:46:24.598735] Epoch: [26]  [ 440/1098]  eta: 0:01:15  lr: 0.000009  loss: 0.0060 (0.0306)  mae_m_mask: 0.4336 (0.4341)  rmse_m_mask: 0.5607 (0.5825)  normalized_mse_mask: 0.0060 (0.0306)  rmse_m_all: 11.3178 (11.9876)  actual_mask_ratio: 0.0721 (0.0719)  actual_prediction_mask_ratio: 0.2295 (0.2326)  ignored_patch_ratio: 0.0181 (0.0216)  time: 0.1130  data: 0.0001  max mem: 1904
[17:46:26.872821] Epoch: [26]  [ 460/1098]  eta: 0:01:13  lr: 0.000009  loss: 0.0155 (0.0305)  mae_m_mask: 0.3974 (0.4330)  rmse_m_mask: 0.4959 (0.5796)  normalized_mse_mask: 0.0155 (0.0305)  rmse_m_all: 11.9749 (11.9527)  actual_mask_ratio: 0.0723 (0.0719)  actual_prediction_mask_ratio: 0.2273 (0.2328)  ignored_patch_ratio: 0.0181 (0.0216)  time: 0.1137  data: 0.0001  max mem: 1904
[17:46:29.142065] Epoch: [26]  [ 480/1098]  eta: 0:01:10  lr: 0.000009  loss: 0.0267 (0.0308)  mae_m_mask: 0.4076 (0.4332)  rmse_m_mask: 0.5468 (0.5796)  normalized_mse_mask: 0.0267 (0.0308)  rmse_m_all: 11.9791 (11.9573)  actual_mask_ratio: 0.0710 (0.0719)  actual_prediction_mask_ratio: 0.2286 (0.2327)  ignored_patch_ratio: 0.0249 (0.0217)  time: 0.1134  data: 0.0001  max mem: 1904
[17:46:31.390811] Epoch: [26]  [ 500/1098]  eta: 0:01:08  lr: 0.000009  loss: 0.0037 (0.0310)  mae_m_mask: 0.3424 (0.4304)  rmse_m_mask: 0.4101 (0.5753)  normalized_mse_mask: 0.0037 (0.0310)  rmse_m_all: 10.8689 (11.9115)  actual_mask_ratio: 0.0715 (0.0720)  actual_prediction_mask_ratio: 0.2393 (0.2331)  ignored_patch_ratio: 0.0159 (0.0215)  time: 0.1124  data: 0.0001  max mem: 1904
[17:46:33.631307] Epoch: [26]  [ 520/1098]  eta: 0:01:06  lr: 0.000009  loss: 0.0030 (0.0308)  mae_m_mask: 0.4902 (0.4314)  rmse_m_mask: 0.6371 (0.5764)  normalized_mse_mask: 0.0030 (0.0308)  rmse_m_all: 12.6131 (11.9359)  actual_mask_ratio: 0.0723 (0.0720)  actual_prediction_mask_ratio: 0.2329 (0.2329)  ignored_patch_ratio: 0.0204 (0.0216)  time: 0.1120  data: 0.0001  max mem: 1904
[17:46:35.847683] Epoch: [26]  [ 540/1098]  eta: 0:01:03  lr: 0.000009  loss: 0.0084 (0.0302)  mae_m_mask: 0.4208 (0.4341)  rmse_m_mask: 0.5667 (0.5803)  normalized_mse_mask: 0.0084 (0.0302)  rmse_m_all: 12.2203 (11.9551)  actual_mask_ratio: 0.0718 (0.0720)  actual_prediction_mask_ratio: 0.2312 (0.2329)  ignored_patch_ratio: 0.0210 (0.0215)  time: 0.1108  data: 0.0001  max mem: 1904
[17:46:38.083766] Epoch: [26]  [ 560/1098]  eta: 0:01:01  lr: 0.000009  loss: 0.0098 (0.0298)  mae_m_mask: 0.4162 (0.4357)  rmse_m_mask: 0.5380 (0.5832)  normalized_mse_mask: 0.0098 (0.0298)  rmse_m_all: 12.5524 (11.9697)  actual_mask_ratio: 0.0691 (0.0719)  actual_prediction_mask_ratio: 0.2313 (0.2328)  ignored_patch_ratio: 0.0204 (0.0216)  time: 0.1118  data: 0.0001  max mem: 1904
[17:46:40.018085] Epoch: [26]  [ 580/1098]  eta: 0:00:58  lr: 0.000009  loss: 0.0188 (0.0302)  mae_m_mask: 0.4262 (0.4360)  rmse_m_mask: 0.5703 (0.5827)  normalized_mse_mask: 0.0188 (0.0302)  rmse_m_all: 12.1399 (11.9930)  actual_mask_ratio: 0.0732 (0.0720)  actual_prediction_mask_ratio: 0.2362 (0.2330)  ignored_patch_ratio: 0.0164 (0.0215)  time: 0.0967  data: 0.0001  max mem: 1904
[17:46:42.368552] Epoch: [26]  [ 600/1098]  eta: 0:00:56  lr: 0.000009  loss: 0.0111 (0.0305)  mae_m_mask: 0.4395 (0.4377)  rmse_m_mask: 0.5999 (0.5848)  normalized_mse_mask: 0.0111 (0.0305)  rmse_m_all: 11.8334 (12.0128)  actual_mask_ratio: 0.0723 (0.0720)  actual_prediction_mask_ratio: 0.2287 (0.2329)  ignored_patch_ratio: 0.0181 (0.0214)  time: 0.1175  data: 0.0465  max mem: 1904
[17:46:44.790606] Epoch: [26]  [ 620/1098]  eta: 0:00:54  lr: 0.000009  loss: 0.0145 (0.0301)  mae_m_mask: 0.5108 (0.4417)  rmse_m_mask: 0.6939 (0.5893)  normalized_mse_mask: 0.0145 (0.0301)  rmse_m_all: 11.6014 (12.0251)  actual_mask_ratio: 0.0713 (0.0720)  actual_prediction_mask_ratio: 0.2297 (0.2328)  ignored_patch_ratio: 0.0221 (0.0215)  time: 0.1211  data: 0.0001  max mem: 1904
[17:46:47.099000] Epoch: [26]  [ 640/1098]  eta: 0:00:52  lr: 0.000009  loss: 0.0083 (0.0297)  mae_m_mask: 0.4978 (0.4460)  rmse_m_mask: 0.6449 (0.5941)  normalized_mse_mask: 0.0083 (0.0297)  rmse_m_all: 12.9194 (12.0746)  actual_mask_ratio: 0.0719 (0.0720)  actual_prediction_mask_ratio: 0.2365 (0.2329)  ignored_patch_ratio: 0.0238 (0.0216)  time: 0.1154  data: 0.0001  max mem: 1904
[17:46:49.417638] Epoch: [26]  [ 660/1098]  eta: 0:00:49  lr: 0.000009  loss: 0.0045 (0.0297)  mae_m_mask: 0.4694 (0.4493)  rmse_m_mask: 0.6092 (0.5979)  normalized_mse_mask: 0.0045 (0.0297)  rmse_m_all: 13.2856 (12.0922)  actual_mask_ratio: 0.0692 (0.0719)  actual_prediction_mask_ratio: 0.2273 (0.2328)  ignored_patch_ratio: 0.0215 (0.0218)  time: 0.1159  data: 0.0001  max mem: 1904
[17:46:51.721067] Epoch: [26]  [ 680/1098]  eta: 0:00:47  lr: 0.000009  loss: 0.0149 (0.0297)  mae_m_mask: 0.3893 (0.4479)  rmse_m_mask: 0.4976 (0.5959)  normalized_mse_mask: 0.0149 (0.0297)  rmse_m_all: 12.2972 (12.0775)  actual_mask_ratio: 0.0725 (0.0719)  actual_prediction_mask_ratio: 0.2347 (0.2328)  ignored_patch_ratio: 0.0147 (0.0217)  time: 0.1151  data: 0.0001  max mem: 1904
[17:46:54.061927] Epoch: [26]  [ 700/1098]  eta: 0:00:45  lr: 0.000009  loss: 0.0137 (0.0294)  mae_m_mask: 0.3592 (0.4464)  rmse_m_mask: 0.4725 (0.5939)  normalized_mse_mask: 0.0137 (0.0294)  rmse_m_all: 13.6118 (12.1017)  actual_mask_ratio: 0.0697 (0.0719)  actual_prediction_mask_ratio: 0.2297 (0.2327)  ignored_patch_ratio: 0.0238 (0.0218)  time: 0.1170  data: 0.0001  max mem: 1904
[17:46:56.400976] Epoch: [26]  [ 720/1098]  eta: 0:00:43  lr: 0.000009  loss: 0.0142 (0.0297)  mae_m_mask: 0.3394 (0.4463)  rmse_m_mask: 0.4324 (0.5932)  normalized_mse_mask: 0.0142 (0.0297)  rmse_m_all: 12.5823 (12.1311)  actual_mask_ratio: 0.0687 (0.0718)  actual_prediction_mask_ratio: 0.2192 (0.2325)  ignored_patch_ratio: 0.0193 (0.0218)  time: 0.1169  data: 0.0001  max mem: 1904
[17:46:58.737285] Epoch: [26]  [ 740/1098]  eta: 0:00:40  lr: 0.000009  loss: 0.0192 (0.0307)  mae_m_mask: 0.4324 (0.4482)  rmse_m_mask: 0.5522 (0.5959)  normalized_mse_mask: 0.0192 (0.0307)  rmse_m_all: 12.1373 (12.1233)  actual_mask_ratio: 0.0719 (0.0718)  actual_prediction_mask_ratio: 0.2309 (0.2326)  ignored_patch_ratio: 0.0215 (0.0219)  time: 0.1168  data: 0.0001  max mem: 1904
[17:47:00.967841] Epoch: [26]  [ 760/1098]  eta: 0:00:38  lr: 0.000009  loss: 0.0205 (0.0307)  mae_m_mask: 0.3703 (0.4471)  rmse_m_mask: 0.4784 (0.5948)  normalized_mse_mask: 0.0205 (0.0307)  rmse_m_all: 9.4785 (12.0904)  actual_mask_ratio: 0.0714 (0.0718)  actual_prediction_mask_ratio: 0.2318 (0.2327)  ignored_patch_ratio: 0.0130 (0.0217)  time: 0.1115  data: 0.0001  max mem: 1904
[17:47:03.232515] Epoch: [26]  [ 780/1098]  eta: 0:00:36  lr: 0.000009  loss: 0.0137 (0.0316)  mae_m_mask: 0.4019 (0.4472)  rmse_m_mask: 0.5614 (0.5948)  normalized_mse_mask: 0.0137 (0.0316)  rmse_m_all: 10.7654 (12.0683)  actual_mask_ratio: 0.0709 (0.0718)  actual_prediction_mask_ratio: 0.2252 (0.2326)  ignored_patch_ratio: 0.0113 (0.0216)  time: 0.1132  data: 0.0001  max mem: 1904
[17:47:05.486541] Epoch: [26]  [ 800/1098]  eta: 0:00:33  lr: 0.000009  loss: 0.0110 (0.0315)  mae_m_mask: 0.4314 (0.4475)  rmse_m_mask: 0.5720 (0.5951)  normalized_mse_mask: 0.0110 (0.0315)  rmse_m_all: 11.4921 (12.0573)  actual_mask_ratio: 0.0720 (0.0718)  actual_prediction_mask_ratio: 0.2289 (0.2325)  ignored_patch_ratio: 0.0193 (0.0215)  time: 0.1127  data: 0.0001  max mem: 1904
[17:47:07.717641] Epoch: [26]  [ 820/1098]  eta: 0:00:31  lr: 0.000009  loss: 0.0230 (0.0323)  mae_m_mask: 0.4722 (0.4499)  rmse_m_mask: 0.6629 (0.5983)  normalized_mse_mask: 0.0230 (0.0323)  rmse_m_all: 12.3167 (12.0505)  actual_mask_ratio: 0.0724 (0.0718)  actual_prediction_mask_ratio: 0.2306 (0.2325)  ignored_patch_ratio: 0.0261 (0.0216)  time: 0.1115  data: 0.0001  max mem: 1904
[17:47:09.912109] Epoch: [26]  [ 840/1098]  eta: 0:00:29  lr: 0.000009  loss: 0.0204 (0.0322)  mae_m_mask: 0.4613 (0.4506)  rmse_m_mask: 0.6085 (0.5988)  normalized_mse_mask: 0.0204 (0.0322)  rmse_m_all: 12.3443 (12.0741)  actual_mask_ratio: 0.0709 (0.0718)  actual_prediction_mask_ratio: 0.2318 (0.2325)  ignored_patch_ratio: 0.0176 (0.0217)  time: 0.1097  data: 0.0001  max mem: 1904
[17:47:12.159439] Epoch: [26]  [ 860/1098]  eta: 0:00:27  lr: 0.000009  loss: 0.0132 (0.0325)  mae_m_mask: 0.4308 (0.4509)  rmse_m_mask: 0.5716 (0.5990)  normalized_mse_mask: 0.0132 (0.0325)  rmse_m_all: 11.7292 (12.0724)  actual_mask_ratio: 0.0719 (0.0718)  actual_prediction_mask_ratio: 0.2340 (0.2326)  ignored_patch_ratio: 0.0153 (0.0216)  time: 0.1123  data: 0.0001  max mem: 1904
[17:47:14.402893] Epoch: [26]  [ 880/1098]  eta: 0:00:24  lr: 0.000009  loss: 0.0026 (0.0324)  mae_m_mask: 0.3681 (0.4488)  rmse_m_mask: 0.4786 (0.5960)  normalized_mse_mask: 0.0026 (0.0324)  rmse_m_all: 12.5981 (12.0684)  actual_mask_ratio: 0.0709 (0.0718)  actual_prediction_mask_ratio: 0.2306 (0.2326)  ignored_patch_ratio: 0.0181 (0.0217)  time: 0.1121  data: 0.0001  max mem: 1904
[17:47:16.641178] Epoch: [26]  [ 900/1098]  eta: 0:00:22  lr: 0.000009  loss: 0.0071 (0.0324)  mae_m_mask: 0.4281 (0.4488)  rmse_m_mask: 0.5453 (0.5967)  normalized_mse_mask: 0.0071 (0.0324)  rmse_m_all: 11.9953 (12.0756)  actual_mask_ratio: 0.0686 (0.0718)  actual_prediction_mask_ratio: 0.2265 (0.2325)  ignored_patch_ratio: 0.0164 (0.0217)  time: 0.1119  data: 0.0001  max mem: 1904
[17:47:18.854024] Epoch: [26]  [ 920/1098]  eta: 0:00:20  lr: 0.000009  loss: 0.0079 (0.0322)  mae_m_mask: 0.3744 (0.4478)  rmse_m_mask: 0.4732 (0.5949)  normalized_mse_mask: 0.0079 (0.0322)  rmse_m_all: 10.3270 (12.0505)  actual_mask_ratio: 0.0737 (0.0718)  actual_prediction_mask_ratio: 0.2408 (0.2326)  ignored_patch_ratio: 0.0176 (0.0217)  time: 0.1106  data: 0.0001  max mem: 1904
[17:47:21.083841] Epoch: [26]  [ 940/1098]  eta: 0:00:17  lr: 0.000009  loss: 0.0131 (0.0323)  mae_m_mask: 0.3536 (0.4465)  rmse_m_mask: 0.4891 (0.5939)  normalized_mse_mask: 0.0131 (0.0323)  rmse_m_all: 9.6588 (12.0272)  actual_mask_ratio: 0.0698 (0.0718)  actual_prediction_mask_ratio: 0.2220 (0.2326)  ignored_patch_ratio: 0.0227 (0.0217)  time: 0.1115  data: 0.0001  max mem: 1904
[17:47:23.302864] Epoch: [26]  [ 960/1098]  eta: 0:00:15  lr: 0.000009  loss: 0.0148 (0.0322)  mae_m_mask: 0.3769 (0.4455)  rmse_m_mask: 0.4837 (0.5929)  normalized_mse_mask: 0.0148 (0.0322)  rmse_m_all: 11.5352 (12.0065)  actual_mask_ratio: 0.0748 (0.0718)  actual_prediction_mask_ratio: 0.2346 (0.2326)  ignored_patch_ratio: 0.0215 (0.0217)  time: 0.1109  data: 0.0001  max mem: 1904
[17:47:25.513009] Epoch: [26]  [ 980/1098]  eta: 0:00:13  lr: 0.000009  loss: 0.0089 (0.0320)  mae_m_mask: 0.4170 (0.4464)  rmse_m_mask: 0.5217 (0.5937)  normalized_mse_mask: 0.0089 (0.0320)  rmse_m_all: 14.4717 (12.0465)  actual_mask_ratio: 0.0694 (0.0718)  actual_prediction_mask_ratio: 0.2327 (0.2325)  ignored_patch_ratio: 0.0278 (0.0218)  time: 0.1105  data: 0.0001  max mem: 1904
[17:47:27.191569] Epoch: [26]  [1000/1098]  eta: 0:00:11  lr: 0.000009  loss: 0.0177 (0.0319)  mae_m_mask: 0.3642 (0.4449)  rmse_m_mask: 0.4848 (0.5920)  normalized_mse_mask: 0.0177 (0.0319)  rmse_m_all: 11.6003 (12.0526)  actual_mask_ratio: 0.0721 (0.0718)  actual_prediction_mask_ratio: 0.2274 (0.2324)  ignored_patch_ratio: 0.0221 (0.0218)  time: 0.0839  data: 0.0001  max mem: 1904
[17:47:30.105743] Epoch: [26]  [1020/1098]  eta: 0:00:08  lr: 0.000009  loss: 0.0111 (0.0318)  mae_m_mask: 0.3560 (0.4443)  rmse_m_mask: 0.4478 (0.5917)  normalized_mse_mask: 0.0111 (0.0318)  rmse_m_all: 12.1850 (12.0447)  actual_mask_ratio: 0.0697 (0.0718)  actual_prediction_mask_ratio: 0.2313 (0.2323)  ignored_patch_ratio: 0.0159 (0.0218)  time: 0.1457  data: 0.0476  max mem: 1904
[17:47:32.344360] Epoch: [26]  [1040/1098]  eta: 0:00:06  lr: 0.000009  loss: 0.0210 (0.0317)  mae_m_mask: 0.3864 (0.4441)  rmse_m_mask: 0.5694 (0.5917)  normalized_mse_mask: 0.0210 (0.0317)  rmse_m_all: 11.5109 (12.0435)  actual_mask_ratio: 0.0731 (0.0718)  actual_prediction_mask_ratio: 0.2275 (0.2323)  ignored_patch_ratio: 0.0153 (0.0218)  time: 0.1119  data: 0.0001  max mem: 1904
[17:47:34.646916] Epoch: [26]  [1060/1098]  eta: 0:00:04  lr: 0.000009  loss: 0.0070 (0.0317)  mae_m_mask: 0.5345 (0.4462)  rmse_m_mask: 0.7130 (0.5960)  normalized_mse_mask: 0.0070 (0.0317)  rmse_m_all: 10.5165 (12.0264)  actual_mask_ratio: 0.0735 (0.0718)  actual_prediction_mask_ratio: 0.2388 (0.2324)  ignored_patch_ratio: 0.0142 (0.0217)  time: 0.1151  data: 0.0001  max mem: 1904
[17:47:36.960781] Epoch: [26]  [1080/1098]  eta: 0:00:02  lr: 0.000009  loss: 0.0133 (0.0317)  mae_m_mask: 0.4325 (0.4462)  rmse_m_mask: 0.5486 (0.5958)  normalized_mse_mask: 0.0133 (0.0317)  rmse_m_all: 12.4554 (12.0349)  actual_mask_ratio: 0.0690 (0.0718)  actual_prediction_mask_ratio: 0.2309 (0.2324)  ignored_patch_ratio: 0.0198 (0.0217)  time: 0.1157  data: 0.0001  max mem: 1904
[17:47:38.927158] Epoch: [26]  [1097/1098]  eta: 0:00:00  lr: 0.000009  loss: 0.0075 (0.0319)  mae_m_mask: 0.3858 (0.4456)  rmse_m_mask: 0.5079 (0.5956)  normalized_mse_mask: 0.0075 (0.0319)  rmse_m_all: 11.2308 (12.0165)  actual_mask_ratio: 0.0719 (0.0718)  actual_prediction_mask_ratio: 0.2294 (0.2323)  ignored_patch_ratio: 0.0153 (0.0216)  time: 0.1158  data: 0.0001  max mem: 1904
[17:47:38.957626] Epoch: [26] Total time: 0:02:04 (0.1137 s / it)
[17:47:38.959654] Averaged stats: {'lr': 8.855809176936987e-06, 'loss': 0.030946972975889095, 'mae_m_mask': 0.4425550798160611, 'rmse_m_mask': 0.6426867808555912, 'normalized_mse_mask': 0.030946972975889095, 'rmse_m_all': 12.016519669246586, 'actual_mask_ratio': 0.07183667186491585, 'actual_prediction_mask_ratio': 0.23232891314233806, 'ignored_patch_ratio': 0.02157136754477176, 'supervised_pixel_count': 21816230.0}
[17:47:39.135570] Val: [26]  [  0/194]  eta: 0:00:33  loss: 0.3293 (0.3293)  mae_m_mask: 0.5264 (0.5264)  rmse_m_mask: 0.7028 (0.7028)  normalized_mse_mask: 0.3293 (0.3293)  rmse_m_all: 1.0481 (1.0481)  actual_mask_ratio: 0.0709 (0.0709)  actual_prediction_mask_ratio: 0.2352 (0.2352)  ignored_patch_ratio: 0.0646 (0.0646)  time: 0.1730  data: 0.0829  max mem: 1904
[17:47:43.568199] Val: [26]  [ 50/194]  eta: 0:00:13  loss: 0.0126 (0.0724)  mae_m_mask: 0.5931 (0.6648)  rmse_m_mask: 0.7414 (0.8247)  normalized_mse_mask: 0.0126 (0.0724)  rmse_m_all: 9.5733 (7.3860)  actual_mask_ratio: 0.0626 (0.0699)  actual_prediction_mask_ratio: 0.2166 (0.2286)  ignored_patch_ratio: 0.0000 (0.0044)  time: 0.0895  data: 0.0002  max mem: 1904
[17:47:48.034141] Val: [26]  [100/194]  eta: 0:00:08  loss: 0.0420 (0.0732)  mae_m_mask: 0.7101 (0.7043)  rmse_m_mask: 0.8985 (0.8714)  normalized_mse_mask: 0.0420 (0.0732)  rmse_m_all: 4.6938 (7.1337)  actual_mask_ratio: 0.0590 (0.0682)  actual_prediction_mask_ratio: 0.2018 (0.2221)  ignored_patch_ratio: 0.0000 (0.0025)  time: 0.0898  data: 0.0001  max mem: 1904
[17:47:52.452293] Val: [26]  [150/194]  eta: 0:00:03  loss: 0.0046 (0.0686)  mae_m_mask: 0.9299 (0.7582)  rmse_m_mask: 1.2161 (0.9373)  normalized_mse_mask: 0.0046 (0.0686)  rmse_m_all: 13.9082 (7.9316)  actual_mask_ratio: 0.0697 (0.0675)  actual_prediction_mask_ratio: 0.2175 (0.2175)  ignored_patch_ratio: 0.0000 (0.0024)  time: 0.0877  data: 0.0001  max mem: 1904
[17:47:56.244055] Val: [26]  [193/194]  eta: 0:00:00  loss: 0.1031 (0.0775)  mae_m_mask: 0.6105 (0.7470)  rmse_m_mask: 0.7316 (0.9255)  normalized_mse_mask: 0.1031 (0.0775)  rmse_m_all: 1.4671 (8.3903)  actual_mask_ratio: 0.0624 (0.0663)  actual_prediction_mask_ratio: 0.1985 (0.2131)  ignored_patch_ratio: 0.0136 (0.0049)  time: 0.0886  data: 0.0001  max mem: 1904
[17:47:56.274119] Val: [26] Total time: 0:00:17 (0.0892 s / it)
[17:47:56.276803] val stats: {'loss': 0.07814434939119218, 'mae_m_mask': 0.7400168902314823, 'rmse_m_mask': 0.973673072676914, 'normalized_mse_mask': 0.07814434939119218, 'rmse_m_all': 8.390279266330385, 'actual_mask_ratio': 0.06633703996302541, 'actual_prediction_mask_ratio': 0.21313334448435872, 'ignored_patch_ratio': 0.00489066925245462, 'supervised_pixel_count': 3944867.0}
[17:48:00.276632] log_dir: /tank/data/SFS/xinyis/data/bathymetry/MAE-Topography/Downstream_Task_Bathy/cross_validation_v5_Stage2NormMSE_MeterSelect/runs/holdout_Santiam_D004Stage2NormMSE_MeterSelect_D001NoDataSafe/train_stage2_normMSE_meterSelect_OR_SantiamRiverTB_Topobathy_1_D23_fromStage1Best_e120_lr1e-5_b4_acc4/tb
[17:48:00.483956] Epoch: [27]  [   0/1098]  eta: 0:03:46  lr: 0.000009  loss: 0.0006 (0.0006)  mae_m_mask: 0.5687 (0.5687)  rmse_m_mask: 0.6945 (0.6945)  normalized_mse_mask: 0.0006 (0.0006)  rmse_m_all: 13.0190 (13.0190)  actual_mask_ratio: 0.0800 (0.0800)  actual_prediction_mask_ratio: 0.2323 (0.2323)  ignored_patch_ratio: 0.0215 (0.0215)  time: 0.2067  data: 0.0881  max mem: 1904
[17:48:02.794666] Epoch: [27]  [  20/1098]  eta: 0:02:09  lr: 0.000009  loss: 0.0086 (0.0267)  mae_m_mask: 0.4207 (0.4834)  rmse_m_mask: 0.5293 (0.6725)  normalized_mse_mask: 0.0086 (0.0267)  rmse_m_all: 10.0880 (10.8464)  actual_mask_ratio: 0.0711 (0.0717)  actual_prediction_mask_ratio: 0.2347 (0.2372)  ignored_patch_ratio: 0.0153 (0.0163)  time: 0.1155  data: 0.0001  max mem: 1904
[17:48:05.102955] Epoch: [27]  [  40/1098]  eta: 0:02:04  lr: 0.000009  loss: 0.0130 (0.0266)  mae_m_mask: 0.4265 (0.5013)  rmse_m_mask: 0.5806 (0.6697)  normalized_mse_mask: 0.0130 (0.0266)  rmse_m_all: 14.3600 (12.1371)  actual_mask_ratio: 0.0704 (0.0710)  actual_prediction_mask_ratio: 0.2226 (0.2303)  ignored_patch_ratio: 0.0238 (0.0199)  time: 0.1154  data: 0.0001  max mem: 1904
[17:48:07.403910] Epoch: [27]  [  60/1098]  eta: 0:02:01  lr: 0.000009  loss: 0.0132 (0.0241)  mae_m_mask: 0.3796 (0.4684)  rmse_m_mask: 0.4803 (0.6217)  normalized_mse_mask: 0.0132 (0.0241)  rmse_m_all: 12.3328 (12.4024)  actual_mask_ratio: 0.0697 (0.0708)  actual_prediction_mask_ratio: 0.2207 (0.2286)  ignored_patch_ratio: 0.0266 (0.0218)  time: 0.1150  data: 0.0001  max mem: 1904
[17:48:09.709713] Epoch: [27]  [  80/1098]  eta: 0:01:58  lr: 0.000009  loss: 0.0153 (0.0251)  mae_m_mask: 0.3949 (0.4557)  rmse_m_mask: 0.5101 (0.6167)  normalized_mse_mask: 0.0153 (0.0251)  rmse_m_all: 9.9218 (11.9419)  actual_mask_ratio: 0.0731 (0.0713)  actual_prediction_mask_ratio: 0.2302 (0.2296)  ignored_patch_ratio: 0.0181 (0.0217)  time: 0.1152  data: 0.0001  max mem: 1904
[17:48:11.890404] Epoch: [27]  [ 100/1098]  eta: 0:01:54  lr: 0.000009  loss: 0.0128 (0.0264)  mae_m_mask: 0.4275 (0.4584)  rmse_m_mask: 0.5045 (0.6164)  normalized_mse_mask: 0.0128 (0.0264)  rmse_m_all: 12.2796 (12.1298)  actual_mask_ratio: 0.0736 (0.0715)  actual_prediction_mask_ratio: 0.2300 (0.2301)  ignored_patch_ratio: 0.0215 (0.0220)  time: 0.1090  data: 0.0001  max mem: 1904
[17:48:14.113211] Epoch: [27]  [ 120/1098]  eta: 0:01:51  lr: 0.000009  loss: 0.0240 (0.0353)  mae_m_mask: 0.3941 (0.4549)  rmse_m_mask: 0.5754 (0.6172)  normalized_mse_mask: 0.0240 (0.0353)  rmse_m_all: 12.2738 (11.9860)  actual_mask_ratio: 0.0709 (0.0714)  actual_prediction_mask_ratio: 0.2355 (0.2301)  ignored_patch_ratio: 0.0130 (0.0208)  time: 0.1111  data: 0.0001  max mem: 1904
[17:48:16.357916] Epoch: [27]  [ 140/1098]  eta: 0:01:49  lr: 0.000009  loss: 0.0189 (0.0348)  mae_m_mask: 0.4591 (0.4592)  rmse_m_mask: 0.6313 (0.6229)  normalized_mse_mask: 0.0189 (0.0348)  rmse_m_all: 13.1913 (12.1502)  actual_mask_ratio: 0.0678 (0.0711)  actual_prediction_mask_ratio: 0.2284 (0.2300)  ignored_patch_ratio: 0.0113 (0.0199)  time: 0.1122  data: 0.0001  max mem: 1904
[17:48:18.613531] Epoch: [27]  [ 160/1098]  eta: 0:01:46  lr: 0.000009  loss: 0.0131 (0.0360)  mae_m_mask: 0.4474 (0.4585)  rmse_m_mask: 0.5203 (0.6209)  normalized_mse_mask: 0.0131 (0.0360)  rmse_m_all: 10.4363 (12.0242)  actual_mask_ratio: 0.0712 (0.0712)  actual_prediction_mask_ratio: 0.2256 (0.2301)  ignored_patch_ratio: 0.0176 (0.0197)  time: 0.1127  data: 0.0001  max mem: 1904
[17:48:20.837652] Epoch: [27]  [ 180/1098]  eta: 0:01:44  lr: 0.000009  loss: 0.0087 (0.0340)  mae_m_mask: 0.3510 (0.4492)  rmse_m_mask: 0.4524 (0.6072)  normalized_mse_mask: 0.0087 (0.0340)  rmse_m_all: 11.1942 (12.0125)  actual_mask_ratio: 0.0736 (0.0714)  actual_prediction_mask_ratio: 0.2268 (0.2304)  ignored_patch_ratio: 0.0227 (0.0201)  time: 0.1112  data: 0.0001  max mem: 1904
[17:48:23.105840] Epoch: [27]  [ 200/1098]  eta: 0:01:41  lr: 0.000009  loss: 0.0135 (0.0332)  mae_m_mask: 0.3271 (0.4447)  rmse_m_mask: 0.5011 (0.5998)  normalized_mse_mask: 0.0135 (0.0332)  rmse_m_all: 12.1264 (11.9813)  actual_mask_ratio: 0.0723 (0.0715)  actual_prediction_mask_ratio: 0.2364 (0.2308)  ignored_patch_ratio: 0.0221 (0.0204)  time: 0.1134  data: 0.0001  max mem: 1904
[17:48:25.381260] Epoch: [27]  [ 220/1098]  eta: 0:01:39  lr: 0.000009  loss: 0.0066 (0.0327)  mae_m_mask: 0.4105 (0.4441)  rmse_m_mask: 0.5049 (0.5974)  normalized_mse_mask: 0.0066 (0.0327)  rmse_m_all: 12.6094 (12.0143)  actual_mask_ratio: 0.0741 (0.0717)  actual_prediction_mask_ratio: 0.2356 (0.2314)  ignored_patch_ratio: 0.0193 (0.0203)  time: 0.1137  data: 0.0001  max mem: 1904
[17:48:27.610157] Epoch: [27]  [ 240/1098]  eta: 0:01:37  lr: 0.000009  loss: 0.0066 (0.0324)  mae_m_mask: 0.3737 (0.4398)  rmse_m_mask: 0.4747 (0.5890)  normalized_mse_mask: 0.0066 (0.0324)  rmse_m_all: 10.7927 (11.9663)  actual_mask_ratio: 0.0711 (0.0716)  actual_prediction_mask_ratio: 0.2223 (0.2311)  ignored_patch_ratio: 0.0198 (0.0206)  time: 0.1114  data: 0.0001  max mem: 1904
[17:48:29.822165] Epoch: [27]  [ 260/1098]  eta: 0:01:34  lr: 0.000009  loss: 0.0077 (0.0318)  mae_m_mask: 0.3837 (0.4372)  rmse_m_mask: 0.5213 (0.5851)  normalized_mse_mask: 0.0077 (0.0318)  rmse_m_all: 13.3422 (11.9931)  actual_mask_ratio: 0.0694 (0.0714)  actual_prediction_mask_ratio: 0.2147 (0.2303)  ignored_patch_ratio: 0.0266 (0.0213)  time: 0.1106  data: 0.0001  max mem: 1904
[17:48:32.047253] Epoch: [27]  [ 280/1098]  eta: 0:01:32  lr: 0.000009  loss: 0.0214 (0.0324)  mae_m_mask: 0.3485 (0.4351)  rmse_m_mask: 0.4889 (0.5821)  normalized_mse_mask: 0.0214 (0.0324)  rmse_m_all: 10.9786 (11.9429)  actual_mask_ratio: 0.0730 (0.0715)  actual_prediction_mask_ratio: 0.2350 (0.2304)  ignored_patch_ratio: 0.0266 (0.0214)  time: 0.1112  data: 0.0001  max mem: 1904
[17:48:34.308212] Epoch: [27]  [ 300/1098]  eta: 0:01:30  lr: 0.000009  loss: 0.0096 (0.0311)  mae_m_mask: 0.3460 (0.4324)  rmse_m_mask: 0.5368 (0.5802)  normalized_mse_mask: 0.0096 (0.0311)  rmse_m_all: 10.4084 (11.8370)  actual_mask_ratio: 0.0709 (0.0716)  actual_prediction_mask_ratio: 0.2383 (0.2307)  ignored_patch_ratio: 0.0102 (0.0210)  time: 0.1130  data: 0.0001  max mem: 1904
[17:48:36.548911] Epoch: [27]  [ 320/1098]  eta: 0:01:27  lr: 0.000009  loss: 0.0076 (0.0309)  mae_m_mask: 0.4523 (0.4330)  rmse_m_mask: 0.5750 (0.5827)  normalized_mse_mask: 0.0076 (0.0309)  rmse_m_all: 12.3142 (11.8123)  actual_mask_ratio: 0.0702 (0.0716)  actual_prediction_mask_ratio: 0.2290 (0.2308)  ignored_patch_ratio: 0.0215 (0.0212)  time: 0.1120  data: 0.0001  max mem: 1904
[17:48:38.776245] Epoch: [27]  [ 340/1098]  eta: 0:01:25  lr: 0.000009  loss: 0.0066 (0.0298)  mae_m_mask: 0.3619 (0.4307)  rmse_m_mask: 0.4992 (0.5785)  normalized_mse_mask: 0.0066 (0.0298)  rmse_m_all: 11.5570 (11.7983)  actual_mask_ratio: 0.0718 (0.0716)  actual_prediction_mask_ratio: 0.2340 (0.2310)  ignored_patch_ratio: 0.0198 (0.0214)  time: 0.1113  data: 0.0001  max mem: 1904
[17:48:41.043176] Epoch: [27]  [ 360/1098]  eta: 0:01:23  lr: 0.000009  loss: 0.0060 (0.0291)  mae_m_mask: 0.3788 (0.4316)  rmse_m_mask: 0.4957 (0.5818)  normalized_mse_mask: 0.0060 (0.0291)  rmse_m_all: 12.2502 (11.7907)  actual_mask_ratio: 0.0702 (0.0716)  actual_prediction_mask_ratio: 0.2340 (0.2313)  ignored_patch_ratio: 0.0170 (0.0213)  time: 0.1133  data: 0.0001  max mem: 1904
[17:48:43.324712] Epoch: [27]  [ 380/1098]  eta: 0:01:21  lr: 0.000009  loss: 0.0030 (0.0282)  mae_m_mask: 0.4154 (0.4337)  rmse_m_mask: 0.5693 (0.5849)  normalized_mse_mask: 0.0030 (0.0282)  rmse_m_all: 11.3733 (11.8239)  actual_mask_ratio: 0.0700 (0.0716)  actual_prediction_mask_ratio: 0.2262 (0.2312)  ignored_patch_ratio: 0.0221 (0.0214)  time: 0.1140  data: 0.0001  max mem: 1904
[17:48:45.594826] Epoch: [27]  [ 400/1098]  eta: 0:01:18  lr: 0.000009  loss: 0.0116 (0.0275)  mae_m_mask: 0.4629 (0.4359)  rmse_m_mask: 0.6050 (0.5891)  normalized_mse_mask: 0.0116 (0.0275)  rmse_m_all: 12.4112 (11.8358)  actual_mask_ratio: 0.0730 (0.0717)  actual_prediction_mask_ratio: 0.2398 (0.2315)  ignored_patch_ratio: 0.0164 (0.0212)  time: 0.1135  data: 0.0001  max mem: 1904
[17:48:47.879876] Epoch: [27]  [ 420/1098]  eta: 0:01:16  lr: 0.000009  loss: 0.0038 (0.0269)  mae_m_mask: 0.4055 (0.4348)  rmse_m_mask: 0.5048 (0.5867)  normalized_mse_mask: 0.0038 (0.0269)  rmse_m_all: 12.0116 (11.8909)  actual_mask_ratio: 0.0719 (0.0716)  actual_prediction_mask_ratio: 0.2316 (0.2315)  ignored_patch_ratio: 0.0232 (0.0216)  time: 0.1142  data: 0.0001  max mem: 1904
[17:48:50.144462] Epoch: [27]  [ 440/1098]  eta: 0:01:14  lr: 0.000009  loss: 0.0108 (0.0281)  mae_m_mask: 0.3253 (0.4316)  rmse_m_mask: 0.4040 (0.5820)  normalized_mse_mask: 0.0108 (0.0281)  rmse_m_all: 11.7342 (11.8960)  actual_mask_ratio: 0.0684 (0.0716)  actual_prediction_mask_ratio: 0.2328 (0.2314)  ignored_patch_ratio: 0.0125 (0.0215)  time: 0.1132  data: 0.0001  max mem: 1904
[17:48:52.400479] Epoch: [27]  [ 460/1098]  eta: 0:01:12  lr: 0.000009  loss: 0.0223 (0.0290)  mae_m_mask: 0.3584 (0.4306)  rmse_m_mask: 0.4594 (0.5814)  normalized_mse_mask: 0.0223 (0.0290)  rmse_m_all: 11.8127 (11.8694)  actual_mask_ratio: 0.0731 (0.0717)  actual_prediction_mask_ratio: 0.2335 (0.2316)  ignored_patch_ratio: 0.0232 (0.0215)  time: 0.1128  data: 0.0001  max mem: 1904
[17:48:54.640058] Epoch: [27]  [ 480/1098]  eta: 0:01:09  lr: 0.000009  loss: 0.0037 (0.0292)  mae_m_mask: 0.3345 (0.4290)  rmse_m_mask: 0.4851 (0.5795)  normalized_mse_mask: 0.0037 (0.0292)  rmse_m_all: 11.5170 (11.8537)  actual_mask_ratio: 0.0704 (0.0717)  actual_prediction_mask_ratio: 0.2293 (0.2315)  ignored_patch_ratio: 0.0159 (0.0215)  time: 0.1119  data: 0.0001  max mem: 1904
[17:48:56.832690] Epoch: [27]  [ 500/1098]  eta: 0:01:07  lr: 0.000009  loss: 0.0192 (0.0294)  mae_m_mask: 0.3467 (0.4264)  rmse_m_mask: 0.4427 (0.5766)  normalized_mse_mask: 0.0192 (0.0294)  rmse_m_all: 11.8098 (11.8015)  actual_mask_ratio: 0.0703 (0.0717)  actual_prediction_mask_ratio: 0.2336 (0.2316)  ignored_patch_ratio: 0.0181 (0.0214)  time: 0.1096  data: 0.0001  max mem: 1904
[17:48:58.617176] Epoch: [27]  [ 520/1098]  eta: 0:01:04  lr: 0.000009  loss: 0.0125 (0.0299)  mae_m_mask: 0.3720 (0.4260)  rmse_m_mask: 0.4705 (0.5767)  normalized_mse_mask: 0.0125 (0.0299)  rmse_m_all: 11.9552 (11.8163)  actual_mask_ratio: 0.0706 (0.0717)  actual_prediction_mask_ratio: 0.2326 (0.2315)  ignored_patch_ratio: 0.0130 (0.0211)  time: 0.0892  data: 0.0001  max mem: 1904
[17:49:01.151280] Epoch: [27]  [ 540/1098]  eta: 0:01:02  lr: 0.000009  loss: 0.0091 (0.0295)  mae_m_mask: 0.3913 (0.4253)  rmse_m_mask: 0.5284 (0.5759)  normalized_mse_mask: 0.0091 (0.0295)  rmse_m_all: 12.8591 (11.8248)  actual_mask_ratio: 0.0686 (0.0716)  actual_prediction_mask_ratio: 0.2168 (0.2313)  ignored_patch_ratio: 0.0193 (0.0212)  time: 0.1267  data: 0.0488  max mem: 1904
[17:49:03.227932] Epoch: [27]  [ 560/1098]  eta: 0:01:00  lr: 0.000009  loss: 0.0187 (0.0299)  mae_m_mask: 0.3577 (0.4244)  rmse_m_mask: 0.4784 (0.5739)  normalized_mse_mask: 0.0187 (0.0299)  rmse_m_all: 11.0720 (11.8133)  actual_mask_ratio: 0.0723 (0.0716)  actual_prediction_mask_ratio: 0.2319 (0.2313)  ignored_patch_ratio: 0.0221 (0.0213)  time: 0.1038  data: 0.0001  max mem: 1904
[17:49:05.546514] Epoch: [27]  [ 580/1098]  eta: 0:00:58  lr: 0.000009  loss: 0.0231 (0.0301)  mae_m_mask: 0.4135 (0.4242)  rmse_m_mask: 0.5433 (0.5740)  normalized_mse_mask: 0.0231 (0.0301)  rmse_m_all: 12.6608 (11.8449)  actual_mask_ratio: 0.0714 (0.0716)  actual_prediction_mask_ratio: 0.2285 (0.2313)  ignored_patch_ratio: 0.0153 (0.0213)  time: 0.1159  data: 0.0001  max mem: 1904
[17:49:07.854292] Epoch: [27]  [ 600/1098]  eta: 0:00:55  lr: 0.000009  loss: 0.0090 (0.0298)  mae_m_mask: 0.4097 (0.4259)  rmse_m_mask: 0.5356 (0.5750)  normalized_mse_mask: 0.0090 (0.0298)  rmse_m_all: 12.5792 (11.8861)  actual_mask_ratio: 0.0693 (0.0715)  actual_prediction_mask_ratio: 0.2280 (0.2312)  ignored_patch_ratio: 0.0227 (0.0215)  time: 0.1153  data: 0.0001  max mem: 1904
[17:49:10.160713] Epoch: [27]  [ 620/1098]  eta: 0:00:53  lr: 0.000009  loss: 0.0090 (0.0301)  mae_m_mask: 0.3770 (0.4249)  rmse_m_mask: 0.4831 (0.5733)  normalized_mse_mask: 0.0090 (0.0301)  rmse_m_all: 11.8963 (11.8741)  actual_mask_ratio: 0.0740 (0.0716)  actual_prediction_mask_ratio: 0.2381 (0.2314)  ignored_patch_ratio: 0.0153 (0.0213)  time: 0.1153  data: 0.0001  max mem: 1904
[17:49:12.474804] Epoch: [27]  [ 640/1098]  eta: 0:00:51  lr: 0.000009  loss: 0.0282 (0.0303)  mae_m_mask: 0.3833 (0.4254)  rmse_m_mask: 0.4947 (0.5748)  normalized_mse_mask: 0.0282 (0.0303)  rmse_m_all: 12.0662 (11.8820)  actual_mask_ratio: 0.0746 (0.0717)  actual_prediction_mask_ratio: 0.2385 (0.2316)  ignored_patch_ratio: 0.0181 (0.0212)  time: 0.1157  data: 0.0001  max mem: 1904
[17:49:14.769697] Epoch: [27]  [ 660/1098]  eta: 0:00:49  lr: 0.000009  loss: 0.0072 (0.0299)  mae_m_mask: 0.4073 (0.4256)  rmse_m_mask: 0.5798 (0.5750)  normalized_mse_mask: 0.0072 (0.0299)  rmse_m_all: 12.2353 (11.9073)  actual_mask_ratio: 0.0727 (0.0717)  actual_prediction_mask_ratio: 0.2292 (0.2316)  ignored_patch_ratio: 0.0204 (0.0213)  time: 0.1147  data: 0.0001  max mem: 1904
[17:49:17.058706] Epoch: [27]  [ 680/1098]  eta: 0:00:47  lr: 0.000009  loss: 0.0110 (0.0299)  mae_m_mask: 0.3486 (0.4263)  rmse_m_mask: 0.4729 (0.5759)  normalized_mse_mask: 0.0110 (0.0299)  rmse_m_all: 12.3706 (11.8999)  actual_mask_ratio: 0.0714 (0.0717)  actual_prediction_mask_ratio: 0.2337 (0.2316)  ignored_patch_ratio: 0.0187 (0.0213)  time: 0.1144  data: 0.0001  max mem: 1904
[17:49:19.389054] Epoch: [27]  [ 700/1098]  eta: 0:00:44  lr: 0.000009  loss: 0.0055 (0.0297)  mae_m_mask: 0.3292 (0.4253)  rmse_m_mask: 0.4294 (0.5742)  normalized_mse_mask: 0.0055 (0.0297)  rmse_m_all: 9.3395 (11.8428)  actual_mask_ratio: 0.0706 (0.0717)  actual_prediction_mask_ratio: 0.2333 (0.2317)  ignored_patch_ratio: 0.0147 (0.0212)  time: 0.1165  data: 0.0001  max mem: 1904
[17:49:21.702228] Epoch: [27]  [ 720/1098]  eta: 0:00:42  lr: 0.000009  loss: 0.0185 (0.0302)  mae_m_mask: 0.5254 (0.4285)  rmse_m_mask: 0.7104 (0.5796)  normalized_mse_mask: 0.0185 (0.0302)  rmse_m_all: 12.9000 (11.8806)  actual_mask_ratio: 0.0704 (0.0717)  actual_prediction_mask_ratio: 0.2302 (0.2316)  ignored_patch_ratio: 0.0238 (0.0212)  time: 0.1156  data: 0.0001  max mem: 1904
[17:49:24.006107] Epoch: [27]  [ 740/1098]  eta: 0:00:40  lr: 0.000009  loss: 0.0138 (0.0304)  mae_m_mask: 0.4310 (0.4290)  rmse_m_mask: 0.5588 (0.5798)  normalized_mse_mask: 0.0138 (0.0304)  rmse_m_all: 12.8958 (11.9212)  actual_mask_ratio: 0.0727 (0.0717)  actual_prediction_mask_ratio: 0.2267 (0.2317)  ignored_patch_ratio: 0.0147 (0.0211)  time: 0.1152  data: 0.0001  max mem: 1904
[17:49:26.176731] Epoch: [27]  [ 760/1098]  eta: 0:00:38  lr: 0.000009  loss: 0.0133 (0.0306)  mae_m_mask: 0.4461 (0.4303)  rmse_m_mask: 0.5625 (0.5810)  normalized_mse_mask: 0.0133 (0.0306)  rmse_m_all: 10.3255 (11.9087)  actual_mask_ratio: 0.0743 (0.0718)  actual_prediction_mask_ratio: 0.2446 (0.2321)  ignored_patch_ratio: 0.0068 (0.0208)  time: 0.1085  data: 0.0001  max mem: 1904
[17:49:28.390844] Epoch: [27]  [ 780/1098]  eta: 0:00:35  lr: 0.000009  loss: 0.0195 (0.0306)  mae_m_mask: 0.3116 (0.4285)  rmse_m_mask: 0.3895 (0.5784)  normalized_mse_mask: 0.0195 (0.0306)  rmse_m_all: 11.3687 (11.9062)  actual_mask_ratio: 0.0725 (0.0718)  actual_prediction_mask_ratio: 0.2398 (0.2322)  ignored_patch_ratio: 0.0108 (0.0207)  time: 0.1107  data: 0.0001  max mem: 1904
[17:49:30.624267] Epoch: [27]  [ 800/1098]  eta: 0:00:33  lr: 0.000009  loss: 0.0041 (0.0303)  mae_m_mask: 0.4640 (0.4297)  rmse_m_mask: 0.5726 (0.5788)  normalized_mse_mask: 0.0041 (0.0303)  rmse_m_all: 14.2097 (11.9419)  actual_mask_ratio: 0.0716 (0.0718)  actual_prediction_mask_ratio: 0.2221 (0.2320)  ignored_patch_ratio: 0.0176 (0.0207)  time: 0.1116  data: 0.0001  max mem: 1904
[17:49:32.892481] Epoch: [27]  [ 820/1098]  eta: 0:00:31  lr: 0.000009  loss: 0.0073 (0.0300)  mae_m_mask: 0.3634 (0.4285)  rmse_m_mask: 0.5004 (0.5773)  normalized_mse_mask: 0.0073 (0.0300)  rmse_m_all: 13.1952 (11.9609)  actual_mask_ratio: 0.0726 (0.0718)  actual_prediction_mask_ratio: 0.2350 (0.2320)  ignored_patch_ratio: 0.0249 (0.0208)  time: 0.1134  data: 0.0001  max mem: 1904
[17:49:35.087748] Epoch: [27]  [ 840/1098]  eta: 0:00:29  lr: 0.000009  loss: 0.0021 (0.0295)  mae_m_mask: 0.4058 (0.4291)  rmse_m_mask: 0.5544 (0.5780)  normalized_mse_mask: 0.0021 (0.0295)  rmse_m_all: 13.3705 (11.9851)  actual_mask_ratio: 0.0737 (0.0718)  actual_prediction_mask_ratio: 0.2307 (0.2320)  ignored_patch_ratio: 0.0227 (0.0209)  time: 0.1097  data: 0.0001  max mem: 1904
[17:49:37.301000] Epoch: [27]  [ 860/1098]  eta: 0:00:26  lr: 0.000009  loss: 0.0167 (0.0295)  mae_m_mask: 0.4355 (0.4299)  rmse_m_mask: 0.6091 (0.5783)  normalized_mse_mask: 0.0167 (0.0295)  rmse_m_all: 10.8347 (11.9745)  actual_mask_ratio: 0.0730 (0.0718)  actual_prediction_mask_ratio: 0.2346 (0.2320)  ignored_patch_ratio: 0.0249 (0.0211)  time: 0.1106  data: 0.0001  max mem: 1904
[17:49:39.535985] Epoch: [27]  [ 880/1098]  eta: 0:00:24  lr: 0.000009  loss: 0.0302 (0.0299)  mae_m_mask: 0.3567 (0.4296)  rmse_m_mask: 0.4607 (0.5773)  normalized_mse_mask: 0.0302 (0.0299)  rmse_m_all: 10.1293 (11.9509)  actual_mask_ratio: 0.0687 (0.0717)  actual_prediction_mask_ratio: 0.2271 (0.2318)  ignored_patch_ratio: 0.0198 (0.0212)  time: 0.1117  data: 0.0001  max mem: 1904
[17:49:41.740905] Epoch: [27]  [ 900/1098]  eta: 0:00:22  lr: 0.000009  loss: 0.0064 (0.0299)  mae_m_mask: 0.3472 (0.4302)  rmse_m_mask: 0.4906 (0.5780)  normalized_mse_mask: 0.0064 (0.0299)  rmse_m_all: 13.6983 (11.9879)  actual_mask_ratio: 0.0718 (0.0717)  actual_prediction_mask_ratio: 0.2295 (0.2317)  ignored_patch_ratio: 0.0272 (0.0214)  time: 0.1102  data: 0.0001  max mem: 1904
[17:49:43.974993] Epoch: [27]  [ 920/1098]  eta: 0:00:20  lr: 0.000009  loss: 0.0174 (0.0298)  mae_m_mask: 0.4135 (0.4306)  rmse_m_mask: 0.5452 (0.5781)  normalized_mse_mask: 0.0174 (0.0298)  rmse_m_all: 12.2567 (11.9992)  actual_mask_ratio: 0.0718 (0.0717)  actual_prediction_mask_ratio: 0.2340 (0.2318)  ignored_patch_ratio: 0.0198 (0.0214)  time: 0.1117  data: 0.0001  max mem: 1904
[17:49:46.210585] Epoch: [27]  [ 940/1098]  eta: 0:00:17  lr: 0.000009  loss: 0.0129 (0.0298)  mae_m_mask: 0.4392 (0.4317)  rmse_m_mask: 0.5881 (0.5794)  normalized_mse_mask: 0.0129 (0.0298)  rmse_m_all: 11.5229 (12.0110)  actual_mask_ratio: 0.0716 (0.0717)  actual_prediction_mask_ratio: 0.2332 (0.2319)  ignored_patch_ratio: 0.0215 (0.0215)  time: 0.1117  data: 0.0001  max mem: 1904
[17:49:48.418490] Epoch: [27]  [ 960/1098]  eta: 0:00:15  lr: 0.000009  loss: 0.0171 (0.0300)  mae_m_mask: 0.4148 (0.4321)  rmse_m_mask: 0.6131 (0.5813)  normalized_mse_mask: 0.0171 (0.0300)  rmse_m_all: 8.4595 (11.9732)  actual_mask_ratio: 0.0705 (0.0717)  actual_prediction_mask_ratio: 0.2418 (0.2321)  ignored_patch_ratio: 0.0193 (0.0215)  time: 0.1104  data: 0.0001  max mem: 1904
[17:49:50.456203] Epoch: [27]  [ 980/1098]  eta: 0:00:13  lr: 0.000009  loss: 0.0155 (0.0301)  mae_m_mask: 0.4261 (0.4322)  rmse_m_mask: 0.5687 (0.5817)  normalized_mse_mask: 0.0155 (0.0301)  rmse_m_all: 11.0769 (11.9599)  actual_mask_ratio: 0.0726 (0.0717)  actual_prediction_mask_ratio: 0.2354 (0.2321)  ignored_patch_ratio: 0.0210 (0.0216)  time: 0.1018  data: 0.0001  max mem: 1904
[17:49:52.940948] Epoch: [27]  [1000/1098]  eta: 0:00:11  lr: 0.000009  loss: 0.0093 (0.0299)  mae_m_mask: 0.3786 (0.4324)  rmse_m_mask: 0.4516 (0.5818)  normalized_mse_mask: 0.0093 (0.0299)  rmse_m_all: 12.2672 (11.9690)  actual_mask_ratio: 0.0736 (0.0718)  actual_prediction_mask_ratio: 0.2332 (0.2321)  ignored_patch_ratio: 0.0204 (0.0216)  time: 0.1242  data: 0.0513  max mem: 1904
[17:49:55.117573] Epoch: [27]  [1020/1098]  eta: 0:00:08  lr: 0.000009  loss: 0.0080 (0.0297)  mae_m_mask: 0.3585 (0.4326)  rmse_m_mask: 0.4724 (0.5820)  normalized_mse_mask: 0.0080 (0.0297)  rmse_m_all: 12.1430 (11.9853)  actual_mask_ratio: 0.0719 (0.0718)  actual_prediction_mask_ratio: 0.2284 (0.2321)  ignored_patch_ratio: 0.0204 (0.0216)  time: 0.1088  data: 0.0001  max mem: 1904
[17:49:57.407494] Epoch: [27]  [1040/1098]  eta: 0:00:06  lr: 0.000009  loss: 0.0159 (0.0296)  mae_m_mask: 0.4673 (0.4335)  rmse_m_mask: 0.5894 (0.5829)  normalized_mse_mask: 0.0159 (0.0296)  rmse_m_all: 13.1847 (12.0029)  actual_mask_ratio: 0.0720 (0.0718)  actual_prediction_mask_ratio: 0.2341 (0.2321)  ignored_patch_ratio: 0.0227 (0.0217)  time: 0.1145  data: 0.0001  max mem: 1904
[17:49:59.717871] Epoch: [27]  [1060/1098]  eta: 0:00:04  lr: 0.000009  loss: 0.0122 (0.0295)  mae_m_mask: 0.3943 (0.4337)  rmse_m_mask: 0.5226 (0.5831)  normalized_mse_mask: 0.0122 (0.0295)  rmse_m_all: 9.9200 (11.9893)  actual_mask_ratio: 0.0720 (0.0718)  actual_prediction_mask_ratio: 0.2321 (0.2321)  ignored_patch_ratio: 0.0204 (0.0217)  time: 0.1155  data: 0.0001  max mem: 1904
[17:50:02.011225] Epoch: [27]  [1080/1098]  eta: 0:00:02  lr: 0.000009  loss: 0.0090 (0.0293)  mae_m_mask: 0.4141 (0.4346)  rmse_m_mask: 0.5431 (0.5842)  normalized_mse_mask: 0.0090 (0.0293)  rmse_m_all: 11.7851 (11.9887)  actual_mask_ratio: 0.0725 (0.0718)  actual_prediction_mask_ratio: 0.2341 (0.2321)  ignored_patch_ratio: 0.0130 (0.0216)  time: 0.1146  data: 0.0001  max mem: 1904
[17:50:03.962005] Epoch: [27]  [1097/1098]  eta: 0:00:00  lr: 0.000009  loss: 0.0298 (0.0302)  mae_m_mask: 0.4611 (0.4356)  rmse_m_mask: 0.6712 (0.5865)  normalized_mse_mask: 0.0298 (0.0302)  rmse_m_all: 10.5294 (11.9788)  actual_mask_ratio: 0.0762 (0.0718)  actual_prediction_mask_ratio: 0.2382 (0.2323)  ignored_patch_ratio: 0.0142 (0.0216)  time: 0.1148  data: 0.0001  max mem: 1904
[17:50:03.993565] Epoch: [27] Total time: 0:02:03 (0.1127 s / it)
[17:50:03.995960] Averaged stats: {'lr': 8.771656253279743e-06, 'loss': 0.029821541225963522, 'mae_m_mask': 0.43264451324672115, 'rmse_m_mask': 0.6332400480067418, 'normalized_mse_mask': 0.029821541225963522, 'rmse_m_all': 11.978831739319261, 'actual_mask_ratio': 0.07182546309746789, 'actual_prediction_mask_ratio': 0.2322875818811045, 'ignored_patch_ratio': 0.021571367924764943, 'supervised_pixel_count': 21816230.0}
[17:50:04.164845] Val: [27]  [  0/194]  eta: 0:00:32  loss: 0.3758 (0.3758)  mae_m_mask: 0.6001 (0.6001)  rmse_m_mask: 0.7542 (0.7542)  normalized_mse_mask: 0.3758 (0.3758)  rmse_m_all: 1.0578 (1.0578)  actual_mask_ratio: 0.0709 (0.0709)  actual_prediction_mask_ratio: 0.2352 (0.2352)  ignored_patch_ratio: 0.0646 (0.0646)  time: 0.1661  data: 0.0882  max mem: 1904
[17:50:08.551710] Val: [27]  [ 50/194]  eta: 0:00:12  loss: 0.0129 (0.0783)  mae_m_mask: 0.6371 (0.6864)  rmse_m_mask: 0.7852 (0.8490)  normalized_mse_mask: 0.0129 (0.0783)  rmse_m_all: 9.6836 (7.4672)  actual_mask_ratio: 0.0626 (0.0699)  actual_prediction_mask_ratio: 0.2166 (0.2286)  ignored_patch_ratio: 0.0000 (0.0044)  time: 0.0887  data: 0.0001  max mem: 1904
[17:50:13.307902] Val: [27]  [100/194]  eta: 0:00:08  loss: 0.0529 (0.0783)  mae_m_mask: 0.6761 (0.7114)  rmse_m_mask: 0.8731 (0.8804)  normalized_mse_mask: 0.0529 (0.0783)  rmse_m_all: 4.7497 (7.2143)  actual_mask_ratio: 0.0590 (0.0682)  actual_prediction_mask_ratio: 0.2018 (0.2221)  ignored_patch_ratio: 0.0000 (0.0025)  time: 0.0947  data: 0.0001  max mem: 1904
[17:50:17.867625] Val: [27]  [150/194]  eta: 0:00:04  loss: 0.0047 (0.0732)  mae_m_mask: 0.9086 (0.7696)  rmse_m_mask: 1.1381 (0.9517)  normalized_mse_mask: 0.0047 (0.0732)  rmse_m_all: 14.0623 (8.0223)  actual_mask_ratio: 0.0697 (0.0675)  actual_prediction_mask_ratio: 0.2175 (0.2175)  ignored_patch_ratio: 0.0000 (0.0024)  time: 0.0893  data: 0.0001  max mem: 1904
[17:50:21.623459] Val: [27]  [193/194]  eta: 0:00:00  loss: 0.1185 (0.0816)  mae_m_mask: 0.6205 (0.7592)  rmse_m_mask: 0.7414 (0.9367)  normalized_mse_mask: 0.1185 (0.0816)  rmse_m_all: 1.4681 (8.4863)  actual_mask_ratio: 0.0624 (0.0663)  actual_prediction_mask_ratio: 0.1985 (0.2131)  ignored_patch_ratio: 0.0136 (0.0049)  time: 0.0858  data: 0.0001  max mem: 1904
[17:50:21.653775] Val: [27] Total time: 0:00:17 (0.0910 s / it)
[17:50:21.656401] val stats: {'loss': 0.08255800547645457, 'mae_m_mask': 0.7549446610680253, 'rmse_m_mask': 0.9970596081807398, 'normalized_mse_mask': 0.08255800547645457, 'rmse_m_all': 8.48626393909307, 'actual_mask_ratio': 0.06633703996302541, 'actual_prediction_mask_ratio': 0.21313334448435872, 'ignored_patch_ratio': 0.00489066925245462, 'supervised_pixel_count': 3944867.0}
[17:50:25.827635] log_dir: /tank/data/SFS/xinyis/data/bathymetry/MAE-Topography/Downstream_Task_Bathy/cross_validation_v5_Stage2NormMSE_MeterSelect/runs/holdout_Santiam_D004Stage2NormMSE_MeterSelect_D001NoDataSafe/train_stage2_normMSE_meterSelect_OR_SantiamRiverTB_Topobathy_1_D23_fromStage1Best_e120_lr1e-5_b4_acc4/tb
[17:50:26.015082] Epoch: [28]  [   0/1098]  eta: 0:03:25  lr: 0.000009  loss: 0.0238 (0.0238)  mae_m_mask: 0.5179 (0.5179)  rmse_m_mask: 0.6599 (0.6599)  normalized_mse_mask: 0.0238 (0.0238)  rmse_m_all: 13.8803 (13.8803)  actual_mask_ratio: 0.0827 (0.0827)  actual_prediction_mask_ratio: 0.2566 (0.2566)  ignored_patch_ratio: 0.0193 (0.0193)  time: 0.1869  data: 0.0833  max mem: 1904
[17:50:28.277588] Epoch: [28]  [  20/1098]  eta: 0:02:05  lr: 0.000009  loss: 0.0106 (0.0214)  mae_m_mask: 0.3921 (0.4411)  rmse_m_mask: 0.5145 (0.5709)  normalized_mse_mask: 0.0106 (0.0214)  rmse_m_all: 12.0260 (11.8192)  actual_mask_ratio: 0.0737 (0.0731)  actual_prediction_mask_ratio: 0.2304 (0.2380)  ignored_patch_ratio: 0.0159 (0.0220)  time: 0.1131  data: 0.0001  max mem: 1904
[17:50:30.520195] Epoch: [28]  [  40/1098]  eta: 0:02:01  lr: 0.000009  loss: 0.0083 (0.0181)  mae_m_mask: 0.3687 (0.4233)  rmse_m_mask: 0.5499 (0.5623)  normalized_mse_mask: 0.0083 (0.0181)  rmse_m_all: 11.8385 (12.1829)  actual_mask_ratio: 0.0724 (0.0732)  actual_prediction_mask_ratio: 0.2358 (0.2368)  ignored_patch_ratio: 0.0210 (0.0213)  time: 0.1121  data: 0.0001  max mem: 1904
[17:50:32.752146] Epoch: [28]  [  60/1098]  eta: 0:01:57  lr: 0.000009  loss: 0.0150 (0.0220)  mae_m_mask: 0.3244 (0.4065)  rmse_m_mask: 0.4558 (0.5452)  normalized_mse_mask: 0.0150 (0.0220)  rmse_m_all: 12.1132 (11.9706)  actual_mask_ratio: 0.0728 (0.0727)  actual_prediction_mask_ratio: 0.2317 (0.2352)  ignored_patch_ratio: 0.0227 (0.0226)  time: 0.1116  data: 0.0001  max mem: 1904
[17:50:34.974416] Epoch: [28]  [  80/1098]  eta: 0:01:54  lr: 0.000009  loss: 0.0023 (0.0266)  mae_m_mask: 0.4886 (0.4251)  rmse_m_mask: 0.5984 (0.5676)  normalized_mse_mask: 0.0023 (0.0266)  rmse_m_all: 11.0702 (11.9565)  actual_mask_ratio: 0.0715 (0.0726)  actual_prediction_mask_ratio: 0.2372 (0.2354)  ignored_patch_ratio: 0.0221 (0.0223)  time: 0.1111  data: 0.0001  max mem: 1904
[17:50:37.241325] Epoch: [28]  [ 100/1098]  eta: 0:01:52  lr: 0.000009  loss: 0.0125 (0.0254)  mae_m_mask: 0.3933 (0.4292)  rmse_m_mask: 0.5518 (0.5741)  normalized_mse_mask: 0.0125 (0.0254)  rmse_m_all: 11.6738 (11.9129)  actual_mask_ratio: 0.0720 (0.0720)  actual_prediction_mask_ratio: 0.2202 (0.2332)  ignored_patch_ratio: 0.0255 (0.0225)  time: 0.1133  data: 0.0001  max mem: 1904
[17:50:39.514752] Epoch: [28]  [ 120/1098]  eta: 0:01:50  lr: 0.000009  loss: 0.0065 (0.0298)  mae_m_mask: 0.4179 (0.4317)  rmse_m_mask: 0.5707 (0.5871)  normalized_mse_mask: 0.0065 (0.0298)  rmse_m_all: 12.6945 (11.9553)  actual_mask_ratio: 0.0700 (0.0721)  actual_prediction_mask_ratio: 0.2335 (0.2335)  ignored_patch_ratio: 0.0204 (0.0227)  time: 0.1136  data: 0.0001  max mem: 1904
[17:50:41.767526] Epoch: [28]  [ 140/1098]  eta: 0:01:48  lr: 0.000009  loss: 0.0087 (0.0294)  mae_m_mask: 0.3724 (0.4275)  rmse_m_mask: 0.4771 (0.5799)  normalized_mse_mask: 0.0087 (0.0294)  rmse_m_all: 11.5608 (11.8379)  actual_mask_ratio: 0.0710 (0.0722)  actual_prediction_mask_ratio: 0.2301 (0.2334)  ignored_patch_ratio: 0.0108 (0.0215)  time: 0.1126  data: 0.0001  max mem: 1904
[17:50:44.037238] Epoch: [28]  [ 160/1098]  eta: 0:01:46  lr: 0.000009  loss: 0.0069 (0.0280)  mae_m_mask: 0.3738 (0.4248)  rmse_m_mask: 0.5161 (0.5775)  normalized_mse_mask: 0.0069 (0.0280)  rmse_m_all: 10.7243 (11.8351)  actual_mask_ratio: 0.0724 (0.0720)  actual_prediction_mask_ratio: 0.2298 (0.2326)  ignored_patch_ratio: 0.0181 (0.0215)  time: 0.1134  data: 0.0001  max mem: 1904
[17:50:46.302038] Epoch: [28]  [ 180/1098]  eta: 0:01:43  lr: 0.000009  loss: 0.0066 (0.0271)  mae_m_mask: 0.4022 (0.4277)  rmse_m_mask: 0.5128 (0.5791)  normalized_mse_mask: 0.0066 (0.0271)  rmse_m_all: 11.6145 (11.8357)  actual_mask_ratio: 0.0715 (0.0719)  actual_prediction_mask_ratio: 0.2294 (0.2328)  ignored_patch_ratio: 0.0142 (0.0217)  time: 0.1132  data: 0.0001  max mem: 1904
[17:50:48.553688] Epoch: [28]  [ 200/1098]  eta: 0:01:41  lr: 0.000009  loss: 0.0143 (0.0277)  mae_m_mask: 0.4327 (0.4286)  rmse_m_mask: 0.6184 (0.5812)  normalized_mse_mask: 0.0143 (0.0277)  rmse_m_all: 10.2154 (11.7398)  actual_mask_ratio: 0.0727 (0.0719)  actual_prediction_mask_ratio: 0.2319 (0.2328)  ignored_patch_ratio: 0.0176 (0.0213)  time: 0.1125  data: 0.0001  max mem: 1904
[17:50:50.811350] Epoch: [28]  [ 220/1098]  eta: 0:01:39  lr: 0.000009  loss: 0.0166 (0.0289)  mae_m_mask: 0.5014 (0.4405)  rmse_m_mask: 0.6488 (0.5983)  normalized_mse_mask: 0.0166 (0.0289)  rmse_m_all: 13.1711 (11.9134)  actual_mask_ratio: 0.0696 (0.0718)  actual_prediction_mask_ratio: 0.2240 (0.2323)  ignored_patch_ratio: 0.0204 (0.0215)  time: 0.1128  data: 0.0001  max mem: 1904
[17:50:53.077529] Epoch: [28]  [ 240/1098]  eta: 0:01:36  lr: 0.000009  loss: 0.0055 (0.0288)  mae_m_mask: 0.3741 (0.4354)  rmse_m_mask: 0.5215 (0.5917)  normalized_mse_mask: 0.0055 (0.0288)  rmse_m_all: 12.0943 (11.9290)  actual_mask_ratio: 0.0693 (0.0717)  actual_prediction_mask_ratio: 0.2247 (0.2317)  ignored_patch_ratio: 0.0130 (0.0217)  time: 0.1133  data: 0.0001  max mem: 1904
[17:50:55.346149] Epoch: [28]  [ 260/1098]  eta: 0:01:34  lr: 0.000009  loss: 0.0057 (0.0285)  mae_m_mask: 0.3714 (0.4314)  rmse_m_mask: 0.5392 (0.5881)  normalized_mse_mask: 0.0057 (0.0285)  rmse_m_all: 12.1293 (11.9950)  actual_mask_ratio: 0.0719 (0.0717)  actual_prediction_mask_ratio: 0.2246 (0.2315)  ignored_patch_ratio: 0.0159 (0.0217)  time: 0.1134  data: 0.0001  max mem: 1904
[17:50:57.562851] Epoch: [28]  [ 280/1098]  eta: 0:01:32  lr: 0.000009  loss: 0.0113 (0.0280)  mae_m_mask: 0.4493 (0.4361)  rmse_m_mask: 0.5767 (0.5967)  normalized_mse_mask: 0.0113 (0.0280)  rmse_m_all: 12.4791 (12.0214)  actual_mask_ratio: 0.0723 (0.0718)  actual_prediction_mask_ratio: 0.2321 (0.2316)  ignored_patch_ratio: 0.0238 (0.0220)  time: 0.1108  data: 0.0001  max mem: 1904
[17:50:59.786948] Epoch: [28]  [ 300/1098]  eta: 0:01:29  lr: 0.000009  loss: 0.0055 (0.0272)  mae_m_mask: 0.3983 (0.4338)  rmse_m_mask: 0.5479 (0.5916)  normalized_mse_mask: 0.0055 (0.0272)  rmse_m_all: 11.3782 (11.9525)  actual_mask_ratio: 0.0697 (0.0717)  actual_prediction_mask_ratio: 0.2373 (0.2316)  ignored_patch_ratio: 0.0142 (0.0218)  time: 0.1112  data: 0.0001  max mem: 1904
[17:51:01.996429] Epoch: [28]  [ 320/1098]  eta: 0:01:27  lr: 0.000009  loss: 0.0231 (0.0285)  mae_m_mask: 0.3781 (0.4310)  rmse_m_mask: 0.5266 (0.5907)  normalized_mse_mask: 0.0231 (0.0285)  rmse_m_all: 9.2065 (11.8426)  actual_mask_ratio: 0.0727 (0.0716)  actual_prediction_mask_ratio: 0.2281 (0.2316)  ignored_patch_ratio: 0.0159 (0.0217)  time: 0.1104  data: 0.0001  max mem: 1904
[17:51:04.227596] Epoch: [28]  [ 340/1098]  eta: 0:01:25  lr: 0.000009  loss: 0.0318 (0.0294)  mae_m_mask: 0.3692 (0.4288)  rmse_m_mask: 0.5248 (0.5899)  normalized_mse_mask: 0.0318 (0.0294)  rmse_m_all: 9.3474 (11.7361)  actual_mask_ratio: 0.0723 (0.0716)  actual_prediction_mask_ratio: 0.2344 (0.2319)  ignored_patch_ratio: 0.0136 (0.0214)  time: 0.1115  data: 0.0001  max mem: 1904
[17:51:06.462723] Epoch: [28]  [ 360/1098]  eta: 0:01:23  lr: 0.000009  loss: 0.0063 (0.0294)  mae_m_mask: 0.4779 (0.4306)  rmse_m_mask: 0.6338 (0.5946)  normalized_mse_mask: 0.0063 (0.0294)  rmse_m_all: 12.7187 (11.8133)  actual_mask_ratio: 0.0725 (0.0716)  actual_prediction_mask_ratio: 0.2324 (0.2321)  ignored_patch_ratio: 0.0136 (0.0212)  time: 0.1117  data: 0.0001  max mem: 1904
[17:51:08.709303] Epoch: [28]  [ 380/1098]  eta: 0:01:20  lr: 0.000009  loss: 0.0164 (0.0292)  mae_m_mask: 0.4405 (0.4322)  rmse_m_mask: 0.5231 (0.5968)  normalized_mse_mask: 0.0164 (0.0292)  rmse_m_all: 11.6825 (11.8297)  actual_mask_ratio: 0.0709 (0.0716)  actual_prediction_mask_ratio: 0.2353 (0.2325)  ignored_patch_ratio: 0.0176 (0.0209)  time: 0.1123  data: 0.0001  max mem: 1904
[17:51:10.993185] Epoch: [28]  [ 400/1098]  eta: 0:01:18  lr: 0.000009  loss: 0.0212 (0.0291)  mae_m_mask: 0.4247 (0.4342)  rmse_m_mask: 0.5586 (0.5984)  normalized_mse_mask: 0.0212 (0.0291)  rmse_m_all: 12.3599 (11.8464)  actual_mask_ratio: 0.0689 (0.0715)  actual_prediction_mask_ratio: 0.2298 (0.2324)  ignored_patch_ratio: 0.0176 (0.0209)  time: 0.1142  data: 0.0001  max mem: 1904
[17:51:13.261246] Epoch: [28]  [ 420/1098]  eta: 0:01:16  lr: 0.000009  loss: 0.0149 (0.0294)  mae_m_mask: 0.4201 (0.4338)  rmse_m_mask: 0.5338 (0.5987)  normalized_mse_mask: 0.0149 (0.0294)  rmse_m_all: 10.7782 (11.8217)  actual_mask_ratio: 0.0731 (0.0716)  actual_prediction_mask_ratio: 0.2365 (0.2326)  ignored_patch_ratio: 0.0187 (0.0208)  time: 0.1134  data: 0.0001  max mem: 1904
[17:51:15.222644] Epoch: [28]  [ 440/1098]  eta: 0:01:13  lr: 0.000009  loss: 0.0063 (0.0286)  mae_m_mask: 0.3612 (0.4324)  rmse_m_mask: 0.4491 (0.5950)  normalized_mse_mask: 0.0063 (0.0286)  rmse_m_all: 12.2838 (11.8391)  actual_mask_ratio: 0.0691 (0.0715)  actual_prediction_mask_ratio: 0.2227 (0.2322)  ignored_patch_ratio: 0.0147 (0.0209)  time: 0.0980  data: 0.0001  max mem: 1904
[17:51:17.665534] Epoch: [28]  [ 460/1098]  eta: 0:01:11  lr: 0.000009  loss: 0.0122 (0.0281)  mae_m_mask: 0.3551 (0.4319)  rmse_m_mask: 0.4345 (0.5928)  normalized_mse_mask: 0.0122 (0.0281)  rmse_m_all: 11.6808 (11.8661)  actual_mask_ratio: 0.0706 (0.0715)  actual_prediction_mask_ratio: 0.2234 (0.2318)  ignored_patch_ratio: 0.0204 (0.0209)  time: 0.1221  data: 0.0502  max mem: 1904
[17:51:19.767809] Epoch: [28]  [ 480/1098]  eta: 0:01:09  lr: 0.000009  loss: 0.0160 (0.0279)  mae_m_mask: 0.4091 (0.4318)  rmse_m_mask: 0.5094 (0.5917)  normalized_mse_mask: 0.0160 (0.0279)  rmse_m_all: 10.8854 (11.8574)  actual_mask_ratio: 0.0729 (0.0715)  actual_prediction_mask_ratio: 0.2313 (0.2319)  ignored_patch_ratio: 0.0181 (0.0210)  time: 0.1051  data: 0.0001  max mem: 1904
[17:51:22.100791] Epoch: [28]  [ 500/1098]  eta: 0:01:07  lr: 0.000009  loss: 0.0171 (0.0278)  mae_m_mask: 0.3689 (0.4316)  rmse_m_mask: 0.5442 (0.5908)  normalized_mse_mask: 0.0171 (0.0278)  rmse_m_all: 12.2271 (11.9075)  actual_mask_ratio: 0.0748 (0.0716)  actual_prediction_mask_ratio: 0.2302 (0.2319)  ignored_patch_ratio: 0.0204 (0.0210)  time: 0.1166  data: 0.0001  max mem: 1904
[17:51:24.431847] Epoch: [28]  [ 520/1098]  eta: 0:01:04  lr: 0.000009  loss: 0.0142 (0.0278)  mae_m_mask: 0.4020 (0.4336)  rmse_m_mask: 0.5450 (0.5924)  normalized_mse_mask: 0.0142 (0.0278)  rmse_m_all: 13.2300 (11.9717)  actual_mask_ratio: 0.0703 (0.0716)  actual_prediction_mask_ratio: 0.2302 (0.2319)  ignored_patch_ratio: 0.0210 (0.0210)  time: 0.1165  data: 0.0001  max mem: 1904
[17:51:26.768043] Epoch: [28]  [ 540/1098]  eta: 0:01:02  lr: 0.000009  loss: 0.0058 (0.0278)  mae_m_mask: 0.4132 (0.4335)  rmse_m_mask: 0.5751 (0.5923)  normalized_mse_mask: 0.0058 (0.0278)  rmse_m_all: 11.6133 (11.9866)  actual_mask_ratio: 0.0701 (0.0715)  actual_prediction_mask_ratio: 0.2270 (0.2317)  ignored_patch_ratio: 0.0153 (0.0210)  time: 0.1168  data: 0.0001  max mem: 1904
[17:51:29.097990] Epoch: [28]  [ 560/1098]  eta: 0:01:00  lr: 0.000009  loss: 0.0115 (0.0277)  mae_m_mask: 0.3527 (0.4311)  rmse_m_mask: 0.4728 (0.5887)  normalized_mse_mask: 0.0115 (0.0277)  rmse_m_all: 11.9884 (12.0000)  actual_mask_ratio: 0.0742 (0.0716)  actual_prediction_mask_ratio: 0.2370 (0.2319)  ignored_patch_ratio: 0.0232 (0.0210)  time: 0.1165  data: 0.0001  max mem: 1904
[17:51:31.436451] Epoch: [28]  [ 580/1098]  eta: 0:00:58  lr: 0.000009  loss: 0.0050 (0.0277)  mae_m_mask: 0.3667 (0.4290)  rmse_m_mask: 0.5000 (0.5850)  normalized_mse_mask: 0.0050 (0.0277)  rmse_m_all: 12.4635 (11.9994)  actual_mask_ratio: 0.0726 (0.0717)  actual_prediction_mask_ratio: 0.2352 (0.2320)  ignored_patch_ratio: 0.0215 (0.0211)  time: 0.1169  data: 0.0001  max mem: 1904
[17:51:33.769027] Epoch: [28]  [ 600/1098]  eta: 0:00:56  lr: 0.000009  loss: 0.0067 (0.0274)  mae_m_mask: 0.4173 (0.4284)  rmse_m_mask: 0.5383 (0.5840)  normalized_mse_mask: 0.0067 (0.0274)  rmse_m_all: 10.9904 (11.9737)  actual_mask_ratio: 0.0709 (0.0717)  actual_prediction_mask_ratio: 0.2421 (0.2321)  ignored_patch_ratio: 0.0215 (0.0211)  time: 0.1166  data: 0.0001  max mem: 1904
[17:51:36.103820] Epoch: [28]  [ 620/1098]  eta: 0:00:54  lr: 0.000009  loss: 0.0145 (0.0275)  mae_m_mask: 0.3767 (0.4277)  rmse_m_mask: 0.4930 (0.5819)  normalized_mse_mask: 0.0145 (0.0275)  rmse_m_all: 12.6147 (11.9904)  actual_mask_ratio: 0.0701 (0.0716)  actual_prediction_mask_ratio: 0.2276 (0.2320)  ignored_patch_ratio: 0.0232 (0.0213)  time: 0.1167  data: 0.0001  max mem: 1904
[17:51:38.436925] Epoch: [28]  [ 640/1098]  eta: 0:00:51  lr: 0.000009  loss: 0.0155 (0.0277)  mae_m_mask: 0.3548 (0.4276)  rmse_m_mask: 0.4231 (0.5807)  normalized_mse_mask: 0.0155 (0.0277)  rmse_m_all: 12.6166 (12.0158)  actual_mask_ratio: 0.0701 (0.0716)  actual_prediction_mask_ratio: 0.2248 (0.2320)  ignored_patch_ratio: 0.0244 (0.0213)  time: 0.1166  data: 0.0001  max mem: 1904
[17:51:40.775221] Epoch: [28]  [ 660/1098]  eta: 0:00:49  lr: 0.000009  loss: 0.0189 (0.0279)  mae_m_mask: 0.3178 (0.4271)  rmse_m_mask: 0.4306 (0.5789)  normalized_mse_mask: 0.0189 (0.0279)  rmse_m_all: 10.8863 (11.9957)  actual_mask_ratio: 0.0709 (0.0716)  actual_prediction_mask_ratio: 0.2219 (0.2319)  ignored_patch_ratio: 0.0181 (0.0212)  time: 0.1169  data: 0.0001  max mem: 1904
[17:51:43.110034] Epoch: [28]  [ 680/1098]  eta: 0:00:47  lr: 0.000009  loss: 0.0140 (0.0278)  mae_m_mask: 0.4519 (0.4287)  rmse_m_mask: 0.5707 (0.5815)  normalized_mse_mask: 0.0140 (0.0278)  rmse_m_all: 11.9296 (11.9855)  actual_mask_ratio: 0.0720 (0.0716)  actual_prediction_mask_ratio: 0.2300 (0.2318)  ignored_patch_ratio: 0.0176 (0.0213)  time: 0.1167  data: 0.0001  max mem: 1904
[17:51:45.440387] Epoch: [28]  [ 700/1098]  eta: 0:00:45  lr: 0.000009  loss: 0.0094 (0.0277)  mae_m_mask: 0.3646 (0.4278)  rmse_m_mask: 0.4569 (0.5797)  normalized_mse_mask: 0.0094 (0.0277)  rmse_m_all: 12.8506 (11.9739)  actual_mask_ratio: 0.0723 (0.0716)  actual_prediction_mask_ratio: 0.2357 (0.2319)  ignored_patch_ratio: 0.0159 (0.0212)  time: 0.1165  data: 0.0001  max mem: 1904
[17:51:47.775942] Epoch: [28]  [ 720/1098]  eta: 0:00:42  lr: 0.000009  loss: 0.0085 (0.0280)  mae_m_mask: 0.3468 (0.4272)  rmse_m_mask: 0.4442 (0.5787)  normalized_mse_mask: 0.0085 (0.0280)  rmse_m_all: 13.1193 (11.9785)  actual_mask_ratio: 0.0714 (0.0717)  actual_prediction_mask_ratio: 0.2337 (0.2319)  ignored_patch_ratio: 0.0227 (0.0213)  time: 0.1167  data: 0.0001  max mem: 1904
[17:51:49.993361] Epoch: [28]  [ 740/1098]  eta: 0:00:40  lr: 0.000009  loss: 0.0194 (0.0283)  mae_m_mask: 0.3368 (0.4265)  rmse_m_mask: 0.4716 (0.5788)  normalized_mse_mask: 0.0194 (0.0283)  rmse_m_all: 10.2372 (11.9484)  actual_mask_ratio: 0.0749 (0.0717)  actual_prediction_mask_ratio: 0.2331 (0.2320)  ignored_patch_ratio: 0.0227 (0.0213)  time: 0.1108  data: 0.0001  max mem: 1904
[17:51:52.255216] Epoch: [28]  [ 760/1098]  eta: 0:00:38  lr: 0.000009  loss: 0.0052 (0.0285)  mae_m_mask: 0.3817 (0.4265)  rmse_m_mask: 0.5054 (0.5781)  normalized_mse_mask: 0.0052 (0.0285)  rmse_m_all: 12.1398 (11.9580)  actual_mask_ratio: 0.0714 (0.0717)  actual_prediction_mask_ratio: 0.2301 (0.2321)  ignored_patch_ratio: 0.0170 (0.0214)  time: 0.1131  data: 0.0001  max mem: 1904
[17:51:54.504946] Epoch: [28]  [ 780/1098]  eta: 0:00:36  lr: 0.000009  loss: 0.0066 (0.0286)  mae_m_mask: 0.4171 (0.4279)  rmse_m_mask: 0.5562 (0.5792)  normalized_mse_mask: 0.0066 (0.0286)  rmse_m_all: 12.3780 (11.9687)  actual_mask_ratio: 0.0735 (0.0717)  actual_prediction_mask_ratio: 0.2315 (0.2320)  ignored_patch_ratio: 0.0181 (0.0214)  time: 0.1124  data: 0.0001  max mem: 1904
[17:51:56.714803] Epoch: [28]  [ 800/1098]  eta: 0:00:33  lr: 0.000009  loss: 0.0258 (0.0293)  mae_m_mask: 0.4060 (0.4279)  rmse_m_mask: 0.5705 (0.5794)  normalized_mse_mask: 0.0258 (0.0293)  rmse_m_all: 9.7236 (11.9467)  actual_mask_ratio: 0.0729 (0.0718)  actual_prediction_mask_ratio: 0.2364 (0.2321)  ignored_patch_ratio: 0.0136 (0.0213)  time: 0.1105  data: 0.0001  max mem: 1904
[17:51:58.897174] Epoch: [28]  [ 820/1098]  eta: 0:00:31  lr: 0.000009  loss: 0.0149 (0.0292)  mae_m_mask: 0.3779 (0.4274)  rmse_m_mask: 0.4708 (0.5779)  normalized_mse_mask: 0.0149 (0.0292)  rmse_m_all: 12.4633 (11.9534)  actual_mask_ratio: 0.0688 (0.0717)  actual_prediction_mask_ratio: 0.2321 (0.2321)  ignored_patch_ratio: 0.0238 (0.0214)  time: 0.1091  data: 0.0001  max mem: 1904
[17:52:01.111226] Epoch: [28]  [ 840/1098]  eta: 0:00:29  lr: 0.000009  loss: 0.0218 (0.0294)  mae_m_mask: 0.4148 (0.4270)  rmse_m_mask: 0.5779 (0.5782)  normalized_mse_mask: 0.0218 (0.0294)  rmse_m_all: 12.4470 (11.9520)  actual_mask_ratio: 0.0720 (0.0717)  actual_prediction_mask_ratio: 0.2331 (0.2320)  ignored_patch_ratio: 0.0204 (0.0215)  time: 0.1107  data: 0.0001  max mem: 1904
[17:52:03.324680] Epoch: [28]  [ 860/1098]  eta: 0:00:26  lr: 0.000009  loss: 0.0032 (0.0291)  mae_m_mask: 0.3378 (0.4280)  rmse_m_mask: 0.4575 (0.5791)  normalized_mse_mask: 0.0032 (0.0291)  rmse_m_all: 12.0865 (11.9694)  actual_mask_ratio: 0.0737 (0.0717)  actual_prediction_mask_ratio: 0.2375 (0.2321)  ignored_patch_ratio: 0.0181 (0.0215)  time: 0.1106  data: 0.0001  max mem: 1904
[17:52:05.524600] Epoch: [28]  [ 880/1098]  eta: 0:00:24  lr: 0.000009  loss: 0.0121 (0.0294)  mae_m_mask: 0.3436 (0.4271)  rmse_m_mask: 0.4359 (0.5776)  normalized_mse_mask: 0.0121 (0.0294)  rmse_m_all: 10.4880 (11.9552)  actual_mask_ratio: 0.0705 (0.0717)  actual_prediction_mask_ratio: 0.2315 (0.2321)  ignored_patch_ratio: 0.0244 (0.0216)  time: 0.1100  data: 0.0001  max mem: 1904
[17:52:07.730056] Epoch: [28]  [ 900/1098]  eta: 0:00:22  lr: 0.000009  loss: 0.0140 (0.0296)  mae_m_mask: 0.3868 (0.4278)  rmse_m_mask: 0.5243 (0.5789)  normalized_mse_mask: 0.0140 (0.0296)  rmse_m_all: 12.3698 (11.9672)  actual_mask_ratio: 0.0739 (0.0718)  actual_prediction_mask_ratio: 0.2306 (0.2322)  ignored_patch_ratio: 0.0215 (0.0216)  time: 0.1102  data: 0.0001  max mem: 1904
[17:52:09.928476] Epoch: [28]  [ 920/1098]  eta: 0:00:20  lr: 0.000009  loss: 0.0159 (0.0294)  mae_m_mask: 0.4418 (0.4289)  rmse_m_mask: 0.5309 (0.5804)  normalized_mse_mask: 0.0159 (0.0294)  rmse_m_all: 12.2033 (11.9829)  actual_mask_ratio: 0.0705 (0.0718)  actual_prediction_mask_ratio: 0.2274 (0.2321)  ignored_patch_ratio: 0.0198 (0.0217)  time: 0.1099  data: 0.0001  max mem: 1904
[17:52:12.138953] Epoch: [28]  [ 940/1098]  eta: 0:00:17  lr: 0.000009  loss: 0.0156 (0.0293)  mae_m_mask: 0.3847 (0.4279)  rmse_m_mask: 0.5397 (0.5798)  normalized_mse_mask: 0.0156 (0.0293)  rmse_m_all: 10.0045 (11.9740)  actual_mask_ratio: 0.0703 (0.0717)  actual_prediction_mask_ratio: 0.2273 (0.2321)  ignored_patch_ratio: 0.0142 (0.0215)  time: 0.1105  data: 0.0001  max mem: 1904
[17:52:14.316838] Epoch: [28]  [ 960/1098]  eta: 0:00:15  lr: 0.000009  loss: 0.0054 (0.0294)  mae_m_mask: 0.3929 (0.4277)  rmse_m_mask: 0.5193 (0.5792)  normalized_mse_mask: 0.0054 (0.0294)  rmse_m_all: 11.9033 (11.9706)  actual_mask_ratio: 0.0690 (0.0717)  actual_prediction_mask_ratio: 0.2254 (0.2321)  ignored_patch_ratio: 0.0170 (0.0215)  time: 0.1089  data: 0.0001  max mem: 1904
[17:52:16.160689] Epoch: [28]  [ 980/1098]  eta: 0:00:13  lr: 0.000009  loss: 0.0189 (0.0299)  mae_m_mask: 0.3777 (0.4272)  rmse_m_mask: 0.5622 (0.5789)  normalized_mse_mask: 0.0189 (0.0299)  rmse_m_all: 12.9878 (11.9673)  actual_mask_ratio: 0.0714 (0.0717)  actual_prediction_mask_ratio: 0.2347 (0.2322)  ignored_patch_ratio: 0.0176 (0.0215)  time: 0.0922  data: 0.0001  max mem: 1904
[17:52:18.922603] Epoch: [28]  [1000/1098]  eta: 0:00:11  lr: 0.000009  loss: 0.0236 (0.0300)  mae_m_mask: 0.3591 (0.4272)  rmse_m_mask: 0.4698 (0.5783)  normalized_mse_mask: 0.0236 (0.0300)  rmse_m_all: 11.8752 (11.9693)  actual_mask_ratio: 0.0746 (0.0718)  actual_prediction_mask_ratio: 0.2396 (0.2323)  ignored_patch_ratio: 0.0193 (0.0215)  time: 0.1381  data: 0.0497  max mem: 1904
[17:52:20.893129] Epoch: [28]  [1020/1098]  eta: 0:00:08  lr: 0.000009  loss: 0.0126 (0.0299)  mae_m_mask: 0.3944 (0.4274)  rmse_m_mask: 0.5417 (0.5783)  normalized_mse_mask: 0.0126 (0.0299)  rmse_m_all: 10.7325 (11.9460)  actual_mask_ratio: 0.0720 (0.0718)  actual_prediction_mask_ratio: 0.2355 (0.2324)  ignored_patch_ratio: 0.0164 (0.0215)  time: 0.0985  data: 0.0001  max mem: 1904
[17:52:23.176665] Epoch: [28]  [1040/1098]  eta: 0:00:06  lr: 0.000009  loss: 0.0040 (0.0295)  mae_m_mask: 0.3798 (0.4271)  rmse_m_mask: 0.5287 (0.5778)  normalized_mse_mask: 0.0040 (0.0295)  rmse_m_all: 10.3505 (11.9481)  actual_mask_ratio: 0.0720 (0.0718)  actual_prediction_mask_ratio: 0.2262 (0.2324)  ignored_patch_ratio: 0.0232 (0.0216)  time: 0.1141  data: 0.0001  max mem: 1904
[17:52:25.497572] Epoch: [28]  [1060/1098]  eta: 0:00:04  lr: 0.000009  loss: 0.0137 (0.0296)  mae_m_mask: 0.4377 (0.4272)  rmse_m_mask: 0.5783 (0.5782)  normalized_mse_mask: 0.0137 (0.0296)  rmse_m_all: 12.0597 (11.9522)  actual_mask_ratio: 0.0724 (0.0718)  actual_prediction_mask_ratio: 0.2371 (0.2324)  ignored_patch_ratio: 0.0181 (0.0216)  time: 0.1160  data: 0.0001  max mem: 1904
[17:52:27.793975] Epoch: [28]  [1080/1098]  eta: 0:00:02  lr: 0.000009  loss: 0.0141 (0.0295)  mae_m_mask: 0.3184 (0.4264)  rmse_m_mask: 0.4270 (0.5776)  normalized_mse_mask: 0.0141 (0.0295)  rmse_m_all: 10.6213 (11.9252)  actual_mask_ratio: 0.0729 (0.0718)  actual_prediction_mask_ratio: 0.2343 (0.2324)  ignored_patch_ratio: 0.0170 (0.0215)  time: 0.1148  data: 0.0001  max mem: 1904
[17:52:29.759741] Epoch: [28]  [1097/1098]  eta: 0:00:00  lr: 0.000009  loss: 0.0045 (0.0293)  mae_m_mask: 0.3645 (0.4265)  rmse_m_mask: 0.4950 (0.5774)  normalized_mse_mask: 0.0045 (0.0293)  rmse_m_all: 13.7407 (11.9527)  actual_mask_ratio: 0.0713 (0.0718)  actual_prediction_mask_ratio: 0.2188 (0.2323)  ignored_patch_ratio: 0.0210 (0.0216)  time: 0.1160  data: 0.0001  max mem: 1904
[17:52:29.790800] Epoch: [28] Total time: 0:02:03 (0.1129 s / it)
[17:52:29.792454] Averaged stats: {'lr': 8.684952692327363e-06, 'loss': 0.028634831323103474, 'mae_m_mask': 0.4243621305842582, 'rmse_m_mask': 0.6219622746793494, 'normalized_mse_mask': 0.028634831323103474, 'rmse_m_all': 11.952733884797938, 'actual_mask_ratio': 0.07183794999912463, 'actual_prediction_mask_ratio': 0.2323147847108502, 'ignored_patch_ratio': 0.02157136727334806, 'supervised_pixel_count': 21816230.0}
[17:52:29.968147] Val: [28]  [  0/194]  eta: 0:00:33  loss: 0.3653 (0.3653)  mae_m_mask: 0.6010 (0.6010)  rmse_m_mask: 0.7577 (0.7577)  normalized_mse_mask: 0.3653 (0.3653)  rmse_m_all: 1.0260 (1.0260)  actual_mask_ratio: 0.0709 (0.0709)  actual_prediction_mask_ratio: 0.2352 (0.2352)  ignored_patch_ratio: 0.0646 (0.0646)  time: 0.1728  data: 0.0814  max mem: 1904
[17:52:34.402024] Val: [28]  [ 50/194]  eta: 0:00:13  loss: 0.0121 (0.0789)  mae_m_mask: 0.6065 (0.6623)  rmse_m_mask: 0.7537 (0.8211)  normalized_mse_mask: 0.0121 (0.0789)  rmse_m_all: 9.5905 (7.3876)  actual_mask_ratio: 0.0626 (0.0699)  actual_prediction_mask_ratio: 0.2166 (0.2286)  ignored_patch_ratio: 0.0000 (0.0044)  time: 0.0906  data: 0.0001  max mem: 1904
[17:52:38.895912] Val: [28]  [100/194]  eta: 0:00:08  loss: 0.0370 (0.0776)  mae_m_mask: 0.6392 (0.6906)  rmse_m_mask: 0.8334 (0.8544)  normalized_mse_mask: 0.0370 (0.0776)  rmse_m_all: 4.6826 (7.1295)  actual_mask_ratio: 0.0590 (0.0682)  actual_prediction_mask_ratio: 0.2018 (0.2221)  ignored_patch_ratio: 0.0000 (0.0025)  time: 0.0910  data: 0.0001  max mem: 1904
[17:52:43.472541] Val: [28]  [150/194]  eta: 0:00:03  loss: 0.0037 (0.0722)  mae_m_mask: 0.8718 (0.7384)  rmse_m_mask: 1.1151 (0.9157)  normalized_mse_mask: 0.0037 (0.0722)  rmse_m_all: 13.9346 (7.9279)  actual_mask_ratio: 0.0697 (0.0675)  actual_prediction_mask_ratio: 0.2175 (0.2175)  ignored_patch_ratio: 0.0000 (0.0024)  time: 0.0915  data: 0.0001  max mem: 1904
[17:52:47.171172] Val: [28]  [193/194]  eta: 0:00:00  loss: 0.1170 (0.0811)  mae_m_mask: 0.6384 (0.7315)  rmse_m_mask: 0.7523 (0.9075)  normalized_mse_mask: 0.1170 (0.0811)  rmse_m_all: 1.4090 (8.3899)  actual_mask_ratio: 0.0624 (0.0663)  actual_prediction_mask_ratio: 0.1985 (0.2131)  ignored_patch_ratio: 0.0136 (0.0049)  time: 0.0854  data: 0.0001  max mem: 1904
[17:52:47.201456] Val: [28] Total time: 0:00:17 (0.0897 s / it)
[17:52:47.205051] val stats: {'loss': 0.08259147750546718, 'mae_m_mask': 0.7265764915551574, 'rmse_m_mask': 0.9501001848386897, 'normalized_mse_mask': 0.08259147750546718, 'rmse_m_all': 8.389919282849302, 'actual_mask_ratio': 0.06633703996302541, 'actual_prediction_mask_ratio': 0.21313334448435872, 'ignored_patch_ratio': 0.00489066925245462, 'supervised_pixel_count': 3944867.0}
[17:52:51.344072] log_dir: /tank/data/SFS/xinyis/data/bathymetry/MAE-Topography/Downstream_Task_Bathy/cross_validation_v5_Stage2NormMSE_MeterSelect/runs/holdout_Santiam_D004Stage2NormMSE_MeterSelect_D001NoDataSafe/train_stage2_normMSE_meterSelect_OR_SantiamRiverTB_Topobathy_1_D23_fromStage1Best_e120_lr1e-5_b4_acc4/tb
[17:52:51.538649] Epoch: [29]  [   0/1098]  eta: 0:03:33  lr: 0.000009  loss: 0.0001 (0.0001)  mae_m_mask: 0.3125 (0.3125)  rmse_m_mask: 0.4060 (0.4060)  normalized_mse_mask: 0.0001 (0.0001)  rmse_m_all: 15.3883 (15.3883)  actual_mask_ratio: 0.0634 (0.0634)  actual_prediction_mask_ratio: 0.2171 (0.2171)  ignored_patch_ratio: 0.0522 (0.0522)  time: 0.1940  data: 0.0864  max mem: 1904
[17:52:53.761506] Epoch: [29]  [  20/1098]  eta: 0:02:04  lr: 0.000009  loss: 0.0189 (0.0263)  mae_m_mask: 0.3750 (0.4287)  rmse_m_mask: 0.5059 (0.5679)  normalized_mse_mask: 0.0189 (0.0263)  rmse_m_all: 12.5676 (12.5945)  actual_mask_ratio: 0.0716 (0.0711)  actual_prediction_mask_ratio: 0.2276 (0.2257)  ignored_patch_ratio: 0.0210 (0.0251)  time: 0.1111  data: 0.0001  max mem: 1904
[17:52:55.979329] Epoch: [29]  [  40/1098]  eta: 0:01:59  lr: 0.000009  loss: 0.0099 (0.0268)  mae_m_mask: 0.3739 (0.4326)  rmse_m_mask: 0.5013 (0.5891)  normalized_mse_mask: 0.0099 (0.0268)  rmse_m_all: 12.5466 (12.6244)  actual_mask_ratio: 0.0714 (0.0721)  actual_prediction_mask_ratio: 0.2305 (0.2309)  ignored_patch_ratio: 0.0153 (0.0226)  time: 0.1109  data: 0.0001  max mem: 1904
[17:52:58.208693] Epoch: [29]  [  60/1098]  eta: 0:01:56  lr: 0.000009  loss: 0.0116 (0.0259)  mae_m_mask: 0.3107 (0.4099)  rmse_m_mask: 0.4455 (0.5595)  normalized_mse_mask: 0.0116 (0.0259)  rmse_m_all: 9.5835 (11.9406)  actual_mask_ratio: 0.0741 (0.0720)  actual_prediction_mask_ratio: 0.2323 (0.2317)  ignored_patch_ratio: 0.0176 (0.0224)  time: 0.1114  data: 0.0001  max mem: 1904
[17:53:00.421302] Epoch: [29]  [  80/1098]  eta: 0:01:54  lr: 0.000009  loss: 0.0170 (0.0355)  mae_m_mask: 0.4172 (0.4225)  rmse_m_mask: 0.5233 (0.5782)  normalized_mse_mask: 0.0170 (0.0355)  rmse_m_all: 11.8999 (11.9864)  actual_mask_ratio: 0.0718 (0.0719)  actual_prediction_mask_ratio: 0.2337 (0.2318)  ignored_patch_ratio: 0.0176 (0.0216)  time: 0.1106  data: 0.0001  max mem: 1904
[17:53:02.679218] Epoch: [29]  [ 100/1098]  eta: 0:01:51  lr: 0.000009  loss: 0.0162 (0.0339)  mae_m_mask: 0.3501 (0.4239)  rmse_m_mask: 0.4776 (0.5744)  normalized_mse_mask: 0.0162 (0.0339)  rmse_m_all: 10.6705 (11.9173)  actual_mask_ratio: 0.0710 (0.0717)  actual_prediction_mask_ratio: 0.2228 (0.2310)  ignored_patch_ratio: 0.0164 (0.0214)  time: 0.1129  data: 0.0001  max mem: 1904
[17:53:04.939319] Epoch: [29]  [ 120/1098]  eta: 0:01:49  lr: 0.000009  loss: 0.0036 (0.0329)  mae_m_mask: 0.4316 (0.4353)  rmse_m_mask: 0.5780 (0.5824)  normalized_mse_mask: 0.0036 (0.0329)  rmse_m_all: 12.5151 (12.2104)  actual_mask_ratio: 0.0710 (0.0717)  actual_prediction_mask_ratio: 0.2321 (0.2313)  ignored_patch_ratio: 0.0272 (0.0224)  time: 0.1130  data: 0.0001  max mem: 1904
[17:53:07.209776] Epoch: [29]  [ 140/1098]  eta: 0:01:47  lr: 0.000009  loss: 0.0372 (0.0348)  mae_m_mask: 0.4494 (0.4354)  rmse_m_mask: 0.5650 (0.5831)  normalized_mse_mask: 0.0372 (0.0348)  rmse_m_all: 11.2475 (11.9992)  actual_mask_ratio: 0.0719 (0.0718)  actual_prediction_mask_ratio: 0.2313 (0.2318)  ignored_patch_ratio: 0.0164 (0.0217)  time: 0.1135  data: 0.0001  max mem: 1904
[17:53:09.467771] Epoch: [29]  [ 160/1098]  eta: 0:01:45  lr: 0.000009  loss: 0.0187 (0.0332)  mae_m_mask: 0.3515 (0.4334)  rmse_m_mask: 0.4823 (0.5777)  normalized_mse_mask: 0.0187 (0.0332)  rmse_m_all: 11.7663 (11.9624)  actual_mask_ratio: 0.0727 (0.0718)  actual_prediction_mask_ratio: 0.2308 (0.2322)  ignored_patch_ratio: 0.0215 (0.0222)  time: 0.1129  data: 0.0001  max mem: 1904
[17:53:11.729977] Epoch: [29]  [ 180/1098]  eta: 0:01:43  lr: 0.000009  loss: 0.0098 (0.0331)  mae_m_mask: 0.3817 (0.4317)  rmse_m_mask: 0.5461 (0.5766)  normalized_mse_mask: 0.0098 (0.0331)  rmse_m_all: 12.9197 (11.9732)  actual_mask_ratio: 0.0726 (0.0718)  actual_prediction_mask_ratio: 0.2347 (0.2324)  ignored_patch_ratio: 0.0198 (0.0222)  time: 0.1131  data: 0.0001  max mem: 1904
[17:53:13.945467] Epoch: [29]  [ 200/1098]  eta: 0:01:40  lr: 0.000009  loss: 0.0041 (0.0321)  mae_m_mask: 0.3292 (0.4304)  rmse_m_mask: 0.4120 (0.5766)  normalized_mse_mask: 0.0041 (0.0321)  rmse_m_all: 11.8832 (11.9406)  actual_mask_ratio: 0.0706 (0.0717)  actual_prediction_mask_ratio: 0.2325 (0.2322)  ignored_patch_ratio: 0.0176 (0.0220)  time: 0.1107  data: 0.0001  max mem: 1904
[17:53:16.179624] Epoch: [29]  [ 220/1098]  eta: 0:01:38  lr: 0.000009  loss: 0.0058 (0.0304)  mae_m_mask: 0.3674 (0.4292)  rmse_m_mask: 0.4662 (0.5726)  normalized_mse_mask: 0.0058 (0.0304)  rmse_m_all: 10.6546 (11.8429)  actual_mask_ratio: 0.0715 (0.0714)  actual_prediction_mask_ratio: 0.2212 (0.2312)  ignored_patch_ratio: 0.0204 (0.0223)  time: 0.1117  data: 0.0001  max mem: 1904
[17:53:18.388722] Epoch: [29]  [ 240/1098]  eta: 0:01:36  lr: 0.000009  loss: 0.0154 (0.0304)  mae_m_mask: 0.4413 (0.4324)  rmse_m_mask: 0.5444 (0.5768)  normalized_mse_mask: 0.0154 (0.0304)  rmse_m_all: 10.6242 (11.8027)  actual_mask_ratio: 0.0714 (0.0713)  actual_prediction_mask_ratio: 0.2392 (0.2315)  ignored_patch_ratio: 0.0164 (0.0221)  time: 0.1104  data: 0.0001  max mem: 1904
[17:53:20.621286] Epoch: [29]  [ 260/1098]  eta: 0:01:33  lr: 0.000009  loss: 0.0082 (0.0293)  mae_m_mask: 0.3813 (0.4352)  rmse_m_mask: 0.4997 (0.5811)  normalized_mse_mask: 0.0082 (0.0293)  rmse_m_all: 11.2393 (11.7728)  actual_mask_ratio: 0.0715 (0.0714)  actual_prediction_mask_ratio: 0.2355 (0.2318)  ignored_patch_ratio: 0.0187 (0.0218)  time: 0.1116  data: 0.0001  max mem: 1904
[17:53:22.840091] Epoch: [29]  [ 280/1098]  eta: 0:01:31  lr: 0.000009  loss: 0.0109 (0.0317)  mae_m_mask: 0.3950 (0.4354)  rmse_m_mask: 0.5316 (0.5816)  normalized_mse_mask: 0.0109 (0.0317)  rmse_m_all: 11.7919 (11.7663)  actual_mask_ratio: 0.0732 (0.0715)  actual_prediction_mask_ratio: 0.2306 (0.2322)  ignored_patch_ratio: 0.0096 (0.0214)  time: 0.1109  data: 0.0001  max mem: 1904
[17:53:25.069069] Epoch: [29]  [ 300/1098]  eta: 0:01:29  lr: 0.000009  loss: 0.0126 (0.0317)  mae_m_mask: 0.3462 (0.4350)  rmse_m_mask: 0.4490 (0.5808)  normalized_mse_mask: 0.0126 (0.0317)  rmse_m_all: 10.9211 (11.7354)  actual_mask_ratio: 0.0716 (0.0716)  actual_prediction_mask_ratio: 0.2363 (0.2326)  ignored_patch_ratio: 0.0164 (0.0215)  time: 0.1114  data: 0.0001  max mem: 1904
[17:53:27.278680] Epoch: [29]  [ 320/1098]  eta: 0:01:27  lr: 0.000009  loss: 0.0293 (0.0329)  mae_m_mask: 0.3482 (0.4325)  rmse_m_mask: 0.4657 (0.5779)  normalized_mse_mask: 0.0293 (0.0329)  rmse_m_all: 10.5433 (11.7091)  actual_mask_ratio: 0.0737 (0.0717)  actual_prediction_mask_ratio: 0.2398 (0.2331)  ignored_patch_ratio: 0.0153 (0.0214)  time: 0.1104  data: 0.0001  max mem: 1904
[17:53:29.482289] Epoch: [29]  [ 340/1098]  eta: 0:01:24  lr: 0.000009  loss: 0.0167 (0.0320)  mae_m_mask: 0.3715 (0.4302)  rmse_m_mask: 0.5035 (0.5737)  normalized_mse_mask: 0.0167 (0.0320)  rmse_m_all: 11.2810 (11.6834)  actual_mask_ratio: 0.0711 (0.0718)  actual_prediction_mask_ratio: 0.2300 (0.2330)  ignored_patch_ratio: 0.0215 (0.0217)  time: 0.1101  data: 0.0001  max mem: 1904
[17:53:31.348525] Epoch: [29]  [ 360/1098]  eta: 0:01:21  lr: 0.000009  loss: 0.0156 (0.0316)  mae_m_mask: 0.3710 (0.4286)  rmse_m_mask: 0.4927 (0.5735)  normalized_mse_mask: 0.0156 (0.0316)  rmse_m_all: 10.6032 (11.6613)  actual_mask_ratio: 0.0741 (0.0719)  actual_prediction_mask_ratio: 0.2358 (0.2333)  ignored_patch_ratio: 0.0170 (0.0215)  time: 0.0933  data: 0.0001  max mem: 1904
[17:53:34.347748] Epoch: [29]  [ 380/1098]  eta: 0:01:21  lr: 0.000009  loss: 0.0129 (0.0310)  mae_m_mask: 0.3350 (0.4263)  rmse_m_mask: 0.4439 (0.5704)  normalized_mse_mask: 0.0129 (0.0310)  rmse_m_all: 10.5554 (11.6393)  actual_mask_ratio: 0.0718 (0.0719)  actual_prediction_mask_ratio: 0.2332 (0.2334)  ignored_patch_ratio: 0.0187 (0.0216)  time: 0.1499  data: 0.0479  max mem: 1904
[17:53:36.320246] Epoch: [29]  [ 400/1098]  eta: 0:01:18  lr: 0.000009  loss: 0.0137 (0.0323)  mae_m_mask: 0.3728 (0.4240)  rmse_m_mask: 0.5015 (0.5674)  normalized_mse_mask: 0.0137 (0.0323)  rmse_m_all: 11.2532 (11.6424)  actual_mask_ratio: 0.0713 (0.0719)  actual_prediction_mask_ratio: 0.2261 (0.2331)  ignored_patch_ratio: 0.0147 (0.0214)  time: 0.0986  data: 0.0001  max mem: 1904
[17:53:38.654886] Epoch: [29]  [ 420/1098]  eta: 0:01:16  lr: 0.000009  loss: 0.0133 (0.0318)  mae_m_mask: 0.4306 (0.4274)  rmse_m_mask: 0.6545 (0.5714)  normalized_mse_mask: 0.0133 (0.0318)  rmse_m_all: 11.1966 (11.6539)  actual_mask_ratio: 0.0730 (0.0719)  actual_prediction_mask_ratio: 0.2351 (0.2332)  ignored_patch_ratio: 0.0096 (0.0212)  time: 0.1167  data: 0.0001  max mem: 1904
[17:53:40.960419] Epoch: [29]  [ 440/1098]  eta: 0:01:14  lr: 0.000009  loss: 0.0179 (0.0324)  mae_m_mask: 0.4218 (0.4288)  rmse_m_mask: 0.5616 (0.5741)  normalized_mse_mask: 0.0179 (0.0324)  rmse_m_all: 11.3419 (11.6568)  actual_mask_ratio: 0.0722 (0.0720)  actual_prediction_mask_ratio: 0.2344 (0.2333)  ignored_patch_ratio: 0.0204 (0.0213)  time: 0.1152  data: 0.0001  max mem: 1904
[17:53:43.274583] Epoch: [29]  [ 460/1098]  eta: 0:01:11  lr: 0.000009  loss: 0.0154 (0.0326)  mae_m_mask: 0.3685 (0.4278)  rmse_m_mask: 0.4777 (0.5728)  normalized_mse_mask: 0.0154 (0.0326)  rmse_m_all: 11.6741 (11.6497)  actual_mask_ratio: 0.0709 (0.0720)  actual_prediction_mask_ratio: 0.2285 (0.2332)  ignored_patch_ratio: 0.0170 (0.0211)  time: 0.1157  data: 0.0001  max mem: 1904
[17:53:45.578822] Epoch: [29]  [ 480/1098]  eta: 0:01:09  lr: 0.000009  loss: 0.0126 (0.0325)  mae_m_mask: 0.3464 (0.4281)  rmse_m_mask: 0.4469 (0.5732)  normalized_mse_mask: 0.0126 (0.0325)  rmse_m_all: 12.6175 (11.6812)  actual_mask_ratio: 0.0719 (0.0720)  actual_prediction_mask_ratio: 0.2350 (0.2332)  ignored_patch_ratio: 0.0159 (0.0211)  time: 0.1152  data: 0.0001  max mem: 1904
[17:53:47.887195] Epoch: [29]  [ 500/1098]  eta: 0:01:07  lr: 0.000009  loss: 0.0186 (0.0322)  mae_m_mask: 0.5059 (0.4310)  rmse_m_mask: 0.6236 (0.5775)  normalized_mse_mask: 0.0186 (0.0322)  rmse_m_all: 11.8408 (11.7422)  actual_mask_ratio: 0.0717 (0.0720)  actual_prediction_mask_ratio: 0.2349 (0.2333)  ignored_patch_ratio: 0.0164 (0.0210)  time: 0.1154  data: 0.0001  max mem: 1904
[17:53:50.201248] Epoch: [29]  [ 520/1098]  eta: 0:01:05  lr: 0.000009  loss: 0.0162 (0.0319)  mae_m_mask: 0.4113 (0.4320)  rmse_m_mask: 0.5400 (0.5792)  normalized_mse_mask: 0.0162 (0.0319)  rmse_m_all: 10.1071 (11.7188)  actual_mask_ratio: 0.0723 (0.0721)  actual_prediction_mask_ratio: 0.2322 (0.2333)  ignored_patch_ratio: 0.0079 (0.0208)  time: 0.1157  data: 0.0001  max mem: 1904
[17:53:52.508021] Epoch: [29]  [ 540/1098]  eta: 0:01:03  lr: 0.000009  loss: 0.0176 (0.0318)  mae_m_mask: 0.4238 (0.4324)  rmse_m_mask: 0.5230 (0.5795)  normalized_mse_mask: 0.0176 (0.0318)  rmse_m_all: 13.5393 (11.7734)  actual_mask_ratio: 0.0698 (0.0720)  actual_prediction_mask_ratio: 0.2282 (0.2331)  ignored_patch_ratio: 0.0170 (0.0208)  time: 0.1153  data: 0.0001  max mem: 1904
[17:53:54.834298] Epoch: [29]  [ 560/1098]  eta: 0:01:00  lr: 0.000009  loss: 0.0173 (0.0319)  mae_m_mask: 0.4427 (0.4335)  rmse_m_mask: 0.6298 (0.5817)  normalized_mse_mask: 0.0173 (0.0319)  rmse_m_all: 9.8068 (11.7168)  actual_mask_ratio: 0.0737 (0.0720)  actual_prediction_mask_ratio: 0.2281 (0.2329)  ignored_patch_ratio: 0.0221 (0.0209)  time: 0.1163  data: 0.0001  max mem: 1904
[17:53:57.162827] Epoch: [29]  [ 580/1098]  eta: 0:00:58  lr: 0.000009  loss: 0.0088 (0.0321)  mae_m_mask: 0.4088 (0.4346)  rmse_m_mask: 0.5773 (0.5831)  normalized_mse_mask: 0.0088 (0.0321)  rmse_m_all: 11.8994 (11.7306)  actual_mask_ratio: 0.0727 (0.0720)  actual_prediction_mask_ratio: 0.2378 (0.2329)  ignored_patch_ratio: 0.0306 (0.0212)  time: 0.1164  data: 0.0001  max mem: 1904
[17:53:59.492190] Epoch: [29]  [ 600/1098]  eta: 0:00:56  lr: 0.000009  loss: 0.0027 (0.0315)  mae_m_mask: 0.4346 (0.4367)  rmse_m_mask: 0.5806 (0.5861)  normalized_mse_mask: 0.0027 (0.0315)  rmse_m_all: 12.7296 (11.7774)  actual_mask_ratio: 0.0704 (0.0720)  actual_prediction_mask_ratio: 0.2319 (0.2329)  ignored_patch_ratio: 0.0215 (0.0214)  time: 0.1164  data: 0.0001  max mem: 1904
[17:54:01.822484] Epoch: [29]  [ 620/1098]  eta: 0:00:54  lr: 0.000009  loss: 0.0065 (0.0312)  mae_m_mask: 0.3117 (0.4338)  rmse_m_mask: 0.4050 (0.5822)  normalized_mse_mask: 0.0065 (0.0312)  rmse_m_all: 11.0772 (11.8006)  actual_mask_ratio: 0.0728 (0.0720)  actual_prediction_mask_ratio: 0.2310 (0.2329)  ignored_patch_ratio: 0.0210 (0.0214)  time: 0.1165  data: 0.0001  max mem: 1904
[17:54:04.153191] Epoch: [29]  [ 640/1098]  eta: 0:00:52  lr: 0.000009  loss: 0.0122 (0.0311)  mae_m_mask: 0.3885 (0.4345)  rmse_m_mask: 0.5435 (0.5825)  normalized_mse_mask: 0.0122 (0.0311)  rmse_m_all: 11.8979 (11.8023)  actual_mask_ratio: 0.0709 (0.0720)  actual_prediction_mask_ratio: 0.2245 (0.2326)  ignored_patch_ratio: 0.0147 (0.0214)  time: 0.1165  data: 0.0001  max mem: 1904
[17:54:06.478560] Epoch: [29]  [ 660/1098]  eta: 0:00:49  lr: 0.000009  loss: 0.0065 (0.0313)  mae_m_mask: 0.4027 (0.4355)  rmse_m_mask: 0.5756 (0.5842)  normalized_mse_mask: 0.0065 (0.0313)  rmse_m_all: 11.3163 (11.7894)  actual_mask_ratio: 0.0713 (0.0719)  actual_prediction_mask_ratio: 0.2334 (0.2327)  ignored_patch_ratio: 0.0249 (0.0215)  time: 0.1162  data: 0.0001  max mem: 1904
[17:54:08.806777] Epoch: [29]  [ 680/1098]  eta: 0:00:47  lr: 0.000009  loss: 0.0061 (0.0308)  mae_m_mask: 0.3504 (0.4353)  rmse_m_mask: 0.4658 (0.5837)  normalized_mse_mask: 0.0061 (0.0308)  rmse_m_all: 11.1439 (11.7788)  actual_mask_ratio: 0.0751 (0.0720)  actual_prediction_mask_ratio: 0.2384 (0.2326)  ignored_patch_ratio: 0.0142 (0.0215)  time: 0.1164  data: 0.0001  max mem: 1904
[17:54:11.138122] Epoch: [29]  [ 700/1098]  eta: 0:00:45  lr: 0.000009  loss: 0.0164 (0.0306)  mae_m_mask: 0.4738 (0.4387)  rmse_m_mask: 0.6135 (0.5881)  normalized_mse_mask: 0.0164 (0.0306)  rmse_m_all: 12.4249 (11.7833)  actual_mask_ratio: 0.0715 (0.0720)  actual_prediction_mask_ratio: 0.2296 (0.2327)  ignored_patch_ratio: 0.0170 (0.0214)  time: 0.1165  data: 0.0001  max mem: 1904
[17:54:13.468295] Epoch: [29]  [ 720/1098]  eta: 0:00:43  lr: 0.000009  loss: 0.0060 (0.0307)  mae_m_mask: 0.3904 (0.4395)  rmse_m_mask: 0.5501 (0.5888)  normalized_mse_mask: 0.0060 (0.0307)  rmse_m_all: 13.3232 (11.8219)  actual_mask_ratio: 0.0723 (0.0720)  actual_prediction_mask_ratio: 0.2338 (0.2327)  ignored_patch_ratio: 0.0164 (0.0215)  time: 0.1165  data: 0.0001  max mem: 1904
[17:54:15.681232] Epoch: [29]  [ 740/1098]  eta: 0:00:40  lr: 0.000009  loss: 0.0097 (0.0304)  mae_m_mask: 0.4151 (0.4391)  rmse_m_mask: 0.5385 (0.5882)  normalized_mse_mask: 0.0097 (0.0304)  rmse_m_all: 10.7380 (11.8191)  actual_mask_ratio: 0.0734 (0.0721)  actual_prediction_mask_ratio: 0.2351 (0.2328)  ignored_patch_ratio: 0.0187 (0.0214)  time: 0.1106  data: 0.0001  max mem: 1904
[17:54:17.910821] Epoch: [29]  [ 760/1098]  eta: 0:00:38  lr: 0.000009  loss: 0.0062 (0.0300)  mae_m_mask: 0.3025 (0.4381)  rmse_m_mask: 0.4120 (0.5867)  normalized_mse_mask: 0.0062 (0.0300)  rmse_m_all: 12.2199 (11.8339)  actual_mask_ratio: 0.0727 (0.0721)  actual_prediction_mask_ratio: 0.2308 (0.2328)  ignored_patch_ratio: 0.0272 (0.0215)  time: 0.1114  data: 0.0001  max mem: 1904
[17:54:20.121471] Epoch: [29]  [ 780/1098]  eta: 0:00:36  lr: 0.000009  loss: 0.0135 (0.0298)  mae_m_mask: 0.4285 (0.4389)  rmse_m_mask: 0.5405 (0.5876)  normalized_mse_mask: 0.0135 (0.0298)  rmse_m_all: 12.7454 (11.8725)  actual_mask_ratio: 0.0700 (0.0721)  actual_prediction_mask_ratio: 0.2325 (0.2328)  ignored_patch_ratio: 0.0193 (0.0215)  time: 0.1105  data: 0.0001  max mem: 1904
[17:54:22.323396] Epoch: [29]  [ 800/1098]  eta: 0:00:33  lr: 0.000009  loss: 0.0232 (0.0299)  mae_m_mask: 0.4309 (0.4398)  rmse_m_mask: 0.5792 (0.5905)  normalized_mse_mask: 0.0232 (0.0299)  rmse_m_all: 10.1484 (11.8633)  actual_mask_ratio: 0.0723 (0.0721)  actual_prediction_mask_ratio: 0.2313 (0.2328)  ignored_patch_ratio: 0.0142 (0.0215)  time: 0.1101  data: 0.0001  max mem: 1904
[17:54:24.524750] Epoch: [29]  [ 820/1098]  eta: 0:00:31  lr: 0.000009  loss: 0.0086 (0.0298)  mae_m_mask: 0.4857 (0.4427)  rmse_m_mask: 0.6574 (0.5948)  normalized_mse_mask: 0.0086 (0.0298)  rmse_m_all: 11.5816 (11.8556)  actual_mask_ratio: 0.0708 (0.0721)  actual_prediction_mask_ratio: 0.2305 (0.2328)  ignored_patch_ratio: 0.0198 (0.0214)  time: 0.1100  data: 0.0001  max mem: 1904
[17:54:26.730610] Epoch: [29]  [ 840/1098]  eta: 0:00:29  lr: 0.000009  loss: 0.0105 (0.0295)  mae_m_mask: 0.4024 (0.4427)  rmse_m_mask: 0.5284 (0.5944)  normalized_mse_mask: 0.0105 (0.0295)  rmse_m_all: 13.8749 (11.8895)  actual_mask_ratio: 0.0698 (0.0720)  actual_prediction_mask_ratio: 0.2279 (0.2327)  ignored_patch_ratio: 0.0187 (0.0214)  time: 0.1103  data: 0.0001  max mem: 1904
[17:54:28.938122] Epoch: [29]  [ 860/1098]  eta: 0:00:26  lr: 0.000009  loss: 0.0081 (0.0295)  mae_m_mask: 0.3841 (0.4417)  rmse_m_mask: 0.5058 (0.5934)  normalized_mse_mask: 0.0081 (0.0295)  rmse_m_all: 11.2997 (11.8921)  actual_mask_ratio: 0.0717 (0.0720)  actual_prediction_mask_ratio: 0.2393 (0.2328)  ignored_patch_ratio: 0.0153 (0.0213)  time: 0.1103  data: 0.0001  max mem: 1904
[17:54:31.153309] Epoch: [29]  [ 880/1098]  eta: 0:00:24  lr: 0.000009  loss: 0.0085 (0.0292)  mae_m_mask: 0.4012 (0.4420)  rmse_m_mask: 0.5283 (0.5934)  normalized_mse_mask: 0.0085 (0.0292)  rmse_m_all: 11.3919 (11.8942)  actual_mask_ratio: 0.0700 (0.0720)  actual_prediction_mask_ratio: 0.2287 (0.2327)  ignored_patch_ratio: 0.0232 (0.0214)  time: 0.1107  data: 0.0001  max mem: 1904
[17:54:33.390220] Epoch: [29]  [ 900/1098]  eta: 0:00:22  lr: 0.000009  loss: 0.0204 (0.0294)  mae_m_mask: 0.3131 (0.4400)  rmse_m_mask: 0.4172 (0.5910)  normalized_mse_mask: 0.0204 (0.0294)  rmse_m_all: 10.6797 (11.8783)  actual_mask_ratio: 0.0721 (0.0720)  actual_prediction_mask_ratio: 0.2357 (0.2328)  ignored_patch_ratio: 0.0176 (0.0214)  time: 0.1118  data: 0.0001  max mem: 1904
[17:54:35.596371] Epoch: [29]  [ 920/1098]  eta: 0:00:20  lr: 0.000009  loss: 0.0204 (0.0301)  mae_m_mask: 0.4337 (0.4403)  rmse_m_mask: 0.5696 (0.5913)  normalized_mse_mask: 0.0204 (0.0301)  rmse_m_all: 11.7490 (11.8648)  actual_mask_ratio: 0.0694 (0.0720)  actual_prediction_mask_ratio: 0.2329 (0.2328)  ignored_patch_ratio: 0.0170 (0.0214)  time: 0.1103  data: 0.0001  max mem: 1904
[17:54:37.792321] Epoch: [29]  [ 940/1098]  eta: 0:00:17  lr: 0.000009  loss: 0.0089 (0.0299)  mae_m_mask: 0.4067 (0.4402)  rmse_m_mask: 0.5392 (0.5908)  normalized_mse_mask: 0.0089 (0.0299)  rmse_m_all: 13.4857 (11.8947)  actual_mask_ratio: 0.0702 (0.0720)  actual_prediction_mask_ratio: 0.2232 (0.2327)  ignored_patch_ratio: 0.0255 (0.0215)  time: 0.1098  data: 0.0001  max mem: 1904
[17:54:40.005865] Epoch: [29]  [ 960/1098]  eta: 0:00:15  lr: 0.000009  loss: 0.0059 (0.0297)  mae_m_mask: 0.3712 (0.4388)  rmse_m_mask: 0.4835 (0.5892)  normalized_mse_mask: 0.0059 (0.0297)  rmse_m_all: 12.2530 (11.9104)  actual_mask_ratio: 0.0704 (0.0720)  actual_prediction_mask_ratio: 0.2328 (0.2327)  ignored_patch_ratio: 0.0164 (0.0215)  time: 0.1106  data: 0.0001  max mem: 1904
[17:54:41.704429] Epoch: [29]  [ 980/1098]  eta: 0:00:13  lr: 0.000009  loss: 0.0148 (0.0295)  mae_m_mask: 0.3785 (0.4387)  rmse_m_mask: 0.4759 (0.5883)  normalized_mse_mask: 0.0148 (0.0295)  rmse_m_all: 11.9573 (11.9047)  actual_mask_ratio: 0.0712 (0.0719)  actual_prediction_mask_ratio: 0.2256 (0.2326)  ignored_patch_ratio: 0.0147 (0.0215)  time: 0.0849  data: 0.0001  max mem: 1904
[17:54:44.372297] Epoch: [29]  [1000/1098]  eta: 0:00:11  lr: 0.000009  loss: 0.0202 (0.0294)  mae_m_mask: 0.4004 (0.4386)  rmse_m_mask: 0.5300 (0.5881)  normalized_mse_mask: 0.0202 (0.0294)  rmse_m_all: 11.2411 (11.8979)  actual_mask_ratio: 0.0710 (0.0719)  actual_prediction_mask_ratio: 0.2359 (0.2327)  ignored_patch_ratio: 0.0136 (0.0214)  time: 0.1334  data: 0.0499  max mem: 1904
[17:54:45.951041] Epoch: [29]  [1020/1098]  eta: 0:00:08  lr: 0.000009  loss: 0.0111 (0.0294)  mae_m_mask: 0.3733 (0.4375)  rmse_m_mask: 0.4946 (0.5863)  normalized_mse_mask: 0.0111 (0.0294)  rmse_m_all: 12.0927 (11.9149)  actual_mask_ratio: 0.0732 (0.0719)  actual_prediction_mask_ratio: 0.2340 (0.2327)  ignored_patch_ratio: 0.0215 (0.0215)  time: 0.0789  data: 0.0001  max mem: 1904
[17:54:47.531000] Epoch: [29]  [1040/1098]  eta: 0:00:06  lr: 0.000009  loss: 0.0126 (0.0291)  mae_m_mask: 0.4129 (0.4371)  rmse_m_mask: 0.5411 (0.5852)  normalized_mse_mask: 0.0126 (0.0291)  rmse_m_all: 12.9041 (11.9491)  actual_mask_ratio: 0.0708 (0.0719)  actual_prediction_mask_ratio: 0.2282 (0.2325)  ignored_patch_ratio: 0.0238 (0.0214)  time: 0.0790  data: 0.0001  max mem: 1904
[17:54:49.104061] Epoch: [29]  [1060/1098]  eta: 0:00:04  lr: 0.000009  loss: 0.0044 (0.0293)  mae_m_mask: 0.4264 (0.4386)  rmse_m_mask: 0.6148 (0.5873)  normalized_mse_mask: 0.0044 (0.0293)  rmse_m_all: 12.3567 (11.9408)  actual_mask_ratio: 0.0708 (0.0719)  actual_prediction_mask_ratio: 0.2310 (0.2325)  ignored_patch_ratio: 0.0198 (0.0215)  time: 0.0786  data: 0.0001  max mem: 1904
[17:54:50.678719] Epoch: [29]  [1080/1098]  eta: 0:00:01  lr: 0.000009  loss: 0.0146 (0.0295)  mae_m_mask: 0.3977 (0.4390)  rmse_m_mask: 0.4776 (0.5880)  normalized_mse_mask: 0.0146 (0.0295)  rmse_m_all: 11.4783 (11.9504)  actual_mask_ratio: 0.0712 (0.0718)  actual_prediction_mask_ratio: 0.2261 (0.2324)  ignored_patch_ratio: 0.0164 (0.0216)  time: 0.0787  data: 0.0001  max mem: 1904
[17:54:52.014382] Epoch: [29]  [1097/1098]  eta: 0:00:00  lr: 0.000009  loss: 0.0217 (0.0296)  mae_m_mask: 0.3734 (0.4384)  rmse_m_mask: 0.5338 (0.5870)  normalized_mse_mask: 0.0217 (0.0296)  rmse_m_all: 12.3882 (11.9627)  actual_mask_ratio: 0.0713 (0.0718)  actual_prediction_mask_ratio: 0.2315 (0.2323)  ignored_patch_ratio: 0.0170 (0.0216)  time: 0.0787  data: 0.0001  max mem: 1904
[17:54:52.047179] Epoch: [29] Total time: 0:02:00 (0.1099 s / it)
[17:54:52.047440] Averaged stats: {'lr': 8.595757916369667e-06, 'loss': 0.02915397747823572, 'mae_m_mask': 0.43518324663707936, 'rmse_m_mask': 0.6355647333931514, 'normalized_mse_mask': 0.02915397747823572, 'rmse_m_all': 11.962741429579932, 'actual_mask_ratio': 0.07183259829729524, 'actual_prediction_mask_ratio': 0.23231547142638534, 'ignored_patch_ratio': 0.021571366784785398, 'supervised_pixel_count': 21816230.0}
[17:54:52.188550] Val: [29]  [  0/194]  eta: 0:00:26  loss: 0.3270 (0.3270)  mae_m_mask: 0.5256 (0.5256)  rmse_m_mask: 0.6963 (0.6963)  normalized_mse_mask: 0.3270 (0.3270)  rmse_m_all: 1.0285 (1.0285)  actual_mask_ratio: 0.0709 (0.0709)  actual_prediction_mask_ratio: 0.2352 (0.2352)  ignored_patch_ratio: 0.0646 (0.0646)  time: 0.1387  data: 0.0828  max mem: 1904
[17:54:54.878569] Val: [29]  [ 50/194]  eta: 0:00:07  loss: 0.0142 (0.0711)  mae_m_mask: 0.6273 (0.6864)  rmse_m_mask: 0.7787 (0.8528)  normalized_mse_mask: 0.0142 (0.0711)  rmse_m_all: 9.6353 (7.4174)  actual_mask_ratio: 0.0626 (0.0699)  actual_prediction_mask_ratio: 0.2166 (0.2286)  ignored_patch_ratio: 0.0000 (0.0044)  time: 0.0538  data: 0.0001  max mem: 1904
[17:54:57.539915] Val: [29]  [100/194]  eta: 0:00:05  loss: 0.0436 (0.0743)  mae_m_mask: 0.6705 (0.7142)  rmse_m_mask: 0.8533 (0.8859)  normalized_mse_mask: 0.0436 (0.0743)  rmse_m_all: 4.6972 (7.1555)  actual_mask_ratio: 0.0590 (0.0682)  actual_prediction_mask_ratio: 0.2018 (0.2221)  ignored_patch_ratio: 0.0000 (0.0025)  time: 0.0559  data: 0.0001  max mem: 1904
[17:55:00.327895] Val: [29]  [150/194]  eta: 0:00:02  loss: 0.0049 (0.0696)  mae_m_mask: 0.9985 (0.7873)  rmse_m_mask: 1.1875 (0.9706)  normalized_mse_mask: 0.0049 (0.0696)  rmse_m_all: 13.9816 (7.9586)  actual_mask_ratio: 0.0697 (0.0675)  actual_prediction_mask_ratio: 0.2175 (0.2175)  ignored_patch_ratio: 0.0000 (0.0024)  time: 0.0557  data: 0.0001  max mem: 1904
[17:55:02.731431] Val: [29]  [193/194]  eta: 0:00:00  loss: 0.1140 (0.0768)  mae_m_mask: 0.5897 (0.7686)  rmse_m_mask: 0.7210 (0.9478)  normalized_mse_mask: 0.1140 (0.0768)  rmse_m_all: 1.4803 (8.4207)  actual_mask_ratio: 0.0624 (0.0663)  actual_prediction_mask_ratio: 0.1985 (0.2131)  ignored_patch_ratio: 0.0136 (0.0049)  time: 0.0558  data: 0.0001  max mem: 1904
[17:55:02.760711] Val: [29] Total time: 0:00:10 (0.0552 s / it)
[17:55:02.761181] val stats: {'loss': 0.07778780512346756, 'mae_m_mask': 0.7667378095061372, 'rmse_m_mask': 1.0255199318643484, 'normalized_mse_mask': 0.07778780512346756, 'rmse_m_all': 8.420672465231, 'actual_mask_ratio': 0.06633703996302541, 'actual_prediction_mask_ratio': 0.21313334448435872, 'ignored_patch_ratio': 0.00489066925245462, 'supervised_pixel_count': 3944867.0}
[17:55:07.098339] [EARLY-STOP] No improvement in val_mae_m_mask for 30 epochs. Stop at epoch=29. best=0.6898
[17:55:07.098377] Training time 1:13:35; best_epoch=-1 best_val_mae_m_mask=0.689815 (epoch=-1 means untouched pre-training baseline)
============================================================
DONE D034 Stage 2
RUN=/tank/data/SFS/xinyis/data/bathymetry/MAE-Topography/Downstream_Task_Bathy/cross_validation_v5_Stage2NormMSE_MeterSelect/runs/holdout_Santiam_D004Stage2NormMSE_MeterSelect_D001NoDataSafe/train_stage2_normMSE_meterSelect_OR_SantiamRiverTB_Topobathy_1_D23_fromStage1Best_e120_lr1e-5_b4_acc4
Mon Jul 13 17:55:07 CDT 2026
============================================================
=== DONE D035 ===
/tank/data/SFS/xinyis/data/bathymetry/MAE-Topography/Downstream_Task_Bathy/cross_validation_v5_Stage2NormMSE_MeterSelect/runs/holdout_Santiam_D004Stage2NormMSE_MeterSelect_D001NoDataSafe/train_stage2_normMSE_meterSelect_OR_SantiamRiverTB_Topobathy_1_D23_fromStage1Best_e120_lr1e-5_b4_acc4
Mon Jul 13 17:55:07 CDT 2026
