============================================================
D035 holdout Stage-2 normalized-MSE optimization / meter-MAE selection
Mon Jul 13 16:39:47 CDT 2026
JOB=1793985
HOLDOUT_PRESET=CO
HOLDOUT_NAME=CO_UpperColorado_Topobathy_1_2020
SOURCE_SPLIT=/tank/data/SFS/xinyis/data/bathymetry/MAE-Topography/Downstream_Task_Bathy/cross_validation_v2/splits/holdout_CO_D001NoDataSafe
STAGE1_RUN_DIR=/tank/data/SFS/xinyis/data/bathymetry/MAE-Topography/Downstream_Task_Bathy/cross_validation_v4_meterMAE_BaselineEval/runs/holdout_CO_D003MeterMAE_BaselineEval_D001NoDataSafe/train_holdout_D003MeterMAE_BaselineEval_D001NoDataSafe_CO_UpperColorado_Topobathy_1_2020_v2_dualmask_meterMAE_BaselineEval_corePixel_Best-val_mae_m_mask_e400_b4_acc4
STAGE1_CKPT=/tank/data/SFS/xinyis/data/bathymetry/MAE-Topography/Downstream_Task_Bathy/cross_validation_v4_meterMAE_BaselineEval/runs/holdout_CO_D003MeterMAE_BaselineEval_D001NoDataSafe/train_holdout_D003MeterMAE_BaselineEval_D001NoDataSafe_CO_UpperColorado_Topobathy_1_2020_v2_dualmask_meterMAE_BaselineEval_corePixel_Best-val_mae_m_mask_e400_b4_acc4/checkpoint-best.pth
OUT_DIR=/tank/data/SFS/xinyis/data/bathymetry/MAE-Topography/Downstream_Task_Bathy/cross_validation_v5_Stage2NormMSE_MeterSelect/runs/holdout_CO_D004Stage2NormMSE_MeterSelect_D001NoDataSafe/train_stage2_normMSE_meterSelect_CO_UpperColorado_Topobathy_1_2020_fromStage1Best_e120_lr1e-5_b4_acc4
OPTIMIZATION_LOSS=normalized_mse
BEST_METRIC=val_mae_m_mask
EARLY_STOP_METRIC=val_mae_m_mask
BASELINE=Stage-1 checkpoint evaluated at epoch -1
LR=1e-5
EPOCHS=120
PATIENCE=30
============================================================
============================================================
D034 Stage-2 normalized-MSE optimization with meter-MAE checkpoint protection
Mon Jul 13 16:39:48 CDT 2026
HOST=execute-4006.mortimer.hpc.uwm.edu
STAGE1_CKPT=/tank/data/SFS/xinyis/data/bathymetry/MAE-Topography/Downstream_Task_Bathy/cross_validation_v4_meterMAE_BaselineEval/runs/holdout_CO_D003MeterMAE_BaselineEval_D001NoDataSafe/train_holdout_D003MeterMAE_BaselineEval_D001NoDataSafe_CO_UpperColorado_Topobathy_1_2020_v2_dualmask_meterMAE_BaselineEval_corePixel_Best-val_mae_m_mask_e400_b4_acc4/checkpoint-best.pth
SPLIT_DIR=/tank/data/SFS/xinyis/data/bathymetry/MAE-Topography/Downstream_Task_Bathy/cross_validation_v2/splits/holdout_CO_D001NoDataSafe
OUT_DIR=/tank/data/SFS/xinyis/data/bathymetry/MAE-Topography/Downstream_Task_Bathy/cross_validation_v5_Stage2NormMSE_MeterSelect/runs/holdout_CO_D004Stage2NormMSE_MeterSelect_D001NoDataSafe/train_stage2_normMSE_meterSelect_CO_UpperColorado_Topobathy_1_2020_fromStage1Best_e120_lr1e-5_b4_acc4
OPTIMIZATION_LOSS=normalized_mse
BEST_METRIC=val_mae_m_mask
EARLY_STOP_METRIC=val_mae_m_mask
BASELINE_EPOCH=-1 (untouched Stage-1 meter checkpoint)
STAGE2_LR=1e-5
MIN_LR=1e-7
WARMUP_EPOCHS=0
EPOCHS=120
PATIENCE=30
FRESH_RUN=1
OVERWRITE_STAGE2=0
SAFETY=checkpoint-best remains Stage 1 unless Stage 2 improves validation meter MAE
============================================================
4f11f7a6cb0ef9e6116f5599d82a36a68c9fad3e8b719158fa7cd4dc13235ec8  /tank/data/SFS/xinyis/data/bathymetry/MAE-Topography/Downstream_Task_Bathy/cross_validation_v4_meterMAE_BaselineEval/runs/holdout_CO_D003MeterMAE_BaselineEval_D001NoDataSafe/train_holdout_D003MeterMAE_BaselineEval_D001NoDataSafe_CO_UpperColorado_Topobathy_1_2020_v2_dualmask_meterMAE_BaselineEval_corePixel_Best-val_mae_m_mask_e400_b4_acc4/checkpoint-best.pth
dd3a501f3b03ae46b9a64760933c364e72e7f1664b93a4a836c3c9a95dec9917  /tank/data/SFS/xinyis/data/bathymetry/MAE-Topography/Downstream_Task_Bathy/cross_validation_v2/splits/holdout_CO_D001NoDataSafe/train_tiles.txt
1c4c4c1eb147e0619402464b7f2f4865095ba889cf5c948e3723d7fd66e068cb  /tank/data/SFS/xinyis/data/bathymetry/MAE-Topography/Downstream_Task_Bathy/cross_validation_v2/splits/holdout_CO_D001NoDataSafe/val_tiles.txt
79a059f5715a484a1200d5563b5ea0713ccb7002f4d75a566223f28abeb576bc  /tank/data/SFS/xinyis/data/bathymetry/MAE-Topography/Downstream_Task_Bathy/cross_validation_v2/splits/holdout_CO_D001NoDataSafe/train_hidden.txt
3070899053452863f13e089a30f322de5b3d86b33a89142c4388455c294554b2  /tank/data/SFS/xinyis/data/bathymetry/MAE-Topography/Downstream_Task_Bathy/cross_validation_v2/splits/holdout_CO_D001NoDataSafe/val_hidden.txt
131fe2089bcdbff6d26ad7f1fbe64e5bc2740eba76659da3cbb5e723f43cb12c  /tank/data/SFS/xinyis/data/bathymetry/MAE-Topography/Downstream_Task_Bathy/cross_validation_v2/splits/holdout_CO_D001NoDataSafe/train_loss.txt
2259dead37ce8c6a1760cdc0e1fc06d0b65b97ee992acaa954eaff49e5bb5a89  /tank/data/SFS/xinyis/data/bathymetry/MAE-Topography/Downstream_Task_Bathy/cross_validation_v2/splits/holdout_CO_D001NoDataSafe/val_loss.txt
=== CUDA check ===
torch 2.4.0 cuda? True count 1
[GPU] NVIDIA L40S free=43.13 GiB total=44.39 GiB
Mon Jul 13 16:40:03 2026       
+-----------------------------------------------------------------------------------------+
| NVIDIA-SMI 595.45.04              Driver Version: 595.45.04      CUDA Version: 13.2     |
+-----------------------------------------+------------------------+----------------------+
| GPU  Name                 Persistence-M | Bus-Id          Disp.A | Volatile Uncorr. ECC |
| Fan  Temp   Perf          Pwr:Usage/Cap |           Memory-Usage | GPU-Util  Compute M. |
|                                         |                        |               MIG M. |
|=========================================+========================+======================|
|   0  NVIDIA L40S                    Off |   00000000:2A:00.0 Off |                    0 |
| N/A   34C    P0             56W /  350W |       0MiB /  46068MiB |      7%      Default |
|                                         |                        |                  N/A |
+-----------------------------------------+------------------------+----------------------+

+-----------------------------------------------------------------------------------------+
| Processes:                                                                              |
|  GPU   GI   CI              PID   Type   Process name                        GPU Memory |
|        ID   ID                                                               Usage      |
|=========================================================================================|
|  No running processes found                                                             |
+-----------------------------------------------------------------------------------------+
[RESUME] FRESH_RUN=1; start a new Stage-2 run from Stage 1.
False
Not using distributed mode
[16:40:05.981638] job dir: /tank/data/SFS/xinyis/data/bathymetry/MAE-Topography/mae_Retrain
[16:40:05.981702] Namespace(data_root='/tank/data/SFS/xinyis/data/bathymetry/Processed_Results/Tiles_for_MAE_v2/Tiles_1m',
train_dir='',
val_dir='',
test_dir='',
train_list='/tank/data/SFS/xinyis/data/bathymetry/MAE-Topography/Downstream_Task_Bathy/cross_validation_v2/splits/holdout_CO_D001NoDataSafe/train_tiles.txt',
val_list='/tank/data/SFS/xinyis/data/bathymetry/MAE-Topography/Downstream_Task_Bathy/cross_validation_v2/splits/holdout_CO_D001NoDataSafe/val_tiles.txt',
test_list='',
lcc_mask_path='',
train_lcc_list='',
val_lcc_list='',
test_lcc_list='',
hidden_mask_path='',
loss_mask_path='',
train_hidden_list='/tank/data/SFS/xinyis/data/bathymetry/MAE-Topography/Downstream_Task_Bathy/cross_validation_v2/splits/holdout_CO_D001NoDataSafe/train_hidden.txt',
val_hidden_list='/tank/data/SFS/xinyis/data/bathymetry/MAE-Topography/Downstream_Task_Bathy/cross_validation_v2/splits/holdout_CO_D001NoDataSafe/val_hidden.txt',
test_hidden_list='',
train_loss_list='/tank/data/SFS/xinyis/data/bathymetry/MAE-Topography/Downstream_Task_Bathy/cross_validation_v2/splits/holdout_CO_D001NoDataSafe/train_loss.txt',
val_loss_list='/tank/data/SFS/xinyis/data/bathymetry/MAE-Topography/Downstream_Task_Bathy/cross_validation_v2/splits/holdout_CO_D001NoDataSafe/val_loss.txt',
test_loss_list='',
min_loss_pixel_count=1,
min_loss_pixel_ratio=0.0,
min_core_loss_pixel_count=0,
min_core_loss_pixel_ratio=0.0,
lcc_mask_mode='exact',
loss_on_lcc_only=False,
lcc_priority=10.0,
lcc_patch_threshold=0.5,
tile_norm_visible_only=True,
min_lcc_patch_ratio=0.0,
max_lcc_patch_ratio=1.0,
min_valid_visible_patch_ratio=0.7,
loss_region_mode='core',
core_patch_radius=3,
min_core_valid_patch_ratio=0.85,
min_core_prediction_patch_ratio=0.02,
max_core_prediction_patch_ratio=0.9,
extra_eval_dir='',
input_size=336,
in_chans=1,
nodata=-999999.0,
nodata_threshold=-9999.0,
norm_method='meanstd',
norm_json='',
stats_max_files=1000,
model='mae_vit_large_patch16',
mask_ratio=0.75,
norm_pix_loss=False,
tile_norm=True,
tile_norm_eps=0.001,
tile_norm_std_scale=1.5,
bottleneck_norm='inst1d',
optimization_loss='normalized_mse',
loss_mode='mse',
batch_size=4,
epochs=120,
accum_iter=4,
weight_decay=0.05,
lr=1e-05,
blr=0.001,
min_lr=1e-07,
warmup_epochs=0,
num_workers=1,
pin_mem=True,
eval_rmse=True,
baseline_eval_before_training=True,
vis_every=20,
vis_n=10,
history_csv='',
plot_every=1,
no_plot_curves=False,
early_stop_patience=30,
early_stop_metric='val_mae_m_mask',
early_stop_min_delta=0.001,
early_stop_warmup_epochs=0,
early_stop_start_threshold=0.0,
best_metric='val_mae_m_mask',
output_dir='/tank/data/SFS/xinyis/data/bathymetry/MAE-Topography/Downstream_Task_Bathy/cross_validation_v5_Stage2NormMSE_MeterSelect/runs/holdout_CO_D004Stage2NormMSE_MeterSelect_D001NoDataSafe/train_stage2_normMSE_meterSelect_CO_UpperColorado_Topobathy_1_2020_fromStage1Best_e120_lr1e-5_b4_acc4',
log_dir='/tank/data/SFS/xinyis/data/bathymetry/MAE-Topography/Downstream_Task_Bathy/cross_validation_v5_Stage2NormMSE_MeterSelect/runs/holdout_CO_D004Stage2NormMSE_MeterSelect_D001NoDataSafe/train_stage2_normMSE_meterSelect_CO_UpperColorado_Topobathy_1_2020_fromStage1Best_e120_lr1e-5_b4_acc4/tb',
device='cuda',
seed=0,
resume='',
start_epoch=0,
world_size=1,
local_rank=-1,
dist_on_itp=False,
dist_url='env://',
init_ckpt='/tank/data/SFS/xinyis/data/bathymetry/MAE-Topography/Downstream_Task_Bathy/cross_validation_v4_meterMAE_BaselineEval/runs/holdout_CO_D003MeterMAE_BaselineEval_D001NoDataSafe/train_holdout_D003MeterMAE_BaselineEval_D001NoDataSafe_CO_UpperColorado_Topobathy_1_2020_v2_dualmask_meterMAE_BaselineEval_corePixel_Best-val_mae_m_mask_e400_b4_acc4/checkpoint-best.pth',
freeze_encoder=True,
freeze_last_n_encoder_blocks=0,
distributed=False)
[16:40:05.992142] [DATA] Using MAE v2 dual masks: DEM + Hidden_Mask + Loss_Mask_Pixel. mode=exact, tile_norm=True, tile_norm_visible_only=True, tile_norm_std_scale=1.5, tile_norm_eps=0.001, nodata=-999999.0, nodata_threshold=-9999.0, min_valid_visible_patch_ratio=0.7, min_loss_pixel_count=1, min_loss_pixel_ratio=0.0, min_core_loss_pixel_count=0, min_core_loss_pixel_ratio=0.0
[16:40:29.210668] [DEMDualMaskDataset] matched triples: 4016
[16:40:34.528414] [DEMDualMaskDataset] matched triples: 1151
[16:40:53.877892] [DEMDualMaskDataset] matched triples: 4016
[16:40:58.995830] [DEMDualMaskDataset] matched triples: 1151
[16:41:03.487724] [NORM] computed from train split and saved to: /tank/data/SFS/xinyis/data/bathymetry/MAE-Topography/Downstream_Task_Bathy/cross_validation_v5_Stage2NormMSE_MeterSelect/runs/holdout_CO_D004Stage2NormMSE_MeterSelect_D001NoDataSafe/train_stage2_normMSE_meterSelect_CO_UpperColorado_Topobathy_1_2020_fromStage1Best_e120_lr1e-5_b4_acc4/norm_stats_train.json
[16:41:03.487765] [OBJECTIVE] optimization_loss= normalized_mse
[16:41:03.487773] [OBJECTIVE] exact pixel-weighted normalized MSE for stage-2 relative-shape refinement
[16:41:03.487777] [OBJECTIVE] exact region = Loss_Mask_Pixel AND prediction/core patch mask AND valid patch
[16:41:03.487781] [SAFETY] checkpoint and early stopping metrics may remain val_mae_m_mask
[16:41:06.379730] base_lr: 1.00e-03
[16:41:06.379761] actual_lr: 1.00e-05
[16:41:06.379766] effective_batch_size: 16
[16:41:07.010098] [INIT_CKPT] loaded from /tank/data/SFS/xinyis/data/bathymetry/MAE-Topography/Downstream_Task_Bathy/cross_validation_v4_meterMAE_BaselineEval/runs/holdout_CO_D003MeterMAE_BaselineEval_D001NoDataSafe/train_holdout_D003MeterMAE_BaselineEval_D001NoDataSafe_CO_UpperColorado_Topobathy_1_2020_v2_dualmask_meterMAE_BaselineEval_corePixel_Best-val_mae_m_mask_e400_b4_acc4/checkpoint-best.pth
[16:41:07.010140] [INIT_CKPT] missing_keys=[]
[16:41:07.010151] [INIT_CKPT] unexpected_keys=[]
[16:41:07.011559] [FREEZE] total params=329,133,312, trainable params=25,876,736
[16:41:07.110623] ============================================================================
[16:41:07.110644] [BASELINE] Validation before any downstream optimizer update
[16:41:07.110649] [BASELINE] epoch_label=-1
[16:41:07.110654] [BASELINE] checkpoint_init=/tank/data/SFS/xinyis/data/bathymetry/MAE-Topography/Downstream_Task_Bathy/cross_validation_v4_meterMAE_BaselineEval/runs/holdout_CO_D003MeterMAE_BaselineEval_D001NoDataSafe/train_holdout_D003MeterMAE_BaselineEval_D001NoDataSafe_CO_UpperColorado_Topobathy_1_2020_v2_dualmask_meterMAE_BaselineEval_corePixel_Best-val_mae_m_mask_e400_b4_acc4/checkpoint-best.pth
[16:41:07.110658] [BASELINE] selected_metric=val_mae_m_mask
[16:41:07.110662] ============================================================================
[16:41:10.751264] Baseline_val: [-1]  [  0/288]  eta: 0:17:27  loss: 0.0293 (0.0293)  mae_m_mask: 0.2789 (0.2789)  rmse_m_mask: 0.3707 (0.3707)  normalized_mse_mask: 0.0293 (0.0293)  rmse_m_all: 5.8142 (5.8142)  actual_mask_ratio: 0.0607 (0.0607)  actual_prediction_mask_ratio: 0.2001 (0.2001)  ignored_patch_ratio: 0.0000 (0.0000)  time: 3.6363  data: 0.4998  max mem: 1345
[16:41:13.626490] Baseline_val: [-1]  [ 50/288]  eta: 0:00:30  loss: 0.0222 (0.0726)  mae_m_mask: 0.2822 (0.2944)  rmse_m_mask: 0.3526 (0.3617)  normalized_mse_mask: 0.0222 (0.0726)  rmse_m_all: 1.0814 (3.8034)  actual_mask_ratio: 0.0663 (0.0715)  actual_prediction_mask_ratio: 0.2336 (0.2372)  ignored_patch_ratio: 0.0000 (0.0000)  time: 0.0590  data: 0.0001  max mem: 1347
[16:41:17.683264] Baseline_val: [-1]  [100/288]  eta: 0:00:19  loss: 0.0982 (0.1359)  mae_m_mask: 0.2780 (0.3239)  rmse_m_mask: 0.3327 (0.4048)  normalized_mse_mask: 0.0982 (0.1359)  rmse_m_all: 0.7211 (3.3536)  actual_mask_ratio: 0.0714 (0.0723)  actual_prediction_mask_ratio: 0.2239 (0.2366)  ignored_patch_ratio: 0.0000 (0.0000)  time: 0.0836  data: 0.0001  max mem: 1347
[16:41:21.868840] Baseline_val: [-1]  [150/288]  eta: 0:00:13  loss: 0.0103 (0.1259)  mae_m_mask: 0.2837 (0.3179)  rmse_m_mask: 0.3349 (0.3941)  normalized_mse_mask: 0.0103 (0.1259)  rmse_m_all: 2.4004 (2.9605)  actual_mask_ratio: 0.0743 (0.0723)  actual_prediction_mask_ratio: 0.2443 (0.2367)  ignored_patch_ratio: 0.0000 (0.0000)  time: 0.0835  data: 0.0001  max mem: 1347
[16:41:25.859367] Baseline_val: [-1]  [200/288]  eta: 0:00:08  loss: 0.3957 (0.2060)  mae_m_mask: 0.2696 (0.3487)  rmse_m_mask: 0.3531 (0.4318)  normalized_mse_mask: 0.3957 (0.2060)  rmse_m_all: 0.4502 (2.5290)  actual_mask_ratio: 0.0743 (0.0732)  actual_prediction_mask_ratio: 0.2545 (0.2410)  ignored_patch_ratio: 0.0000 (0.0000)  time: 0.0738  data: 0.0001  max mem: 1347
[16:41:30.482820] Baseline_val: [-1]  [250/288]  eta: 0:00:03  loss: 0.0311 (0.1810)  mae_m_mask: 0.2096 (0.3324)  rmse_m_mask: 0.2684 (0.4111)  normalized_mse_mask: 0.0311 (0.1810)  rmse_m_all: 1.3065 (2.4518)  actual_mask_ratio: 0.0822 (0.0748)  actual_prediction_mask_ratio: 0.2591 (0.2448)  ignored_patch_ratio: 0.0000 (0.0000)  time: 0.1016  data: 0.0460  max mem: 1347
[16:41:32.718807] Baseline_val: [-1]  [287/288]  eta: 0:00:00  loss: 0.0133 (0.1616)  mae_m_mask: 0.1906 (0.3211)  rmse_m_mask: 0.2474 (0.3979)  normalized_mse_mask: 0.0133 (0.1616)  rmse_m_all: 1.0814 (2.6095)  actual_mask_ratio: 0.0760 (0.0749)  actual_prediction_mask_ratio: 0.2523 (0.2453)  ignored_patch_ratio: 0.0000 (0.0000)  time: 0.0644  data: 0.0001  max mem: 1347
[16:41:32.744300] Baseline_val: [-1] Total time: 0:00:25 (0.0890 s / it)
[16:41:32.745107] baseline_val stats: {'loss': 0.1507505987023868, 'mae_m_mask': 0.3183719879147861, 'rmse_m_mask': 0.4479128199393752, 'normalized_mse_mask': 0.1507505987023868, 'rmse_m_all': 2.6095479453603425, 'actual_mask_ratio': 0.07494737871456891, 'actual_prediction_mask_ratio': 0.24532247381284833, 'ignored_patch_ratio': 0.0, 'supervised_pixel_count': 5936124.0}
[16:41:38.664334] [BASELINE-DONE] val_mae_m_mask=0.318372; checkpoint-best initialized=True at epoch=-1
[16:41:38.665795] log_dir: /tank/data/SFS/xinyis/data/bathymetry/MAE-Topography/Downstream_Task_Bathy/cross_validation_v5_Stage2NormMSE_MeterSelect/runs/holdout_CO_D004Stage2NormMSE_MeterSelect_D001NoDataSafe/train_stage2_normMSE_meterSelect_CO_UpperColorado_Topobathy_1_2020_fromStage1Best_e120_lr1e-5_b4_acc4/tb
[16:41:38.866943] Epoch: [0]  [   0/1004]  eta: 0:03:21  lr: 0.000010  loss: 0.3096 (0.3096)  mae_m_mask: 0.7387 (0.7387)  rmse_m_mask: 0.9717 (0.9717)  normalized_mse_mask: 0.3096 (0.3096)  rmse_m_all: 9.3124 (9.3124)  actual_mask_ratio: 0.0766 (0.0766)  actual_prediction_mask_ratio: 0.2525 (0.2525)  ignored_patch_ratio: 0.0300 (0.0300)  time: 0.2008  data: 0.0776  max mem: 1588
[16:41:41.139617] Epoch: [0]  [  20/1004]  eta: 0:01:55  lr: 0.000010  loss: 0.0071 (0.0571)  mae_m_mask: 0.7356 (0.8232)  rmse_m_mask: 0.9402 (1.0756)  normalized_mse_mask: 0.0071 (0.0571)  rmse_m_all: 11.9694 (12.7703)  actual_mask_ratio: 0.0714 (0.0708)  actual_prediction_mask_ratio: 0.2289 (0.2277)  ignored_patch_ratio: 0.0215 (0.0242)  time: 0.1136  data: 0.0001  max mem: 1903
[16:41:43.394887] Epoch: [0]  [  40/1004]  eta: 0:01:51  lr: 0.000010  loss: 0.0025 (0.0378)  mae_m_mask: 0.8015 (0.8517)  rmse_m_mask: 1.0309 (1.0806)  normalized_mse_mask: 0.0025 (0.0378)  rmse_m_all: 13.8914 (13.7048)  actual_mask_ratio: 0.0667 (0.0688)  actual_prediction_mask_ratio: 0.2196 (0.2221)  ignored_patch_ratio: 0.0261 (0.0259)  time: 0.1127  data: 0.0001  max mem: 1903
[16:41:45.655640] Epoch: [0]  [  60/1004]  eta: 0:01:48  lr: 0.000010  loss: 0.0134 (0.0468)  mae_m_mask: 0.7885 (0.8486)  rmse_m_mask: 1.0327 (1.0750)  normalized_mse_mask: 0.0134 (0.0468)  rmse_m_all: 11.9948 (13.1316)  actual_mask_ratio: 0.0683 (0.0691)  actual_prediction_mask_ratio: 0.2195 (0.2223)  ignored_patch_ratio: 0.0193 (0.0249)  time: 0.1130  data: 0.0001  max mem: 1904
[16:41:47.908895] Epoch: [0]  [  80/1004]  eta: 0:01:45  lr: 0.000010  loss: 0.0058 (0.0436)  mae_m_mask: 0.6791 (0.8234)  rmse_m_mask: 0.8278 (1.0415)  normalized_mse_mask: 0.0058 (0.0436)  rmse_m_all: 11.6500 (12.8476)  actual_mask_ratio: 0.0726 (0.0695)  actual_prediction_mask_ratio: 0.2337 (0.2247)  ignored_patch_ratio: 0.0232 (0.0238)  time: 0.1126  data: 0.0001  max mem: 1904
[16:41:50.216198] Epoch: [0]  [ 100/1004]  eta: 0:01:43  lr: 0.000010  loss: 0.0016 (0.0384)  mae_m_mask: 0.6142 (0.7890)  rmse_m_mask: 0.7807 (0.9970)  normalized_mse_mask: 0.0016 (0.0384)  rmse_m_all: 12.0695 (12.8107)  actual_mask_ratio: 0.0693 (0.0694)  actual_prediction_mask_ratio: 0.2181 (0.2242)  ignored_patch_ratio: 0.0278 (0.0244)  time: 0.1153  data: 0.0001  max mem: 1904
[16:41:52.478369] Epoch: [0]  [ 120/1004]  eta: 0:01:40  lr: 0.000010  loss: 0.0038 (0.0345)  mae_m_mask: 0.6366 (0.7732)  rmse_m_mask: 0.7834 (0.9761)  normalized_mse_mask: 0.0038 (0.0345)  rmse_m_all: 12.9016 (12.8778)  actual_mask_ratio: 0.0689 (0.0694)  actual_prediction_mask_ratio: 0.2191 (0.2241)  ignored_patch_ratio: 0.0232 (0.0246)  time: 0.1131  data: 0.0001  max mem: 1904
[16:41:54.734786] Epoch: [0]  [ 140/1004]  eta: 0:01:38  lr: 0.000010  loss: 0.0053 (0.0388)  mae_m_mask: 0.5639 (0.7540)  rmse_m_mask: 0.7860 (0.9567)  normalized_mse_mask: 0.0053 (0.0388)  rmse_m_all: 11.3921 (12.7616)  actual_mask_ratio: 0.0705 (0.0695)  actual_prediction_mask_ratio: 0.2259 (0.2246)  ignored_patch_ratio: 0.0159 (0.0246)  time: 0.1128  data: 0.0001  max mem: 1904
[16:41:56.981275] Epoch: [0]  [ 160/1004]  eta: 0:01:35  lr: 0.000010  loss: 0.0031 (0.0375)  mae_m_mask: 0.5534 (0.7391)  rmse_m_mask: 0.6737 (0.9408)  normalized_mse_mask: 0.0031 (0.0375)  rmse_m_all: 13.2579 (12.7689)  actual_mask_ratio: 0.0657 (0.0692)  actual_prediction_mask_ratio: 0.2076 (0.2233)  ignored_patch_ratio: 0.0329 (0.0255)  time: 0.1123  data: 0.0001  max mem: 1904
[16:41:59.499167] Epoch: [0]  [ 180/1004]  eta: 0:01:34  lr: 0.000010  loss: 0.0032 (0.0364)  mae_m_mask: 0.6915 (0.7415)  rmse_m_mask: 0.9025 (0.9452)  normalized_mse_mask: 0.0032 (0.0364)  rmse_m_all: 12.2136 (12.8862)  actual_mask_ratio: 0.0694 (0.0692)  actual_prediction_mask_ratio: 0.2222 (0.2232)  ignored_patch_ratio: 0.0204 (0.0252)  time: 0.1259  data: 0.0437  max mem: 1904
[16:42:01.492472] Epoch: [0]  [ 200/1004]  eta: 0:01:31  lr: 0.000010  loss: 0.0041 (0.0398)  mae_m_mask: 0.7110 (0.7460)  rmse_m_mask: 0.9895 (0.9527)  normalized_mse_mask: 0.0041 (0.0398)  rmse_m_all: 12.6925 (12.8586)  actual_mask_ratio: 0.0722 (0.0696)  actual_prediction_mask_ratio: 0.2341 (0.2246)  ignored_patch_ratio: 0.0170 (0.0246)  time: 0.0996  data: 0.0017  max mem: 1904
[16:42:04.269692] Epoch: [0]  [ 220/1004]  eta: 0:01:30  lr: 0.000010  loss: 0.0135 (0.0451)  mae_m_mask: 0.5834 (0.7365)  rmse_m_mask: 0.8288 (0.9428)  normalized_mse_mask: 0.0135 (0.0451)  rmse_m_all: 12.4701 (12.8126)  actual_mask_ratio: 0.0704 (0.0697)  actual_prediction_mask_ratio: 0.2319 (0.2252)  ignored_patch_ratio: 0.0198 (0.0246)  time: 0.1388  data: 0.0434  max mem: 1904
[16:42:06.499852] Epoch: [0]  [ 240/1004]  eta: 0:01:28  lr: 0.000010  loss: 0.0065 (0.0474)  mae_m_mask: 0.7164 (0.7509)  rmse_m_mask: 0.9119 (0.9548)  normalized_mse_mask: 0.0065 (0.0474)  rmse_m_all: 12.9340 (12.8641)  actual_mask_ratio: 0.0697 (0.0698)  actual_prediction_mask_ratio: 0.2272 (0.2255)  ignored_patch_ratio: 0.0238 (0.0250)  time: 0.1115  data: 0.0001  max mem: 1904
[16:42:08.812849] Epoch: [0]  [ 260/1004]  eta: 0:01:25  lr: 0.000010  loss: 0.0048 (0.0453)  mae_m_mask: 0.8955 (0.7667)  rmse_m_mask: 1.1123 (0.9699)  normalized_mse_mask: 0.0048 (0.0453)  rmse_m_all: 12.9306 (12.8985)  actual_mask_ratio: 0.0705 (0.0699)  actual_prediction_mask_ratio: 0.2268 (0.2257)  ignored_patch_ratio: 0.0187 (0.0246)  time: 0.1156  data: 0.0001  max mem: 1904
[16:42:11.117784] Epoch: [0]  [ 280/1004]  eta: 0:01:23  lr: 0.000010  loss: 0.0062 (0.0462)  mae_m_mask: 0.6993 (0.7675)  rmse_m_mask: 0.8272 (0.9689)  normalized_mse_mask: 0.0062 (0.0462)  rmse_m_all: 11.1784 (12.8196)  actual_mask_ratio: 0.0703 (0.0700)  actual_prediction_mask_ratio: 0.2279 (0.2257)  ignored_patch_ratio: 0.0181 (0.0242)  time: 0.1152  data: 0.0001  max mem: 1904
[16:42:13.424615] Epoch: [0]  [ 300/1004]  eta: 0:01:21  lr: 0.000010  loss: 0.0098 (0.0453)  mae_m_mask: 0.7823 (0.7731)  rmse_m_mask: 0.9759 (0.9736)  normalized_mse_mask: 0.0098 (0.0453)  rmse_m_all: 12.9914 (12.7829)  actual_mask_ratio: 0.0703 (0.0701)  actual_prediction_mask_ratio: 0.2333 (0.2262)  ignored_patch_ratio: 0.0215 (0.0242)  time: 0.1153  data: 0.0001  max mem: 1904
[16:42:15.731481] Epoch: [0]  [ 320/1004]  eta: 0:01:18  lr: 0.000010  loss: 0.0103 (0.0445)  mae_m_mask: 0.7359 (0.7729)  rmse_m_mask: 0.8644 (0.9725)  normalized_mse_mask: 0.0103 (0.0445)  rmse_m_all: 12.9827 (12.8010)  actual_mask_ratio: 0.0710 (0.0701)  actual_prediction_mask_ratio: 0.2232 (0.2262)  ignored_patch_ratio: 0.0266 (0.0243)  time: 0.1153  data: 0.0001  max mem: 1904
[16:42:18.039259] Epoch: [0]  [ 340/1004]  eta: 0:01:16  lr: 0.000010  loss: 0.0031 (0.0426)  mae_m_mask: 0.6711 (0.7701)  rmse_m_mask: 0.8341 (0.9698)  normalized_mse_mask: 0.0031 (0.0426)  rmse_m_all: 13.0944 (12.8254)  actual_mask_ratio: 0.0683 (0.0701)  actual_prediction_mask_ratio: 0.2235 (0.2260)  ignored_patch_ratio: 0.0283 (0.0246)  time: 0.1154  data: 0.0001  max mem: 1904
[16:42:20.364477] Epoch: [0]  [ 360/1004]  eta: 0:01:14  lr: 0.000010  loss: 0.0018 (0.0411)  mae_m_mask: 0.8730 (0.7751)  rmse_m_mask: 1.0364 (0.9750)  normalized_mse_mask: 0.0018 (0.0411)  rmse_m_all: 12.3097 (12.8518)  actual_mask_ratio: 0.0698 (0.0701)  actual_prediction_mask_ratio: 0.2229 (0.2258)  ignored_patch_ratio: 0.0272 (0.0248)  time: 0.1162  data: 0.0001  max mem: 1904
[16:42:22.654178] Epoch: [0]  [ 380/1004]  eta: 0:01:12  lr: 0.000010  loss: 0.0112 (0.0417)  mae_m_mask: 0.7307 (0.7752)  rmse_m_mask: 0.9030 (0.9749)  normalized_mse_mask: 0.0112 (0.0417)  rmse_m_all: 14.4349 (12.9186)  actual_mask_ratio: 0.0687 (0.0700)  actual_prediction_mask_ratio: 0.2112 (0.2254)  ignored_patch_ratio: 0.0278 (0.0251)  time: 0.1144  data: 0.0001  max mem: 1904
[16:42:24.953472] Epoch: [0]  [ 400/1004]  eta: 0:01:09  lr: 0.000010  loss: 0.0032 (0.0414)  mae_m_mask: 0.5562 (0.7662)  rmse_m_mask: 0.7003 (0.9635)  normalized_mse_mask: 0.0032 (0.0414)  rmse_m_all: 13.3617 (12.9444)  actual_mask_ratio: 0.0702 (0.0699)  actual_prediction_mask_ratio: 0.2222 (0.2253)  ignored_patch_ratio: 0.0278 (0.0250)  time: 0.1149  data: 0.0001  max mem: 1904
[16:42:27.248310] Epoch: [0]  [ 420/1004]  eta: 0:01:07  lr: 0.000010  loss: 0.0039 (0.0403)  mae_m_mask: 0.7686 (0.7682)  rmse_m_mask: 0.8791 (0.9648)  normalized_mse_mask: 0.0039 (0.0403)  rmse_m_all: 13.6527 (12.9607)  actual_mask_ratio: 0.0699 (0.0700)  actual_prediction_mask_ratio: 0.2246 (0.2253)  ignored_patch_ratio: 0.0181 (0.0249)  time: 0.1147  data: 0.0001  max mem: 1904
[16:42:29.544001] Epoch: [0]  [ 440/1004]  eta: 0:01:05  lr: 0.000010  loss: 0.0025 (0.0398)  mae_m_mask: 0.6444 (0.7690)  rmse_m_mask: 0.8644 (0.9650)  normalized_mse_mask: 0.0025 (0.0398)  rmse_m_all: 12.9688 (12.9675)  actual_mask_ratio: 0.0681 (0.0700)  actual_prediction_mask_ratio: 0.2193 (0.2252)  ignored_patch_ratio: 0.0255 (0.0249)  time: 0.1147  data: 0.0001  max mem: 1904
[16:42:31.845566] Epoch: [0]  [ 460/1004]  eta: 0:01:02  lr: 0.000010  loss: 0.0056 (0.0391)  mae_m_mask: 0.6656 (0.7683)  rmse_m_mask: 0.8144 (0.9637)  normalized_mse_mask: 0.0056 (0.0391)  rmse_m_all: 13.3216 (13.0251)  actual_mask_ratio: 0.0709 (0.0700)  actual_prediction_mask_ratio: 0.2234 (0.2252)  ignored_patch_ratio: 0.0232 (0.0249)  time: 0.1150  data: 0.0001  max mem: 1904
[16:42:34.181603] Epoch: [0]  [ 480/1004]  eta: 0:01:00  lr: 0.000010  loss: 0.0104 (0.0394)  mae_m_mask: 0.6058 (0.7655)  rmse_m_mask: 0.7317 (0.9593)  normalized_mse_mask: 0.0104 (0.0394)  rmse_m_all: 13.0828 (13.0095)  actual_mask_ratio: 0.0695 (0.0699)  actual_prediction_mask_ratio: 0.2247 (0.2251)  ignored_patch_ratio: 0.0232 (0.0249)  time: 0.1168  data: 0.0001  max mem: 1904
[16:42:36.494664] Epoch: [0]  [ 500/1004]  eta: 0:00:58  lr: 0.000010  loss: 0.0039 (0.0390)  mae_m_mask: 0.6746 (0.7611)  rmse_m_mask: 0.8460 (0.9553)  normalized_mse_mask: 0.0039 (0.0390)  rmse_m_all: 12.8687 (12.9982)  actual_mask_ratio: 0.0692 (0.0699)  actual_prediction_mask_ratio: 0.2231 (0.2249)  ignored_patch_ratio: 0.0193 (0.0246)  time: 0.1156  data: 0.0001  max mem: 1904
[16:42:38.807440] Epoch: [0]  [ 520/1004]  eta: 0:00:55  lr: 0.000010  loss: 0.0103 (0.0394)  mae_m_mask: 0.6747 (0.7616)  rmse_m_mask: 0.8622 (0.9553)  normalized_mse_mask: 0.0103 (0.0394)  rmse_m_all: 13.9058 (13.0183)  actual_mask_ratio: 0.0694 (0.0699)  actual_prediction_mask_ratio: 0.2274 (0.2249)  ignored_patch_ratio: 0.0176 (0.0245)  time: 0.1156  data: 0.0001  max mem: 1904
[16:42:41.120320] Epoch: [0]  [ 540/1004]  eta: 0:00:53  lr: 0.000010  loss: 0.0021 (0.0384)  mae_m_mask: 0.5090 (0.7552)  rmse_m_mask: 0.6708 (0.9472)  normalized_mse_mask: 0.0021 (0.0384)  rmse_m_all: 14.0337 (13.0341)  actual_mask_ratio: 0.0682 (0.0699)  actual_prediction_mask_ratio: 0.2147 (0.2246)  ignored_patch_ratio: 0.0255 (0.0245)  time: 0.1156  data: 0.0001  max mem: 1904
[16:42:43.430101] Epoch: [0]  [ 560/1004]  eta: 0:00:51  lr: 0.000010  loss: 0.0033 (0.0383)  mae_m_mask: 0.5397 (0.7509)  rmse_m_mask: 0.7312 (0.9429)  normalized_mse_mask: 0.0033 (0.0383)  rmse_m_all: 13.0507 (12.9940)  actual_mask_ratio: 0.0705 (0.0699)  actual_prediction_mask_ratio: 0.2297 (0.2249)  ignored_patch_ratio: 0.0198 (0.0244)  time: 0.1155  data: 0.0001  max mem: 1904
[16:42:45.739194] Epoch: [0]  [ 580/1004]  eta: 0:00:48  lr: 0.000010  loss: 0.0088 (0.0391)  mae_m_mask: 0.6346 (0.7467)  rmse_m_mask: 0.7690 (0.9381)  normalized_mse_mask: 0.0088 (0.0391)  rmse_m_all: 11.4572 (12.9623)  actual_mask_ratio: 0.0687 (0.0698)  actual_prediction_mask_ratio: 0.2273 (0.2249)  ignored_patch_ratio: 0.0238 (0.0244)  time: 0.1154  data: 0.0001  max mem: 1904
[16:42:48.045559] Epoch: [0]  [ 600/1004]  eta: 0:00:46  lr: 0.000010  loss: 0.0081 (0.0391)  mae_m_mask: 0.5977 (0.7414)  rmse_m_mask: 0.7671 (0.9322)  normalized_mse_mask: 0.0081 (0.0391)  rmse_m_all: 12.1749 (12.9564)  actual_mask_ratio: 0.0686 (0.0698)  actual_prediction_mask_ratio: 0.2217 (0.2248)  ignored_patch_ratio: 0.0374 (0.0246)  time: 0.1153  data: 0.0001  max mem: 1904
[16:42:50.356220] Epoch: [0]  [ 620/1004]  eta: 0:00:44  lr: 0.000010  loss: 0.0046 (0.0388)  mae_m_mask: 0.5573 (0.7383)  rmse_m_mask: 0.7660 (0.9293)  normalized_mse_mask: 0.0046 (0.0388)  rmse_m_all: 12.5375 (12.9563)  actual_mask_ratio: 0.0706 (0.0698)  actual_prediction_mask_ratio: 0.2269 (0.2247)  ignored_patch_ratio: 0.0215 (0.0247)  time: 0.1155  data: 0.0001  max mem: 1904
[16:42:52.665917] Epoch: [0]  [ 640/1004]  eta: 0:00:42  lr: 0.000010  loss: 0.0018 (0.0382)  mae_m_mask: 0.5970 (0.7338)  rmse_m_mask: 0.7113 (0.9241)  normalized_mse_mask: 0.0018 (0.0382)  rmse_m_all: 13.1648 (12.9543)  actual_mask_ratio: 0.0669 (0.0697)  actual_prediction_mask_ratio: 0.2213 (0.2246)  ignored_patch_ratio: 0.0266 (0.0249)  time: 0.1154  data: 0.0001  max mem: 1904
[16:42:54.955419] Epoch: [0]  [ 660/1004]  eta: 0:00:39  lr: 0.000010  loss: 0.0019 (0.0375)  mae_m_mask: 0.6440 (0.7326)  rmse_m_mask: 0.8110 (0.9228)  normalized_mse_mask: 0.0019 (0.0375)  rmse_m_all: 14.8020 (13.0075)  actual_mask_ratio: 0.0680 (0.0697)  actual_prediction_mask_ratio: 0.2142 (0.2243)  ignored_patch_ratio: 0.0300 (0.0250)  time: 0.1144  data: 0.0001  max mem: 1904
[16:42:57.254129] Epoch: [0]  [ 680/1004]  eta: 0:00:37  lr: 0.000010  loss: 0.0131 (0.0385)  mae_m_mask: 0.6894 (0.7354)  rmse_m_mask: 0.8278 (0.9276)  normalized_mse_mask: 0.0131 (0.0385)  rmse_m_all: 11.7272 (12.9838)  actual_mask_ratio: 0.0679 (0.0696)  actual_prediction_mask_ratio: 0.2185 (0.2242)  ignored_patch_ratio: 0.0278 (0.0251)  time: 0.1149  data: 0.0001  max mem: 1904
[16:42:59.536178] Epoch: [0]  [ 700/1004]  eta: 0:00:35  lr: 0.000010  loss: 0.0098 (0.0390)  mae_m_mask: 0.7481 (0.7370)  rmse_m_mask: 0.9683 (0.9296)  normalized_mse_mask: 0.0098 (0.0390)  rmse_m_all: 11.2157 (12.9538)  actual_mask_ratio: 0.0707 (0.0697)  actual_prediction_mask_ratio: 0.2261 (0.2243)  ignored_patch_ratio: 0.0198 (0.0249)  time: 0.1141  data: 0.0001  max mem: 1904
[16:43:01.846107] Epoch: [0]  [ 720/1004]  eta: 0:00:32  lr: 0.000010  loss: 0.0062 (0.0385)  mae_m_mask: 0.7788 (0.7388)  rmse_m_mask: 0.9419 (0.9317)  normalized_mse_mask: 0.0062 (0.0385)  rmse_m_all: 13.3297 (12.9492)  actual_mask_ratio: 0.0703 (0.0697)  actual_prediction_mask_ratio: 0.2277 (0.2244)  ignored_patch_ratio: 0.0204 (0.0248)  time: 0.1155  data: 0.0001  max mem: 1904
[16:43:04.172371] Epoch: [0]  [ 740/1004]  eta: 0:00:30  lr: 0.000010  loss: 0.0202 (0.0400)  mae_m_mask: 0.6630 (0.7364)  rmse_m_mask: 0.8514 (0.9292)  normalized_mse_mask: 0.0202 (0.0400)  rmse_m_all: 11.3152 (12.9275)  actual_mask_ratio: 0.0713 (0.0698)  actual_prediction_mask_ratio: 0.2259 (0.2245)  ignored_patch_ratio: 0.0164 (0.0246)  time: 0.1163  data: 0.0001  max mem: 1904
[16:43:06.495866] Epoch: [0]  [ 760/1004]  eta: 0:00:28  lr: 0.000010  loss: 0.0033 (0.0395)  mae_m_mask: 0.5427 (0.7348)  rmse_m_mask: 0.8289 (0.9276)  normalized_mse_mask: 0.0033 (0.0395)  rmse_m_all: 14.3739 (12.9479)  actual_mask_ratio: 0.0679 (0.0698)  actual_prediction_mask_ratio: 0.2249 (0.2246)  ignored_patch_ratio: 0.0193 (0.0246)  time: 0.1161  data: 0.0001  max mem: 1904
[16:43:08.818355] Epoch: [0]  [ 780/1004]  eta: 0:00:25  lr: 0.000010  loss: 0.0047 (0.0394)  mae_m_mask: 0.5631 (0.7323)  rmse_m_mask: 0.7942 (0.9249)  normalized_mse_mask: 0.0047 (0.0394)  rmse_m_all: 11.4545 (12.9349)  actual_mask_ratio: 0.0703 (0.0698)  actual_prediction_mask_ratio: 0.2157 (0.2246)  ignored_patch_ratio: 0.0266 (0.0247)  time: 0.1161  data: 0.0001  max mem: 1904
[16:43:11.145032] Epoch: [0]  [ 800/1004]  eta: 0:00:23  lr: 0.000010  loss: 0.0017 (0.0398)  mae_m_mask: 0.6139 (0.7299)  rmse_m_mask: 0.7684 (0.9221)  normalized_mse_mask: 0.0017 (0.0398)  rmse_m_all: 13.2066 (12.9235)  actual_mask_ratio: 0.0691 (0.0698)  actual_prediction_mask_ratio: 0.2210 (0.2244)  ignored_patch_ratio: 0.0255 (0.0248)  time: 0.1163  data: 0.0001  max mem: 1904
[16:43:13.472595] Epoch: [0]  [ 820/1004]  eta: 0:00:21  lr: 0.000010  loss: 0.0025 (0.0401)  mae_m_mask: 0.5312 (0.7263)  rmse_m_mask: 0.6859 (0.9179)  normalized_mse_mask: 0.0025 (0.0401)  rmse_m_all: 10.6174 (12.8890)  actual_mask_ratio: 0.0709 (0.0698)  actual_prediction_mask_ratio: 0.2241 (0.2244)  ignored_patch_ratio: 0.0221 (0.0247)  time: 0.1163  data: 0.0001  max mem: 1904
[16:43:15.796577] Epoch: [0]  [ 840/1004]  eta: 0:00:18  lr: 0.000010  loss: 0.0026 (0.0409)  mae_m_mask: 0.6405 (0.7244)  rmse_m_mask: 0.7835 (0.9154)  normalized_mse_mask: 0.0026 (0.0409)  rmse_m_all: 13.9559 (12.9116)  actual_mask_ratio: 0.0694 (0.0698)  actual_prediction_mask_ratio: 0.2273 (0.2245)  ignored_patch_ratio: 0.0249 (0.0248)  time: 0.1162  data: 0.0001  max mem: 1904
[16:43:18.129451] Epoch: [0]  [ 860/1004]  eta: 0:00:16  lr: 0.000010  loss: 0.0019 (0.0414)  mae_m_mask: 0.5661 (0.7228)  rmse_m_mask: 0.6954 (0.9137)  normalized_mse_mask: 0.0019 (0.0414)  rmse_m_all: 13.1936 (12.9074)  actual_mask_ratio: 0.0685 (0.0698)  actual_prediction_mask_ratio: 0.2237 (0.2246)  ignored_patch_ratio: 0.0227 (0.0247)  time: 0.1166  data: 0.0001  max mem: 1904
[16:43:20.454372] Epoch: [0]  [ 880/1004]  eta: 0:00:14  lr: 0.000010  loss: 0.0042 (0.0417)  mae_m_mask: 0.7128 (0.7232)  rmse_m_mask: 0.9096 (0.9142)  normalized_mse_mask: 0.0042 (0.0417)  rmse_m_all: 12.6091 (12.8907)  actual_mask_ratio: 0.0706 (0.0698)  actual_prediction_mask_ratio: 0.2250 (0.2247)  ignored_patch_ratio: 0.0210 (0.0247)  time: 0.1162  data: 0.0001  max mem: 1904
[16:43:22.782928] Epoch: [0]  [ 900/1004]  eta: 0:00:12  lr: 0.000010  loss: 0.0065 (0.0415)  mae_m_mask: 0.6764 (0.7220)  rmse_m_mask: 0.8109 (0.9129)  normalized_mse_mask: 0.0065 (0.0415)  rmse_m_all: 12.0863 (12.8798)  actual_mask_ratio: 0.0702 (0.0698)  actual_prediction_mask_ratio: 0.2206 (0.2246)  ignored_patch_ratio: 0.0249 (0.0247)  time: 0.1164  data: 0.0001  max mem: 1904
[16:43:25.106144] Epoch: [0]  [ 920/1004]  eta: 0:00:09  lr: 0.000010  loss: 0.0044 (0.0412)  mae_m_mask: 0.7387 (0.7238)  rmse_m_mask: 0.9308 (0.9147)  normalized_mse_mask: 0.0044 (0.0412)  rmse_m_all: 10.2149 (12.8505)  actual_mask_ratio: 0.0704 (0.0698)  actual_prediction_mask_ratio: 0.2264 (0.2247)  ignored_patch_ratio: 0.0204 (0.0246)  time: 0.1161  data: 0.0001  max mem: 1904
[16:43:27.436937] Epoch: [0]  [ 940/1004]  eta: 0:00:07  lr: 0.000010  loss: 0.0051 (0.0412)  mae_m_mask: 0.6242 (0.7222)  rmse_m_mask: 0.7624 (0.9129)  normalized_mse_mask: 0.0051 (0.0412)  rmse_m_all: 11.3547 (12.7958)  actual_mask_ratio: 0.0702 (0.0698)  actual_prediction_mask_ratio: 0.2216 (0.2247)  ignored_patch_ratio: 0.0142 (0.0246)  time: 0.1165  data: 0.0001  max mem: 1904
[16:43:29.767909] Epoch: [0]  [ 960/1004]  eta: 0:00:05  lr: 0.000010  loss: 0.0068 (0.0412)  mae_m_mask: 0.6441 (0.7217)  rmse_m_mask: 0.8025 (0.9121)  normalized_mse_mask: 0.0068 (0.0412)  rmse_m_all: 12.6827 (12.7912)  actual_mask_ratio: 0.0693 (0.0698)  actual_prediction_mask_ratio: 0.2211 (0.2246)  ignored_patch_ratio: 0.0181 (0.0246)  time: 0.1165  data: 0.0001  max mem: 1904
[16:43:32.097124] Epoch: [0]  [ 980/1004]  eta: 0:00:02  lr: 0.000010  loss: 0.0053 (0.0413)  mae_m_mask: 0.6885 (0.7219)  rmse_m_mask: 0.9467 (0.9126)  normalized_mse_mask: 0.0053 (0.0413)  rmse_m_all: 12.8498 (12.7905)  actual_mask_ratio: 0.0715 (0.0699)  actual_prediction_mask_ratio: 0.2293 (0.2248)  ignored_patch_ratio: 0.0244 (0.0246)  time: 0.1164  data: 0.0001  max mem: 1904
[16:43:34.329394] Epoch: [0]  [1000/1004]  eta: 0:00:00  lr: 0.000010  loss: 0.0037 (0.0412)  mae_m_mask: 0.5418 (0.7194)  rmse_m_mask: 0.7280 (0.9100)  normalized_mse_mask: 0.0037 (0.0412)  rmse_m_all: 12.6298 (12.7761)  actual_mask_ratio: 0.0698 (0.0699)  actual_prediction_mask_ratio: 0.2239 (0.2248)  ignored_patch_ratio: 0.0170 (0.0245)  time: 0.1116  data: 0.0001  max mem: 1904
[16:43:34.665459] Epoch: [0]  [1003/1004]  eta: 0:00:00  lr: 0.000010  loss: 0.0032 (0.0411)  mae_m_mask: 0.5825 (0.7196)  rmse_m_mask: 0.7280 (0.9100)  normalized_mse_mask: 0.0032 (0.0411)  rmse_m_all: 13.2439 (12.7725)  actual_mask_ratio: 0.0705 (0.0698)  actual_prediction_mask_ratio: 0.2246 (0.2248)  ignored_patch_ratio: 0.0170 (0.0245)  time: 0.1133  data: 0.0001  max mem: 1904
[16:43:34.694216] Epoch: [0] Total time: 0:01:56 (0.1156 s / it)
[16:43:34.695294] Averaged stats: {'lr': 9.999437947771537e-06, 'loss': 0.04146816351986498, 'mae_m_mask': 0.7165822606407798, 'rmse_m_mask': 0.9685865442385824, 'normalized_mse_mask': 0.04146816351986498, 'rmse_m_all': 12.772490283645007, 'actual_mask_ratio': 0.06984373248475363, 'actual_prediction_mask_ratio': 0.224754070915074, 'ignored_patch_ratio': 0.02453055016073098, 'supervised_pixel_count': 19824973.0}
[16:43:34.861929] Val: [0]  [  0/288]  eta: 0:00:47  loss: 0.0281 (0.0281)  mae_m_mask: 0.2835 (0.2835)  rmse_m_mask: 0.3702 (0.3702)  normalized_mse_mask: 0.0281 (0.0281)  rmse_m_all: 5.7779 (5.7779)  actual_mask_ratio: 0.0607 (0.0607)  actual_prediction_mask_ratio: 0.2001 (0.2001)  ignored_patch_ratio: 0.0000 (0.0000)  time: 0.1643  data: 0.0770  max mem: 1904
[16:43:39.216361] Val: [0]  [ 50/288]  eta: 0:00:21  loss: 0.0336 (0.0925)  mae_m_mask: 0.2805 (0.3156)  rmse_m_mask: 0.3439 (0.3797)  normalized_mse_mask: 0.0336 (0.0925)  rmse_m_all: 1.0782 (3.7902)  actual_mask_ratio: 0.0663 (0.0715)  actual_prediction_mask_ratio: 0.2336 (0.2372)  ignored_patch_ratio: 0.0000 (0.0000)  time: 0.0875  data: 0.0001  max mem: 1904
[16:43:43.429949] Val: [0]  [100/288]  eta: 0:00:16  loss: 0.1221 (0.1502)  mae_m_mask: 0.3096 (0.3462)  rmse_m_mask: 0.3729 (0.4258)  normalized_mse_mask: 0.1221 (0.1502)  rmse_m_all: 0.7446 (3.3440)  actual_mask_ratio: 0.0714 (0.0723)  actual_prediction_mask_ratio: 0.2239 (0.2366)  ignored_patch_ratio: 0.0000 (0.0000)  time: 0.0844  data: 0.0001  max mem: 1904
[16:43:47.626105] Val: [0]  [150/288]  eta: 0:00:11  loss: 0.0212 (0.1513)  mae_m_mask: 0.3644 (0.3593)  rmse_m_mask: 0.3999 (0.4338)  normalized_mse_mask: 0.0212 (0.1513)  rmse_m_all: 2.3678 (2.9531)  actual_mask_ratio: 0.0743 (0.0723)  actual_prediction_mask_ratio: 0.2443 (0.2367)  ignored_patch_ratio: 0.0000 (0.0000)  time: 0.0839  data: 0.0001  max mem: 1904
[16:43:51.826742] Val: [0]  [200/288]  eta: 0:00:07  loss: 0.3180 (0.1923)  mae_m_mask: 0.2454 (0.3624)  rmse_m_mask: 0.3057 (0.4412)  normalized_mse_mask: 0.3180 (0.1923)  rmse_m_all: 0.4470 (2.5217)  actual_mask_ratio: 0.0743 (0.0732)  actual_prediction_mask_ratio: 0.2545 (0.2410)  ignored_patch_ratio: 0.0000 (0.0000)  time: 0.0840  data: 0.0001  max mem: 1904
[16:43:55.702650] Val: [0]  [250/288]  eta: 0:00:03  loss: 0.0563 (0.1712)  mae_m_mask: 0.2627 (0.3480)  rmse_m_mask: 0.3193 (0.4229)  normalized_mse_mask: 0.0563 (0.1712)  rmse_m_all: 1.3043 (2.4431)  actual_mask_ratio: 0.0822 (0.0748)  actual_prediction_mask_ratio: 0.2591 (0.2448)  ignored_patch_ratio: 0.0000 (0.0000)  time: 0.0683  data: 0.0001  max mem: 1904
[16:43:57.773928] Val: [0]  [287/288]  eta: 0:00:00  loss: 0.0162 (0.1543)  mae_m_mask: 0.2331 (0.3363)  rmse_m_mask: 0.2911 (0.4094)  normalized_mse_mask: 0.0162 (0.1543)  rmse_m_all: 1.0721 (2.5993)  actual_mask_ratio: 0.0760 (0.0749)  actual_prediction_mask_ratio: 0.2523 (0.2453)  ignored_patch_ratio: 0.0000 (0.0000)  time: 0.0560  data: 0.0001  max mem: 1904
[16:43:57.793789] Val: [0] Total time: 0:00:23 (0.0802 s / it)
[16:43:57.795856] val stats: {'loss': 0.145925646672375, 'mae_m_mask': 0.33581664777406467, 'rmse_m_mask': 0.45544291640562196, 'normalized_mse_mask': 0.145925646672375, 'rmse_m_all': 2.5993427908461957, 'actual_mask_ratio': 0.07494737871456891, 'actual_prediction_mask_ratio': 0.24532247381284833, 'ignored_patch_ratio': 0.0, 'supervised_pixel_count': 5936124.0}
[16:44:29.170889] [EARLY-STOP] Activated at epoch=0 (metric=val_mae_m_mask=0.3358; reference_best=0.3184, bad_epochs=1).
[16:44:29.172264] log_dir: /tank/data/SFS/xinyis/data/bathymetry/MAE-Topography/Downstream_Task_Bathy/cross_validation_v5_Stage2NormMSE_MeterSelect/runs/holdout_CO_D004Stage2NormMSE_MeterSelect_D001NoDataSafe/train_stage2_normMSE_meterSelect_CO_UpperColorado_Topobathy_1_2020_fromStage1Best_e120_lr1e-5_b4_acc4/tb
[16:44:29.331202] Epoch: [1]  [   0/1004]  eta: 0:02:39  lr: 0.000010  loss: 0.0039 (0.0039)  mae_m_mask: 0.4233 (0.4233)  rmse_m_mask: 0.7186 (0.7186)  normalized_mse_mask: 0.0039 (0.0039)  rmse_m_all: 10.7935 (10.7935)  actual_mask_ratio: 0.0867 (0.0867)  actual_prediction_mask_ratio: 0.2605 (0.2605)  ignored_patch_ratio: 0.0187 (0.0187)  time: 0.1584  data: 0.0760  max mem: 1904
[16:44:30.902308] Epoch: [1]  [  20/1004]  eta: 0:01:21  lr: 0.000010  loss: 0.0024 (0.0289)  mae_m_mask: 0.6072 (0.6146)  rmse_m_mask: 0.7020 (0.8035)  normalized_mse_mask: 0.0024 (0.0289)  rmse_m_all: 13.4046 (13.6125)  actual_mask_ratio: 0.0701 (0.0725)  actual_prediction_mask_ratio: 0.2293 (0.2308)  ignored_patch_ratio: 0.0232 (0.0268)  time: 0.0785  data: 0.0001  max mem: 1904
[16:44:32.444698] Epoch: [1]  [  40/1004]  eta: 0:01:16  lr: 0.000010  loss: 0.0047 (0.0380)  mae_m_mask: 0.7761 (0.7035)  rmse_m_mask: 0.9400 (0.9122)  normalized_mse_mask: 0.0047 (0.0380)  rmse_m_all: 11.7979 (13.0256)  actual_mask_ratio: 0.0710 (0.0714)  actual_prediction_mask_ratio: 0.2301 (0.2299)  ignored_patch_ratio: 0.0300 (0.0273)  time: 0.0771  data: 0.0001  max mem: 1904
[16:44:33.981925] Epoch: [1]  [  60/1004]  eta: 0:01:14  lr: 0.000010  loss: 0.0024 (0.0302)  mae_m_mask: 0.6059 (0.6851)  rmse_m_mask: 0.7256 (0.8697)  normalized_mse_mask: 0.0024 (0.0302)  rmse_m_all: 13.6318 (13.3044)  actual_mask_ratio: 0.0685 (0.0703)  actual_prediction_mask_ratio: 0.2180 (0.2262)  ignored_patch_ratio: 0.0278 (0.0272)  time: 0.0768  data: 0.0001  max mem: 1904
[16:44:36.639928] Epoch: [1]  [  80/1004]  eta: 0:01:25  lr: 0.000010  loss: 0.0022 (0.0253)  mae_m_mask: 0.5484 (0.6504)  rmse_m_mask: 0.6575 (0.8231)  normalized_mse_mask: 0.0022 (0.0253)  rmse_m_all: 11.6516 (13.2677)  actual_mask_ratio: 0.0662 (0.0696)  actual_prediction_mask_ratio: 0.2173 (0.2243)  ignored_patch_ratio: 0.0210 (0.0264)  time: 0.1329  data: 0.0486  max mem: 1904
[16:44:38.821112] Epoch: [1]  [ 100/1004]  eta: 0:01:26  lr: 0.000010  loss: 0.0060 (0.0283)  mae_m_mask: 0.5364 (0.6419)  rmse_m_mask: 0.6740 (0.8173)  normalized_mse_mask: 0.0060 (0.0283)  rmse_m_all: 12.9309 (13.2207)  actual_mask_ratio: 0.0668 (0.0695)  actual_prediction_mask_ratio: 0.2220 (0.2236)  ignored_patch_ratio: 0.0238 (0.0261)  time: 0.1090  data: 0.0001  max mem: 1904
[16:44:41.130285] Epoch: [1]  [ 120/1004]  eta: 0:01:27  lr: 0.000010  loss: 0.0040 (0.0265)  mae_m_mask: 0.5438 (0.6451)  rmse_m_mask: 0.7495 (0.8240)  normalized_mse_mask: 0.0040 (0.0265)  rmse_m_all: 12.4965 (13.0717)  actual_mask_ratio: 0.0698 (0.0696)  actual_prediction_mask_ratio: 0.2195 (0.2227)  ignored_patch_ratio: 0.0238 (0.0262)  time: 0.1154  data: 0.0001  max mem: 1904
[16:44:43.441244] Epoch: [1]  [ 140/1004]  eta: 0:01:27  lr: 0.000010  loss: 0.0246 (0.0274)  mae_m_mask: 0.6856 (0.6500)  rmse_m_mask: 0.8841 (0.8304)  normalized_mse_mask: 0.0246 (0.0274)  rmse_m_all: 11.9470 (12.9801)  actual_mask_ratio: 0.0703 (0.0698)  actual_prediction_mask_ratio: 0.2252 (0.2231)  ignored_patch_ratio: 0.0210 (0.0257)  time: 0.1155  data: 0.0001  max mem: 1904
[16:44:45.754273] Epoch: [1]  [ 160/1004]  eta: 0:01:26  lr: 0.000010  loss: 0.0065 (0.0258)  mae_m_mask: 0.6261 (0.6520)  rmse_m_mask: 0.8035 (0.8354)  normalized_mse_mask: 0.0065 (0.0258)  rmse_m_all: 13.8500 (12.9769)  actual_mask_ratio: 0.0703 (0.0698)  actual_prediction_mask_ratio: 0.2280 (0.2238)  ignored_patch_ratio: 0.0147 (0.0252)  time: 0.1156  data: 0.0001  max mem: 1904
[16:44:48.065383] Epoch: [1]  [ 180/1004]  eta: 0:01:25  lr: 0.000010  loss: 0.0025 (0.0252)  mae_m_mask: 0.6092 (0.6595)  rmse_m_mask: 0.7920 (0.8492)  normalized_mse_mask: 0.0025 (0.0252)  rmse_m_all: 12.9905 (13.0057)  actual_mask_ratio: 0.0678 (0.0694)  actual_prediction_mask_ratio: 0.2164 (0.2229)  ignored_patch_ratio: 0.0238 (0.0252)  time: 0.1155  data: 0.0001  max mem: 1904
[16:44:50.381763] Epoch: [1]  [ 200/1004]  eta: 0:01:24  lr: 0.000010  loss: 0.0014 (0.0235)  mae_m_mask: 0.6322 (0.6621)  rmse_m_mask: 0.8219 (0.8524)  normalized_mse_mask: 0.0014 (0.0235)  rmse_m_all: 15.3011 (13.1642)  actual_mask_ratio: 0.0679 (0.0692)  actual_prediction_mask_ratio: 0.2149 (0.2223)  ignored_patch_ratio: 0.0227 (0.0252)  time: 0.1158  data: 0.0001  max mem: 1904
[16:44:52.671452] Epoch: [1]  [ 220/1004]  eta: 0:01:23  lr: 0.000010  loss: 0.0019 (0.0237)  mae_m_mask: 0.6049 (0.6644)  rmse_m_mask: 0.7840 (0.8553)  normalized_mse_mask: 0.0019 (0.0237)  rmse_m_all: 12.6579 (13.2150)  actual_mask_ratio: 0.0675 (0.0693)  actual_prediction_mask_ratio: 0.2176 (0.2224)  ignored_patch_ratio: 0.0221 (0.0251)  time: 0.1145  data: 0.0001  max mem: 1904
[16:44:54.970948] Epoch: [1]  [ 240/1004]  eta: 0:01:21  lr: 0.000010  loss: 0.0027 (0.0225)  mae_m_mask: 0.5287 (0.6598)  rmse_m_mask: 0.6399 (0.8484)  normalized_mse_mask: 0.0027 (0.0225)  rmse_m_all: 14.0663 (13.2244)  actual_mask_ratio: 0.0699 (0.0694)  actual_prediction_mask_ratio: 0.2239 (0.2228)  ignored_patch_ratio: 0.0266 (0.0254)  time: 0.1149  data: 0.0001  max mem: 1904
[16:44:57.259495] Epoch: [1]  [ 260/1004]  eta: 0:01:20  lr: 0.000010  loss: 0.0109 (0.0244)  mae_m_mask: 0.4697 (0.6554)  rmse_m_mask: 0.6295 (0.8429)  normalized_mse_mask: 0.0109 (0.0244)  rmse_m_all: 11.7335 (13.1521)  actual_mask_ratio: 0.0672 (0.0694)  actual_prediction_mask_ratio: 0.2227 (0.2229)  ignored_patch_ratio: 0.0346 (0.0257)  time: 0.1144  data: 0.0001  max mem: 1904
[16:44:59.558634] Epoch: [1]  [ 280/1004]  eta: 0:01:18  lr: 0.000010  loss: 0.0040 (0.0241)  mae_m_mask: 0.5367 (0.6543)  rmse_m_mask: 0.6761 (0.8425)  normalized_mse_mask: 0.0040 (0.0241)  rmse_m_all: 12.3025 (13.0949)  actual_mask_ratio: 0.0686 (0.0694)  actual_prediction_mask_ratio: 0.2239 (0.2230)  ignored_patch_ratio: 0.0176 (0.0253)  time: 0.1149  data: 0.0001  max mem: 1904
[16:45:01.902161] Epoch: [1]  [ 300/1004]  eta: 0:01:16  lr: 0.000010  loss: 0.0089 (0.0271)  mae_m_mask: 0.7534 (0.6627)  rmse_m_mask: 0.9540 (0.8539)  normalized_mse_mask: 0.0089 (0.0271)  rmse_m_all: 13.2295 (13.0923)  actual_mask_ratio: 0.0700 (0.0694)  actual_prediction_mask_ratio: 0.2213 (0.2230)  ignored_patch_ratio: 0.0193 (0.0252)  time: 0.1171  data: 0.0001  max mem: 1904
[16:45:04.205811] Epoch: [1]  [ 320/1004]  eta: 0:01:14  lr: 0.000010  loss: 0.0185 (0.0285)  mae_m_mask: 0.8304 (0.6777)  rmse_m_mask: 1.0565 (0.8702)  normalized_mse_mask: 0.0185 (0.0285)  rmse_m_all: 11.5725 (13.0841)  actual_mask_ratio: 0.0700 (0.0695)  actual_prediction_mask_ratio: 0.2259 (0.2235)  ignored_patch_ratio: 0.0238 (0.0252)  time: 0.1151  data: 0.0001  max mem: 1904
[16:45:06.513807] Epoch: [1]  [ 340/1004]  eta: 0:01:12  lr: 0.000010  loss: 0.0073 (0.0285)  mae_m_mask: 0.6998 (0.6758)  rmse_m_mask: 0.8293 (0.8669)  normalized_mse_mask: 0.0073 (0.0285)  rmse_m_all: 12.4950 (13.0313)  actual_mask_ratio: 0.0704 (0.0695)  actual_prediction_mask_ratio: 0.2282 (0.2237)  ignored_patch_ratio: 0.0238 (0.0250)  time: 0.1154  data: 0.0001  max mem: 1904
[16:45:08.824696] Epoch: [1]  [ 360/1004]  eta: 0:01:10  lr: 0.000010  loss: 0.0034 (0.0284)  mae_m_mask: 0.6017 (0.6772)  rmse_m_mask: 0.7753 (0.8676)  normalized_mse_mask: 0.0034 (0.0284)  rmse_m_all: 12.9182 (13.0372)  actual_mask_ratio: 0.0686 (0.0695)  actual_prediction_mask_ratio: 0.2201 (0.2238)  ignored_patch_ratio: 0.0266 (0.0251)  time: 0.1155  data: 0.0001  max mem: 1904
[16:45:11.127599] Epoch: [1]  [ 380/1004]  eta: 0:01:08  lr: 0.000010  loss: 0.0095 (0.0304)  mae_m_mask: 0.6824 (0.6790)  rmse_m_mask: 0.9190 (0.8723)  normalized_mse_mask: 0.0095 (0.0304)  rmse_m_all: 11.3511 (12.9708)  actual_mask_ratio: 0.0726 (0.0697)  actual_prediction_mask_ratio: 0.2258 (0.2240)  ignored_patch_ratio: 0.0249 (0.0251)  time: 0.1151  data: 0.0001  max mem: 1904
[16:45:13.451150] Epoch: [1]  [ 400/1004]  eta: 0:01:06  lr: 0.000010  loss: 0.0160 (0.0307)  mae_m_mask: 0.6021 (0.6780)  rmse_m_mask: 0.7688 (0.8708)  normalized_mse_mask: 0.0160 (0.0307)  rmse_m_all: 10.8448 (12.8946)  actual_mask_ratio: 0.0720 (0.0697)  actual_prediction_mask_ratio: 0.2275 (0.2244)  ignored_patch_ratio: 0.0249 (0.0249)  time: 0.1161  data: 0.0001  max mem: 1904
[16:45:15.758806] Epoch: [1]  [ 420/1004]  eta: 0:01:04  lr: 0.000010  loss: 0.0035 (0.0305)  mae_m_mask: 0.6262 (0.6787)  rmse_m_mask: 0.8554 (0.8733)  normalized_mse_mask: 0.0035 (0.0305)  rmse_m_all: 14.5700 (12.9702)  actual_mask_ratio: 0.0686 (0.0697)  actual_prediction_mask_ratio: 0.2243 (0.2244)  ignored_patch_ratio: 0.0238 (0.0248)  time: 0.1153  data: 0.0001  max mem: 1904
[16:45:18.061032] Epoch: [1]  [ 440/1004]  eta: 0:01:02  lr: 0.000010  loss: 0.0031 (0.0305)  mae_m_mask: 0.6092 (0.6813)  rmse_m_mask: 0.7520 (0.8763)  normalized_mse_mask: 0.0031 (0.0305)  rmse_m_all: 12.8673 (13.0066)  actual_mask_ratio: 0.0686 (0.0697)  actual_prediction_mask_ratio: 0.2226 (0.2242)  ignored_patch_ratio: 0.0295 (0.0251)  time: 0.1151  data: 0.0001  max mem: 1904
[16:45:20.364431] Epoch: [1]  [ 460/1004]  eta: 0:01:00  lr: 0.000010  loss: 0.0084 (0.0308)  mae_m_mask: 0.6041 (0.6793)  rmse_m_mask: 0.8195 (0.8733)  normalized_mse_mask: 0.0084 (0.0308)  rmse_m_all: 12.5018 (12.9725)  actual_mask_ratio: 0.0706 (0.0698)  actual_prediction_mask_ratio: 0.2235 (0.2240)  ignored_patch_ratio: 0.0221 (0.0250)  time: 0.1151  data: 0.0001  max mem: 1904
[16:45:22.657369] Epoch: [1]  [ 480/1004]  eta: 0:00:58  lr: 0.000010  loss: 0.0019 (0.0316)  mae_m_mask: 0.5679 (0.6740)  rmse_m_mask: 0.6768 (0.8664)  normalized_mse_mask: 0.0019 (0.0316)  rmse_m_all: 11.8987 (12.9150)  actual_mask_ratio: 0.0682 (0.0697)  actual_prediction_mask_ratio: 0.2232 (0.2240)  ignored_patch_ratio: 0.0272 (0.0252)  time: 0.1146  data: 0.0001  max mem: 1904
[16:45:24.979994] Epoch: [1]  [ 500/1004]  eta: 0:00:56  lr: 0.000010  loss: 0.0162 (0.0362)  mae_m_mask: 0.7528 (0.6767)  rmse_m_mask: 0.8822 (0.8693)  normalized_mse_mask: 0.0162 (0.0362)  rmse_m_all: 11.3305 (12.8475)  actual_mask_ratio: 0.0714 (0.0698)  actual_prediction_mask_ratio: 0.2385 (0.2242)  ignored_patch_ratio: 0.0210 (0.0252)  time: 0.1161  data: 0.0001  max mem: 1904
[16:45:27.285804] Epoch: [1]  [ 520/1004]  eta: 0:00:53  lr: 0.000010  loss: 0.0048 (0.0365)  mae_m_mask: 0.5294 (0.6730)  rmse_m_mask: 0.7075 (0.8638)  normalized_mse_mask: 0.0048 (0.0365)  rmse_m_all: 12.2081 (12.8548)  actual_mask_ratio: 0.0681 (0.0697)  actual_prediction_mask_ratio: 0.2137 (0.2240)  ignored_patch_ratio: 0.0210 (0.0251)  time: 0.1153  data: 0.0001  max mem: 1904
[16:45:29.569820] Epoch: [1]  [ 540/1004]  eta: 0:00:51  lr: 0.000010  loss: 0.0020 (0.0381)  mae_m_mask: 0.6220 (0.6724)  rmse_m_mask: 0.8045 (0.8627)  normalized_mse_mask: 0.0020 (0.0381)  rmse_m_all: 12.9684 (12.8479)  actual_mask_ratio: 0.0720 (0.0698)  actual_prediction_mask_ratio: 0.2255 (0.2241)  ignored_patch_ratio: 0.0244 (0.0252)  time: 0.1142  data: 0.0001  max mem: 1904
[16:45:31.880392] Epoch: [1]  [ 560/1004]  eta: 0:00:49  lr: 0.000010  loss: 0.0079 (0.0387)  mae_m_mask: 0.5380 (0.6702)  rmse_m_mask: 0.6662 (0.8589)  normalized_mse_mask: 0.0079 (0.0387)  rmse_m_all: 10.5077 (12.7765)  actual_mask_ratio: 0.0701 (0.0699)  actual_prediction_mask_ratio: 0.2256 (0.2243)  ignored_patch_ratio: 0.0170 (0.0250)  time: 0.1155  data: 0.0001  max mem: 1904
[16:45:34.208292] Epoch: [1]  [ 580/1004]  eta: 0:00:47  lr: 0.000010  loss: 0.0057 (0.0399)  mae_m_mask: 0.6775 (0.6742)  rmse_m_mask: 0.9077 (0.8631)  normalized_mse_mask: 0.0057 (0.0399)  rmse_m_all: 12.0162 (12.7862)  actual_mask_ratio: 0.0680 (0.0698)  actual_prediction_mask_ratio: 0.2327 (0.2244)  ignored_patch_ratio: 0.0164 (0.0248)  time: 0.1164  data: 0.0001  max mem: 1904
[16:45:36.525283] Epoch: [1]  [ 600/1004]  eta: 0:00:45  lr: 0.000010  loss: 0.0079 (0.0407)  mae_m_mask: 0.6980 (0.6804)  rmse_m_mask: 0.8322 (0.8694)  normalized_mse_mask: 0.0079 (0.0407)  rmse_m_all: 13.8656 (12.7889)  actual_mask_ratio: 0.0680 (0.0698)  actual_prediction_mask_ratio: 0.2180 (0.2244)  ignored_patch_ratio: 0.0193 (0.0247)  time: 0.1158  data: 0.0001  max mem: 1904
[16:45:38.839334] Epoch: [1]  [ 620/1004]  eta: 0:00:43  lr: 0.000010  loss: 0.0119 (0.0403)  mae_m_mask: 0.7778 (0.6853)  rmse_m_mask: 0.9952 (0.8748)  normalized_mse_mask: 0.0119 (0.0403)  rmse_m_all: 12.3858 (12.7871)  actual_mask_ratio: 0.0658 (0.0697)  actual_prediction_mask_ratio: 0.2205 (0.2242)  ignored_patch_ratio: 0.0249 (0.0248)  time: 0.1157  data: 0.0001  max mem: 1904
[16:45:41.151330] Epoch: [1]  [ 640/1004]  eta: 0:00:40  lr: 0.000010  loss: 0.0023 (0.0402)  mae_m_mask: 0.7191 (0.6888)  rmse_m_mask: 0.8669 (0.8776)  normalized_mse_mask: 0.0023 (0.0402)  rmse_m_all: 13.4326 (12.7993)  actual_mask_ratio: 0.0704 (0.0698)  actual_prediction_mask_ratio: 0.2237 (0.2244)  ignored_patch_ratio: 0.0227 (0.0249)  time: 0.1156  data: 0.0001  max mem: 1904
[16:45:43.461498] Epoch: [1]  [ 660/1004]  eta: 0:00:38  lr: 0.000010  loss: 0.0049 (0.0397)  mae_m_mask: 0.6081 (0.6869)  rmse_m_mask: 0.7651 (0.8748)  normalized_mse_mask: 0.0049 (0.0397)  rmse_m_all: 12.7669 (12.7910)  actual_mask_ratio: 0.0697 (0.0698)  actual_prediction_mask_ratio: 0.2215 (0.2243)  ignored_patch_ratio: 0.0198 (0.0248)  time: 0.1155  data: 0.0001  max mem: 1904
[16:45:45.792280] Epoch: [1]  [ 680/1004]  eta: 0:00:36  lr: 0.000010  loss: 0.0063 (0.0401)  mae_m_mask: 0.5311 (0.6855)  rmse_m_mask: 0.7155 (0.8733)  normalized_mse_mask: 0.0063 (0.0401)  rmse_m_all: 12.1986 (12.7654)  actual_mask_ratio: 0.0667 (0.0697)  actual_prediction_mask_ratio: 0.2276 (0.2243)  ignored_patch_ratio: 0.0278 (0.0250)  time: 0.1165  data: 0.0001  max mem: 1904
[16:45:48.116089] Epoch: [1]  [ 700/1004]  eta: 0:00:34  lr: 0.000010  loss: 0.0062 (0.0395)  mae_m_mask: 0.5917 (0.6849)  rmse_m_mask: 0.8243 (0.8725)  normalized_mse_mask: 0.0062 (0.0395)  rmse_m_all: 10.9378 (12.7362)  actual_mask_ratio: 0.0721 (0.0698)  actual_prediction_mask_ratio: 0.2292 (0.2244)  ignored_patch_ratio: 0.0198 (0.0249)  time: 0.1161  data: 0.0001  max mem: 1904
[16:45:50.453004] Epoch: [1]  [ 720/1004]  eta: 0:00:32  lr: 0.000010  loss: 0.0023 (0.0395)  mae_m_mask: 0.6027 (0.6835)  rmse_m_mask: 0.7697 (0.8703)  normalized_mse_mask: 0.0023 (0.0395)  rmse_m_all: 12.8461 (12.7542)  actual_mask_ratio: 0.0695 (0.0698)  actual_prediction_mask_ratio: 0.2254 (0.2244)  ignored_patch_ratio: 0.0232 (0.0249)  time: 0.1168  data: 0.0001  max mem: 1904
[16:45:52.762294] Epoch: [1]  [ 740/1004]  eta: 0:00:29  lr: 0.000010  loss: 0.0028 (0.0389)  mae_m_mask: 0.5503 (0.6804)  rmse_m_mask: 0.7203 (0.8661)  normalized_mse_mask: 0.0028 (0.0389)  rmse_m_all: 11.2852 (12.7249)  actual_mask_ratio: 0.0720 (0.0698)  actual_prediction_mask_ratio: 0.2210 (0.2243)  ignored_patch_ratio: 0.0232 (0.0249)  time: 0.1154  data: 0.0001  max mem: 1904
[16:45:55.088812] Epoch: [1]  [ 760/1004]  eta: 0:00:27  lr: 0.000010  loss: 0.0020 (0.0387)  mae_m_mask: 0.6303 (0.6785)  rmse_m_mask: 0.7937 (0.8643)  normalized_mse_mask: 0.0020 (0.0387)  rmse_m_all: 13.6124 (12.7378)  actual_mask_ratio: 0.0665 (0.0698)  actual_prediction_mask_ratio: 0.2137 (0.2242)  ignored_patch_ratio: 0.0210 (0.0249)  time: 0.1163  data: 0.0001  max mem: 1904
[16:45:57.437371] Epoch: [1]  [ 780/1004]  eta: 0:00:25  lr: 0.000010  loss: 0.0048 (0.0382)  mae_m_mask: 0.5829 (0.6785)  rmse_m_mask: 0.7753 (0.8643)  normalized_mse_mask: 0.0048 (0.0382)  rmse_m_all: 13.9120 (12.7569)  actual_mask_ratio: 0.0678 (0.0697)  actual_prediction_mask_ratio: 0.2193 (0.2241)  ignored_patch_ratio: 0.0255 (0.0248)  time: 0.1174  data: 0.0001  max mem: 1904
[16:45:59.784747] Epoch: [1]  [ 800/1004]  eta: 0:00:23  lr: 0.000010  loss: 0.0042 (0.0390)  mae_m_mask: 0.6254 (0.6773)  rmse_m_mask: 0.8346 (0.8628)  normalized_mse_mask: 0.0042 (0.0390)  rmse_m_all: 12.0213 (12.7504)  actual_mask_ratio: 0.0681 (0.0697)  actual_prediction_mask_ratio: 0.2330 (0.2241)  ignored_patch_ratio: 0.0227 (0.0248)  time: 0.1173  data: 0.0001  max mem: 1904
[16:46:02.093951] Epoch: [1]  [ 820/1004]  eta: 0:00:20  lr: 0.000010  loss: 0.0175 (0.0408)  mae_m_mask: 0.6276 (0.6792)  rmse_m_mask: 0.8703 (0.8653)  normalized_mse_mask: 0.0175 (0.0408)  rmse_m_all: 13.0755 (12.7469)  actual_mask_ratio: 0.0700 (0.0697)  actual_prediction_mask_ratio: 0.2289 (0.2243)  ignored_patch_ratio: 0.0261 (0.0248)  time: 0.1154  data: 0.0001  max mem: 1904
[16:46:04.429146] Epoch: [1]  [ 840/1004]  eta: 0:00:18  lr: 0.000010  loss: 0.0070 (0.0411)  mae_m_mask: 0.6205 (0.6806)  rmse_m_mask: 0.8589 (0.8664)  normalized_mse_mask: 0.0070 (0.0411)  rmse_m_all: 12.6281 (12.7452)  actual_mask_ratio: 0.0695 (0.0697)  actual_prediction_mask_ratio: 0.2230 (0.2241)  ignored_patch_ratio: 0.0204 (0.0248)  time: 0.1167  data: 0.0001  max mem: 1904
[16:46:06.639155] Epoch: [1]  [ 860/1004]  eta: 0:00:16  lr: 0.000010  loss: 0.0050 (0.0406)  mae_m_mask: 0.7966 (0.6860)  rmse_m_mask: 1.0544 (0.8722)  normalized_mse_mask: 0.0050 (0.0406)  rmse_m_all: 13.9472 (12.7582)  actual_mask_ratio: 0.0707 (0.0697)  actual_prediction_mask_ratio: 0.2302 (0.2243)  ignored_patch_ratio: 0.0227 (0.0248)  time: 0.1105  data: 0.0001  max mem: 1904
[16:46:08.859239] Epoch: [1]  [ 880/1004]  eta: 0:00:14  lr: 0.000010  loss: 0.0046 (0.0401)  mae_m_mask: 0.6804 (0.6862)  rmse_m_mask: 0.8734 (0.8723)  normalized_mse_mask: 0.0046 (0.0401)  rmse_m_all: 12.8044 (12.7712)  actual_mask_ratio: 0.0689 (0.0697)  actual_prediction_mask_ratio: 0.2241 (0.2243)  ignored_patch_ratio: 0.0181 (0.0247)  time: 0.1110  data: 0.0001  max mem: 1904
[16:46:11.107225] Epoch: [1]  [ 900/1004]  eta: 0:00:11  lr: 0.000010  loss: 0.0100 (0.0404)  mae_m_mask: 0.5235 (0.6845)  rmse_m_mask: 0.7180 (0.8707)  normalized_mse_mask: 0.0100 (0.0404)  rmse_m_all: 12.5203 (12.7592)  actual_mask_ratio: 0.0712 (0.0697)  actual_prediction_mask_ratio: 0.2324 (0.2244)  ignored_patch_ratio: 0.0261 (0.0247)  time: 0.1124  data: 0.0001  max mem: 1904
[16:46:13.356409] Epoch: [1]  [ 920/1004]  eta: 0:00:09  lr: 0.000010  loss: 0.0031 (0.0403)  mae_m_mask: 0.6615 (0.6848)  rmse_m_mask: 0.8309 (0.8711)  normalized_mse_mask: 0.0031 (0.0403)  rmse_m_all: 12.4593 (12.7529)  actual_mask_ratio: 0.0700 (0.0697)  actual_prediction_mask_ratio: 0.2330 (0.2245)  ignored_patch_ratio: 0.0266 (0.0247)  time: 0.1124  data: 0.0001  max mem: 1904
[16:46:15.617299] Epoch: [1]  [ 940/1004]  eta: 0:00:07  lr: 0.000010  loss: 0.0118 (0.0400)  mae_m_mask: 0.6448 (0.6848)  rmse_m_mask: 0.8257 (0.8714)  normalized_mse_mask: 0.0118 (0.0400)  rmse_m_all: 13.8068 (12.7663)  actual_mask_ratio: 0.0694 (0.0697)  actual_prediction_mask_ratio: 0.2248 (0.2245)  ignored_patch_ratio: 0.0227 (0.0247)  time: 0.1130  data: 0.0001  max mem: 1904
[16:46:17.876358] Epoch: [1]  [ 960/1004]  eta: 0:00:04  lr: 0.000010  loss: 0.0095 (0.0395)  mae_m_mask: 0.6987 (0.6854)  rmse_m_mask: 0.8993 (0.8720)  normalized_mse_mask: 0.0095 (0.0395)  rmse_m_all: 12.6637 (12.7483)  actual_mask_ratio: 0.0707 (0.0697)  actual_prediction_mask_ratio: 0.2270 (0.2246)  ignored_patch_ratio: 0.0198 (0.0247)  time: 0.1129  data: 0.0001  max mem: 1904
[16:46:20.129558] Epoch: [1]  [ 980/1004]  eta: 0:00:02  lr: 0.000010  loss: 0.0040 (0.0395)  mae_m_mask: 0.6483 (0.6847)  rmse_m_mask: 0.7709 (0.8712)  normalized_mse_mask: 0.0040 (0.0395)  rmse_m_all: 12.8753 (12.7558)  actual_mask_ratio: 0.0731 (0.0698)  actual_prediction_mask_ratio: 0.2321 (0.2248)  ignored_patch_ratio: 0.0210 (0.0246)  time: 0.1126  data: 0.0001  max mem: 1904
[16:46:22.277114] Epoch: [1]  [1000/1004]  eta: 0:00:00  lr: 0.000010  loss: 0.0155 (0.0396)  mae_m_mask: 0.5232 (0.6827)  rmse_m_mask: 0.6659 (0.8695)  normalized_mse_mask: 0.0155 (0.0396)  rmse_m_all: 12.2803 (12.7550)  actual_mask_ratio: 0.0709 (0.0699)  actual_prediction_mask_ratio: 0.2284 (0.2248)  ignored_patch_ratio: 0.0221 (0.0245)  time: 0.1073  data: 0.0001  max mem: 1904
[16:46:22.597582] Epoch: [1]  [1003/1004]  eta: 0:00:00  lr: 0.000010  loss: 0.0111 (0.0395)  mae_m_mask: 0.5444 (0.6822)  rmse_m_mask: 0.6720 (0.8693)  normalized_mse_mask: 0.0111 (0.0395)  rmse_m_all: 12.6726 (12.7558)  actual_mask_ratio: 0.0696 (0.0698)  actual_prediction_mask_ratio: 0.2254 (0.2248)  ignored_patch_ratio: 0.0238 (0.0245)  time: 0.1061  data: 0.0001  max mem: 1904
[16:46:22.627964] Epoch: [1] Total time: 0:01:53 (0.1130 s / it)
[16:46:22.629948] Averaged stats: {'lr': 9.996052608165802e-06, 'loss': 0.038520893227913786, 'mae_m_mask': 0.6799450219878018, 'rmse_m_mask': 0.9230703934892078, 'normalized_mse_mask': 0.038520893227913786, 'rmse_m_all': 12.755794069087838, 'actual_mask_ratio': 0.06984248035309087, 'actual_prediction_mask_ratio': 0.22476502383253963, 'ignored_patch_ratio': 0.024530549626426392, 'supervised_pixel_count': 19824973.0}
[16:46:22.791754] Val: [1]  [  0/288]  eta: 0:00:45  loss: 0.0302 (0.0302)  mae_m_mask: 0.3033 (0.3033)  rmse_m_mask: 0.3870 (0.3870)  normalized_mse_mask: 0.0302 (0.0302)  rmse_m_all: 5.7963 (5.7963)  actual_mask_ratio: 0.0607 (0.0607)  actual_prediction_mask_ratio: 0.2001 (0.2001)  ignored_patch_ratio: 0.0000 (0.0000)  time: 0.1594  data: 0.0736  max mem: 1904
[16:46:26.972988] Val: [1]  [ 50/288]  eta: 0:00:20  loss: 0.0700 (0.1194)  mae_m_mask: 0.3319 (0.3494)  rmse_m_mask: 0.3792 (0.4160)  normalized_mse_mask: 0.0700 (0.1194)  rmse_m_all: 1.0764 (3.8019)  actual_mask_ratio: 0.0663 (0.0715)  actual_prediction_mask_ratio: 0.2336 (0.2372)  ignored_patch_ratio: 0.0000 (0.0000)  time: 0.0838  data: 0.0001  max mem: 1904
[16:46:31.181543] Val: [1]  [100/288]  eta: 0:00:15  loss: 0.1692 (0.1773)  mae_m_mask: 0.3002 (0.3865)  rmse_m_mask: 0.3660 (0.4670)  normalized_mse_mask: 0.1692 (0.1773)  rmse_m_all: 0.7645 (3.3501)  actual_mask_ratio: 0.0714 (0.0723)  actual_prediction_mask_ratio: 0.2239 (0.2366)  ignored_patch_ratio: 0.0000 (0.0000)  time: 0.0842  data: 0.0001  max mem: 1904
[16:46:35.387053] Val: [1]  [150/288]  eta: 0:00:11  loss: 0.0223 (0.1835)  mae_m_mask: 0.4946 (0.4122)  rmse_m_mask: 0.5442 (0.4883)  normalized_mse_mask: 0.0223 (0.1835)  rmse_m_all: 2.3733 (2.9597)  actual_mask_ratio: 0.0743 (0.0723)  actual_prediction_mask_ratio: 0.2443 (0.2367)  ignored_patch_ratio: 0.0000 (0.0000)  time: 0.0840  data: 0.0001  max mem: 1904
[16:46:39.882949] Val: [1]  [200/288]  eta: 0:00:07  loss: 0.3291 (0.2118)  mae_m_mask: 0.2576 (0.4011)  rmse_m_mask: 0.3136 (0.4801)  normalized_mse_mask: 0.3291 (0.2118)  rmse_m_all: 0.4523 (2.5275)  actual_mask_ratio: 0.0743 (0.0732)  actual_prediction_mask_ratio: 0.2545 (0.2410)  ignored_patch_ratio: 0.0000 (0.0000)  time: 0.1060  data: 0.0547  max mem: 1904
[16:46:43.069630] Val: [1]  [250/288]  eta: 0:00:03  loss: 0.0556 (0.1902)  mae_m_mask: 0.3255 (0.3821)  rmse_m_mask: 0.3864 (0.4575)  normalized_mse_mask: 0.0556 (0.1902)  rmse_m_all: 1.3010 (2.4481)  actual_mask_ratio: 0.0822 (0.0748)  actual_prediction_mask_ratio: 0.2591 (0.2448)  ignored_patch_ratio: 0.0000 (0.0000)  time: 0.0764  data: 0.0001  max mem: 1904
[16:46:46.236181] Val: [1]  [287/288]  eta: 0:00:00  loss: 0.0248 (0.1736)  mae_m_mask: 0.2790 (0.3734)  rmse_m_mask: 0.3249 (0.4469)  normalized_mse_mask: 0.0248 (0.1736)  rmse_m_all: 1.0689 (2.6049)  actual_mask_ratio: 0.0760 (0.0749)  actual_prediction_mask_ratio: 0.2523 (0.2453)  ignored_patch_ratio: 0.0000 (0.0000)  time: 0.0846  data: 0.0001  max mem: 1904
[16:46:46.266395] Val: [1] Total time: 0:00:23 (0.0821 s / it)
[16:46:46.266919] val stats: {'loss': 0.16519645753393739, 'mae_m_mask': 0.3762736142151309, 'rmse_m_mask': 0.5033736991017879, 'normalized_mse_mask': 0.16519645753393739, 'rmse_m_all': 2.6048996202233763, 'actual_mask_ratio': 0.07494737871456891, 'actual_prediction_mask_ratio': 0.24532247381284833, 'ignored_patch_ratio': 0.0, 'supervised_pixel_count': 5936124.0}
[16:46:50.299705] log_dir: /tank/data/SFS/xinyis/data/bathymetry/MAE-Topography/Downstream_Task_Bathy/cross_validation_v5_Stage2NormMSE_MeterSelect/runs/holdout_CO_D004Stage2NormMSE_MeterSelect_D001NoDataSafe/train_stage2_normMSE_meterSelect_CO_UpperColorado_Topobathy_1_2020_fromStage1Best_e120_lr1e-5_b4_acc4/tb
[16:46:50.454685] Epoch: [2]  [   0/1004]  eta: 0:02:34  lr: 0.000010  loss: 0.0065 (0.0065)  mae_m_mask: 0.7678 (0.7678)  rmse_m_mask: 0.9428 (0.9428)  normalized_mse_mask: 0.0065 (0.0065)  rmse_m_all: 9.3463 (9.3463)  actual_mask_ratio: 0.0921 (0.0921)  actual_prediction_mask_ratio: 0.2693 (0.2693)  ignored_patch_ratio: 0.0147 (0.0147)  time: 0.1543  data: 0.0822  max mem: 1904
[16:46:53.144693] Epoch: [2]  [  20/1004]  eta: 0:02:13  lr: 0.000010  loss: 0.0026 (0.0193)  mae_m_mask: 0.7899 (0.7324)  rmse_m_mask: 0.9437 (0.9110)  normalized_mse_mask: 0.0026 (0.0193)  rmse_m_all: 13.3649 (13.3746)  actual_mask_ratio: 0.0725 (0.0722)  actual_prediction_mask_ratio: 0.2287 (0.2298)  ignored_patch_ratio: 0.0170 (0.0184)  time: 0.1345  data: 0.0473  max mem: 1904
[16:46:55.221791] Epoch: [2]  [  40/1004]  eta: 0:01:55  lr: 0.000010  loss: 0.0037 (0.0366)  mae_m_mask: 0.6292 (0.7251)  rmse_m_mask: 0.8258 (0.8977)  normalized_mse_mask: 0.0037 (0.0366)  rmse_m_all: 12.4782 (13.1486)  actual_mask_ratio: 0.0710 (0.0716)  actual_prediction_mask_ratio: 0.2268 (0.2272)  ignored_patch_ratio: 0.0198 (0.0220)  time: 0.1038  data: 0.0001  max mem: 1904
[16:46:57.531486] Epoch: [2]  [  60/1004]  eta: 0:01:51  lr: 0.000010  loss: 0.0042 (0.0304)  mae_m_mask: 0.6475 (0.6994)  rmse_m_mask: 0.7801 (0.8658)  normalized_mse_mask: 0.0042 (0.0304)  rmse_m_all: 11.9981 (13.2268)  actual_mask_ratio: 0.0687 (0.0711)  actual_prediction_mask_ratio: 0.2181 (0.2256)  ignored_patch_ratio: 0.0227 (0.0243)  time: 0.1155  data: 0.0001  max mem: 1904
[16:46:59.858519] Epoch: [2]  [  80/1004]  eta: 0:01:49  lr: 0.000010  loss: 0.0027 (0.0352)  mae_m_mask: 0.6119 (0.6762)  rmse_m_mask: 0.7874 (0.8578)  normalized_mse_mask: 0.0027 (0.0352)  rmse_m_all: 13.1958 (13.1618)  actual_mask_ratio: 0.0684 (0.0703)  actual_prediction_mask_ratio: 0.2250 (0.2249)  ignored_patch_ratio: 0.0176 (0.0249)  time: 0.1163  data: 0.0001  max mem: 1904
[16:47:02.182133] Epoch: [2]  [ 100/1004]  eta: 0:01:46  lr: 0.000010  loss: 0.0056 (0.0360)  mae_m_mask: 0.5714 (0.6724)  rmse_m_mask: 0.7178 (0.8600)  normalized_mse_mask: 0.0056 (0.0360)  rmse_m_all: 11.7004 (13.1109)  actual_mask_ratio: 0.0697 (0.0701)  actual_prediction_mask_ratio: 0.2162 (0.2237)  ignored_patch_ratio: 0.0170 (0.0242)  time: 0.1162  data: 0.0001  max mem: 1904
[16:47:04.468544] Epoch: [2]  [ 120/1004]  eta: 0:01:43  lr: 0.000010  loss: 0.0098 (0.0439)  mae_m_mask: 0.6411 (0.6834)  rmse_m_mask: 0.8908 (0.8725)  normalized_mse_mask: 0.0098 (0.0439)  rmse_m_all: 11.6520 (12.9272)  actual_mask_ratio: 0.0696 (0.0699)  actual_prediction_mask_ratio: 0.2208 (0.2231)  ignored_patch_ratio: 0.0238 (0.0250)  time: 0.1143  data: 0.0001  max mem: 1904
[16:47:06.777367] Epoch: [2]  [ 140/1004]  eta: 0:01:40  lr: 0.000010  loss: 0.0035 (0.0434)  mae_m_mask: 0.5824 (0.6796)  rmse_m_mask: 0.8095 (0.8693)  normalized_mse_mask: 0.0035 (0.0434)  rmse_m_all: 12.8335 (12.9046)  actual_mask_ratio: 0.0700 (0.0700)  actual_prediction_mask_ratio: 0.2227 (0.2233)  ignored_patch_ratio: 0.0278 (0.0252)  time: 0.1154  data: 0.0001  max mem: 1904
[16:47:09.084435] Epoch: [2]  [ 160/1004]  eta: 0:01:38  lr: 0.000010  loss: 0.0052 (0.0417)  mae_m_mask: 0.6905 (0.6847)  rmse_m_mask: 0.8688 (0.8744)  normalized_mse_mask: 0.0052 (0.0417)  rmse_m_all: 12.9814 (12.9289)  actual_mask_ratio: 0.0697 (0.0700)  actual_prediction_mask_ratio: 0.2319 (0.2239)  ignored_patch_ratio: 0.0210 (0.0251)  time: 0.1153  data: 0.0001  max mem: 1904
[16:47:11.401121] Epoch: [2]  [ 180/1004]  eta: 0:01:36  lr: 0.000010  loss: 0.0029 (0.0385)  mae_m_mask: 0.8131 (0.7012)  rmse_m_mask: 1.0055 (0.8912)  normalized_mse_mask: 0.0029 (0.0385)  rmse_m_all: 15.8228 (13.1597)  actual_mask_ratio: 0.0681 (0.0698)  actual_prediction_mask_ratio: 0.2225 (0.2230)  ignored_patch_ratio: 0.0210 (0.0251)  time: 0.1158  data: 0.0001  max mem: 1904
[16:47:13.714198] Epoch: [2]  [ 200/1004]  eta: 0:01:33  lr: 0.000010  loss: 0.0034 (0.0363)  mae_m_mask: 0.5956 (0.6990)  rmse_m_mask: 0.7028 (0.8872)  normalized_mse_mask: 0.0034 (0.0363)  rmse_m_all: 12.3756 (13.0627)  actual_mask_ratio: 0.0709 (0.0699)  actual_prediction_mask_ratio: 0.2298 (0.2236)  ignored_patch_ratio: 0.0187 (0.0250)  time: 0.1156  data: 0.0001  max mem: 1904
[16:47:16.025954] Epoch: [2]  [ 220/1004]  eta: 0:01:31  lr: 0.000010  loss: 0.0086 (0.0370)  mae_m_mask: 0.6283 (0.6923)  rmse_m_mask: 0.7626 (0.8769)  normalized_mse_mask: 0.0086 (0.0370)  rmse_m_all: 12.0295 (13.0228)  actual_mask_ratio: 0.0699 (0.0699)  actual_prediction_mask_ratio: 0.2215 (0.2235)  ignored_patch_ratio: 0.0261 (0.0252)  time: 0.1156  data: 0.0001  max mem: 1904
[16:47:18.343498] Epoch: [2]  [ 240/1004]  eta: 0:01:28  lr: 0.000010  loss: 0.0036 (0.0348)  mae_m_mask: 0.6606 (0.6893)  rmse_m_mask: 0.9174 (0.8757)  normalized_mse_mask: 0.0036 (0.0348)  rmse_m_all: 12.6090 (12.9815)  actual_mask_ratio: 0.0681 (0.0699)  actual_prediction_mask_ratio: 0.2170 (0.2237)  ignored_patch_ratio: 0.0210 (0.0251)  time: 0.1158  data: 0.0001  max mem: 1904
[16:47:20.659142] Epoch: [2]  [ 260/1004]  eta: 0:01:26  lr: 0.000010  loss: 0.0071 (0.0347)  mae_m_mask: 0.7166 (0.6924)  rmse_m_mask: 0.8655 (0.8790)  normalized_mse_mask: 0.0071 (0.0347)  rmse_m_all: 12.7145 (12.9282)  actual_mask_ratio: 0.0715 (0.0700)  actual_prediction_mask_ratio: 0.2200 (0.2236)  ignored_patch_ratio: 0.0176 (0.0249)  time: 0.1158  data: 0.0001  max mem: 1904
[16:47:22.960663] Epoch: [2]  [ 280/1004]  eta: 0:01:24  lr: 0.000010  loss: 0.0042 (0.0343)  mae_m_mask: 0.7080 (0.6971)  rmse_m_mask: 0.9614 (0.8856)  normalized_mse_mask: 0.0042 (0.0343)  rmse_m_all: 12.8260 (12.9325)  actual_mask_ratio: 0.0669 (0.0698)  actual_prediction_mask_ratio: 0.2151 (0.2233)  ignored_patch_ratio: 0.0187 (0.0247)  time: 0.1150  data: 0.0001  max mem: 1904
[16:47:25.287702] Epoch: [2]  [ 300/1004]  eta: 0:01:21  lr: 0.000010  loss: 0.0073 (0.0354)  mae_m_mask: 0.5792 (0.6901)  rmse_m_mask: 0.7581 (0.8778)  normalized_mse_mask: 0.0073 (0.0354)  rmse_m_all: 11.7027 (12.8401)  actual_mask_ratio: 0.0664 (0.0697)  actual_prediction_mask_ratio: 0.2182 (0.2232)  ignored_patch_ratio: 0.0181 (0.0244)  time: 0.1163  data: 0.0001  max mem: 1904
[16:47:27.599409] Epoch: [2]  [ 320/1004]  eta: 0:01:19  lr: 0.000010  loss: 0.0053 (0.0360)  mae_m_mask: 0.5581 (0.6861)  rmse_m_mask: 0.7148 (0.8743)  normalized_mse_mask: 0.0053 (0.0360)  rmse_m_all: 11.6782 (12.7607)  actual_mask_ratio: 0.0693 (0.0697)  actual_prediction_mask_ratio: 0.2258 (0.2233)  ignored_patch_ratio: 0.0300 (0.0245)  time: 0.1156  data: 0.0001  max mem: 1904
[16:47:29.884748] Epoch: [2]  [ 340/1004]  eta: 0:01:17  lr: 0.000010  loss: 0.0039 (0.0356)  mae_m_mask: 0.6225 (0.6852)  rmse_m_mask: 0.7439 (0.8727)  normalized_mse_mask: 0.0039 (0.0356)  rmse_m_all: 12.8293 (12.7616)  actual_mask_ratio: 0.0698 (0.0697)  actual_prediction_mask_ratio: 0.2278 (0.2237)  ignored_patch_ratio: 0.0210 (0.0246)  time: 0.1142  data: 0.0001  max mem: 1904
[16:47:32.192991] Epoch: [2]  [ 360/1004]  eta: 0:01:14  lr: 0.000010  loss: 0.0099 (0.0411)  mae_m_mask: 0.7098 (0.6882)  rmse_m_mask: 0.8819 (0.8748)  normalized_mse_mask: 0.0099 (0.0411)  rmse_m_all: 11.7845 (12.7353)  actual_mask_ratio: 0.0684 (0.0696)  actual_prediction_mask_ratio: 0.2222 (0.2237)  ignored_patch_ratio: 0.0198 (0.0243)  time: 0.1154  data: 0.0001  max mem: 1904
[16:47:34.496758] Epoch: [2]  [ 380/1004]  eta: 0:01:12  lr: 0.000010  loss: 0.0068 (0.0408)  mae_m_mask: 0.8571 (0.6984)  rmse_m_mask: 1.0462 (0.8860)  normalized_mse_mask: 0.0068 (0.0408)  rmse_m_all: 14.0987 (12.7925)  actual_mask_ratio: 0.0684 (0.0696)  actual_prediction_mask_ratio: 0.2217 (0.2234)  ignored_patch_ratio: 0.0210 (0.0242)  time: 0.1152  data: 0.0001  max mem: 1904
[16:47:36.780626] Epoch: [2]  [ 400/1004]  eta: 0:01:09  lr: 0.000010  loss: 0.0027 (0.0398)  mae_m_mask: 0.6778 (0.6961)  rmse_m_mask: 0.7765 (0.8815)  normalized_mse_mask: 0.0027 (0.0398)  rmse_m_all: 12.7892 (12.7990)  actual_mask_ratio: 0.0708 (0.0697)  actual_prediction_mask_ratio: 0.2320 (0.2238)  ignored_patch_ratio: 0.0312 (0.0244)  time: 0.1142  data: 0.0001  max mem: 1904
[16:47:39.072330] Epoch: [2]  [ 420/1004]  eta: 0:01:07  lr: 0.000010  loss: 0.0038 (0.0387)  mae_m_mask: 0.6370 (0.6952)  rmse_m_mask: 0.8231 (0.8792)  normalized_mse_mask: 0.0038 (0.0387)  rmse_m_all: 12.6848 (12.8026)  actual_mask_ratio: 0.0699 (0.0697)  actual_prediction_mask_ratio: 0.2178 (0.2237)  ignored_patch_ratio: 0.0215 (0.0245)  time: 0.1146  data: 0.0001  max mem: 1904
[16:47:41.381068] Epoch: [2]  [ 440/1004]  eta: 0:01:05  lr: 0.000010  loss: 0.0235 (0.0390)  mae_m_mask: 0.5915 (0.6935)  rmse_m_mask: 0.8000 (0.8760)  normalized_mse_mask: 0.0235 (0.0390)  rmse_m_all: 11.5988 (12.7603)  actual_mask_ratio: 0.0676 (0.0696)  actual_prediction_mask_ratio: 0.2208 (0.2236)  ignored_patch_ratio: 0.0255 (0.0247)  time: 0.1154  data: 0.0001  max mem: 1904
[16:47:43.663071] Epoch: [2]  [ 460/1004]  eta: 0:01:02  lr: 0.000010  loss: 0.0037 (0.0381)  mae_m_mask: 0.5607 (0.6904)  rmse_m_mask: 0.7189 (0.8720)  normalized_mse_mask: 0.0037 (0.0381)  rmse_m_all: 12.6837 (12.7352)  actual_mask_ratio: 0.0693 (0.0696)  actual_prediction_mask_ratio: 0.2245 (0.2236)  ignored_patch_ratio: 0.0272 (0.0248)  time: 0.1141  data: 0.0001  max mem: 1904
[16:47:45.972444] Epoch: [2]  [ 480/1004]  eta: 0:01:00  lr: 0.000010  loss: 0.0130 (0.0387)  mae_m_mask: 0.5912 (0.6934)  rmse_m_mask: 0.7335 (0.8762)  normalized_mse_mask: 0.0130 (0.0387)  rmse_m_all: 13.6561 (12.7725)  actual_mask_ratio: 0.0690 (0.0695)  actual_prediction_mask_ratio: 0.2214 (0.2237)  ignored_patch_ratio: 0.0312 (0.0249)  time: 0.1154  data: 0.0001  max mem: 1904
[16:47:48.251832] Epoch: [2]  [ 500/1004]  eta: 0:00:58  lr: 0.000010  loss: 0.0013 (0.0383)  mae_m_mask: 0.5838 (0.6917)  rmse_m_mask: 0.7260 (0.8735)  normalized_mse_mask: 0.0013 (0.0383)  rmse_m_all: 11.4891 (12.7540)  actual_mask_ratio: 0.0716 (0.0696)  actual_prediction_mask_ratio: 0.2256 (0.2238)  ignored_patch_ratio: 0.0238 (0.0249)  time: 0.1139  data: 0.0001  max mem: 1904
[16:47:50.572711] Epoch: [2]  [ 520/1004]  eta: 0:00:55  lr: 0.000010  loss: 0.0026 (0.0392)  mae_m_mask: 0.5503 (0.6904)  rmse_m_mask: 0.6583 (0.8735)  normalized_mse_mask: 0.0026 (0.0392)  rmse_m_all: 12.4334 (12.7366)  actual_mask_ratio: 0.0688 (0.0696)  actual_prediction_mask_ratio: 0.2307 (0.2240)  ignored_patch_ratio: 0.0187 (0.0247)  time: 0.1160  data: 0.0001  max mem: 1904
[16:47:52.875705] Epoch: [2]  [ 540/1004]  eta: 0:00:53  lr: 0.000010  loss: 0.0014 (0.0389)  mae_m_mask: 0.6068 (0.6884)  rmse_m_mask: 0.7742 (0.8723)  normalized_mse_mask: 0.0014 (0.0389)  rmse_m_all: 13.6253 (12.7936)  actual_mask_ratio: 0.0704 (0.0696)  actual_prediction_mask_ratio: 0.2225 (0.2238)  ignored_patch_ratio: 0.0272 (0.0249)  time: 0.1151  data: 0.0001  max mem: 1904
[16:47:55.198965] Epoch: [2]  [ 560/1004]  eta: 0:00:51  lr: 0.000010  loss: 0.0051 (0.0379)  mae_m_mask: 0.6381 (0.6876)  rmse_m_mask: 0.8273 (0.8723)  normalized_mse_mask: 0.0051 (0.0379)  rmse_m_all: 12.7819 (12.7880)  actual_mask_ratio: 0.0692 (0.0696)  actual_prediction_mask_ratio: 0.2264 (0.2240)  ignored_patch_ratio: 0.0170 (0.0246)  time: 0.1161  data: 0.0001  max mem: 1904
[16:47:57.483876] Epoch: [2]  [ 580/1004]  eta: 0:00:49  lr: 0.000010  loss: 0.0175 (0.0392)  mae_m_mask: 0.6828 (0.6876)  rmse_m_mask: 0.8609 (0.8731)  normalized_mse_mask: 0.0175 (0.0392)  rmse_m_all: 12.9369 (12.8012)  actual_mask_ratio: 0.0690 (0.0697)  actual_prediction_mask_ratio: 0.2273 (0.2240)  ignored_patch_ratio: 0.0227 (0.0245)  time: 0.1142  data: 0.0001  max mem: 1904
[16:47:59.776089] Epoch: [2]  [ 600/1004]  eta: 0:00:46  lr: 0.000010  loss: 0.0033 (0.0398)  mae_m_mask: 0.7941 (0.6953)  rmse_m_mask: 1.0316 (0.8839)  normalized_mse_mask: 0.0033 (0.0398)  rmse_m_all: 13.1670 (12.8447)  actual_mask_ratio: 0.0665 (0.0696)  actual_prediction_mask_ratio: 0.2187 (0.2239)  ignored_patch_ratio: 0.0210 (0.0244)  time: 0.1146  data: 0.0001  max mem: 1904
[16:48:02.065325] Epoch: [2]  [ 620/1004]  eta: 0:00:44  lr: 0.000010  loss: 0.0048 (0.0391)  mae_m_mask: 0.6657 (0.6968)  rmse_m_mask: 0.7986 (0.8857)  normalized_mse_mask: 0.0048 (0.0391)  rmse_m_all: 12.7721 (12.8515)  actual_mask_ratio: 0.0709 (0.0696)  actual_prediction_mask_ratio: 0.2301 (0.2241)  ignored_patch_ratio: 0.0289 (0.0247)  time: 0.1144  data: 0.0001  max mem: 1904
[16:48:04.358469] Epoch: [2]  [ 640/1004]  eta: 0:00:42  lr: 0.000010  loss: 0.0158 (0.0392)  mae_m_mask: 0.6301 (0.6955)  rmse_m_mask: 0.7638 (0.8835)  normalized_mse_mask: 0.0158 (0.0392)  rmse_m_all: 13.5951 (12.8431)  actual_mask_ratio: 0.0699 (0.0696)  actual_prediction_mask_ratio: 0.2274 (0.2241)  ignored_patch_ratio: 0.0193 (0.0247)  time: 0.1146  data: 0.0001  max mem: 1904
[16:48:06.656124] Epoch: [2]  [ 660/1004]  eta: 0:00:39  lr: 0.000010  loss: 0.0059 (0.0387)  mae_m_mask: 0.5759 (0.6941)  rmse_m_mask: 0.7379 (0.8830)  normalized_mse_mask: 0.0059 (0.0387)  rmse_m_all: 11.9358 (12.8534)  actual_mask_ratio: 0.0719 (0.0697)  actual_prediction_mask_ratio: 0.2339 (0.2244)  ignored_patch_ratio: 0.0300 (0.0248)  time: 0.1149  data: 0.0001  max mem: 1904
[16:48:08.983356] Epoch: [2]  [ 680/1004]  eta: 0:00:37  lr: 0.000010  loss: 0.0036 (0.0383)  mae_m_mask: 0.6231 (0.6920)  rmse_m_mask: 0.7474 (0.8812)  normalized_mse_mask: 0.0036 (0.0383)  rmse_m_all: 12.6717 (12.8379)  actual_mask_ratio: 0.0678 (0.0697)  actual_prediction_mask_ratio: 0.2256 (0.2243)  ignored_patch_ratio: 0.0232 (0.0248)  time: 0.1163  data: 0.0001  max mem: 1904
[16:48:11.272005] Epoch: [2]  [ 700/1004]  eta: 0:00:35  lr: 0.000010  loss: 0.0086 (0.0387)  mae_m_mask: 0.5803 (0.6895)  rmse_m_mask: 0.7823 (0.8792)  normalized_mse_mask: 0.0086 (0.0387)  rmse_m_all: 11.0546 (12.7912)  actual_mask_ratio: 0.0699 (0.0698)  actual_prediction_mask_ratio: 0.2194 (0.2245)  ignored_patch_ratio: 0.0147 (0.0246)  time: 0.1144  data: 0.0001  max mem: 1904
[16:48:13.573119] Epoch: [2]  [ 720/1004]  eta: 0:00:32  lr: 0.000010  loss: 0.0083 (0.0389)  mae_m_mask: 0.6618 (0.6892)  rmse_m_mask: 0.8929 (0.8787)  normalized_mse_mask: 0.0083 (0.0389)  rmse_m_all: 11.8394 (12.7896)  actual_mask_ratio: 0.0715 (0.0698)  actual_prediction_mask_ratio: 0.2295 (0.2247)  ignored_patch_ratio: 0.0227 (0.0245)  time: 0.1150  data: 0.0001  max mem: 1904
[16:48:15.868654] Epoch: [2]  [ 740/1004]  eta: 0:00:30  lr: 0.000010  loss: 0.0081 (0.0394)  mae_m_mask: 0.7318 (0.6897)  rmse_m_mask: 0.7884 (0.8789)  normalized_mse_mask: 0.0081 (0.0394)  rmse_m_all: 12.4267 (12.7799)  actual_mask_ratio: 0.0684 (0.0698)  actual_prediction_mask_ratio: 0.2237 (0.2247)  ignored_patch_ratio: 0.0221 (0.0245)  time: 0.1147  data: 0.0001  max mem: 1904
[16:48:18.180517] Epoch: [2]  [ 760/1004]  eta: 0:00:28  lr: 0.000010  loss: 0.0050 (0.0389)  mae_m_mask: 0.8703 (0.6968)  rmse_m_mask: 1.1339 (0.8871)  normalized_mse_mask: 0.0050 (0.0389)  rmse_m_all: 12.6673 (12.8099)  actual_mask_ratio: 0.0703 (0.0699)  actual_prediction_mask_ratio: 0.2263 (0.2248)  ignored_patch_ratio: 0.0204 (0.0245)  time: 0.1156  data: 0.0001  max mem: 1904
[16:48:20.474119] Epoch: [2]  [ 780/1004]  eta: 0:00:25  lr: 0.000010  loss: 0.0299 (0.0396)  mae_m_mask: 0.6497 (0.6978)  rmse_m_mask: 0.8849 (0.8892)  normalized_mse_mask: 0.0299 (0.0396)  rmse_m_all: 13.0096 (12.8083)  actual_mask_ratio: 0.0712 (0.0699)  actual_prediction_mask_ratio: 0.2340 (0.2250)  ignored_patch_ratio: 0.0249 (0.0245)  time: 0.1146  data: 0.0001  max mem: 1904
[16:48:22.672547] Epoch: [2]  [ 800/1004]  eta: 0:00:23  lr: 0.000010  loss: 0.0138 (0.0395)  mae_m_mask: 0.6017 (0.6972)  rmse_m_mask: 0.7756 (0.8887)  normalized_mse_mask: 0.0138 (0.0395)  rmse_m_all: 12.5659 (12.7928)  actual_mask_ratio: 0.0699 (0.0699)  actual_prediction_mask_ratio: 0.2286 (0.2251)  ignored_patch_ratio: 0.0238 (0.0245)  time: 0.1099  data: 0.0001  max mem: 1904
[16:48:24.920073] Epoch: [2]  [ 820/1004]  eta: 0:00:21  lr: 0.000010  loss: 0.0059 (0.0389)  mae_m_mask: 0.6294 (0.6959)  rmse_m_mask: 0.7769 (0.8868)  normalized_mse_mask: 0.0059 (0.0389)  rmse_m_all: 12.7179 (12.7977)  actual_mask_ratio: 0.0699 (0.0699)  actual_prediction_mask_ratio: 0.2309 (0.2252)  ignored_patch_ratio: 0.0244 (0.0245)  time: 0.1123  data: 0.0001  max mem: 1904
[16:48:27.150065] Epoch: [2]  [ 840/1004]  eta: 0:00:18  lr: 0.000010  loss: 0.0048 (0.0396)  mae_m_mask: 0.6435 (0.6958)  rmse_m_mask: 0.7654 (0.8863)  normalized_mse_mask: 0.0048 (0.0396)  rmse_m_all: 12.6012 (12.7945)  actual_mask_ratio: 0.0703 (0.0699)  actual_prediction_mask_ratio: 0.2233 (0.2250)  ignored_patch_ratio: 0.0255 (0.0246)  time: 0.1115  data: 0.0001  max mem: 1904
[16:48:29.378806] Epoch: [2]  [ 860/1004]  eta: 0:00:16  lr: 0.000010  loss: 0.0022 (0.0396)  mae_m_mask: 0.6391 (0.6955)  rmse_m_mask: 0.8557 (0.8861)  normalized_mse_mask: 0.0022 (0.0396)  rmse_m_all: 13.8209 (12.8124)  actual_mask_ratio: 0.0709 (0.0699)  actual_prediction_mask_ratio: 0.2260 (0.2251)  ignored_patch_ratio: 0.0244 (0.0247)  time: 0.1114  data: 0.0001  max mem: 1904
[16:48:31.613207] Epoch: [2]  [ 880/1004]  eta: 0:00:14  lr: 0.000010  loss: 0.0042 (0.0395)  mae_m_mask: 0.5856 (0.6940)  rmse_m_mask: 0.7311 (0.8841)  normalized_mse_mask: 0.0042 (0.0395)  rmse_m_all: 12.4623 (12.8165)  actual_mask_ratio: 0.0679 (0.0699)  actual_prediction_mask_ratio: 0.2243 (0.2251)  ignored_patch_ratio: 0.0261 (0.0248)  time: 0.1117  data: 0.0001  max mem: 1904
[16:48:33.852919] Epoch: [2]  [ 900/1004]  eta: 0:00:11  lr: 0.000010  loss: 0.0032 (0.0392)  mae_m_mask: 0.7054 (0.6953)  rmse_m_mask: 0.9113 (0.8856)  normalized_mse_mask: 0.0032 (0.0392)  rmse_m_all: 13.0894 (12.8120)  actual_mask_ratio: 0.0658 (0.0699)  actual_prediction_mask_ratio: 0.2150 (0.2249)  ignored_patch_ratio: 0.0119 (0.0246)  time: 0.1120  data: 0.0001  max mem: 1904
[16:48:36.125683] Epoch: [2]  [ 920/1004]  eta: 0:00:09  lr: 0.000010  loss: 0.0045 (0.0396)  mae_m_mask: 0.5732 (0.6924)  rmse_m_mask: 0.7422 (0.8821)  normalized_mse_mask: 0.0045 (0.0396)  rmse_m_all: 12.7534 (12.8131)  actual_mask_ratio: 0.0710 (0.0699)  actual_prediction_mask_ratio: 0.2253 (0.2250)  ignored_patch_ratio: 0.0198 (0.0246)  time: 0.1136  data: 0.0001  max mem: 1904
[16:48:38.336088] Epoch: [2]  [ 940/1004]  eta: 0:00:07  lr: 0.000010  loss: 0.0046 (0.0391)  mae_m_mask: 0.6013 (0.6911)  rmse_m_mask: 0.7692 (0.8799)  normalized_mse_mask: 0.0046 (0.0391)  rmse_m_all: 11.1428 (12.7898)  actual_mask_ratio: 0.0699 (0.0699)  actual_prediction_mask_ratio: 0.2299 (0.2250)  ignored_patch_ratio: 0.0187 (0.0245)  time: 0.1105  data: 0.0001  max mem: 1904
[16:48:40.591508] Epoch: [2]  [ 960/1004]  eta: 0:00:05  lr: 0.000010  loss: 0.0026 (0.0388)  mae_m_mask: 0.6907 (0.6895)  rmse_m_mask: 0.8564 (0.8778)  normalized_mse_mask: 0.0026 (0.0388)  rmse_m_all: 13.0474 (12.7883)  actual_mask_ratio: 0.0710 (0.0699)  actual_prediction_mask_ratio: 0.2288 (0.2250)  ignored_patch_ratio: 0.0323 (0.0246)  time: 0.1127  data: 0.0001  max mem: 1904
[16:48:42.824273] Epoch: [2]  [ 980/1004]  eta: 0:00:02  lr: 0.000010  loss: 0.0020 (0.0382)  mae_m_mask: 0.5229 (0.6868)  rmse_m_mask: 0.6529 (0.8744)  normalized_mse_mask: 0.0020 (0.0382)  rmse_m_all: 12.3925 (12.7821)  actual_mask_ratio: 0.0672 (0.0699)  actual_prediction_mask_ratio: 0.2171 (0.2249)  ignored_patch_ratio: 0.0170 (0.0245)  time: 0.1116  data: 0.0001  max mem: 1904
[16:48:45.038131] Epoch: [2]  [1000/1004]  eta: 0:00:00  lr: 0.000010  loss: 0.0143 (0.0380)  mae_m_mask: 0.7026 (0.6881)  rmse_m_mask: 0.9051 (0.8772)  normalized_mse_mask: 0.0143 (0.0380)  rmse_m_all: 10.9892 (12.7616)  actual_mask_ratio: 0.0680 (0.0699)  actual_prediction_mask_ratio: 0.2225 (0.2248)  ignored_patch_ratio: 0.0215 (0.0245)  time: 0.1107  data: 0.0001  max mem: 1904
[16:48:45.374907] Epoch: [2]  [1003/1004]  eta: 0:00:00  lr: 0.000010  loss: 0.0143 (0.0379)  mae_m_mask: 0.6971 (0.6881)  rmse_m_mask: 0.8805 (0.8771)  normalized_mse_mask: 0.0143 (0.0379)  rmse_m_all: 11.1070 (12.7652)  actual_mask_ratio: 0.0676 (0.0698)  actual_prediction_mask_ratio: 0.2207 (0.2248)  ignored_patch_ratio: 0.0261 (0.0245)  time: 0.1106  data: 0.0001  max mem: 1904
[16:48:45.402550] Epoch: [2] Total time: 0:01:55 (0.1146 s / it)
[16:48:45.404684] Averaged stats: {'lr': 9.989277491163284e-06, 'loss': 0.03750684519761739, 'mae_m_mask': 0.6869037325629728, 'rmse_m_mask': 0.9295091326821333, 'normalized_mse_mask': 0.03750684519761739, 'rmse_m_all': 12.765169093689595, 'actual_mask_ratio': 0.06984861721971121, 'actual_prediction_mask_ratio': 0.2247787836894571, 'ignored_patch_ratio': 0.024530549863895097, 'supervised_pixel_count': 19824973.0}
[16:48:45.567927] Val: [2]  [  0/288]  eta: 0:00:46  loss: 0.0258 (0.0258)  mae_m_mask: 0.3243 (0.3243)  rmse_m_mask: 0.4298 (0.4298)  normalized_mse_mask: 0.0258 (0.0258)  rmse_m_all: 5.7022 (5.7022)  actual_mask_ratio: 0.0607 (0.0607)  actual_prediction_mask_ratio: 0.2001 (0.2001)  ignored_patch_ratio: 0.0000 (0.0000)  time: 0.1609  data: 0.0831  max mem: 1904
[16:48:49.700208] Val: [2]  [ 50/288]  eta: 0:00:20  loss: 0.0387 (0.0863)  mae_m_mask: 0.2947 (0.3222)  rmse_m_mask: 0.3610 (0.3872)  normalized_mse_mask: 0.0387 (0.0863)  rmse_m_all: 1.0552 (3.7422)  actual_mask_ratio: 0.0663 (0.0715)  actual_prediction_mask_ratio: 0.2336 (0.2372)  ignored_patch_ratio: 0.0000 (0.0000)  time: 0.0830  data: 0.0001  max mem: 1904
[16:48:53.900000] Val: [2]  [100/288]  eta: 0:00:15  loss: 0.1174 (0.1476)  mae_m_mask: 0.3379 (0.3519)  rmse_m_mask: 0.3843 (0.4298)  normalized_mse_mask: 0.1174 (0.1476)  rmse_m_all: 0.7326 (3.2971)  actual_mask_ratio: 0.0714 (0.0723)  actual_prediction_mask_ratio: 0.2239 (0.2366)  ignored_patch_ratio: 0.0000 (0.0000)  time: 0.0839  data: 0.0001  max mem: 1904
[16:48:58.096414] Val: [2]  [150/288]  eta: 0:00:11  loss: 0.0201 (0.1456)  mae_m_mask: 0.3439 (0.3559)  rmse_m_mask: 0.4303 (0.4291)  normalized_mse_mask: 0.0201 (0.1456)  rmse_m_all: 2.3222 (2.9107)  actual_mask_ratio: 0.0743 (0.0723)  actual_prediction_mask_ratio: 0.2443 (0.2367)  ignored_patch_ratio: 0.0000 (0.0000)  time: 0.0838  data: 0.0001  max mem: 1904
[16:49:02.286933] Val: [2]  [200/288]  eta: 0:00:07  loss: 0.3236 (0.1948)  mae_m_mask: 0.2510 (0.3626)  rmse_m_mask: 0.3220 (0.4413)  normalized_mse_mask: 0.3236 (0.1948)  rmse_m_all: 0.4342 (2.4834)  actual_mask_ratio: 0.0743 (0.0732)  actual_prediction_mask_ratio: 0.2545 (0.2410)  ignored_patch_ratio: 0.0000 (0.0000)  time: 0.0839  data: 0.0001  max mem: 1904
[16:49:06.661624] Val: [2]  [250/288]  eta: 0:00:03  loss: 0.0568 (0.1734)  mae_m_mask: 0.2701 (0.3478)  rmse_m_mask: 0.3221 (0.4228)  normalized_mse_mask: 0.0568 (0.1734)  rmse_m_all: 1.2809 (2.4055)  actual_mask_ratio: 0.0822 (0.0748)  actual_prediction_mask_ratio: 0.2591 (0.2448)  ignored_patch_ratio: 0.0000 (0.0000)  time: 0.1051  data: 0.0544  max mem: 1904
[16:49:07.820955] Val: [2]  [287/288]  eta: 0:00:00  loss: 0.0200 (0.1571)  mae_m_mask: 0.2547 (0.3379)  rmse_m_mask: 0.2939 (0.4113)  normalized_mse_mask: 0.0200 (0.1571)  rmse_m_all: 1.0562 (2.5604)  actual_mask_ratio: 0.0760 (0.0749)  actual_prediction_mask_ratio: 0.2523 (0.2453)  ignored_patch_ratio: 0.0000 (0.0000)  time: 0.0272  data: 0.0001  max mem: 1904
[16:49:07.842527] Val: [2] Total time: 0:00:22 (0.0779 s / it)
[16:49:07.842900] val stats: {'loss': 0.14838304466502672, 'mae_m_mask': 0.33698221772736037, 'rmse_m_mask': 0.45157381290097404, 'normalized_mse_mask': 0.14838304466502672, 'rmse_m_all': 2.560440350116955, 'actual_mask_ratio': 0.07494737871456891, 'actual_prediction_mask_ratio': 0.24532247381284833, 'ignored_patch_ratio': 0.0, 'supervised_pixel_count': 5936124.0}
[16:49:12.995637] log_dir: /tank/data/SFS/xinyis/data/bathymetry/MAE-Topography/Downstream_Task_Bathy/cross_validation_v5_Stage2NormMSE_MeterSelect/runs/holdout_CO_D004Stage2NormMSE_MeterSelect_D001NoDataSafe/train_stage2_normMSE_meterSelect_CO_UpperColorado_Topobathy_1_2020_fromStage1Best_e120_lr1e-5_b4_acc4/tb
[16:49:13.186916] Epoch: [3]  [   0/1004]  eta: 0:03:11  lr: 0.000010  loss: 0.0060 (0.0060)  mae_m_mask: 0.5585 (0.5585)  rmse_m_mask: 0.6969 (0.6969)  normalized_mse_mask: 0.0060 (0.0060)  rmse_m_all: 17.9380 (17.9380)  actual_mask_ratio: 0.0673 (0.0673)  actual_prediction_mask_ratio: 0.2251 (0.2251)  ignored_patch_ratio: 0.0227 (0.0227)  time: 0.1908  data: 0.0860  max mem: 1904
[16:49:15.501383] Epoch: [3]  [  20/1004]  eta: 0:01:57  lr: 0.000010  loss: 0.0024 (0.0272)  mae_m_mask: 0.6118 (0.6707)  rmse_m_mask: 0.7731 (0.8704)  normalized_mse_mask: 0.0024 (0.0272)  rmse_m_all: 14.8855 (13.9963)  actual_mask_ratio: 0.0706 (0.0699)  actual_prediction_mask_ratio: 0.2214 (0.2246)  ignored_patch_ratio: 0.0272 (0.0298)  time: 0.1157  data: 0.0001  max mem: 1904
[16:49:17.814403] Epoch: [3]  [  40/1004]  eta: 0:01:53  lr: 0.000010  loss: 0.0047 (0.0283)  mae_m_mask: 0.6114 (0.6540)  rmse_m_mask: 0.7723 (0.8379)  normalized_mse_mask: 0.0047 (0.0283)  rmse_m_all: 13.3741 (13.6333)  actual_mask_ratio: 0.0654 (0.0687)  actual_prediction_mask_ratio: 0.2126 (0.2214)  ignored_patch_ratio: 0.0249 (0.0266)  time: 0.1156  data: 0.0001  max mem: 1904
[16:49:20.137385] Epoch: [3]  [  60/1004]  eta: 0:01:50  lr: 0.000010  loss: 0.0068 (0.0250)  mae_m_mask: 0.5509 (0.6489)  rmse_m_mask: 0.7734 (0.8285)  normalized_mse_mask: 0.0068 (0.0250)  rmse_m_all: 14.1412 (13.3417)  actual_mask_ratio: 0.0675 (0.0688)  actual_prediction_mask_ratio: 0.2187 (0.2212)  ignored_patch_ratio: 0.0295 (0.0289)  time: 0.1161  data: 0.0001  max mem: 1904
[16:49:22.468138] Epoch: [3]  [  80/1004]  eta: 0:01:48  lr: 0.000010  loss: 0.0032 (0.0217)  mae_m_mask: 0.5887 (0.6411)  rmse_m_mask: 0.7362 (0.8226)  normalized_mse_mask: 0.0032 (0.0217)  rmse_m_all: 14.1680 (13.5592)  actual_mask_ratio: 0.0709 (0.0690)  actual_prediction_mask_ratio: 0.2234 (0.2222)  ignored_patch_ratio: 0.0204 (0.0281)  time: 0.1165  data: 0.0001  max mem: 1904
[16:49:24.779331] Epoch: [3]  [ 100/1004]  eta: 0:01:45  lr: 0.000010  loss: 0.0103 (0.0268)  mae_m_mask: 0.5259 (0.6299)  rmse_m_mask: 0.6543 (0.8081)  normalized_mse_mask: 0.0103 (0.0268)  rmse_m_all: 13.3033 (13.4435)  actual_mask_ratio: 0.0679 (0.0689)  actual_prediction_mask_ratio: 0.2210 (0.2221)  ignored_patch_ratio: 0.0221 (0.0275)  time: 0.1155  data: 0.0001  max mem: 1904
[16:49:27.102546] Epoch: [3]  [ 120/1004]  eta: 0:01:43  lr: 0.000010  loss: 0.0077 (0.0258)  mae_m_mask: 0.6627 (0.6504)  rmse_m_mask: 0.8284 (0.8367)  normalized_mse_mask: 0.0077 (0.0258)  rmse_m_all: 14.0230 (13.5373)  actual_mask_ratio: 0.0726 (0.0692)  actual_prediction_mask_ratio: 0.2243 (0.2225)  ignored_patch_ratio: 0.0170 (0.0264)  time: 0.1161  data: 0.0001  max mem: 1904
[16:49:29.407159] Epoch: [3]  [ 140/1004]  eta: 0:01:40  lr: 0.000010  loss: 0.0070 (0.0315)  mae_m_mask: 0.7621 (0.6640)  rmse_m_mask: 0.9644 (0.8509)  normalized_mse_mask: 0.0070 (0.0315)  rmse_m_all: 12.6947 (13.4141)  actual_mask_ratio: 0.0723 (0.0696)  actual_prediction_mask_ratio: 0.2282 (0.2232)  ignored_patch_ratio: 0.0193 (0.0255)  time: 0.1152  data: 0.0001  max mem: 1904
[16:49:31.709477] Epoch: [3]  [ 160/1004]  eta: 0:01:38  lr: 0.000010  loss: 0.0055 (0.0322)  mae_m_mask: 0.6252 (0.6600)  rmse_m_mask: 0.7459 (0.8491)  normalized_mse_mask: 0.0055 (0.0322)  rmse_m_all: 13.2283 (13.3360)  actual_mask_ratio: 0.0685 (0.0695)  actual_prediction_mask_ratio: 0.2207 (0.2235)  ignored_patch_ratio: 0.0164 (0.0246)  time: 0.1151  data: 0.0001  max mem: 1904
[16:49:34.019550] Epoch: [3]  [ 180/1004]  eta: 0:01:35  lr: 0.000010  loss: 0.0047 (0.0307)  mae_m_mask: 0.6577 (0.6566)  rmse_m_mask: 0.7935 (0.8426)  normalized_mse_mask: 0.0047 (0.0307)  rmse_m_all: 11.9887 (13.2637)  actual_mask_ratio: 0.0714 (0.0697)  actual_prediction_mask_ratio: 0.2302 (0.2240)  ignored_patch_ratio: 0.0204 (0.0243)  time: 0.1155  data: 0.0001  max mem: 1904
[16:49:36.318938] Epoch: [3]  [ 200/1004]  eta: 0:01:33  lr: 0.000010  loss: 0.0080 (0.0312)  mae_m_mask: 0.6966 (0.6582)  rmse_m_mask: 0.8162 (0.8416)  normalized_mse_mask: 0.0080 (0.0312)  rmse_m_all: 11.2879 (13.1871)  actual_mask_ratio: 0.0724 (0.0698)  actual_prediction_mask_ratio: 0.2316 (0.2246)  ignored_patch_ratio: 0.0193 (0.0241)  time: 0.1149  data: 0.0001  max mem: 1904
[16:49:38.615326] Epoch: [3]  [ 220/1004]  eta: 0:01:30  lr: 0.000010  loss: 0.0251 (0.0354)  mae_m_mask: 0.6260 (0.6642)  rmse_m_mask: 0.9162 (0.8518)  normalized_mse_mask: 0.0251 (0.0354)  rmse_m_all: 10.0173 (12.9578)  actual_mask_ratio: 0.0719 (0.0698)  actual_prediction_mask_ratio: 0.2324 (0.2250)  ignored_patch_ratio: 0.0221 (0.0242)  time: 0.1148  data: 0.0001  max mem: 1904
[16:49:40.943349] Epoch: [3]  [ 240/1004]  eta: 0:01:28  lr: 0.000010  loss: 0.0093 (0.0377)  mae_m_mask: 0.7403 (0.6732)  rmse_m_mask: 0.8686 (0.8605)  normalized_mse_mask: 0.0093 (0.0377)  rmse_m_all: 10.3759 (12.8953)  actual_mask_ratio: 0.0681 (0.0697)  actual_prediction_mask_ratio: 0.2241 (0.2249)  ignored_patch_ratio: 0.0244 (0.0241)  time: 0.1164  data: 0.0001  max mem: 1904
[16:49:43.243380] Epoch: [3]  [ 260/1004]  eta: 0:01:26  lr: 0.000010  loss: 0.0174 (0.0414)  mae_m_mask: 0.5953 (0.6690)  rmse_m_mask: 0.7538 (0.8581)  normalized_mse_mask: 0.0174 (0.0414)  rmse_m_all: 12.7474 (12.8383)  actual_mask_ratio: 0.0707 (0.0699)  actual_prediction_mask_ratio: 0.2368 (0.2254)  ignored_patch_ratio: 0.0215 (0.0240)  time: 0.1150  data: 0.0001  max mem: 1904
[16:49:45.543022] Epoch: [3]  [ 280/1004]  eta: 0:01:23  lr: 0.000010  loss: 0.0048 (0.0406)  mae_m_mask: 0.6129 (0.6718)  rmse_m_mask: 0.8568 (0.8601)  normalized_mse_mask: 0.0048 (0.0406)  rmse_m_all: 14.2825 (12.9463)  actual_mask_ratio: 0.0701 (0.0700)  actual_prediction_mask_ratio: 0.2220 (0.2254)  ignored_patch_ratio: 0.0283 (0.0245)  time: 0.1149  data: 0.0001  max mem: 1904
[16:49:47.848584] Epoch: [3]  [ 300/1004]  eta: 0:01:21  lr: 0.000010  loss: 0.0071 (0.0411)  mae_m_mask: 0.6522 (0.6720)  rmse_m_mask: 0.8670 (0.8595)  normalized_mse_mask: 0.0071 (0.0411)  rmse_m_all: 11.5934 (12.8474)  actual_mask_ratio: 0.0715 (0.0700)  actual_prediction_mask_ratio: 0.2326 (0.2254)  ignored_patch_ratio: 0.0221 (0.0245)  time: 0.1152  data: 0.0001  max mem: 1904
[16:49:50.163707] Epoch: [3]  [ 320/1004]  eta: 0:01:19  lr: 0.000010  loss: 0.0098 (0.0418)  mae_m_mask: 0.7648 (0.6792)  rmse_m_mask: 0.9014 (0.8670)  normalized_mse_mask: 0.0098 (0.0418)  rmse_m_all: 12.3104 (12.8545)  actual_mask_ratio: 0.0705 (0.0701)  actual_prediction_mask_ratio: 0.2274 (0.2255)  ignored_patch_ratio: 0.0278 (0.0246)  time: 0.1157  data: 0.0001  max mem: 1904
[16:49:52.465254] Epoch: [3]  [ 340/1004]  eta: 0:01:16  lr: 0.000010  loss: 0.0055 (0.0412)  mae_m_mask: 0.7690 (0.6877)  rmse_m_mask: 0.9536 (0.8754)  normalized_mse_mask: 0.0055 (0.0412)  rmse_m_all: 12.3761 (12.8448)  actual_mask_ratio: 0.0723 (0.0701)  actual_prediction_mask_ratio: 0.2333 (0.2257)  ignored_patch_ratio: 0.0249 (0.0245)  time: 0.1150  data: 0.0001  max mem: 1904
[16:49:54.757612] Epoch: [3]  [ 360/1004]  eta: 0:01:14  lr: 0.000010  loss: 0.0081 (0.0409)  mae_m_mask: 0.6192 (0.6888)  rmse_m_mask: 0.8105 (0.8773)  normalized_mse_mask: 0.0081 (0.0409)  rmse_m_all: 11.7367 (12.8065)  actual_mask_ratio: 0.0745 (0.0704)  actual_prediction_mask_ratio: 0.2354 (0.2263)  ignored_patch_ratio: 0.0164 (0.0242)  time: 0.1146  data: 0.0001  max mem: 1904
[16:49:57.076254] Epoch: [3]  [ 380/1004]  eta: 0:01:12  lr: 0.000010  loss: 0.0051 (0.0399)  mae_m_mask: 0.7036 (0.6909)  rmse_m_mask: 0.9183 (0.8808)  normalized_mse_mask: 0.0051 (0.0399)  rmse_m_all: 12.9099 (12.8180)  actual_mask_ratio: 0.0709 (0.0703)  actual_prediction_mask_ratio: 0.2246 (0.2261)  ignored_patch_ratio: 0.0142 (0.0239)  time: 0.1159  data: 0.0001  max mem: 1904
[16:49:59.353727] Epoch: [3]  [ 400/1004]  eta: 0:01:09  lr: 0.000010  loss: 0.0021 (0.0400)  mae_m_mask: 0.5925 (0.6887)  rmse_m_mask: 0.8070 (0.8778)  normalized_mse_mask: 0.0021 (0.0400)  rmse_m_all: 13.2154 (12.8430)  actual_mask_ratio: 0.0726 (0.0704)  actual_prediction_mask_ratio: 0.2280 (0.2264)  ignored_patch_ratio: 0.0193 (0.0238)  time: 0.1138  data: 0.0001  max mem: 1904
[16:50:01.659061] Epoch: [3]  [ 420/1004]  eta: 0:01:07  lr: 0.000010  loss: 0.0088 (0.0404)  mae_m_mask: 0.5812 (0.6897)  rmse_m_mask: 0.7718 (0.8796)  normalized_mse_mask: 0.0088 (0.0404)  rmse_m_all: 13.1308 (12.8573)  actual_mask_ratio: 0.0664 (0.0703)  actual_prediction_mask_ratio: 0.2130 (0.2261)  ignored_patch_ratio: 0.0204 (0.0239)  time: 0.1152  data: 0.0001  max mem: 1904
[16:50:03.969092] Epoch: [3]  [ 440/1004]  eta: 0:01:05  lr: 0.000010  loss: 0.0081 (0.0403)  mae_m_mask: 0.6816 (0.6889)  rmse_m_mask: 0.8176 (0.8791)  normalized_mse_mask: 0.0081 (0.0403)  rmse_m_all: 11.1164 (12.8526)  actual_mask_ratio: 0.0679 (0.0703)  actual_prediction_mask_ratio: 0.2218 (0.2260)  ignored_patch_ratio: 0.0232 (0.0241)  time: 0.1155  data: 0.0001  max mem: 1904
[16:50:06.272102] Epoch: [3]  [ 460/1004]  eta: 0:01:02  lr: 0.000010  loss: 0.0024 (0.0404)  mae_m_mask: 0.5894 (0.6849)  rmse_m_mask: 0.7531 (0.8741)  normalized_mse_mask: 0.0024 (0.0404)  rmse_m_all: 11.6249 (12.8266)  actual_mask_ratio: 0.0691 (0.0702)  actual_prediction_mask_ratio: 0.2213 (0.2258)  ignored_patch_ratio: 0.0187 (0.0238)  time: 0.1151  data: 0.0001  max mem: 1904
[16:50:08.560539] Epoch: [3]  [ 480/1004]  eta: 0:01:00  lr: 0.000010  loss: 0.0029 (0.0405)  mae_m_mask: 0.6685 (0.6852)  rmse_m_mask: 0.8102 (0.8735)  normalized_mse_mask: 0.0029 (0.0405)  rmse_m_all: 14.1567 (12.8613)  actual_mask_ratio: 0.0699 (0.0702)  actual_prediction_mask_ratio: 0.2234 (0.2257)  ignored_patch_ratio: 0.0238 (0.0238)  time: 0.1144  data: 0.0001  max mem: 1904
[16:50:10.867925] Epoch: [3]  [ 500/1004]  eta: 0:00:58  lr: 0.000010  loss: 0.0038 (0.0394)  mae_m_mask: 0.5301 (0.6803)  rmse_m_mask: 0.6764 (0.8664)  normalized_mse_mask: 0.0038 (0.0394)  rmse_m_all: 12.6723 (12.8454)  actual_mask_ratio: 0.0652 (0.0700)  actual_prediction_mask_ratio: 0.2181 (0.2252)  ignored_patch_ratio: 0.0181 (0.0238)  time: 0.1153  data: 0.0001  max mem: 1904
[16:50:13.170254] Epoch: [3]  [ 520/1004]  eta: 0:00:55  lr: 0.000010  loss: 0.0058 (0.0393)  mae_m_mask: 0.4540 (0.6755)  rmse_m_mask: 0.5754 (0.8596)  normalized_mse_mask: 0.0058 (0.0393)  rmse_m_all: 11.7185 (12.8197)  actual_mask_ratio: 0.0699 (0.0701)  actual_prediction_mask_ratio: 0.2349 (0.2255)  ignored_patch_ratio: 0.0221 (0.0237)  time: 0.1151  data: 0.0001  max mem: 1904
[16:50:15.487142] Epoch: [3]  [ 540/1004]  eta: 0:00:53  lr: 0.000010  loss: 0.0118 (0.0399)  mae_m_mask: 0.6277 (0.6749)  rmse_m_mask: 0.8004 (0.8589)  normalized_mse_mask: 0.0118 (0.0399)  rmse_m_all: 11.9359 (12.8400)  actual_mask_ratio: 0.0700 (0.0701)  actual_prediction_mask_ratio: 0.2259 (0.2255)  ignored_patch_ratio: 0.0215 (0.0239)  time: 0.1158  data: 0.0001  max mem: 1904
[16:50:17.801815] Epoch: [3]  [ 560/1004]  eta: 0:00:51  lr: 0.000010  loss: 0.0017 (0.0392)  mae_m_mask: 0.6436 (0.6743)  rmse_m_mask: 0.7995 (0.8584)  normalized_mse_mask: 0.0017 (0.0392)  rmse_m_all: 13.9829 (12.8549)  actual_mask_ratio: 0.0691 (0.0700)  actual_prediction_mask_ratio: 0.2165 (0.2252)  ignored_patch_ratio: 0.0227 (0.0239)  time: 0.1157  data: 0.0001  max mem: 1904
[16:50:20.116595] Epoch: [3]  [ 580/1004]  eta: 0:00:48  lr: 0.000010  loss: 0.0029 (0.0386)  mae_m_mask: 0.5365 (0.6734)  rmse_m_mask: 0.8080 (0.8570)  normalized_mse_mask: 0.0029 (0.0386)  rmse_m_all: 12.0783 (12.8384)  actual_mask_ratio: 0.0686 (0.0699)  actual_prediction_mask_ratio: 0.2217 (0.2252)  ignored_patch_ratio: 0.0261 (0.0241)  time: 0.1157  data: 0.0001  max mem: 1904
[16:50:22.428072] Epoch: [3]  [ 600/1004]  eta: 0:00:46  lr: 0.000010  loss: 0.0040 (0.0384)  mae_m_mask: 0.6074 (0.6723)  rmse_m_mask: 0.8029 (0.8572)  normalized_mse_mask: 0.0040 (0.0384)  rmse_m_all: 12.1566 (12.7994)  actual_mask_ratio: 0.0698 (0.0700)  actual_prediction_mask_ratio: 0.2323 (0.2255)  ignored_patch_ratio: 0.0278 (0.0241)  time: 0.1155  data: 0.0001  max mem: 1904
[16:50:24.744760] Epoch: [3]  [ 620/1004]  eta: 0:00:44  lr: 0.000010  loss: 0.0080 (0.0382)  mae_m_mask: 0.5897 (0.6696)  rmse_m_mask: 0.7936 (0.8552)  normalized_mse_mask: 0.0080 (0.0382)  rmse_m_all: 11.5879 (12.7843)  actual_mask_ratio: 0.0711 (0.0701)  actual_prediction_mask_ratio: 0.2335 (0.2258)  ignored_patch_ratio: 0.0193 (0.0241)  time: 0.1158  data: 0.0001  max mem: 1904
[16:50:27.028449] Epoch: [3]  [ 640/1004]  eta: 0:00:42  lr: 0.000010  loss: 0.0072 (0.0391)  mae_m_mask: 0.6507 (0.6685)  rmse_m_mask: 0.8011 (0.8547)  normalized_mse_mask: 0.0072 (0.0391)  rmse_m_all: 12.3243 (12.7947)  actual_mask_ratio: 0.0705 (0.0701)  actual_prediction_mask_ratio: 0.2183 (0.2257)  ignored_patch_ratio: 0.0193 (0.0240)  time: 0.1142  data: 0.0001  max mem: 1904
[16:50:29.327947] Epoch: [3]  [ 660/1004]  eta: 0:00:39  lr: 0.000010  loss: 0.0056 (0.0386)  mae_m_mask: 0.6759 (0.6695)  rmse_m_mask: 0.9336 (0.8567)  normalized_mse_mask: 0.0056 (0.0386)  rmse_m_all: 13.4132 (12.8182)  actual_mask_ratio: 0.0659 (0.0700)  actual_prediction_mask_ratio: 0.2106 (0.2255)  ignored_patch_ratio: 0.0244 (0.0241)  time: 0.1149  data: 0.0001  max mem: 1904
[16:50:31.643027] Epoch: [3]  [ 680/1004]  eta: 0:00:37  lr: 0.000010  loss: 0.0032 (0.0379)  mae_m_mask: 0.6330 (0.6680)  rmse_m_mask: 0.7331 (0.8547)  normalized_mse_mask: 0.0032 (0.0379)  rmse_m_all: 11.4085 (12.8043)  actual_mask_ratio: 0.0702 (0.0700)  actual_prediction_mask_ratio: 0.2306 (0.2255)  ignored_patch_ratio: 0.0244 (0.0240)  time: 0.1157  data: 0.0001  max mem: 1904
[16:50:33.956600] Epoch: [3]  [ 700/1004]  eta: 0:00:35  lr: 0.000010  loss: 0.0028 (0.0377)  mae_m_mask: 0.6169 (0.6676)  rmse_m_mask: 0.7648 (0.8539)  normalized_mse_mask: 0.0028 (0.0377)  rmse_m_all: 11.2000 (12.7902)  actual_mask_ratio: 0.0702 (0.0700)  actual_prediction_mask_ratio: 0.2267 (0.2255)  ignored_patch_ratio: 0.0210 (0.0239)  time: 0.1156  data: 0.0001  max mem: 1904
[16:50:36.270117] Epoch: [3]  [ 720/1004]  eta: 0:00:32  lr: 0.000010  loss: 0.0019 (0.0381)  mae_m_mask: 0.5028 (0.6635)  rmse_m_mask: 0.6756 (0.8486)  normalized_mse_mask: 0.0019 (0.0381)  rmse_m_all: 12.6328 (12.8088)  actual_mask_ratio: 0.0697 (0.0700)  actual_prediction_mask_ratio: 0.2192 (0.2254)  ignored_patch_ratio: 0.0249 (0.0239)  time: 0.1156  data: 0.0001  max mem: 1904
[16:50:38.582235] Epoch: [3]  [ 740/1004]  eta: 0:00:30  lr: 0.000010  loss: 0.0211 (0.0392)  mae_m_mask: 0.5682 (0.6624)  rmse_m_mask: 0.7471 (0.8473)  normalized_mse_mask: 0.0211 (0.0392)  rmse_m_all: 12.3175 (12.7787)  actual_mask_ratio: 0.0703 (0.0700)  actual_prediction_mask_ratio: 0.2242 (0.2255)  ignored_patch_ratio: 0.0238 (0.0240)  time: 0.1156  data: 0.0001  max mem: 1904
[16:50:40.896841] Epoch: [3]  [ 760/1004]  eta: 0:00:28  lr: 0.000010  loss: 0.0044 (0.0393)  mae_m_mask: 0.7096 (0.6655)  rmse_m_mask: 0.8480 (0.8515)  normalized_mse_mask: 0.0044 (0.0393)  rmse_m_all: 13.2679 (12.7935)  actual_mask_ratio: 0.0697 (0.0700)  actual_prediction_mask_ratio: 0.2175 (0.2253)  ignored_patch_ratio: 0.0261 (0.0240)  time: 0.1157  data: 0.0001  max mem: 1904
[16:50:43.075328] Epoch: [3]  [ 780/1004]  eta: 0:00:25  lr: 0.000010  loss: 0.0057 (0.0393)  mae_m_mask: 0.8042 (0.6689)  rmse_m_mask: 0.9993 (0.8546)  normalized_mse_mask: 0.0057 (0.0393)  rmse_m_all: 13.5829 (12.8197)  actual_mask_ratio: 0.0713 (0.0700)  actual_prediction_mask_ratio: 0.2227 (0.2253)  ignored_patch_ratio: 0.0204 (0.0241)  time: 0.1089  data: 0.0001  max mem: 1904
[16:50:45.320722] Epoch: [3]  [ 800/1004]  eta: 0:00:23  lr: 0.000010  loss: 0.0028 (0.0386)  mae_m_mask: 0.5955 (0.6695)  rmse_m_mask: 0.7147 (0.8552)  normalized_mse_mask: 0.0028 (0.0386)  rmse_m_all: 13.3256 (12.8349)  actual_mask_ratio: 0.0707 (0.0701)  actual_prediction_mask_ratio: 0.2292 (0.2255)  ignored_patch_ratio: 0.0227 (0.0241)  time: 0.1122  data: 0.0001  max mem: 1904
[16:50:47.552022] Epoch: [3]  [ 820/1004]  eta: 0:00:21  lr: 0.000010  loss: 0.0036 (0.0390)  mae_m_mask: 0.5790 (0.6690)  rmse_m_mask: 0.7995 (0.8546)  normalized_mse_mask: 0.0036 (0.0390)  rmse_m_all: 13.1143 (12.8298)  actual_mask_ratio: 0.0689 (0.0701)  actual_prediction_mask_ratio: 0.2234 (0.2254)  ignored_patch_ratio: 0.0238 (0.0242)  time: 0.1115  data: 0.0001  max mem: 1904
[16:50:49.804770] Epoch: [3]  [ 840/1004]  eta: 0:00:18  lr: 0.000010  loss: 0.0047 (0.0384)  mae_m_mask: 0.6339 (0.6683)  rmse_m_mask: 0.7633 (0.8544)  normalized_mse_mask: 0.0047 (0.0384)  rmse_m_all: 11.6191 (12.8084)  actual_mask_ratio: 0.0689 (0.0701)  actual_prediction_mask_ratio: 0.2189 (0.2253)  ignored_patch_ratio: 0.0159 (0.0242)  time: 0.1126  data: 0.0001  max mem: 1904
[16:50:52.062419] Epoch: [3]  [ 860/1004]  eta: 0:00:16  lr: 0.000010  loss: 0.0066 (0.0380)  mae_m_mask: 0.6911 (0.6698)  rmse_m_mask: 0.8589 (0.8560)  normalized_mse_mask: 0.0066 (0.0380)  rmse_m_all: 12.4657 (12.8093)  actual_mask_ratio: 0.0726 (0.0701)  actual_prediction_mask_ratio: 0.2326 (0.2255)  ignored_patch_ratio: 0.0266 (0.0242)  time: 0.1129  data: 0.0001  max mem: 1904
[16:50:54.314050] Epoch: [3]  [ 880/1004]  eta: 0:00:14  lr: 0.000010  loss: 0.0017 (0.0375)  mae_m_mask: 0.7108 (0.6706)  rmse_m_mask: 0.8688 (0.8575)  normalized_mse_mask: 0.0017 (0.0375)  rmse_m_all: 13.8859 (12.8333)  actual_mask_ratio: 0.0666 (0.0700)  actual_prediction_mask_ratio: 0.2064 (0.2252)  ignored_patch_ratio: 0.0272 (0.0244)  time: 0.1125  data: 0.0001  max mem: 1904
[16:50:56.584367] Epoch: [3]  [ 900/1004]  eta: 0:00:11  lr: 0.000010  loss: 0.0041 (0.0378)  mae_m_mask: 0.8232 (0.6728)  rmse_m_mask: 1.0239 (0.8598)  normalized_mse_mask: 0.0041 (0.0378)  rmse_m_all: 12.2512 (12.8399)  actual_mask_ratio: 0.0689 (0.0700)  actual_prediction_mask_ratio: 0.2242 (0.2253)  ignored_patch_ratio: 0.0210 (0.0244)  time: 0.1135  data: 0.0001  max mem: 1904
[16:50:58.828150] Epoch: [3]  [ 920/1004]  eta: 0:00:09  lr: 0.000010  loss: 0.0022 (0.0379)  mae_m_mask: 0.5645 (0.6708)  rmse_m_mask: 0.7927 (0.8581)  normalized_mse_mask: 0.0022 (0.0379)  rmse_m_all: 12.5802 (12.8285)  actual_mask_ratio: 0.0675 (0.0700)  actual_prediction_mask_ratio: 0.2154 (0.2250)  ignored_patch_ratio: 0.0221 (0.0244)  time: 0.1122  data: 0.0001  max mem: 1904
[16:51:01.074623] Epoch: [3]  [ 940/1004]  eta: 0:00:07  lr: 0.000010  loss: 0.0052 (0.0375)  mae_m_mask: 0.6446 (0.6700)  rmse_m_mask: 0.7919 (0.8575)  normalized_mse_mask: 0.0052 (0.0375)  rmse_m_all: 14.1191 (12.8286)  actual_mask_ratio: 0.0697 (0.0700)  actual_prediction_mask_ratio: 0.2251 (0.2250)  ignored_patch_ratio: 0.0193 (0.0244)  time: 0.1123  data: 0.0001  max mem: 1904
[16:51:03.295776] Epoch: [3]  [ 960/1004]  eta: 0:00:05  lr: 0.000010  loss: 0.0107 (0.0374)  mae_m_mask: 0.6076 (0.6707)  rmse_m_mask: 0.7929 (0.8580)  normalized_mse_mask: 0.0107 (0.0374)  rmse_m_all: 13.0307 (12.8334)  actual_mask_ratio: 0.0695 (0.0700)  actual_prediction_mask_ratio: 0.2255 (0.2250)  ignored_patch_ratio: 0.0238 (0.0244)  time: 0.1110  data: 0.0001  max mem: 1904
[16:51:05.529000] Epoch: [3]  [ 980/1004]  eta: 0:00:02  lr: 0.000010  loss: 0.0112 (0.0374)  mae_m_mask: 0.7835 (0.6739)  rmse_m_mask: 0.9084 (0.8611)  normalized_mse_mask: 0.0112 (0.0374)  rmse_m_all: 13.1000 (12.8304)  actual_mask_ratio: 0.0669 (0.0699)  actual_prediction_mask_ratio: 0.2172 (0.2248)  ignored_patch_ratio: 0.0215 (0.0244)  time: 0.1116  data: 0.0001  max mem: 1904
[16:51:07.802337] Epoch: [3]  [1000/1004]  eta: 0:00:00  lr: 0.000010  loss: 0.0067 (0.0372)  mae_m_mask: 0.7012 (0.6749)  rmse_m_mask: 0.8511 (0.8616)  normalized_mse_mask: 0.0067 (0.0372)  rmse_m_all: 11.6217 (12.8076)  actual_mask_ratio: 0.0672 (0.0699)  actual_prediction_mask_ratio: 0.2189 (0.2248)  ignored_patch_ratio: 0.0300 (0.0245)  time: 0.1136  data: 0.0001  max mem: 1904
[16:51:08.143229] Epoch: [3]  [1003/1004]  eta: 0:00:00  lr: 0.000010  loss: 0.0053 (0.0372)  mae_m_mask: 0.6793 (0.6745)  rmse_m_mask: 0.8250 (0.8611)  normalized_mse_mask: 0.0053 (0.0372)  rmse_m_all: 11.4323 (12.8064)  actual_mask_ratio: 0.0672 (0.0698)  actual_prediction_mask_ratio: 0.2170 (0.2248)  ignored_patch_ratio: 0.0238 (0.0245)  time: 0.1131  data: 0.0001  max mem: 1904
[16:51:08.179073] Epoch: [3] Total time: 0:01:55 (0.1147 s / it)
[16:51:08.179481] Averaged stats: {'lr': 9.979117240090756e-06, 'loss': 0.03650282577006663, 'mae_m_mask': 0.6709550084757288, 'rmse_m_mask': 0.9074759411827729, 'normalized_mse_mask': 0.03650282577006663, 'rmse_m_all': 12.806389946861572, 'actual_mask_ratio': 0.06984548664009904, 'actual_prediction_mask_ratio': 0.22475433468343728, 'ignored_patch_ratio': 0.024530550338832505, 'supervised_pixel_count': 19824973.0}
[16:51:08.350341] Val: [3]  [  0/288]  eta: 0:00:48  loss: 0.0239 (0.0239)  mae_m_mask: 0.3467 (0.3467)  rmse_m_mask: 0.4445 (0.4445)  normalized_mse_mask: 0.0239 (0.0239)  rmse_m_all: 5.8492 (5.8492)  actual_mask_ratio: 0.0607 (0.0607)  actual_prediction_mask_ratio: 0.2001 (0.2001)  ignored_patch_ratio: 0.0000 (0.0000)  time: 0.1684  data: 0.0788  max mem: 1904
[16:51:12.685344] Val: [3]  [ 50/288]  eta: 0:00:21  loss: 0.0491 (0.0890)  mae_m_mask: 0.3050 (0.3567)  rmse_m_mask: 0.3728 (0.4252)  normalized_mse_mask: 0.0491 (0.0890)  rmse_m_all: 1.0798 (3.8225)  actual_mask_ratio: 0.0663 (0.0715)  actual_prediction_mask_ratio: 0.2336 (0.2372)  ignored_patch_ratio: 0.0000 (0.0000)  time: 0.0871  data: 0.0001  max mem: 1904
[16:51:16.891689] Val: [3]  [100/288]  eta: 0:00:16  loss: 0.1252 (0.1441)  mae_m_mask: 0.3217 (0.3888)  rmse_m_mask: 0.3798 (0.4673)  normalized_mse_mask: 0.1252 (0.1441)  rmse_m_all: 0.7315 (3.3631)  actual_mask_ratio: 0.0714 (0.0723)  actual_prediction_mask_ratio: 0.2239 (0.2366)  ignored_patch_ratio: 0.0000 (0.0000)  time: 0.0845  data: 0.0001  max mem: 1904
[16:51:21.095765] Val: [3]  [150/288]  eta: 0:00:11  loss: 0.0239 (0.1456)  mae_m_mask: 0.4966 (0.4018)  rmse_m_mask: 0.5515 (0.4763)  normalized_mse_mask: 0.0239 (0.1456)  rmse_m_all: 2.3982 (2.9696)  actual_mask_ratio: 0.0743 (0.0723)  actual_prediction_mask_ratio: 0.2443 (0.2367)  ignored_patch_ratio: 0.0000 (0.0000)  time: 0.0842  data: 0.0001  max mem: 1904
[16:51:25.294283] Val: [3]  [200/288]  eta: 0:00:07  loss: 0.3238 (0.1940)  mae_m_mask: 0.2396 (0.3969)  rmse_m_mask: 0.3138 (0.4762)  normalized_mse_mask: 0.3238 (0.1940)  rmse_m_all: 0.4297 (2.5329)  actual_mask_ratio: 0.0743 (0.0732)  actual_prediction_mask_ratio: 0.2545 (0.2410)  ignored_patch_ratio: 0.0000 (0.0000)  time: 0.0841  data: 0.0001  max mem: 1904
[16:51:29.852359] Val: [3]  [250/288]  eta: 0:00:03  loss: 0.0560 (0.1732)  mae_m_mask: 0.2879 (0.3759)  rmse_m_mask: 0.3581 (0.4513)  normalized_mse_mask: 0.0560 (0.1732)  rmse_m_all: 1.3171 (2.4551)  actual_mask_ratio: 0.0822 (0.0748)  actual_prediction_mask_ratio: 0.2591 (0.2448)  ignored_patch_ratio: 0.0000 (0.0000)  time: 0.1099  data: 0.0549  max mem: 1904
[16:51:31.006669] Val: [3]  [287/288]  eta: 0:00:00  loss: 0.0211 (0.1571)  mae_m_mask: 0.2322 (0.3701)  rmse_m_mask: 0.2870 (0.4437)  normalized_mse_mask: 0.0211 (0.1571)  rmse_m_all: 1.0905 (2.6161)  actual_mask_ratio: 0.0760 (0.0749)  actual_prediction_mask_ratio: 0.2523 (0.2453)  ignored_patch_ratio: 0.0000 (0.0000)  time: 0.0272  data: 0.0001  max mem: 1904
[16:51:31.038869] Val: [3] Total time: 0:00:22 (0.0794 s / it)
[16:51:31.039326] val stats: {'loss': 0.14788067198638083, 'mae_m_mask': 0.37393307153325395, 'rmse_m_mask': 0.5122173649014324, 'normalized_mse_mask': 0.14788067198638083, 'rmse_m_all': 2.6161414936391845, 'actual_mask_ratio': 0.07494737871456891, 'actual_prediction_mask_ratio': 0.24532247381284833, 'ignored_patch_ratio': 0.0, 'supervised_pixel_count': 5936124.0}
[16:51:37.461710] log_dir: /tank/data/SFS/xinyis/data/bathymetry/MAE-Topography/Downstream_Task_Bathy/cross_validation_v5_Stage2NormMSE_MeterSelect/runs/holdout_CO_D004Stage2NormMSE_MeterSelect_D001NoDataSafe/train_stage2_normMSE_meterSelect_CO_UpperColorado_Topobathy_1_2020_fromStage1Best_e120_lr1e-5_b4_acc4/tb
[16:51:37.648223] Epoch: [4]  [   0/1004]  eta: 0:03:06  lr: 0.000010  loss: 0.0011 (0.0011)  mae_m_mask: 1.1936 (1.1936)  rmse_m_mask: 1.2967 (1.2967)  normalized_mse_mask: 0.0011 (0.0011)  rmse_m_all: 18.7339 (18.7339)  actual_mask_ratio: 0.0631 (0.0631)  actual_prediction_mask_ratio: 0.2024 (0.2024)  ignored_patch_ratio: 0.0561 (0.0561)  time: 0.1861  data: 0.0776  max mem: 1904
[16:51:39.964116] Epoch: [4]  [  20/1004]  eta: 0:01:57  lr: 0.000010  loss: 0.0103 (0.0300)  mae_m_mask: 0.7700 (0.8058)  rmse_m_mask: 0.9374 (1.0150)  normalized_mse_mask: 0.0103 (0.0300)  rmse_m_all: 12.8597 (12.7144)  actual_mask_ratio: 0.0684 (0.0671)  actual_prediction_mask_ratio: 0.2190 (0.2168)  ignored_patch_ratio: 0.0130 (0.0245)  time: 0.1158  data: 0.0001  max mem: 1904
[16:51:42.274034] Epoch: [4]  [  40/1004]  eta: 0:01:53  lr: 0.000010  loss: 0.0083 (0.0579)  mae_m_mask: 0.7592 (0.7896)  rmse_m_mask: 0.9288 (1.0096)  normalized_mse_mask: 0.0083 (0.0579)  rmse_m_all: 12.6204 (12.3810)  actual_mask_ratio: 0.0709 (0.0692)  actual_prediction_mask_ratio: 0.2342 (0.2248)  ignored_patch_ratio: 0.0170 (0.0219)  time: 0.1155  data: 0.0001  max mem: 1904
[16:51:44.593414] Epoch: [4]  [  60/1004]  eta: 0:01:50  lr: 0.000010  loss: 0.0121 (0.0508)  mae_m_mask: 0.6537 (0.7823)  rmse_m_mask: 0.8900 (1.0067)  normalized_mse_mask: 0.0121 (0.0508)  rmse_m_all: 14.1747 (12.8831)  actual_mask_ratio: 0.0701 (0.0698)  actual_prediction_mask_ratio: 0.2237 (0.2255)  ignored_patch_ratio: 0.0221 (0.0225)  time: 0.1159  data: 0.0001  max mem: 1904
[16:51:46.911052] Epoch: [4]  [  80/1004]  eta: 0:01:47  lr: 0.000010  loss: 0.0022 (0.0500)  mae_m_mask: 0.6135 (0.7450)  rmse_m_mask: 0.7370 (0.9548)  normalized_mse_mask: 0.0022 (0.0500)  rmse_m_all: 13.0363 (13.0330)  actual_mask_ratio: 0.0710 (0.0703)  actual_prediction_mask_ratio: 0.2256 (0.2267)  ignored_patch_ratio: 0.0266 (0.0229)  time: 0.1158  data: 0.0001  max mem: 1904
[16:51:49.222524] Epoch: [4]  [ 100/1004]  eta: 0:01:45  lr: 0.000010  loss: 0.0045 (0.0455)  mae_m_mask: 0.4764 (0.7050)  rmse_m_mask: 0.5856 (0.9001)  normalized_mse_mask: 0.0045 (0.0455)  rmse_m_all: 12.0025 (12.8548)  actual_mask_ratio: 0.0677 (0.0695)  actual_prediction_mask_ratio: 0.2168 (0.2251)  ignored_patch_ratio: 0.0193 (0.0232)  time: 0.1155  data: 0.0001  max mem: 1904
[16:51:51.533588] Epoch: [4]  [ 120/1004]  eta: 0:01:42  lr: 0.000010  loss: 0.0020 (0.0392)  mae_m_mask: 0.5308 (0.6903)  rmse_m_mask: 0.6920 (0.8796)  normalized_mse_mask: 0.0020 (0.0392)  rmse_m_all: 13.7075 (12.9380)  actual_mask_ratio: 0.0696 (0.0696)  actual_prediction_mask_ratio: 0.2191 (0.2247)  ignored_patch_ratio: 0.0278 (0.0243)  time: 0.1155  data: 0.0001  max mem: 1904
[16:51:53.859253] Epoch: [4]  [ 140/1004]  eta: 0:01:40  lr: 0.000010  loss: 0.0061 (0.0417)  mae_m_mask: 0.5432 (0.6746)  rmse_m_mask: 0.7027 (0.8608)  normalized_mse_mask: 0.0061 (0.0417)  rmse_m_all: 13.5755 (12.9944)  actual_mask_ratio: 0.0726 (0.0696)  actual_prediction_mask_ratio: 0.2257 (0.2244)  ignored_patch_ratio: 0.0198 (0.0238)  time: 0.1163  data: 0.0001  max mem: 1904
[16:51:56.198883] Epoch: [4]  [ 160/1004]  eta: 0:01:38  lr: 0.000010  loss: 0.0059 (0.0437)  mae_m_mask: 0.5804 (0.6684)  rmse_m_mask: 0.7391 (0.8527)  normalized_mse_mask: 0.0059 (0.0437)  rmse_m_all: 13.2379 (12.9784)  actual_mask_ratio: 0.0710 (0.0699)  actual_prediction_mask_ratio: 0.2273 (0.2248)  ignored_patch_ratio: 0.0232 (0.0243)  time: 0.1169  data: 0.0001  max mem: 1904
[16:51:58.533162] Epoch: [4]  [ 180/1004]  eta: 0:01:35  lr: 0.000010  loss: 0.0073 (0.0427)  mae_m_mask: 0.6142 (0.6637)  rmse_m_mask: 0.7978 (0.8469)  normalized_mse_mask: 0.0073 (0.0427)  rmse_m_all: 12.2353 (12.8501)  actual_mask_ratio: 0.0699 (0.0701)  actual_prediction_mask_ratio: 0.2336 (0.2253)  ignored_patch_ratio: 0.0272 (0.0245)  time: 0.1167  data: 0.0001  max mem: 1904
[16:52:00.864214] Epoch: [4]  [ 200/1004]  eta: 0:01:33  lr: 0.000010  loss: 0.0120 (0.0434)  mae_m_mask: 0.6472 (0.6631)  rmse_m_mask: 0.8508 (0.8499)  normalized_mse_mask: 0.0120 (0.0434)  rmse_m_all: 12.1608 (12.7943)  actual_mask_ratio: 0.0748 (0.0703)  actual_prediction_mask_ratio: 0.2412 (0.2264)  ignored_patch_ratio: 0.0198 (0.0244)  time: 0.1165  data: 0.0001  max mem: 1904
[16:52:03.191095] Epoch: [4]  [ 220/1004]  eta: 0:01:31  lr: 0.000010  loss: 0.0266 (0.0473)  mae_m_mask: 0.4859 (0.6556)  rmse_m_mask: 0.6449 (0.8410)  normalized_mse_mask: 0.0266 (0.0473)  rmse_m_all: 10.6715 (12.6344)  actual_mask_ratio: 0.0699 (0.0703)  actual_prediction_mask_ratio: 0.2243 (0.2266)  ignored_patch_ratio: 0.0125 (0.0241)  time: 0.1163  data: 0.0001  max mem: 1904
[16:52:05.518945] Epoch: [4]  [ 240/1004]  eta: 0:01:28  lr: 0.000010  loss: 0.0048 (0.0458)  mae_m_mask: 0.5978 (0.6549)  rmse_m_mask: 0.7642 (0.8438)  normalized_mse_mask: 0.0048 (0.0458)  rmse_m_all: 14.1738 (12.6538)  actual_mask_ratio: 0.0673 (0.0702)  actual_prediction_mask_ratio: 0.2286 (0.2267)  ignored_patch_ratio: 0.0204 (0.0242)  time: 0.1164  data: 0.0001  max mem: 1904
[16:52:07.846029] Epoch: [4]  [ 260/1004]  eta: 0:01:26  lr: 0.000010  loss: 0.0030 (0.0440)  mae_m_mask: 0.6190 (0.6536)  rmse_m_mask: 0.7879 (0.8419)  normalized_mse_mask: 0.0030 (0.0440)  rmse_m_all: 13.2272 (12.7058)  actual_mask_ratio: 0.0693 (0.0701)  actual_prediction_mask_ratio: 0.2249 (0.2265)  ignored_patch_ratio: 0.0261 (0.0243)  time: 0.1163  data: 0.0001  max mem: 1904
[16:52:10.173443] Epoch: [4]  [ 280/1004]  eta: 0:01:24  lr: 0.000010  loss: 0.0022 (0.0419)  mae_m_mask: 0.4921 (0.6474)  rmse_m_mask: 0.6345 (0.8331)  normalized_mse_mask: 0.0022 (0.0419)  rmse_m_all: 12.7250 (12.7338)  actual_mask_ratio: 0.0709 (0.0701)  actual_prediction_mask_ratio: 0.2332 (0.2269)  ignored_patch_ratio: 0.0164 (0.0241)  time: 0.1163  data: 0.0001  max mem: 1904
[16:52:12.504302] Epoch: [4]  [ 300/1004]  eta: 0:01:21  lr: 0.000010  loss: 0.0096 (0.0413)  mae_m_mask: 0.5616 (0.6447)  rmse_m_mask: 0.7261 (0.8313)  normalized_mse_mask: 0.0096 (0.0413)  rmse_m_all: 11.8766 (12.6850)  actual_mask_ratio: 0.0734 (0.0702)  actual_prediction_mask_ratio: 0.2283 (0.2266)  ignored_patch_ratio: 0.0244 (0.0242)  time: 0.1165  data: 0.0001  max mem: 1904
[16:52:14.831008] Epoch: [4]  [ 320/1004]  eta: 0:01:19  lr: 0.000010  loss: 0.0065 (0.0413)  mae_m_mask: 0.5952 (0.6429)  rmse_m_mask: 0.8065 (0.8294)  normalized_mse_mask: 0.0065 (0.0413)  rmse_m_all: 12.5497 (12.6955)  actual_mask_ratio: 0.0703 (0.0702)  actual_prediction_mask_ratio: 0.2230 (0.2266)  ignored_patch_ratio: 0.0198 (0.0242)  time: 0.1163  data: 0.0001  max mem: 1904
[16:52:17.161455] Epoch: [4]  [ 340/1004]  eta: 0:01:17  lr: 0.000010  loss: 0.0034 (0.0402)  mae_m_mask: 0.6671 (0.6435)  rmse_m_mask: 0.8205 (0.8276)  normalized_mse_mask: 0.0034 (0.0402)  rmse_m_all: 12.2204 (12.6309)  actual_mask_ratio: 0.0712 (0.0702)  actual_prediction_mask_ratio: 0.2321 (0.2268)  ignored_patch_ratio: 0.0312 (0.0243)  time: 0.1165  data: 0.0001  max mem: 1904
[16:52:19.494539] Epoch: [4]  [ 360/1004]  eta: 0:01:14  lr: 0.000010  loss: 0.0026 (0.0388)  mae_m_mask: 0.6310 (0.6457)  rmse_m_mask: 0.8305 (0.8292)  normalized_mse_mask: 0.0026 (0.0388)  rmse_m_all: 14.5630 (12.7112)  actual_mask_ratio: 0.0682 (0.0701)  actual_prediction_mask_ratio: 0.2222 (0.2268)  ignored_patch_ratio: 0.0266 (0.0245)  time: 0.1166  data: 0.0001  max mem: 1904
[16:52:21.825582] Epoch: [4]  [ 380/1004]  eta: 0:01:12  lr: 0.000010  loss: 0.0029 (0.0378)  mae_m_mask: 0.5836 (0.6437)  rmse_m_mask: 0.7548 (0.8271)  normalized_mse_mask: 0.0029 (0.0378)  rmse_m_all: 13.8868 (12.7431)  actual_mask_ratio: 0.0696 (0.0702)  actual_prediction_mask_ratio: 0.2239 (0.2266)  ignored_patch_ratio: 0.0300 (0.0247)  time: 0.1165  data: 0.0001  max mem: 1904
[16:52:24.151596] Epoch: [4]  [ 400/1004]  eta: 0:01:10  lr: 0.000010  loss: 0.0046 (0.0376)  mae_m_mask: 0.5718 (0.6408)  rmse_m_mask: 0.7692 (0.8245)  normalized_mse_mask: 0.0046 (0.0376)  rmse_m_all: 12.8082 (12.7311)  actual_mask_ratio: 0.0702 (0.0701)  actual_prediction_mask_ratio: 0.2232 (0.2263)  ignored_patch_ratio: 0.0227 (0.0248)  time: 0.1163  data: 0.0001  max mem: 1904
[16:52:26.482440] Epoch: [4]  [ 420/1004]  eta: 0:01:07  lr: 0.000010  loss: 0.0053 (0.0369)  mae_m_mask: 0.8939 (0.6525)  rmse_m_mask: 1.1642 (0.8396)  normalized_mse_mask: 0.0053 (0.0369)  rmse_m_all: 12.7890 (12.7536)  actual_mask_ratio: 0.0675 (0.0701)  actual_prediction_mask_ratio: 0.2197 (0.2260)  ignored_patch_ratio: 0.0130 (0.0246)  time: 0.1165  data: 0.0001  max mem: 1904
[16:52:28.810457] Epoch: [4]  [ 440/1004]  eta: 0:01:05  lr: 0.000010  loss: 0.0069 (0.0365)  mae_m_mask: 0.6870 (0.6582)  rmse_m_mask: 0.8509 (0.8460)  normalized_mse_mask: 0.0069 (0.0365)  rmse_m_all: 14.0103 (12.8059)  actual_mask_ratio: 0.0677 (0.0701)  actual_prediction_mask_ratio: 0.2250 (0.2260)  ignored_patch_ratio: 0.0272 (0.0248)  time: 0.1164  data: 0.0001  max mem: 1904
[16:52:31.139096] Epoch: [4]  [ 460/1004]  eta: 0:01:03  lr: 0.000010  loss: 0.0029 (0.0354)  mae_m_mask: 0.5561 (0.6560)  rmse_m_mask: 0.7117 (0.8416)  normalized_mse_mask: 0.0029 (0.0354)  rmse_m_all: 12.5437 (12.8210)  actual_mask_ratio: 0.0685 (0.0701)  actual_prediction_mask_ratio: 0.2220 (0.2259)  ignored_patch_ratio: 0.0238 (0.0249)  time: 0.1164  data: 0.0001  max mem: 1904
[16:52:33.471458] Epoch: [4]  [ 480/1004]  eta: 0:01:00  lr: 0.000010  loss: 0.0071 (0.0348)  mae_m_mask: 0.5471 (0.6525)  rmse_m_mask: 0.6886 (0.8368)  normalized_mse_mask: 0.0071 (0.0348)  rmse_m_all: 12.3767 (12.8445)  actual_mask_ratio: 0.0662 (0.0700)  actual_prediction_mask_ratio: 0.2159 (0.2256)  ignored_patch_ratio: 0.0153 (0.0248)  time: 0.1166  data: 0.0001  max mem: 1904
[16:52:35.802245] Epoch: [4]  [ 500/1004]  eta: 0:00:58  lr: 0.000010  loss: 0.0012 (0.0351)  mae_m_mask: 0.5743 (0.6530)  rmse_m_mask: 0.7116 (0.8361)  normalized_mse_mask: 0.0012 (0.0351)  rmse_m_all: 13.3164 (12.8583)  actual_mask_ratio: 0.0691 (0.0700)  actual_prediction_mask_ratio: 0.2182 (0.2254)  ignored_patch_ratio: 0.0193 (0.0248)  time: 0.1165  data: 0.0001  max mem: 1904
[16:52:38.130607] Epoch: [4]  [ 520/1004]  eta: 0:00:56  lr: 0.000010  loss: 0.0131 (0.0354)  mae_m_mask: 0.7511 (0.6580)  rmse_m_mask: 1.0396 (0.8405)  normalized_mse_mask: 0.0131 (0.0354)  rmse_m_all: 12.3121 (12.8479)  actual_mask_ratio: 0.0686 (0.0699)  actual_prediction_mask_ratio: 0.2175 (0.2252)  ignored_patch_ratio: 0.0232 (0.0248)  time: 0.1164  data: 0.0001  max mem: 1904
[16:52:40.456222] Epoch: [4]  [ 540/1004]  eta: 0:00:54  lr: 0.000010  loss: 0.0052 (0.0348)  mae_m_mask: 0.6726 (0.6620)  rmse_m_mask: 0.8653 (0.8457)  normalized_mse_mask: 0.0052 (0.0348)  rmse_m_all: 12.8951 (12.8191)  actual_mask_ratio: 0.0735 (0.0700)  actual_prediction_mask_ratio: 0.2356 (0.2255)  ignored_patch_ratio: 0.0227 (0.0249)  time: 0.1163  data: 0.0001  max mem: 1904
[16:52:42.783698] Epoch: [4]  [ 560/1004]  eta: 0:00:51  lr: 0.000010  loss: 0.0108 (0.0345)  mae_m_mask: 0.5495 (0.6593)  rmse_m_mask: 0.7413 (0.8433)  normalized_mse_mask: 0.0108 (0.0345)  rmse_m_all: 10.5444 (12.7577)  actual_mask_ratio: 0.0736 (0.0701)  actual_prediction_mask_ratio: 0.2402 (0.2259)  ignored_patch_ratio: 0.0113 (0.0246)  time: 0.1163  data: 0.0001  max mem: 1904
[16:52:45.113760] Epoch: [4]  [ 580/1004]  eta: 0:00:49  lr: 0.000010  loss: 0.0027 (0.0343)  mae_m_mask: 0.6938 (0.6604)  rmse_m_mask: 0.8475 (0.8439)  normalized_mse_mask: 0.0027 (0.0343)  rmse_m_all: 12.1439 (12.7634)  actual_mask_ratio: 0.0692 (0.0701)  actual_prediction_mask_ratio: 0.2237 (0.2259)  ignored_patch_ratio: 0.0266 (0.0248)  time: 0.1165  data: 0.0001  max mem: 1904
[16:52:47.441412] Epoch: [4]  [ 600/1004]  eta: 0:00:47  lr: 0.000010  loss: 0.0188 (0.0350)  mae_m_mask: 0.6021 (0.6626)  rmse_m_mask: 0.8261 (0.8459)  normalized_mse_mask: 0.0188 (0.0350)  rmse_m_all: 11.9655 (12.7499)  actual_mask_ratio: 0.0706 (0.0701)  actual_prediction_mask_ratio: 0.2255 (0.2258)  ignored_patch_ratio: 0.0204 (0.0247)  time: 0.1163  data: 0.0001  max mem: 1904
[16:52:49.770635] Epoch: [4]  [ 620/1004]  eta: 0:00:44  lr: 0.000010  loss: 0.0016 (0.0349)  mae_m_mask: 0.6174 (0.6627)  rmse_m_mask: 0.7998 (0.8468)  normalized_mse_mask: 0.0016 (0.0349)  rmse_m_all: 12.5524 (12.7535)  actual_mask_ratio: 0.0676 (0.0701)  actual_prediction_mask_ratio: 0.2162 (0.2257)  ignored_patch_ratio: 0.0193 (0.0246)  time: 0.1164  data: 0.0001  max mem: 1904
[16:52:52.102835] Epoch: [4]  [ 640/1004]  eta: 0:00:42  lr: 0.000010  loss: 0.0154 (0.0363)  mae_m_mask: 0.6312 (0.6618)  rmse_m_mask: 0.7937 (0.8459)  normalized_mse_mask: 0.0154 (0.0363)  rmse_m_all: 12.9665 (12.7667)  actual_mask_ratio: 0.0703 (0.0700)  actual_prediction_mask_ratio: 0.2195 (0.2255)  ignored_patch_ratio: 0.0198 (0.0245)  time: 0.1166  data: 0.0001  max mem: 1904
[16:52:54.434561] Epoch: [4]  [ 660/1004]  eta: 0:00:40  lr: 0.000010  loss: 0.0023 (0.0371)  mae_m_mask: 0.6891 (0.6623)  rmse_m_mask: 0.8469 (0.8463)  normalized_mse_mask: 0.0023 (0.0371)  rmse_m_all: 13.9586 (12.7716)  actual_mask_ratio: 0.0728 (0.0701)  actual_prediction_mask_ratio: 0.2263 (0.2255)  ignored_patch_ratio: 0.0227 (0.0246)  time: 0.1166  data: 0.0001  max mem: 1904
[16:52:56.765774] Epoch: [4]  [ 680/1004]  eta: 0:00:37  lr: 0.000010  loss: 0.0053 (0.0366)  mae_m_mask: 0.5428 (0.6603)  rmse_m_mask: 0.7051 (0.8441)  normalized_mse_mask: 0.0053 (0.0366)  rmse_m_all: 11.7177 (12.7702)  actual_mask_ratio: 0.0698 (0.0701)  actual_prediction_mask_ratio: 0.2233 (0.2255)  ignored_patch_ratio: 0.0136 (0.0244)  time: 0.1165  data: 0.0001  max mem: 1904
[16:52:59.097993] Epoch: [4]  [ 700/1004]  eta: 0:00:35  lr: 0.000010  loss: 0.0018 (0.0359)  mae_m_mask: 0.5741 (0.6594)  rmse_m_mask: 0.7413 (0.8433)  normalized_mse_mask: 0.0018 (0.0359)  rmse_m_all: 11.8223 (12.7524)  actual_mask_ratio: 0.0669 (0.0700)  actual_prediction_mask_ratio: 0.2166 (0.2253)  ignored_patch_ratio: 0.0232 (0.0245)  time: 0.1166  data: 0.0001  max mem: 1904
[16:53:01.430076] Epoch: [4]  [ 720/1004]  eta: 0:00:33  lr: 0.000010  loss: 0.0028 (0.0357)  mae_m_mask: 0.7653 (0.6610)  rmse_m_mask: 0.8706 (0.8443)  normalized_mse_mask: 0.0028 (0.0357)  rmse_m_all: 13.0499 (12.7663)  actual_mask_ratio: 0.0705 (0.0700)  actual_prediction_mask_ratio: 0.2263 (0.2254)  ignored_patch_ratio: 0.0232 (0.0244)  time: 0.1166  data: 0.0001  max mem: 1904
[16:53:03.758251] Epoch: [4]  [ 740/1004]  eta: 0:00:30  lr: 0.000010  loss: 0.0036 (0.0351)  mae_m_mask: 0.5757 (0.6593)  rmse_m_mask: 0.6875 (0.8423)  normalized_mse_mask: 0.0036 (0.0351)  rmse_m_all: 11.0304 (12.7353)  actual_mask_ratio: 0.0689 (0.0700)  actual_prediction_mask_ratio: 0.2275 (0.2254)  ignored_patch_ratio: 0.0210 (0.0243)  time: 0.1164  data: 0.0001  max mem: 1904
[16:53:06.022025] Epoch: [4]  [ 760/1004]  eta: 0:00:28  lr: 0.000010  loss: 0.0066 (0.0353)  mae_m_mask: 0.6802 (0.6607)  rmse_m_mask: 0.8818 (0.8457)  normalized_mse_mask: 0.0066 (0.0353)  rmse_m_all: 12.5990 (12.7435)  actual_mask_ratio: 0.0677 (0.0700)  actual_prediction_mask_ratio: 0.2235 (0.2253)  ignored_patch_ratio: 0.0147 (0.0242)  time: 0.1132  data: 0.0001  max mem: 1904
[16:53:08.288684] Epoch: [4]  [ 780/1004]  eta: 0:00:26  lr: 0.000010  loss: 0.0076 (0.0353)  mae_m_mask: 0.6001 (0.6615)  rmse_m_mask: 0.7459 (0.8460)  normalized_mse_mask: 0.0076 (0.0353)  rmse_m_all: 14.0112 (12.7664)  actual_mask_ratio: 0.0685 (0.0700)  actual_prediction_mask_ratio: 0.2169 (0.2253)  ignored_patch_ratio: 0.0266 (0.0243)  time: 0.1133  data: 0.0001  max mem: 1904
[16:53:10.523945] Epoch: [4]  [ 800/1004]  eta: 0:00:23  lr: 0.000010  loss: 0.0022 (0.0347)  mae_m_mask: 0.5820 (0.6610)  rmse_m_mask: 0.7879 (0.8451)  normalized_mse_mask: 0.0022 (0.0347)  rmse_m_all: 12.3655 (12.7624)  actual_mask_ratio: 0.0687 (0.0700)  actual_prediction_mask_ratio: 0.2305 (0.2254)  ignored_patch_ratio: 0.0221 (0.0243)  time: 0.1117  data: 0.0001  max mem: 1904
[16:53:12.779674] Epoch: [4]  [ 820/1004]  eta: 0:00:21  lr: 0.000010  loss: 0.0016 (0.0344)  mae_m_mask: 0.6587 (0.6626)  rmse_m_mask: 0.7939 (0.8456)  normalized_mse_mask: 0.0016 (0.0344)  rmse_m_all: 13.7574 (12.7861)  actual_mask_ratio: 0.0689 (0.0700)  actual_prediction_mask_ratio: 0.2106 (0.2251)  ignored_patch_ratio: 0.0295 (0.0244)  time: 0.1128  data: 0.0001  max mem: 1904
[16:53:15.053999] Epoch: [4]  [ 840/1004]  eta: 0:00:19  lr: 0.000010  loss: 0.0076 (0.0345)  mae_m_mask: 0.7753 (0.6662)  rmse_m_mask: 0.9763 (0.8500)  normalized_mse_mask: 0.0076 (0.0345)  rmse_m_all: 13.0689 (12.8018)  actual_mask_ratio: 0.0663 (0.0699)  actual_prediction_mask_ratio: 0.2188 (0.2249)  ignored_patch_ratio: 0.0204 (0.0244)  time: 0.1137  data: 0.0001  max mem: 1904
[16:53:17.328877] Epoch: [4]  [ 860/1004]  eta: 0:00:16  lr: 0.000010  loss: 0.0145 (0.0342)  mae_m_mask: 0.6446 (0.6657)  rmse_m_mask: 0.8096 (0.8490)  normalized_mse_mask: 0.0145 (0.0342)  rmse_m_all: 11.4472 (12.7783)  actual_mask_ratio: 0.0702 (0.0699)  actual_prediction_mask_ratio: 0.2241 (0.2250)  ignored_patch_ratio: 0.0204 (0.0245)  time: 0.1137  data: 0.0001  max mem: 1904
[16:53:19.566337] Epoch: [4]  [ 880/1004]  eta: 0:00:14  lr: 0.000010  loss: 0.0033 (0.0345)  mae_m_mask: 0.6200 (0.6660)  rmse_m_mask: 0.7804 (0.8491)  normalized_mse_mask: 0.0033 (0.0345)  rmse_m_all: 12.3634 (12.7780)  actual_mask_ratio: 0.0697 (0.0699)  actual_prediction_mask_ratio: 0.2205 (0.2249)  ignored_patch_ratio: 0.0221 (0.0245)  time: 0.1118  data: 0.0001  max mem: 1904
[16:53:21.827832] Epoch: [4]  [ 900/1004]  eta: 0:00:12  lr: 0.000010  loss: 0.0081 (0.0350)  mae_m_mask: 0.6662 (0.6674)  rmse_m_mask: 0.9620 (0.8519)  normalized_mse_mask: 0.0081 (0.0350)  rmse_m_all: 12.7092 (12.7628)  actual_mask_ratio: 0.0696 (0.0699)  actual_prediction_mask_ratio: 0.2262 (0.2250)  ignored_patch_ratio: 0.0193 (0.0244)  time: 0.1130  data: 0.0001  max mem: 1904
[16:53:24.098384] Epoch: [4]  [ 920/1004]  eta: 0:00:09  lr: 0.000010  loss: 0.0122 (0.0354)  mae_m_mask: 0.6795 (0.6712)  rmse_m_mask: 0.9176 (0.8563)  normalized_mse_mask: 0.0122 (0.0354)  rmse_m_all: 12.4376 (12.7546)  actual_mask_ratio: 0.0718 (0.0699)  actual_prediction_mask_ratio: 0.2215 (0.2249)  ignored_patch_ratio: 0.0193 (0.0244)  time: 0.1135  data: 0.0001  max mem: 1904
[16:53:26.338755] Epoch: [4]  [ 940/1004]  eta: 0:00:07  lr: 0.000010  loss: 0.0018 (0.0348)  mae_m_mask: 0.5878 (0.6712)  rmse_m_mask: 0.7282 (0.8558)  normalized_mse_mask: 0.0018 (0.0348)  rmse_m_all: 12.4746 (12.7436)  actual_mask_ratio: 0.0677 (0.0699)  actual_prediction_mask_ratio: 0.2165 (0.2248)  ignored_patch_ratio: 0.0289 (0.0244)  time: 0.1120  data: 0.0001  max mem: 1904
[16:53:28.591573] Epoch: [4]  [ 960/1004]  eta: 0:00:05  lr: 0.000010  loss: 0.0011 (0.0345)  mae_m_mask: 0.5593 (0.6697)  rmse_m_mask: 0.6524 (0.8539)  normalized_mse_mask: 0.0011 (0.0345)  rmse_m_all: 12.5237 (12.7493)  actual_mask_ratio: 0.0678 (0.0698)  actual_prediction_mask_ratio: 0.2213 (0.2246)  ignored_patch_ratio: 0.0312 (0.0245)  time: 0.1126  data: 0.0001  max mem: 1904
[16:53:30.835666] Epoch: [4]  [ 980/1004]  eta: 0:00:02  lr: 0.000010  loss: 0.0088 (0.0346)  mae_m_mask: 0.5797 (0.6691)  rmse_m_mask: 0.7984 (0.8530)  normalized_mse_mask: 0.0088 (0.0346)  rmse_m_all: 11.5692 (12.7385)  actual_mask_ratio: 0.0731 (0.0699)  actual_prediction_mask_ratio: 0.2353 (0.2248)  ignored_patch_ratio: 0.0215 (0.0245)  time: 0.1122  data: 0.0001  max mem: 1904
[16:53:33.084100] Epoch: [4]  [1000/1004]  eta: 0:00:00  lr: 0.000010  loss: 0.0049 (0.0342)  mae_m_mask: 0.6414 (0.6704)  rmse_m_mask: 0.8369 (0.8542)  normalized_mse_mask: 0.0049 (0.0342)  rmse_m_all: 12.5786 (12.7537)  actual_mask_ratio: 0.0679 (0.0699)  actual_prediction_mask_ratio: 0.2237 (0.2247)  ignored_patch_ratio: 0.0238 (0.0245)  time: 0.1124  data: 0.0001  max mem: 1904
[16:53:33.417639] Epoch: [4]  [1003/1004]  eta: 0:00:00  lr: 0.000010  loss: 0.0056 (0.0344)  mae_m_mask: 0.7461 (0.6713)  rmse_m_mask: 0.9047 (0.8552)  normalized_mse_mask: 0.0056 (0.0344)  rmse_m_all: 12.5945 (12.7564)  actual_mask_ratio: 0.0680 (0.0698)  actual_prediction_mask_ratio: 0.2325 (0.2247)  ignored_patch_ratio: 0.0238 (0.0245)  time: 0.1118  data: 0.0001  max mem: 1904
[16:53:33.449655] Epoch: [4] Total time: 0:01:55 (0.1155 s / it)
[16:53:33.450644] Averaged stats: {'lr': 9.965578818276787e-06, 'loss': 0.034974057320675, 'mae_m_mask': 0.670906577756791, 'rmse_m_mask': 0.9101241387556355, 'normalized_mse_mask': 0.034974057320675, 'rmse_m_all': 12.756435455672769, 'actual_mask_ratio': 0.06984266170497197, 'actual_prediction_mask_ratio': 0.22474719548367883, 'ignored_patch_ratio': 0.024530549923262274, 'supervised_pixel_count': 19824973.0}
[16:53:33.617293] Val: [4]  [  0/288]  eta: 0:00:47  loss: 0.0241 (0.0241)  mae_m_mask: 0.3325 (0.3325)  rmse_m_mask: 0.4257 (0.4257)  normalized_mse_mask: 0.0241 (0.0241)  rmse_m_all: 5.8571 (5.8571)  actual_mask_ratio: 0.0607 (0.0607)  actual_prediction_mask_ratio: 0.2001 (0.2001)  ignored_patch_ratio: 0.0000 (0.0000)  time: 0.1643  data: 0.0764  max mem: 1904
[16:53:37.995284] Val: [4]  [ 50/288]  eta: 0:00:21  loss: 0.0498 (0.0905)  mae_m_mask: 0.3092 (0.3536)  rmse_m_mask: 0.3708 (0.4214)  normalized_mse_mask: 0.0498 (0.0905)  rmse_m_all: 1.0781 (3.8323)  actual_mask_ratio: 0.0663 (0.0715)  actual_prediction_mask_ratio: 0.2336 (0.2372)  ignored_patch_ratio: 0.0000 (0.0000)  time: 0.0878  data: 0.0001  max mem: 1904
[16:53:42.271908] Val: [4]  [100/288]  eta: 0:00:16  loss: 0.1352 (0.1427)  mae_m_mask: 0.3302 (0.3972)  rmse_m_mask: 0.3872 (0.4739)  normalized_mse_mask: 0.1352 (0.1427)  rmse_m_all: 0.7315 (3.3709)  actual_mask_ratio: 0.0714 (0.0723)  actual_prediction_mask_ratio: 0.2239 (0.2366)  ignored_patch_ratio: 0.0000 (0.0000)  time: 0.0849  data: 0.0001  max mem: 1904
[16:53:46.410680] Val: [4]  [150/288]  eta: 0:00:11  loss: 0.0230 (0.1478)  mae_m_mask: 0.4813 (0.4128)  rmse_m_mask: 0.5389 (0.4857)  normalized_mse_mask: 0.0230 (0.1478)  rmse_m_all: 2.3914 (2.9765)  actual_mask_ratio: 0.0743 (0.0723)  actual_prediction_mask_ratio: 0.2443 (0.2367)  ignored_patch_ratio: 0.0000 (0.0000)  time: 0.0837  data: 0.0001  max mem: 1904
[16:53:50.600761] Val: [4]  [200/288]  eta: 0:00:07  loss: 0.3005 (0.1924)  mae_m_mask: 0.2429 (0.4037)  rmse_m_mask: 0.3101 (0.4812)  normalized_mse_mask: 0.3005 (0.1924)  rmse_m_all: 0.4281 (2.5375)  actual_mask_ratio: 0.0743 (0.0732)  actual_prediction_mask_ratio: 0.2545 (0.2410)  ignored_patch_ratio: 0.0000 (0.0000)  time: 0.0839  data: 0.0001  max mem: 1904
[16:53:59.017642] Val: [4]  [250/288]  eta: 0:00:03  loss: 0.0522 (0.1718)  mae_m_mask: 0.3123 (0.3815)  rmse_m_mask: 0.3459 (0.4555)  normalized_mse_mask: 0.0522 (0.1718)  rmse_m_all: 1.3136 (2.4591)  actual_mask_ratio: 0.0822 (0.0748)  actual_prediction_mask_ratio: 0.2591 (0.2448)  ignored_patch_ratio: 0.0000 (0.0000)  time: 0.0610  data: 0.0001  max mem: 1904
[16:54:02.187738] Val: [4]  [287/288]  eta: 0:00:00  loss: 0.0204 (0.1561)  mae_m_mask: 0.2288 (0.3753)  rmse_m_mask: 0.2818 (0.4474)  normalized_mse_mask: 0.0204 (0.1561)  rmse_m_all: 1.0902 (2.6198)  actual_mask_ratio: 0.0760 (0.0749)  actual_prediction_mask_ratio: 0.2523 (0.2453)  ignored_patch_ratio: 0.0000 (0.0000)  time: 0.0854  data: 0.0001  max mem: 1904
[16:54:02.215602] Val: [4] Total time: 0:00:28 (0.0999 s / it)
[16:54:02.216889] val stats: {'loss': 0.14725515312322537, 'mae_m_mask': 0.38083604821249945, 'rmse_m_mask': 0.5274486647618365, 'normalized_mse_mask': 0.14725515312322537, 'rmse_m_all': 2.6197847261404, 'actual_mask_ratio': 0.07494737871456891, 'actual_prediction_mask_ratio': 0.24532247381284833, 'ignored_patch_ratio': 0.0, 'supervised_pixel_count': 5936124.0}
[16:54:07.766917] log_dir: /tank/data/SFS/xinyis/data/bathymetry/MAE-Topography/Downstream_Task_Bathy/cross_validation_v5_Stage2NormMSE_MeterSelect/runs/holdout_CO_D004Stage2NormMSE_MeterSelect_D001NoDataSafe/train_stage2_normMSE_meterSelect_CO_UpperColorado_Topobathy_1_2020_fromStage1Best_e120_lr1e-5_b4_acc4/tb
[16:54:07.923114] Epoch: [5]  [   0/1004]  eta: 0:02:36  lr: 0.000010  loss: 0.0182 (0.0182)  mae_m_mask: 0.6006 (0.6006)  rmse_m_mask: 0.8925 (0.8925)  normalized_mse_mask: 0.0182 (0.0182)  rmse_m_all: 11.7231 (11.7231)  actual_mask_ratio: 0.0698 (0.0698)  actual_prediction_mask_ratio: 0.2289 (0.2289)  ignored_patch_ratio: 0.0340 (0.0340)  time: 0.1557  data: 0.0777  max mem: 1904
[16:54:10.232631] Epoch: [5]  [  20/1004]  eta: 0:01:55  lr: 0.000010  loss: 0.0028 (0.0392)  mae_m_mask: 0.7049 (0.7526)  rmse_m_mask: 0.8655 (0.9196)  normalized_mse_mask: 0.0028 (0.0392)  rmse_m_all: 13.1725 (13.5039)  actual_mask_ratio: 0.0701 (0.0699)  actual_prediction_mask_ratio: 0.2331 (0.2273)  ignored_patch_ratio: 0.0181 (0.0199)  time: 0.1154  data: 0.0001  max mem: 1904
[16:54:12.544703] Epoch: [5]  [  40/1004]  eta: 0:01:52  lr: 0.000010  loss: 0.0112 (0.0461)  mae_m_mask: 0.7008 (0.7302)  rmse_m_mask: 0.8621 (0.9091)  normalized_mse_mask: 0.0112 (0.0461)  rmse_m_all: 11.2372 (12.6647)  actual_mask_ratio: 0.0693 (0.0697)  actual_prediction_mask_ratio: 0.2291 (0.2281)  ignored_patch_ratio: 0.0261 (0.0227)  time: 0.1156  data: 0.0001  max mem: 1904
[16:54:14.840305] Epoch: [5]  [  60/1004]  eta: 0:01:49  lr: 0.000010  loss: 0.0041 (0.0409)  mae_m_mask: 0.7784 (0.7591)  rmse_m_mask: 0.9451 (0.9454)  normalized_mse_mask: 0.0041 (0.0409)  rmse_m_all: 14.0358 (13.2418)  actual_mask_ratio: 0.0676 (0.0694)  actual_prediction_mask_ratio: 0.2220 (0.2259)  ignored_patch_ratio: 0.0238 (0.0245)  time: 0.1147  data: 0.0001  max mem: 1904
[16:54:17.156431] Epoch: [5]  [  80/1004]  eta: 0:01:47  lr: 0.000010  loss: 0.0019 (0.0452)  mae_m_mask: 0.6006 (0.7441)  rmse_m_mask: 0.8453 (0.9442)  normalized_mse_mask: 0.0019 (0.0452)  rmse_m_all: 13.5865 (13.3278)  actual_mask_ratio: 0.0706 (0.0699)  actual_prediction_mask_ratio: 0.2274 (0.2260)  ignored_patch_ratio: 0.0266 (0.0260)  time: 0.1158  data: 0.0001  max mem: 1904
[16:54:19.438867] Epoch: [5]  [ 100/1004]  eta: 0:01:44  lr: 0.000010  loss: 0.0064 (0.0394)  mae_m_mask: 0.5803 (0.7171)  rmse_m_mask: 0.7957 (0.9149)  normalized_mse_mask: 0.0064 (0.0394)  rmse_m_all: 11.9901 (13.1908)  actual_mask_ratio: 0.0718 (0.0700)  actual_prediction_mask_ratio: 0.2308 (0.2274)  ignored_patch_ratio: 0.0249 (0.0255)  time: 0.1141  data: 0.0001  max mem: 1904
[16:54:21.714635] Epoch: [5]  [ 120/1004]  eta: 0:01:41  lr: 0.000010  loss: 0.0037 (0.0429)  mae_m_mask: 0.7286 (0.7169)  rmse_m_mask: 0.8700 (0.9059)  normalized_mse_mask: 0.0037 (0.0429)  rmse_m_all: 14.9577 (13.4111)  actual_mask_ratio: 0.0706 (0.0702)  actual_prediction_mask_ratio: 0.2217 (0.2271)  ignored_patch_ratio: 0.0210 (0.0259)  time: 0.1138  data: 0.0001  max mem: 1904
[16:54:24.021877] Epoch: [5]  [ 140/1004]  eta: 0:01:39  lr: 0.000010  loss: 0.0042 (0.0398)  mae_m_mask: 0.6128 (0.7049)  rmse_m_mask: 0.7801 (0.8933)  normalized_mse_mask: 0.0042 (0.0398)  rmse_m_all: 13.0344 (13.4580)  actual_mask_ratio: 0.0696 (0.0705)  actual_prediction_mask_ratio: 0.2250 (0.2274)  ignored_patch_ratio: 0.0306 (0.0263)  time: 0.1153  data: 0.0001  max mem: 1904
[16:54:26.331164] Epoch: [5]  [ 160/1004]  eta: 0:01:37  lr: 0.000010  loss: 0.0028 (0.0369)  mae_m_mask: 0.6918 (0.7012)  rmse_m_mask: 0.8203 (0.8882)  normalized_mse_mask: 0.0028 (0.0369)  rmse_m_all: 12.6629 (13.4747)  actual_mask_ratio: 0.0729 (0.0709)  actual_prediction_mask_ratio: 0.2323 (0.2280)  ignored_patch_ratio: 0.0278 (0.0265)  time: 0.1154  data: 0.0001  max mem: 1904
[16:54:28.669560] Epoch: [5]  [ 180/1004]  eta: 0:01:35  lr: 0.000010  loss: 0.0099 (0.0381)  mae_m_mask: 0.6422 (0.6932)  rmse_m_mask: 0.8212 (0.8811)  normalized_mse_mask: 0.0099 (0.0381)  rmse_m_all: 12.3624 (13.2845)  actual_mask_ratio: 0.0688 (0.0709)  actual_prediction_mask_ratio: 0.2352 (0.2288)  ignored_patch_ratio: 0.0210 (0.0261)  time: 0.1169  data: 0.0065  max mem: 1904
[16:54:32.619991] Epoch: [5]  [ 200/1004]  eta: 0:01:39  lr: 0.000010  loss: 0.0048 (0.0374)  mae_m_mask: 0.5194 (0.6856)  rmse_m_mask: 0.7101 (0.8751)  normalized_mse_mask: 0.0048 (0.0374)  rmse_m_all: 13.1040 (13.1701)  actual_mask_ratio: 0.0691 (0.0707)  actual_prediction_mask_ratio: 0.2235 (0.2283)  ignored_patch_ratio: 0.0193 (0.0256)  time: 0.1975  data: 0.1326  max mem: 1904
[16:54:35.079982] Epoch: [5]  [ 220/1004]  eta: 0:01:36  lr: 0.000010  loss: 0.0036 (0.0371)  mae_m_mask: 0.7005 (0.6883)  rmse_m_mask: 0.8732 (0.8750)  normalized_mse_mask: 0.0036 (0.0371)  rmse_m_all: 12.0744 (13.1426)  actual_mask_ratio: 0.0688 (0.0705)  actual_prediction_mask_ratio: 0.2129 (0.2270)  ignored_patch_ratio: 0.0198 (0.0254)  time: 0.1230  data: 0.0110  max mem: 1904
[16:54:37.405174] Epoch: [5]  [ 240/1004]  eta: 0:01:33  lr: 0.000010  loss: 0.0073 (0.0379)  mae_m_mask: 0.6419 (0.6872)  rmse_m_mask: 0.8084 (0.8750)  normalized_mse_mask: 0.0073 (0.0379)  rmse_m_all: 11.4163 (13.0365)  actual_mask_ratio: 0.0713 (0.0706)  actual_prediction_mask_ratio: 0.2289 (0.2273)  ignored_patch_ratio: 0.0170 (0.0251)  time: 0.1162  data: 0.0001  max mem: 1904
[16:54:39.739226] Epoch: [5]  [ 260/1004]  eta: 0:01:31  lr: 0.000010  loss: 0.0046 (0.0380)  mae_m_mask: 0.5763 (0.6824)  rmse_m_mask: 0.7584 (0.8684)  normalized_mse_mask: 0.0046 (0.0380)  rmse_m_all: 13.1436 (13.0843)  actual_mask_ratio: 0.0714 (0.0706)  actual_prediction_mask_ratio: 0.2215 (0.2274)  ignored_patch_ratio: 0.0204 (0.0249)  time: 0.1167  data: 0.0001  max mem: 1904
[16:54:42.072470] Epoch: [5]  [ 280/1004]  eta: 0:01:28  lr: 0.000010  loss: 0.0054 (0.0384)  mae_m_mask: 0.5185 (0.6788)  rmse_m_mask: 0.7287 (0.8678)  normalized_mse_mask: 0.0054 (0.0384)  rmse_m_all: 12.9064 (13.1104)  actual_mask_ratio: 0.0669 (0.0705)  actual_prediction_mask_ratio: 0.2191 (0.2268)  ignored_patch_ratio: 0.0249 (0.0250)  time: 0.1166  data: 0.0001  max mem: 1904
[16:54:44.397047] Epoch: [5]  [ 300/1004]  eta: 0:01:25  lr: 0.000010  loss: 0.0057 (0.0390)  mae_m_mask: 0.5652 (0.6745)  rmse_m_mask: 0.7134 (0.8640)  normalized_mse_mask: 0.0057 (0.0390)  rmse_m_all: 12.8374 (13.1239)  actual_mask_ratio: 0.0692 (0.0704)  actual_prediction_mask_ratio: 0.2184 (0.2265)  ignored_patch_ratio: 0.0221 (0.0251)  time: 0.1162  data: 0.0001  max mem: 1904
[16:54:46.689403] Epoch: [5]  [ 320/1004]  eta: 0:01:22  lr: 0.000010  loss: 0.0090 (0.0405)  mae_m_mask: 0.5230 (0.6699)  rmse_m_mask: 0.6922 (0.8598)  normalized_mse_mask: 0.0090 (0.0405)  rmse_m_all: 11.3374 (12.9875)  actual_mask_ratio: 0.0690 (0.0705)  actual_prediction_mask_ratio: 0.2214 (0.2266)  ignored_patch_ratio: 0.0159 (0.0247)  time: 0.1146  data: 0.0001  max mem: 1904
[16:54:49.006204] Epoch: [5]  [ 340/1004]  eta: 0:01:20  lr: 0.000010  loss: 0.0037 (0.0403)  mae_m_mask: 0.7082 (0.6732)  rmse_m_mask: 0.8984 (0.8627)  normalized_mse_mask: 0.0037 (0.0403)  rmse_m_all: 13.0458 (13.0582)  actual_mask_ratio: 0.0717 (0.0704)  actual_prediction_mask_ratio: 0.2233 (0.2266)  ignored_patch_ratio: 0.0278 (0.0248)  time: 0.1158  data: 0.0001  max mem: 1904
[16:54:51.302025] Epoch: [5]  [ 360/1004]  eta: 0:01:17  lr: 0.000010  loss: 0.0103 (0.0396)  mae_m_mask: 0.5118 (0.6691)  rmse_m_mask: 0.6790 (0.8566)  normalized_mse_mask: 0.0103 (0.0396)  rmse_m_all: 11.3794 (12.9993)  actual_mask_ratio: 0.0715 (0.0705)  actual_prediction_mask_ratio: 0.2273 (0.2267)  ignored_patch_ratio: 0.0244 (0.0248)  time: 0.1148  data: 0.0001  max mem: 1904
[16:54:53.599538] Epoch: [5]  [ 380/1004]  eta: 0:01:15  lr: 0.000010  loss: 0.0085 (0.0388)  mae_m_mask: 0.6758 (0.6708)  rmse_m_mask: 0.9024 (0.8593)  normalized_mse_mask: 0.0085 (0.0388)  rmse_m_all: 11.7311 (12.9552)  actual_mask_ratio: 0.0692 (0.0704)  actual_prediction_mask_ratio: 0.2233 (0.2267)  ignored_patch_ratio: 0.0164 (0.0245)  time: 0.1148  data: 0.0001  max mem: 1904
[16:54:55.922134] Epoch: [5]  [ 400/1004]  eta: 0:01:12  lr: 0.000010  loss: 0.0032 (0.0379)  mae_m_mask: 0.5254 (0.6693)  rmse_m_mask: 0.7046 (0.8570)  normalized_mse_mask: 0.0032 (0.0379)  rmse_m_all: 12.5263 (12.9020)  actual_mask_ratio: 0.0718 (0.0705)  actual_prediction_mask_ratio: 0.2272 (0.2268)  ignored_patch_ratio: 0.0215 (0.0244)  time: 0.1161  data: 0.0001  max mem: 1904
[16:54:58.198887] Epoch: [5]  [ 420/1004]  eta: 0:01:09  lr: 0.000010  loss: 0.0051 (0.0374)  mae_m_mask: 0.5426 (0.6642)  rmse_m_mask: 0.6599 (0.8506)  normalized_mse_mask: 0.0051 (0.0374)  rmse_m_all: 11.7555 (12.8924)  actual_mask_ratio: 0.0650 (0.0704)  actual_prediction_mask_ratio: 0.2155 (0.2262)  ignored_patch_ratio: 0.0249 (0.0246)  time: 0.1138  data: 0.0001  max mem: 1904
[16:55:00.528126] Epoch: [5]  [ 440/1004]  eta: 0:01:07  lr: 0.000010  loss: 0.0077 (0.0372)  mae_m_mask: 0.5548 (0.6638)  rmse_m_mask: 0.6935 (0.8483)  normalized_mse_mask: 0.0077 (0.0372)  rmse_m_all: 12.1300 (12.8756)  actual_mask_ratio: 0.0711 (0.0703)  actual_prediction_mask_ratio: 0.2256 (0.2261)  ignored_patch_ratio: 0.0227 (0.0247)  time: 0.1164  data: 0.0001  max mem: 1904
[16:55:02.838809] Epoch: [5]  [ 460/1004]  eta: 0:01:04  lr: 0.000010  loss: 0.0056 (0.0376)  mae_m_mask: 0.7451 (0.6682)  rmse_m_mask: 0.8845 (0.8526)  normalized_mse_mask: 0.0056 (0.0376)  rmse_m_all: 11.6400 (12.8635)  actual_mask_ratio: 0.0698 (0.0703)  actual_prediction_mask_ratio: 0.2335 (0.2262)  ignored_patch_ratio: 0.0181 (0.0246)  time: 0.1155  data: 0.0001  max mem: 1904
[16:55:05.153069] Epoch: [5]  [ 480/1004]  eta: 0:01:02  lr: 0.000010  loss: 0.0026 (0.0365)  mae_m_mask: 0.5123 (0.6639)  rmse_m_mask: 0.6779 (0.8471)  normalized_mse_mask: 0.0026 (0.0365)  rmse_m_all: 11.5732 (12.8321)  actual_mask_ratio: 0.0665 (0.0702)  actual_prediction_mask_ratio: 0.2243 (0.2262)  ignored_patch_ratio: 0.0204 (0.0246)  time: 0.1157  data: 0.0001  max mem: 1904
[16:55:07.469443] Epoch: [5]  [ 500/1004]  eta: 0:01:00  lr: 0.000010  loss: 0.0067 (0.0366)  mae_m_mask: 0.7210 (0.6660)  rmse_m_mask: 0.8910 (0.8496)  normalized_mse_mask: 0.0067 (0.0366)  rmse_m_all: 13.6477 (12.8413)  actual_mask_ratio: 0.0664 (0.0701)  actual_prediction_mask_ratio: 0.2189 (0.2259)  ignored_patch_ratio: 0.0261 (0.0247)  time: 0.1158  data: 0.0001  max mem: 1904
[16:55:09.813056] Epoch: [5]  [ 520/1004]  eta: 0:00:57  lr: 0.000010  loss: 0.0093 (0.0369)  mae_m_mask: 0.6192 (0.6666)  rmse_m_mask: 0.7976 (0.8502)  normalized_mse_mask: 0.0093 (0.0369)  rmse_m_all: 12.9331 (12.8353)  actual_mask_ratio: 0.0684 (0.0700)  actual_prediction_mask_ratio: 0.2203 (0.2258)  ignored_patch_ratio: 0.0255 (0.0247)  time: 0.1171  data: 0.0001  max mem: 1904
[16:55:12.125668] Epoch: [5]  [ 540/1004]  eta: 0:00:55  lr: 0.000010  loss: 0.0050 (0.0367)  mae_m_mask: 0.5906 (0.6649)  rmse_m_mask: 0.7858 (0.8493)  normalized_mse_mask: 0.0050 (0.0367)  rmse_m_all: 11.6945 (12.8077)  actual_mask_ratio: 0.0682 (0.0699)  actual_prediction_mask_ratio: 0.2111 (0.2255)  ignored_patch_ratio: 0.0176 (0.0246)  time: 0.1156  data: 0.0001  max mem: 1904
[16:55:14.460750] Epoch: [5]  [ 560/1004]  eta: 0:00:52  lr: 0.000010  loss: 0.0054 (0.0361)  mae_m_mask: 0.5183 (0.6609)  rmse_m_mask: 0.6588 (0.8434)  normalized_mse_mask: 0.0054 (0.0361)  rmse_m_all: 11.7828 (12.7941)  actual_mask_ratio: 0.0675 (0.0699)  actual_prediction_mask_ratio: 0.2202 (0.2254)  ignored_patch_ratio: 0.0249 (0.0247)  time: 0.1167  data: 0.0001  max mem: 1904
[16:55:16.773988] Epoch: [5]  [ 580/1004]  eta: 0:00:50  lr: 0.000010  loss: 0.0027 (0.0363)  mae_m_mask: 0.5701 (0.6595)  rmse_m_mask: 0.7020 (0.8417)  normalized_mse_mask: 0.0027 (0.0363)  rmse_m_all: 11.9852 (12.8238)  actual_mask_ratio: 0.0716 (0.0699)  actual_prediction_mask_ratio: 0.2229 (0.2252)  ignored_patch_ratio: 0.0215 (0.0247)  time: 0.1156  data: 0.0001  max mem: 1904
[16:55:19.084676] Epoch: [5]  [ 600/1004]  eta: 0:00:47  lr: 0.000010  loss: 0.0035 (0.0354)  mae_m_mask: 0.4953 (0.6582)  rmse_m_mask: 0.6489 (0.8397)  normalized_mse_mask: 0.0035 (0.0354)  rmse_m_all: 12.0836 (12.8144)  actual_mask_ratio: 0.0702 (0.0699)  actual_prediction_mask_ratio: 0.2268 (0.2253)  ignored_patch_ratio: 0.0215 (0.0247)  time: 0.1155  data: 0.0001  max mem: 1904
[16:55:21.395668] Epoch: [5]  [ 620/1004]  eta: 0:00:45  lr: 0.000010  loss: 0.0033 (0.0350)  mae_m_mask: 0.5357 (0.6544)  rmse_m_mask: 0.6634 (0.8353)  normalized_mse_mask: 0.0033 (0.0350)  rmse_m_all: 11.8269 (12.7625)  actual_mask_ratio: 0.0705 (0.0699)  actual_prediction_mask_ratio: 0.2246 (0.2253)  ignored_patch_ratio: 0.0312 (0.0248)  time: 0.1155  data: 0.0001  max mem: 1904
[16:55:23.723110] Epoch: [5]  [ 640/1004]  eta: 0:00:43  lr: 0.000010  loss: 0.0023 (0.0354)  mae_m_mask: 0.5927 (0.6547)  rmse_m_mask: 0.8253 (0.8364)  normalized_mse_mask: 0.0023 (0.0354)  rmse_m_all: 13.7439 (12.7826)  actual_mask_ratio: 0.0697 (0.0699)  actual_prediction_mask_ratio: 0.2238 (0.2253)  ignored_patch_ratio: 0.0198 (0.0247)  time: 0.1163  data: 0.0001  max mem: 1904
[16:55:26.024668] Epoch: [5]  [ 660/1004]  eta: 0:00:40  lr: 0.000010  loss: 0.0029 (0.0355)  mae_m_mask: 0.6347 (0.6555)  rmse_m_mask: 0.7975 (0.8367)  normalized_mse_mask: 0.0029 (0.0355)  rmse_m_all: 12.6037 (12.7910)  actual_mask_ratio: 0.0692 (0.0699)  actual_prediction_mask_ratio: 0.2274 (0.2253)  ignored_patch_ratio: 0.0249 (0.0248)  time: 0.1150  data: 0.0001  max mem: 1904
[16:55:28.332082] Epoch: [5]  [ 680/1004]  eta: 0:00:38  lr: 0.000010  loss: 0.0061 (0.0354)  mae_m_mask: 0.5676 (0.6529)  rmse_m_mask: 0.6658 (0.8339)  normalized_mse_mask: 0.0061 (0.0354)  rmse_m_all: 10.7833 (12.7535)  actual_mask_ratio: 0.0724 (0.0699)  actual_prediction_mask_ratio: 0.2330 (0.2253)  ignored_patch_ratio: 0.0193 (0.0247)  time: 0.1153  data: 0.0001  max mem: 1904
[16:55:30.500695] Epoch: [5]  [ 700/1004]  eta: 0:00:35  lr: 0.000010  loss: 0.0024 (0.0361)  mae_m_mask: 0.5444 (0.6513)  rmse_m_mask: 0.7257 (0.8322)  normalized_mse_mask: 0.0024 (0.0361)  rmse_m_all: 11.0477 (12.7226)  actual_mask_ratio: 0.0681 (0.0699)  actual_prediction_mask_ratio: 0.2234 (0.2252)  ignored_patch_ratio: 0.0295 (0.0248)  time: 0.1084  data: 0.0001  max mem: 1904
[16:55:32.741867] Epoch: [5]  [ 720/1004]  eta: 0:00:33  lr: 0.000010  loss: 0.0031 (0.0358)  mae_m_mask: 0.5120 (0.6489)  rmse_m_mask: 0.7049 (0.8300)  normalized_mse_mask: 0.0031 (0.0358)  rmse_m_all: 13.1304 (12.7122)  actual_mask_ratio: 0.0705 (0.0699)  actual_prediction_mask_ratio: 0.2298 (0.2252)  ignored_patch_ratio: 0.0266 (0.0249)  time: 0.1120  data: 0.0001  max mem: 1904
[16:55:34.967311] Epoch: [5]  [ 740/1004]  eta: 0:00:31  lr: 0.000010  loss: 0.0032 (0.0352)  mae_m_mask: 0.5925 (0.6479)  rmse_m_mask: 0.7518 (0.8292)  normalized_mse_mask: 0.0032 (0.0352)  rmse_m_all: 11.7298 (12.7071)  actual_mask_ratio: 0.0675 (0.0698)  actual_prediction_mask_ratio: 0.2137 (0.2250)  ignored_patch_ratio: 0.0261 (0.0249)  time: 0.1112  data: 0.0001  max mem: 1904
[16:55:37.243991] Epoch: [5]  [ 760/1004]  eta: 0:00:28  lr: 0.000010  loss: 0.0022 (0.0347)  mae_m_mask: 0.5151 (0.6464)  rmse_m_mask: 0.7188 (0.8275)  normalized_mse_mask: 0.0022 (0.0347)  rmse_m_all: 14.7257 (12.7340)  actual_mask_ratio: 0.0683 (0.0698)  actual_prediction_mask_ratio: 0.2188 (0.2248)  ignored_patch_ratio: 0.0272 (0.0249)  time: 0.1138  data: 0.0001  max mem: 1904
[16:55:39.514508] Epoch: [5]  [ 780/1004]  eta: 0:00:26  lr: 0.000010  loss: 0.0038 (0.0344)  mae_m_mask: 0.6558 (0.6473)  rmse_m_mask: 0.7999 (0.8287)  normalized_mse_mask: 0.0038 (0.0344)  rmse_m_all: 12.1229 (12.7316)  actual_mask_ratio: 0.0722 (0.0698)  actual_prediction_mask_ratio: 0.2243 (0.2248)  ignored_patch_ratio: 0.0187 (0.0248)  time: 0.1135  data: 0.0001  max mem: 1904
[16:55:41.774391] Epoch: [5]  [ 800/1004]  eta: 0:00:23  lr: 0.000010  loss: 0.0133 (0.0348)  mae_m_mask: 0.6217 (0.6484)  rmse_m_mask: 0.7675 (0.8295)  normalized_mse_mask: 0.0133 (0.0348)  rmse_m_all: 11.7994 (12.7301)  actual_mask_ratio: 0.0708 (0.0698)  actual_prediction_mask_ratio: 0.2212 (0.2247)  ignored_patch_ratio: 0.0227 (0.0248)  time: 0.1130  data: 0.0001  max mem: 1904
[16:55:44.048799] Epoch: [5]  [ 820/1004]  eta: 0:00:21  lr: 0.000010  loss: 0.0030 (0.0348)  mae_m_mask: 0.7435 (0.6520)  rmse_m_mask: 0.8792 (0.8331)  normalized_mse_mask: 0.0030 (0.0348)  rmse_m_all: 12.5624 (12.7383)  actual_mask_ratio: 0.0675 (0.0698)  actual_prediction_mask_ratio: 0.2253 (0.2248)  ignored_patch_ratio: 0.0198 (0.0247)  time: 0.1137  data: 0.0001  max mem: 1904
[16:55:46.326943] Epoch: [5]  [ 840/1004]  eta: 0:00:19  lr: 0.000010  loss: 0.0071 (0.0349)  mae_m_mask: 0.5932 (0.6509)  rmse_m_mask: 0.6870 (0.8316)  normalized_mse_mask: 0.0071 (0.0349)  rmse_m_all: 12.3560 (12.7432)  actual_mask_ratio: 0.0686 (0.0698)  actual_prediction_mask_ratio: 0.2233 (0.2248)  ignored_patch_ratio: 0.0198 (0.0247)  time: 0.1139  data: 0.0001  max mem: 1904
[16:55:48.589043] Epoch: [5]  [ 860/1004]  eta: 0:00:16  lr: 0.000010  loss: 0.0025 (0.0345)  mae_m_mask: 0.5984 (0.6507)  rmse_m_mask: 0.7719 (0.8315)  normalized_mse_mask: 0.0025 (0.0345)  rmse_m_all: 12.0286 (12.7254)  actual_mask_ratio: 0.0724 (0.0698)  actual_prediction_mask_ratio: 0.2257 (0.2248)  ignored_patch_ratio: 0.0170 (0.0246)  time: 0.1131  data: 0.0001  max mem: 1904
[16:55:50.854099] Epoch: [5]  [ 880/1004]  eta: 0:00:14  lr: 0.000010  loss: 0.0022 (0.0351)  mae_m_mask: 0.6403 (0.6500)  rmse_m_mask: 0.7751 (0.8307)  normalized_mse_mask: 0.0022 (0.0351)  rmse_m_all: 12.5587 (12.7235)  actual_mask_ratio: 0.0714 (0.0699)  actual_prediction_mask_ratio: 0.2255 (0.2248)  ignored_patch_ratio: 0.0193 (0.0246)  time: 0.1132  data: 0.0001  max mem: 1904
[16:55:53.152843] Epoch: [5]  [ 900/1004]  eta: 0:00:12  lr: 0.000010  loss: 0.0105 (0.0352)  mae_m_mask: 0.6422 (0.6503)  rmse_m_mask: 0.8083 (0.8305)  normalized_mse_mask: 0.0105 (0.0352)  rmse_m_all: 12.8442 (12.7167)  actual_mask_ratio: 0.0681 (0.0698)  actual_prediction_mask_ratio: 0.2200 (0.2247)  ignored_patch_ratio: 0.0210 (0.0246)  time: 0.1149  data: 0.0001  max mem: 1904
[16:55:55.430842] Epoch: [5]  [ 920/1004]  eta: 0:00:09  lr: 0.000010  loss: 0.0031 (0.0350)  mae_m_mask: 0.6471 (0.6520)  rmse_m_mask: 0.9055 (0.8317)  normalized_mse_mask: 0.0031 (0.0350)  rmse_m_all: 12.1478 (12.7204)  actual_mask_ratio: 0.0706 (0.0698)  actual_prediction_mask_ratio: 0.2272 (0.2248)  ignored_patch_ratio: 0.0244 (0.0246)  time: 0.1139  data: 0.0001  max mem: 1904
[16:55:57.676805] Epoch: [5]  [ 940/1004]  eta: 0:00:07  lr: 0.000010  loss: 0.0192 (0.0351)  mae_m_mask: 0.7130 (0.6539)  rmse_m_mask: 0.8983 (0.8339)  normalized_mse_mask: 0.0192 (0.0351)  rmse_m_all: 11.8343 (12.7087)  actual_mask_ratio: 0.0679 (0.0698)  actual_prediction_mask_ratio: 0.2118 (0.2247)  ignored_patch_ratio: 0.0227 (0.0246)  time: 0.1123  data: 0.0001  max mem: 1904
[16:55:59.925288] Epoch: [5]  [ 960/1004]  eta: 0:00:05  lr: 0.000010  loss: 0.0211 (0.0355)  mae_m_mask: 0.5530 (0.6532)  rmse_m_mask: 0.7502 (0.8346)  normalized_mse_mask: 0.0211 (0.0355)  rmse_m_all: 10.5568 (12.6760)  actual_mask_ratio: 0.0730 (0.0698)  actual_prediction_mask_ratio: 0.2285 (0.2249)  ignored_patch_ratio: 0.0170 (0.0245)  time: 0.1124  data: 0.0001  max mem: 1904
[16:56:02.192779] Epoch: [5]  [ 980/1004]  eta: 0:00:02  lr: 0.000010  loss: 0.0010 (0.0351)  mae_m_mask: 0.5521 (0.6513)  rmse_m_mask: 0.7184 (0.8326)  normalized_mse_mask: 0.0010 (0.0351)  rmse_m_all: 13.4901 (12.6856)  actual_mask_ratio: 0.0705 (0.0698)  actual_prediction_mask_ratio: 0.2216 (0.2248)  ignored_patch_ratio: 0.0204 (0.0245)  time: 0.1133  data: 0.0001  max mem: 1904
[16:56:04.443998] Epoch: [5]  [1000/1004]  eta: 0:00:00  lr: 0.000010  loss: 0.0041 (0.0353)  mae_m_mask: 0.7013 (0.6520)  rmse_m_mask: 0.8862 (0.8334)  normalized_mse_mask: 0.0041 (0.0353)  rmse_m_all: 12.6743 (12.6923)  actual_mask_ratio: 0.0697 (0.0699)  actual_prediction_mask_ratio: 0.2199 (0.2249)  ignored_patch_ratio: 0.0238 (0.0245)  time: 0.1125  data: 0.0001  max mem: 1904
[16:56:04.780580] Epoch: [5]  [1003/1004]  eta: 0:00:00  lr: 0.000010  loss: 0.0022 (0.0352)  mae_m_mask: 0.7013 (0.6526)  rmse_m_mask: 0.8862 (0.8340)  normalized_mse_mask: 0.0022 (0.0352)  rmse_m_all: 13.4684 (12.7030)  actual_mask_ratio: 0.0696 (0.0698)  actual_prediction_mask_ratio: 0.2125 (0.2248)  ignored_patch_ratio: 0.0261 (0.0245)  time: 0.1124  data: 0.0001  max mem: 1904
[16:56:04.879844] Epoch: [5] Total time: 0:01:57 (0.1166 s / it)
[16:56:04.882681] Averaged stats: {'lr': 9.948671504279382e-06, 'loss': 0.03363070693156797, 'mae_m_mask': 0.6484653428076627, 'rmse_m_mask': 0.8803693560186288, 'normalized_mse_mask': 0.03363070693156797, 'rmse_m_all': 12.703017765188598, 'actual_mask_ratio': 0.06984710465166792, 'actual_prediction_mask_ratio': 0.22476347124730922, 'ignored_patch_ratio': 0.024530550516934035, 'supervised_pixel_count': 19824973.0}
[16:56:05.055002] Val: [5]  [  0/288]  eta: 0:00:48  loss: 0.0266 (0.0266)  mae_m_mask: 0.3391 (0.3391)  rmse_m_mask: 0.4456 (0.4456)  normalized_mse_mask: 0.0266 (0.0266)  rmse_m_all: 5.6205 (5.6205)  actual_mask_ratio: 0.0607 (0.0607)  actual_prediction_mask_ratio: 0.2001 (0.2001)  ignored_patch_ratio: 0.0000 (0.0000)  time: 0.1696  data: 0.0794  max mem: 1904
[16:56:09.410415] Val: [5]  [ 50/288]  eta: 0:00:21  loss: 0.0514 (0.0933)  mae_m_mask: 0.3049 (0.3187)  rmse_m_mask: 0.3738 (0.3826)  normalized_mse_mask: 0.0514 (0.0933)  rmse_m_all: 1.0445 (3.7043)  actual_mask_ratio: 0.0663 (0.0715)  actual_prediction_mask_ratio: 0.2336 (0.2372)  ignored_patch_ratio: 0.0000 (0.0000)  time: 0.0864  data: 0.0001  max mem: 1904
[16:56:13.782707] Val: [5]  [100/288]  eta: 0:00:16  loss: 0.1762 (0.1527)  mae_m_mask: 0.2991 (0.3624)  rmse_m_mask: 0.3551 (0.4383)  normalized_mse_mask: 0.1762 (0.1527)  rmse_m_all: 0.7345 (3.2640)  actual_mask_ratio: 0.0714 (0.0723)  actual_prediction_mask_ratio: 0.2239 (0.2366)  ignored_patch_ratio: 0.0000 (0.0000)  time: 0.0864  data: 0.0001  max mem: 1904
[16:56:17.860828] Val: [5]  [150/288]  eta: 0:00:11  loss: 0.0205 (0.1568)  mae_m_mask: 0.4138 (0.3743)  rmse_m_mask: 0.4532 (0.4469)  normalized_mse_mask: 0.0205 (0.1568)  rmse_m_all: 2.3115 (2.8859)  actual_mask_ratio: 0.0743 (0.0723)  actual_prediction_mask_ratio: 0.2443 (0.2367)  ignored_patch_ratio: 0.0000 (0.0000)  time: 0.1094  data: 0.0598  max mem: 1904
[16:56:21.828737] Val: [5]  [200/288]  eta: 0:00:07  loss: 0.2981 (0.1971)  mae_m_mask: 0.2496 (0.3741)  rmse_m_mask: 0.3279 (0.4518)  normalized_mse_mask: 0.2981 (0.1971)  rmse_m_all: 0.4324 (2.4636)  actual_mask_ratio: 0.0743 (0.0732)  actual_prediction_mask_ratio: 0.2545 (0.2410)  ignored_patch_ratio: 0.0000 (0.0000)  time: 0.0858  data: 0.0001  max mem: 1904
[16:56:26.141240] Val: [5]  [250/288]  eta: 0:00:03  loss: 0.0497 (0.1763)  mae_m_mask: 0.2886 (0.3581)  rmse_m_mask: 0.3465 (0.4324)  normalized_mse_mask: 0.0497 (0.1763)  rmse_m_all: 1.2746 (2.3856)  actual_mask_ratio: 0.0822 (0.0748)  actual_prediction_mask_ratio: 0.2591 (0.2448)  ignored_patch_ratio: 0.0000 (0.0000)  time: 0.0869  data: 0.0001  max mem: 1904
[16:56:29.354399] Val: [5]  [287/288]  eta: 0:00:00  loss: 0.0189 (0.1603)  mae_m_mask: 0.2516 (0.3483)  rmse_m_mask: 0.2883 (0.4214)  normalized_mse_mask: 0.0189 (0.1603)  rmse_m_all: 1.0562 (2.5390)  actual_mask_ratio: 0.0760 (0.0749)  actual_prediction_mask_ratio: 0.2523 (0.2453)  ignored_patch_ratio: 0.0000 (0.0000)  time: 0.0863  data: 0.0001  max mem: 1904
[16:56:29.384762] Val: [5] Total time: 0:00:24 (0.0851 s / it)
[16:56:29.385711] val stats: {'loss': 0.15181909176474073, 'mae_m_mask': 0.34911172982006544, 'rmse_m_mask': 0.4678102419261631, 'normalized_mse_mask': 0.15181909176474073, 'rmse_m_all': 2.539007844713827, 'actual_mask_ratio': 0.07494737871456891, 'actual_prediction_mask_ratio': 0.24532247381284833, 'ignored_patch_ratio': 0.0, 'supervised_pixel_count': 5936124.0}
[16:56:33.393512] log_dir: /tank/data/SFS/xinyis/data/bathymetry/MAE-Topography/Downstream_Task_Bathy/cross_validation_v5_Stage2NormMSE_MeterSelect/runs/holdout_CO_D004Stage2NormMSE_MeterSelect_D001NoDataSafe/train_stage2_normMSE_meterSelect_CO_UpperColorado_Topobathy_1_2020_fromStage1Best_e120_lr1e-5_b4_acc4/tb
[16:56:33.559685] Epoch: [6]  [   0/1004]  eta: 0:02:46  lr: 0.000010  loss: 0.0028 (0.0028)  mae_m_mask: 0.8722 (0.8722)  rmse_m_mask: 1.1034 (1.1034)  normalized_mse_mask: 0.0028 (0.0028)  rmse_m_all: 18.8894 (18.8894)  actual_mask_ratio: 0.0694 (0.0694)  actual_prediction_mask_ratio: 0.2321 (0.2321)  ignored_patch_ratio: 0.0034 (0.0034)  time: 0.1656  data: 0.0821  max mem: 1904
[16:56:36.697521] Epoch: [6]  [  20/1004]  eta: 0:02:34  lr: 0.000010  loss: 0.0036 (0.0231)  mae_m_mask: 0.5959 (0.6500)  rmse_m_mask: 0.7475 (0.8123)  normalized_mse_mask: 0.0036 (0.0231)  rmse_m_all: 13.0923 (13.0677)  actual_mask_ratio: 0.0704 (0.0714)  actual_prediction_mask_ratio: 0.2270 (0.2301)  ignored_patch_ratio: 0.0176 (0.0233)  time: 0.1569  data: 0.0506  max mem: 1904
[16:56:38.728107] Epoch: [6]  [  40/1004]  eta: 0:02:05  lr: 0.000010  loss: 0.0031 (0.0195)  mae_m_mask: 0.6172 (0.6250)  rmse_m_mask: 0.7367 (0.7860)  normalized_mse_mask: 0.0031 (0.0195)  rmse_m_all: 13.6097 (13.2085)  actual_mask_ratio: 0.0686 (0.0696)  actual_prediction_mask_ratio: 0.2260 (0.2248)  ignored_patch_ratio: 0.0232 (0.0247)  time: 0.1015  data: 0.0001  max mem: 1904
[16:56:41.058980] Epoch: [6]  [  60/1004]  eta: 0:01:58  lr: 0.000010  loss: 0.0082 (0.0190)  mae_m_mask: 0.5370 (0.6143)  rmse_m_mask: 0.6900 (0.7832)  normalized_mse_mask: 0.0082 (0.0190)  rmse_m_all: 12.6119 (13.0529)  actual_mask_ratio: 0.0713 (0.0700)  actual_prediction_mask_ratio: 0.2249 (0.2248)  ignored_patch_ratio: 0.0210 (0.0230)  time: 0.1165  data: 0.0001  max mem: 1904
[16:56:43.382119] Epoch: [6]  [  80/1004]  eta: 0:01:53  lr: 0.000010  loss: 0.0178 (0.0259)  mae_m_mask: 0.5906 (0.6203)  rmse_m_mask: 0.7527 (0.7920)  normalized_mse_mask: 0.0178 (0.0259)  rmse_m_all: 13.1401 (13.1924)  actual_mask_ratio: 0.0683 (0.0698)  actual_prediction_mask_ratio: 0.2229 (0.2240)  ignored_patch_ratio: 0.0227 (0.0239)  time: 0.1161  data: 0.0001  max mem: 1904
[16:56:45.710485] Epoch: [6]  [ 100/1004]  eta: 0:01:50  lr: 0.000010  loss: 0.0044 (0.0323)  mae_m_mask: 0.6321 (0.6230)  rmse_m_mask: 0.7958 (0.7955)  normalized_mse_mask: 0.0044 (0.0323)  rmse_m_all: 12.9978 (13.1051)  actual_mask_ratio: 0.0704 (0.0700)  actual_prediction_mask_ratio: 0.2346 (0.2250)  ignored_patch_ratio: 0.0255 (0.0247)  time: 0.1164  data: 0.0001  max mem: 1904
[16:56:48.040547] Epoch: [6]  [ 120/1004]  eta: 0:01:46  lr: 0.000010  loss: 0.0065 (0.0399)  mae_m_mask: 0.5526 (0.6200)  rmse_m_mask: 0.7314 (0.7958)  normalized_mse_mask: 0.0065 (0.0399)  rmse_m_all: 12.2898 (13.0388)  actual_mask_ratio: 0.0713 (0.0703)  actual_prediction_mask_ratio: 0.2219 (0.2252)  ignored_patch_ratio: 0.0238 (0.0252)  time: 0.1165  data: 0.0001  max mem: 1904
[16:56:50.374615] Epoch: [6]  [ 140/1004]  eta: 0:01:44  lr: 0.000010  loss: 0.0066 (0.0370)  mae_m_mask: 0.5858 (0.6163)  rmse_m_mask: 0.7253 (0.7928)  normalized_mse_mask: 0.0066 (0.0370)  rmse_m_all: 12.2205 (12.9592)  actual_mask_ratio: 0.0681 (0.0702)  actual_prediction_mask_ratio: 0.2319 (0.2255)  ignored_patch_ratio: 0.0244 (0.0253)  time: 0.1167  data: 0.0001  max mem: 1904
[16:56:52.703595] Epoch: [6]  [ 160/1004]  eta: 0:01:41  lr: 0.000010  loss: 0.0025 (0.0361)  mae_m_mask: 0.6044 (0.6188)  rmse_m_mask: 0.8023 (0.7955)  normalized_mse_mask: 0.0025 (0.0361)  rmse_m_all: 11.9862 (12.8666)  actual_mask_ratio: 0.0687 (0.0699)  actual_prediction_mask_ratio: 0.2202 (0.2250)  ignored_patch_ratio: 0.0181 (0.0249)  time: 0.1164  data: 0.0001  max mem: 1904
[16:56:55.034447] Epoch: [6]  [ 180/1004]  eta: 0:01:38  lr: 0.000010  loss: 0.0042 (0.0345)  mae_m_mask: 0.5974 (0.6201)  rmse_m_mask: 0.7422 (0.7945)  normalized_mse_mask: 0.0042 (0.0345)  rmse_m_all: 14.2939 (12.9475)  actual_mask_ratio: 0.0694 (0.0698)  actual_prediction_mask_ratio: 0.2222 (0.2245)  ignored_patch_ratio: 0.0215 (0.0248)  time: 0.1165  data: 0.0001  max mem: 1904
[16:56:57.364203] Epoch: [6]  [ 200/1004]  eta: 0:01:35  lr: 0.000010  loss: 0.0034 (0.0319)  mae_m_mask: 0.5311 (0.6211)  rmse_m_mask: 0.7298 (0.7948)  normalized_mse_mask: 0.0034 (0.0319)  rmse_m_all: 12.3035 (12.8556)  actual_mask_ratio: 0.0685 (0.0699)  actual_prediction_mask_ratio: 0.2189 (0.2242)  ignored_patch_ratio: 0.0215 (0.0248)  time: 0.1165  data: 0.0001  max mem: 1904
[16:56:59.694836] Epoch: [6]  [ 220/1004]  eta: 0:01:33  lr: 0.000010  loss: 0.0050 (0.0305)  mae_m_mask: 0.6121 (0.6210)  rmse_m_mask: 0.7837 (0.7962)  normalized_mse_mask: 0.0050 (0.0305)  rmse_m_all: 12.3856 (12.8461)  actual_mask_ratio: 0.0698 (0.0700)  actual_prediction_mask_ratio: 0.2216 (0.2240)  ignored_patch_ratio: 0.0255 (0.0252)  time: 0.1165  data: 0.0001  max mem: 1904
[16:57:02.023160] Epoch: [6]  [ 240/1004]  eta: 0:01:30  lr: 0.000010  loss: 0.0061 (0.0313)  mae_m_mask: 0.5963 (0.6182)  rmse_m_mask: 0.7437 (0.7929)  normalized_mse_mask: 0.0061 (0.0313)  rmse_m_all: 11.8778 (12.7733)  actual_mask_ratio: 0.0657 (0.0696)  actual_prediction_mask_ratio: 0.2208 (0.2236)  ignored_patch_ratio: 0.0244 (0.0253)  time: 0.1164  data: 0.0001  max mem: 1904
[16:57:04.354803] Epoch: [6]  [ 260/1004]  eta: 0:01:28  lr: 0.000010  loss: 0.0088 (0.0304)  mae_m_mask: 0.5473 (0.6140)  rmse_m_mask: 0.6829 (0.7867)  normalized_mse_mask: 0.0088 (0.0304)  rmse_m_all: 11.6606 (12.7433)  actual_mask_ratio: 0.0705 (0.0698)  actual_prediction_mask_ratio: 0.2263 (0.2241)  ignored_patch_ratio: 0.0238 (0.0254)  time: 0.1166  data: 0.0001  max mem: 1904
[16:57:06.678333] Epoch: [6]  [ 280/1004]  eta: 0:01:25  lr: 0.000010  loss: 0.0117 (0.0314)  mae_m_mask: 0.5970 (0.6146)  rmse_m_mask: 0.8265 (0.7917)  normalized_mse_mask: 0.0117 (0.0314)  rmse_m_all: 11.7466 (12.7398)  actual_mask_ratio: 0.0666 (0.0696)  actual_prediction_mask_ratio: 0.2185 (0.2236)  ignored_patch_ratio: 0.0232 (0.0255)  time: 0.1161  data: 0.0001  max mem: 1904
[16:57:09.004823] Epoch: [6]  [ 300/1004]  eta: 0:01:23  lr: 0.000010  loss: 0.0033 (0.0303)  mae_m_mask: 0.5727 (0.6122)  rmse_m_mask: 0.7522 (0.7886)  normalized_mse_mask: 0.0033 (0.0303)  rmse_m_all: 11.3203 (12.6661)  actual_mask_ratio: 0.0711 (0.0698)  actual_prediction_mask_ratio: 0.2236 (0.2239)  ignored_patch_ratio: 0.0210 (0.0255)  time: 0.1163  data: 0.0001  max mem: 1904
[16:57:11.339064] Epoch: [6]  [ 320/1004]  eta: 0:01:20  lr: 0.000010  loss: 0.0123 (0.0316)  mae_m_mask: 0.4809 (0.6062)  rmse_m_mask: 0.5955 (0.7814)  normalized_mse_mask: 0.0123 (0.0316)  rmse_m_all: 10.5235 (12.5605)  actual_mask_ratio: 0.0690 (0.0698)  actual_prediction_mask_ratio: 0.2319 (0.2243)  ignored_patch_ratio: 0.0187 (0.0252)  time: 0.1167  data: 0.0001  max mem: 1904
[16:57:13.669726] Epoch: [6]  [ 340/1004]  eta: 0:01:18  lr: 0.000010  loss: 0.0039 (0.0312)  mae_m_mask: 0.6070 (0.6102)  rmse_m_mask: 0.7479 (0.7856)  normalized_mse_mask: 0.0039 (0.0312)  rmse_m_all: 11.9572 (12.5842)  actual_mask_ratio: 0.0685 (0.0698)  actual_prediction_mask_ratio: 0.2273 (0.2243)  ignored_patch_ratio: 0.0204 (0.0251)  time: 0.1165  data: 0.0001  max mem: 1904
[16:57:16.002386] Epoch: [6]  [ 360/1004]  eta: 0:01:15  lr: 0.000010  loss: 0.0142 (0.0310)  mae_m_mask: 0.5119 (0.6100)  rmse_m_mask: 0.6800 (0.7858)  normalized_mse_mask: 0.0142 (0.0310)  rmse_m_all: 13.0818 (12.6184)  actual_mask_ratio: 0.0702 (0.0698)  actual_prediction_mask_ratio: 0.2198 (0.2243)  ignored_patch_ratio: 0.0193 (0.0249)  time: 0.1166  data: 0.0001  max mem: 1904
[16:57:18.330519] Epoch: [6]  [ 380/1004]  eta: 0:01:13  lr: 0.000010  loss: 0.0068 (0.0301)  mae_m_mask: 0.5919 (0.6104)  rmse_m_mask: 0.7773 (0.7863)  normalized_mse_mask: 0.0068 (0.0301)  rmse_m_all: 11.8005 (12.6062)  actual_mask_ratio: 0.0729 (0.0699)  actual_prediction_mask_ratio: 0.2244 (0.2244)  ignored_patch_ratio: 0.0300 (0.0253)  time: 0.1164  data: 0.0001  max mem: 1904
[16:57:20.658392] Epoch: [6]  [ 400/1004]  eta: 0:01:11  lr: 0.000010  loss: 0.0018 (0.0289)  mae_m_mask: 0.6203 (0.6109)  rmse_m_mask: 0.8026 (0.7868)  normalized_mse_mask: 0.0018 (0.0289)  rmse_m_all: 13.5164 (12.6401)  actual_mask_ratio: 0.0711 (0.0699)  actual_prediction_mask_ratio: 0.2179 (0.2243)  ignored_patch_ratio: 0.0210 (0.0251)  time: 0.1164  data: 0.0001  max mem: 1904
[16:57:22.990599] Epoch: [6]  [ 420/1004]  eta: 0:01:08  lr: 0.000010  loss: 0.0081 (0.0297)  mae_m_mask: 0.6050 (0.6130)  rmse_m_mask: 0.7869 (0.7925)  normalized_mse_mask: 0.0081 (0.0297)  rmse_m_all: 12.1250 (12.6590)  actual_mask_ratio: 0.0695 (0.0699)  actual_prediction_mask_ratio: 0.2191 (0.2241)  ignored_patch_ratio: 0.0170 (0.0249)  time: 0.1166  data: 0.0001  max mem: 1904
[16:57:25.318671] Epoch: [6]  [ 440/1004]  eta: 0:01:06  lr: 0.000010  loss: 0.0039 (0.0305)  mae_m_mask: 0.5100 (0.6143)  rmse_m_mask: 0.7236 (0.7932)  normalized_mse_mask: 0.0039 (0.0305)  rmse_m_all: 12.8737 (12.6860)  actual_mask_ratio: 0.0681 (0.0698)  actual_prediction_mask_ratio: 0.2171 (0.2239)  ignored_patch_ratio: 0.0317 (0.0251)  time: 0.1164  data: 0.0001  max mem: 1904
[16:57:27.640578] Epoch: [6]  [ 460/1004]  eta: 0:01:03  lr: 0.000010  loss: 0.0030 (0.0312)  mae_m_mask: 0.6170 (0.6173)  rmse_m_mask: 0.8028 (0.7965)  normalized_mse_mask: 0.0030 (0.0312)  rmse_m_all: 13.4488 (12.7238)  actual_mask_ratio: 0.0706 (0.0699)  actual_prediction_mask_ratio: 0.2233 (0.2241)  ignored_patch_ratio: 0.0244 (0.0251)  time: 0.1161  data: 0.0001  max mem: 1904
[16:57:29.969421] Epoch: [6]  [ 480/1004]  eta: 0:01:01  lr: 0.000010  loss: 0.0031 (0.0315)  mae_m_mask: 0.7417 (0.6255)  rmse_m_mask: 0.9182 (0.8043)  normalized_mse_mask: 0.0031 (0.0315)  rmse_m_all: 12.4127 (12.7673)  actual_mask_ratio: 0.0681 (0.0698)  actual_prediction_mask_ratio: 0.2168 (0.2240)  ignored_patch_ratio: 0.0193 (0.0251)  time: 0.1164  data: 0.0001  max mem: 1904
[16:57:32.298836] Epoch: [6]  [ 500/1004]  eta: 0:00:59  lr: 0.000010  loss: 0.0051 (0.0317)  mae_m_mask: 0.5257 (0.6260)  rmse_m_mask: 0.7811 (0.8042)  normalized_mse_mask: 0.0051 (0.0317)  rmse_m_all: 12.6967 (12.7556)  actual_mask_ratio: 0.0677 (0.0698)  actual_prediction_mask_ratio: 0.2157 (0.2240)  ignored_patch_ratio: 0.0164 (0.0250)  time: 0.1164  data: 0.0001  max mem: 1904
[16:57:34.633196] Epoch: [6]  [ 520/1004]  eta: 0:00:56  lr: 0.000010  loss: 0.0052 (0.0322)  mae_m_mask: 0.6852 (0.6312)  rmse_m_mask: 0.9033 (0.8099)  normalized_mse_mask: 0.0052 (0.0322)  rmse_m_all: 12.6442 (12.7644)  actual_mask_ratio: 0.0665 (0.0697)  actual_prediction_mask_ratio: 0.2204 (0.2236)  ignored_patch_ratio: 0.0210 (0.0250)  time: 0.1167  data: 0.0001  max mem: 1904
[16:57:36.968110] Epoch: [6]  [ 540/1004]  eta: 0:00:54  lr: 0.000010  loss: 0.0026 (0.0324)  mae_m_mask: 0.6008 (0.6315)  rmse_m_mask: 0.7284 (0.8099)  normalized_mse_mask: 0.0026 (0.0324)  rmse_m_all: 10.9321 (12.7133)  actual_mask_ratio: 0.0714 (0.0698)  actual_prediction_mask_ratio: 0.2245 (0.2238)  ignored_patch_ratio: 0.0210 (0.0249)  time: 0.1167  data: 0.0001  max mem: 1904
[16:57:39.301210] Epoch: [6]  [ 560/1004]  eta: 0:00:52  lr: 0.000010  loss: 0.0066 (0.0319)  mae_m_mask: 0.5715 (0.6316)  rmse_m_mask: 0.7631 (0.8102)  normalized_mse_mask: 0.0066 (0.0319)  rmse_m_all: 12.1570 (12.7378)  actual_mask_ratio: 0.0685 (0.0698)  actual_prediction_mask_ratio: 0.2243 (0.2239)  ignored_patch_ratio: 0.0261 (0.0248)  time: 0.1166  data: 0.0001  max mem: 1904
[16:57:41.631726] Epoch: [6]  [ 580/1004]  eta: 0:00:49  lr: 0.000010  loss: 0.0080 (0.0316)  mae_m_mask: 0.5510 (0.6316)  rmse_m_mask: 0.7943 (0.8092)  normalized_mse_mask: 0.0080 (0.0316)  rmse_m_all: 13.2005 (12.7461)  actual_mask_ratio: 0.0680 (0.0698)  actual_prediction_mask_ratio: 0.2216 (0.2239)  ignored_patch_ratio: 0.0113 (0.0246)  time: 0.1165  data: 0.0001  max mem: 1904
[16:57:43.961659] Epoch: [6]  [ 600/1004]  eta: 0:00:47  lr: 0.000010  loss: 0.0042 (0.0324)  mae_m_mask: 0.6616 (0.6340)  rmse_m_mask: 0.8324 (0.8130)  normalized_mse_mask: 0.0042 (0.0324)  rmse_m_all: 12.1557 (12.7309)  actual_mask_ratio: 0.0707 (0.0698)  actual_prediction_mask_ratio: 0.2300 (0.2239)  ignored_patch_ratio: 0.0204 (0.0246)  time: 0.1165  data: 0.0001  max mem: 1904
[16:57:46.220679] Epoch: [6]  [ 620/1004]  eta: 0:00:45  lr: 0.000010  loss: 0.0016 (0.0316)  mae_m_mask: 0.5712 (0.6328)  rmse_m_mask: 0.7739 (0.8122)  normalized_mse_mask: 0.0016 (0.0316)  rmse_m_all: 11.6753 (12.7246)  actual_mask_ratio: 0.0702 (0.0698)  actual_prediction_mask_ratio: 0.2273 (0.2240)  ignored_patch_ratio: 0.0289 (0.0248)  time: 0.1129  data: 0.0001  max mem: 1904
[16:57:48.469115] Epoch: [6]  [ 640/1004]  eta: 0:00:42  lr: 0.000010  loss: 0.0030 (0.0312)  mae_m_mask: 0.6464 (0.6326)  rmse_m_mask: 0.8006 (0.8122)  normalized_mse_mask: 0.0030 (0.0312)  rmse_m_all: 12.5684 (12.7089)  actual_mask_ratio: 0.0713 (0.0698)  actual_prediction_mask_ratio: 0.2334 (0.2243)  ignored_patch_ratio: 0.0210 (0.0247)  time: 0.1124  data: 0.0001  max mem: 1904
[16:57:50.720861] Epoch: [6]  [ 660/1004]  eta: 0:00:40  lr: 0.000010  loss: 0.0078 (0.0310)  mae_m_mask: 0.5339 (0.6302)  rmse_m_mask: 0.6756 (0.8086)  normalized_mse_mask: 0.0078 (0.0310)  rmse_m_all: 12.0351 (12.6915)  actual_mask_ratio: 0.0674 (0.0698)  actual_prediction_mask_ratio: 0.2218 (0.2242)  ignored_patch_ratio: 0.0238 (0.0248)  time: 0.1126  data: 0.0001  max mem: 1904
[16:57:52.968754] Epoch: [6]  [ 680/1004]  eta: 0:00:37  lr: 0.000010  loss: 0.0108 (0.0319)  mae_m_mask: 0.6709 (0.6308)  rmse_m_mask: 0.8759 (0.8101)  normalized_mse_mask: 0.0108 (0.0319)  rmse_m_all: 12.3559 (12.6658)  actual_mask_ratio: 0.0719 (0.0699)  actual_prediction_mask_ratio: 0.2314 (0.2244)  ignored_patch_ratio: 0.0176 (0.0247)  time: 0.1124  data: 0.0001  max mem: 1904
[16:57:55.223541] Epoch: [6]  [ 700/1004]  eta: 0:00:35  lr: 0.000010  loss: 0.0079 (0.0319)  mae_m_mask: 0.6421 (0.6319)  rmse_m_mask: 0.7844 (0.8114)  normalized_mse_mask: 0.0079 (0.0319)  rmse_m_all: 12.8125 (12.6724)  actual_mask_ratio: 0.0699 (0.0699)  actual_prediction_mask_ratio: 0.2228 (0.2245)  ignored_patch_ratio: 0.0215 (0.0248)  time: 0.1127  data: 0.0001  max mem: 1904
[16:57:57.484605] Epoch: [6]  [ 720/1004]  eta: 0:00:33  lr: 0.000010  loss: 0.0031 (0.0319)  mae_m_mask: 0.5859 (0.6321)  rmse_m_mask: 0.7775 (0.8114)  normalized_mse_mask: 0.0031 (0.0319)  rmse_m_all: 11.7137 (12.6620)  actual_mask_ratio: 0.0662 (0.0698)  actual_prediction_mask_ratio: 0.2216 (0.2243)  ignored_patch_ratio: 0.0317 (0.0249)  time: 0.1130  data: 0.0001  max mem: 1904
[16:57:59.744266] Epoch: [6]  [ 740/1004]  eta: 0:00:30  lr: 0.000010  loss: 0.0028 (0.0320)  mae_m_mask: 0.5255 (0.6306)  rmse_m_mask: 0.7019 (0.8097)  normalized_mse_mask: 0.0028 (0.0320)  rmse_m_all: 13.4402 (12.6768)  actual_mask_ratio: 0.0706 (0.0698)  actual_prediction_mask_ratio: 0.2266 (0.2244)  ignored_patch_ratio: 0.0204 (0.0248)  time: 0.1130  data: 0.0001  max mem: 1904
[16:58:01.985985] Epoch: [6]  [ 760/1004]  eta: 0:00:28  lr: 0.000010  loss: 0.0120 (0.0323)  mae_m_mask: 0.5979 (0.6325)  rmse_m_mask: 0.7547 (0.8120)  normalized_mse_mask: 0.0120 (0.0323)  rmse_m_all: 11.4219 (12.6557)  actual_mask_ratio: 0.0720 (0.0699)  actual_prediction_mask_ratio: 0.2346 (0.2245)  ignored_patch_ratio: 0.0272 (0.0249)  time: 0.1121  data: 0.0001  max mem: 1904
[16:58:04.242872] Epoch: [6]  [ 780/1004]  eta: 0:00:26  lr: 0.000010  loss: 0.0017 (0.0332)  mae_m_mask: 0.6498 (0.6335)  rmse_m_mask: 0.7825 (0.8123)  normalized_mse_mask: 0.0017 (0.0332)  rmse_m_all: 12.6385 (12.6732)  actual_mask_ratio: 0.0719 (0.0699)  actual_prediction_mask_ratio: 0.2315 (0.2247)  ignored_patch_ratio: 0.0227 (0.0249)  time: 0.1128  data: 0.0001  max mem: 1904
[16:58:06.509131] Epoch: [6]  [ 800/1004]  eta: 0:00:23  lr: 0.000010  loss: 0.0126 (0.0331)  mae_m_mask: 0.5950 (0.6335)  rmse_m_mask: 0.7511 (0.8124)  normalized_mse_mask: 0.0126 (0.0331)  rmse_m_all: 12.8877 (12.6652)  actual_mask_ratio: 0.0675 (0.0699)  actual_prediction_mask_ratio: 0.2184 (0.2247)  ignored_patch_ratio: 0.0221 (0.0249)  time: 0.1133  data: 0.0001  max mem: 1904
[16:58:08.772829] Epoch: [6]  [ 820/1004]  eta: 0:00:21  lr: 0.000010  loss: 0.0053 (0.0328)  mae_m_mask: 0.5660 (0.6329)  rmse_m_mask: 0.8270 (0.8118)  normalized_mse_mask: 0.0053 (0.0328)  rmse_m_all: 11.7942 (12.6581)  actual_mask_ratio: 0.0705 (0.0699)  actual_prediction_mask_ratio: 0.2199 (0.2246)  ignored_patch_ratio: 0.0227 (0.0249)  time: 0.1132  data: 0.0001  max mem: 1904
[16:58:11.037534] Epoch: [6]  [ 840/1004]  eta: 0:00:19  lr: 0.000010  loss: 0.0027 (0.0323)  mae_m_mask: 0.6258 (0.6335)  rmse_m_mask: 0.8216 (0.8135)  normalized_mse_mask: 0.0027 (0.0323)  rmse_m_all: 11.6034 (12.6349)  actual_mask_ratio: 0.0709 (0.0699)  actual_prediction_mask_ratio: 0.2309 (0.2247)  ignored_patch_ratio: 0.0170 (0.0248)  time: 0.1132  data: 0.0001  max mem: 1904
[16:58:13.289732] Epoch: [6]  [ 860/1004]  eta: 0:00:16  lr: 0.000010  loss: 0.0031 (0.0322)  mae_m_mask: 0.6914 (0.6352)  rmse_m_mask: 0.8376 (0.8154)  normalized_mse_mask: 0.0031 (0.0322)  rmse_m_all: 12.1923 (12.6291)  actual_mask_ratio: 0.0686 (0.0699)  actual_prediction_mask_ratio: 0.2239 (0.2247)  ignored_patch_ratio: 0.0227 (0.0248)  time: 0.1126  data: 0.0001  max mem: 1904
[16:58:15.543569] Epoch: [6]  [ 880/1004]  eta: 0:00:14  lr: 0.000010  loss: 0.0080 (0.0326)  mae_m_mask: 0.6178 (0.6349)  rmse_m_mask: 0.8110 (0.8156)  normalized_mse_mask: 0.0080 (0.0326)  rmse_m_all: 12.2842 (12.6341)  actual_mask_ratio: 0.0688 (0.0699)  actual_prediction_mask_ratio: 0.2294 (0.2247)  ignored_patch_ratio: 0.0176 (0.0248)  time: 0.1127  data: 0.0001  max mem: 1904
[16:58:17.809083] Epoch: [6]  [ 900/1004]  eta: 0:00:12  lr: 0.000010  loss: 0.0036 (0.0325)  mae_m_mask: 0.7317 (0.6377)  rmse_m_mask: 0.9134 (0.8177)  normalized_mse_mask: 0.0036 (0.0325)  rmse_m_all: 12.5780 (12.6443)  actual_mask_ratio: 0.0713 (0.0699)  actual_prediction_mask_ratio: 0.2283 (0.2248)  ignored_patch_ratio: 0.0153 (0.0247)  time: 0.1132  data: 0.0001  max mem: 1904
[16:58:20.053546] Epoch: [6]  [ 920/1004]  eta: 0:00:09  lr: 0.000010  loss: 0.0114 (0.0325)  mae_m_mask: 0.6701 (0.6393)  rmse_m_mask: 0.7901 (0.8196)  normalized_mse_mask: 0.0114 (0.0325)  rmse_m_all: 11.1633 (12.6279)  actual_mask_ratio: 0.0696 (0.0699)  actual_prediction_mask_ratio: 0.2287 (0.2249)  ignored_patch_ratio: 0.0210 (0.0246)  time: 0.1122  data: 0.0001  max mem: 1904
[16:58:22.329819] Epoch: [6]  [ 940/1004]  eta: 0:00:07  lr: 0.000010  loss: 0.0047 (0.0322)  mae_m_mask: 0.6303 (0.6402)  rmse_m_mask: 0.7477 (0.8202)  normalized_mse_mask: 0.0047 (0.0322)  rmse_m_all: 12.7085 (12.6291)  actual_mask_ratio: 0.0687 (0.0699)  actual_prediction_mask_ratio: 0.2198 (0.2248)  ignored_patch_ratio: 0.0210 (0.0246)  time: 0.1138  data: 0.0001  max mem: 1904
[16:58:24.590990] Epoch: [6]  [ 960/1004]  eta: 0:00:05  lr: 0.000010  loss: 0.0016 (0.0321)  mae_m_mask: 0.5211 (0.6402)  rmse_m_mask: 0.6563 (0.8202)  normalized_mse_mask: 0.0016 (0.0321)  rmse_m_all: 11.5639 (12.6322)  actual_mask_ratio: 0.0704 (0.0699)  actual_prediction_mask_ratio: 0.2251 (0.2248)  ignored_patch_ratio: 0.0238 (0.0247)  time: 0.1130  data: 0.0001  max mem: 1904
[16:58:26.857601] Epoch: [6]  [ 980/1004]  eta: 0:00:02  lr: 0.000010  loss: 0.0115 (0.0326)  mae_m_mask: 0.6638 (0.6425)  rmse_m_mask: 0.8129 (0.8223)  normalized_mse_mask: 0.0115 (0.0326)  rmse_m_all: 11.9346 (12.6132)  actual_mask_ratio: 0.0647 (0.0698)  actual_prediction_mask_ratio: 0.2177 (0.2247)  ignored_patch_ratio: 0.0187 (0.0246)  time: 0.1133  data: 0.0001  max mem: 1904
[16:58:29.125767] Epoch: [6]  [1000/1004]  eta: 0:00:00  lr: 0.000010  loss: 0.0088 (0.0324)  mae_m_mask: 0.7851 (0.6450)  rmse_m_mask: 0.9044 (0.8264)  normalized_mse_mask: 0.0088 (0.0324)  rmse_m_all: 11.6674 (12.6099)  actual_mask_ratio: 0.0703 (0.0699)  actual_prediction_mask_ratio: 0.2253 (0.2247)  ignored_patch_ratio: 0.0164 (0.0245)  time: 0.1134  data: 0.0001  max mem: 1904
[16:58:29.458942] Epoch: [6]  [1003/1004]  eta: 0:00:00  lr: 0.000010  loss: 0.0065 (0.0324)  mae_m_mask: 0.7851 (0.6450)  rmse_m_mask: 0.9044 (0.8265)  normalized_mse_mask: 0.0065 (0.0324)  rmse_m_all: 11.4559 (12.6012)  actual_mask_ratio: 0.0706 (0.0698)  actual_prediction_mask_ratio: 0.2246 (0.2248)  ignored_patch_ratio: 0.0164 (0.0245)  time: 0.1130  data: 0.0001  max mem: 1904
[16:58:29.479941] Epoch: [6] Total time: 0:01:56 (0.1156 s / it)
[16:58:29.480330] Averaged stats: {'lr': 9.928406885527059e-06, 'loss': 0.03269616188349188, 'mae_m_mask': 0.6429144559967528, 'rmse_m_mask': 0.8698750451730283, 'normalized_mse_mask': 0.03269616188349188, 'rmse_m_all': 12.601177809247933, 'actual_mask_ratio': 0.06984719681920877, 'actual_prediction_mask_ratio': 0.22476051611254413, 'ignored_patch_ratio': 0.024530550398199683, 'supervised_pixel_count': 19824973.0}
[16:58:29.642835] Val: [6]  [  0/288]  eta: 0:00:46  loss: 0.0246 (0.0246)  mae_m_mask: 0.3593 (0.3593)  rmse_m_mask: 0.4767 (0.4767)  normalized_mse_mask: 0.0246 (0.0246)  rmse_m_all: 5.5630 (5.5630)  actual_mask_ratio: 0.0607 (0.0607)  actual_prediction_mask_ratio: 0.2001 (0.2001)  ignored_patch_ratio: 0.0000 (0.0000)  time: 0.1602  data: 0.0766  max mem: 1904
[16:58:33.333079] Val: [6]  [ 50/288]  eta: 0:00:17  loss: 0.0407 (0.0949)  mae_m_mask: 0.2915 (0.3200)  rmse_m_mask: 0.3637 (0.3845)  normalized_mse_mask: 0.0407 (0.0949)  rmse_m_all: 1.0287 (3.6746)  actual_mask_ratio: 0.0663 (0.0715)  actual_prediction_mask_ratio: 0.2336 (0.2372)  ignored_patch_ratio: 0.0000 (0.0000)  time: 0.0554  data: 0.0001  max mem: 1904
[16:58:37.314213] Val: [6]  [100/288]  eta: 0:00:14  loss: 0.1739 (0.1532)  mae_m_mask: 0.2962 (0.3590)  rmse_m_mask: 0.3556 (0.4344)  normalized_mse_mask: 0.1739 (0.1532)  rmse_m_all: 0.7371 (3.2335)  actual_mask_ratio: 0.0714 (0.0723)  actual_prediction_mask_ratio: 0.2239 (0.2366)  ignored_patch_ratio: 0.0000 (0.0000)  time: 0.0734  data: 0.0001  max mem: 1904
[16:58:41.789895] Val: [6]  [150/288]  eta: 0:00:11  loss: 0.0204 (0.1569)  mae_m_mask: 0.3947 (0.3706)  rmse_m_mask: 0.4358 (0.4424)  normalized_mse_mask: 0.0204 (0.1569)  rmse_m_all: 2.2875 (2.8580)  actual_mask_ratio: 0.0743 (0.0723)  actual_prediction_mask_ratio: 0.2443 (0.2367)  ignored_patch_ratio: 0.0000 (0.0000)  time: 0.0872  data: 0.0001  max mem: 1904
[16:58:46.053128] Val: [6]  [200/288]  eta: 0:00:07  loss: 0.2849 (0.1967)  mae_m_mask: 0.2524 (0.3714)  rmse_m_mask: 0.3271 (0.4486)  normalized_mse_mask: 0.2849 (0.1967)  rmse_m_all: 0.4300 (2.4392)  actual_mask_ratio: 0.0743 (0.0732)  actual_prediction_mask_ratio: 0.2545 (0.2410)  ignored_patch_ratio: 0.0000 (0.0000)  time: 0.0859  data: 0.0001  max mem: 1904
[16:58:50.393552] Val: [6]  [250/288]  eta: 0:00:03  loss: 0.0495 (0.1761)  mae_m_mask: 0.2975 (0.3562)  rmse_m_mask: 0.3590 (0.4302)  normalized_mse_mask: 0.0495 (0.1761)  rmse_m_all: 1.2633 (2.3618)  actual_mask_ratio: 0.0822 (0.0748)  actual_prediction_mask_ratio: 0.2591 (0.2448)  ignored_patch_ratio: 0.0000 (0.0000)  time: 0.0862  data: 0.0001  max mem: 1904
[16:58:53.569723] Val: [6]  [287/288]  eta: 0:00:00  loss: 0.0250 (0.1607)  mae_m_mask: 0.2757 (0.3476)  rmse_m_mask: 0.3092 (0.4205)  normalized_mse_mask: 0.0250 (0.1607)  rmse_m_all: 1.0406 (2.5135)  actual_mask_ratio: 0.0760 (0.0749)  actual_prediction_mask_ratio: 0.2523 (0.2453)  ignored_patch_ratio: 0.0000 (0.0000)  time: 0.0851  data: 0.0001  max mem: 1904
[16:58:53.685468] Val: [6] Total time: 0:00:24 (0.0840 s / it)
[16:58:53.690242] val stats: {'loss': 0.1522410086417107, 'mae_m_mask': 0.34771029418578203, 'rmse_m_mask': 0.46357667113821743, 'normalized_mse_mask': 0.1522410086417107, 'rmse_m_all': 2.5134930067385235, 'actual_mask_ratio': 0.07494737871456891, 'actual_prediction_mask_ratio': 0.24532247381284833, 'ignored_patch_ratio': 0.0, 'supervised_pixel_count': 5936124.0}
[16:58:57.813176] log_dir: /tank/data/SFS/xinyis/data/bathymetry/MAE-Topography/Downstream_Task_Bathy/cross_validation_v5_Stage2NormMSE_MeterSelect/runs/holdout_CO_D004Stage2NormMSE_MeterSelect_D001NoDataSafe/train_stage2_normMSE_meterSelect_CO_UpperColorado_Topobathy_1_2020_fromStage1Best_e120_lr1e-5_b4_acc4/tb
[16:58:57.998010] Epoch: [7]  [   0/1004]  eta: 0:03:05  lr: 0.000010  loss: 0.0443 (0.0443)  mae_m_mask: 0.3560 (0.3560)  rmse_m_mask: 0.4298 (0.4298)  normalized_mse_mask: 0.0443 (0.0443)  rmse_m_all: 13.4913 (13.4913)  actual_mask_ratio: 0.0653 (0.0653)  actual_prediction_mask_ratio: 0.2058 (0.2058)  ignored_patch_ratio: 0.0278 (0.0278)  time: 0.1843  data: 0.0773  max mem: 1904
[16:58:59.991630] Epoch: [7]  [  20/1004]  eta: 0:01:42  lr: 0.000010  loss: 0.0139 (0.0312)  mae_m_mask: 0.5885 (0.6202)  rmse_m_mask: 0.7264 (0.7669)  normalized_mse_mask: 0.0139 (0.0312)  rmse_m_all: 12.3112 (12.3667)  actual_mask_ratio: 0.0712 (0.0704)  actual_prediction_mask_ratio: 0.2232 (0.2219)  ignored_patch_ratio: 0.0266 (0.0291)  time: 0.0996  data: 0.0001  max mem: 1904
[16:59:02.769845] Epoch: [7]  [  40/1004]  eta: 0:01:56  lr: 0.000010  loss: 0.0030 (0.0225)  mae_m_mask: 0.5401 (0.5935)  rmse_m_mask: 0.6799 (0.7449)  normalized_mse_mask: 0.0030 (0.0225)  rmse_m_all: 11.8912 (12.3263)  actual_mask_ratio: 0.0696 (0.0706)  actual_prediction_mask_ratio: 0.2274 (0.2267)  ignored_patch_ratio: 0.0215 (0.0253)  time: 0.1389  data: 0.0492  max mem: 1904
[16:59:04.724059] Epoch: [7]  [  60/1004]  eta: 0:01:46  lr: 0.000010  loss: 0.0063 (0.0226)  mae_m_mask: 0.6078 (0.6113)  rmse_m_mask: 0.7538 (0.7770)  normalized_mse_mask: 0.0063 (0.0226)  rmse_m_all: 11.4165 (12.0406)  actual_mask_ratio: 0.0700 (0.0707)  actual_prediction_mask_ratio: 0.2213 (0.2260)  ignored_patch_ratio: 0.0176 (0.0242)  time: 0.0977  data: 0.0001  max mem: 1904
[16:59:07.038880] Epoch: [7]  [  80/1004]  eta: 0:01:45  lr: 0.000010  loss: 0.0017 (0.0248)  mae_m_mask: 0.5719 (0.6166)  rmse_m_mask: 0.6926 (0.7813)  normalized_mse_mask: 0.0017 (0.0248)  rmse_m_all: 12.8712 (12.1796)  actual_mask_ratio: 0.0665 (0.0697)  actual_prediction_mask_ratio: 0.2157 (0.2240)  ignored_patch_ratio: 0.0170 (0.0244)  time: 0.1157  data: 0.0001  max mem: 1904
[16:59:09.366674] Epoch: [7]  [ 100/1004]  eta: 0:01:43  lr: 0.000010  loss: 0.0017 (0.0233)  mae_m_mask: 0.5547 (0.6065)  rmse_m_mask: 0.7753 (0.7716)  normalized_mse_mask: 0.0017 (0.0233)  rmse_m_all: 12.2186 (12.2449)  actual_mask_ratio: 0.0676 (0.0695)  actual_prediction_mask_ratio: 0.2231 (0.2237)  ignored_patch_ratio: 0.0215 (0.0250)  time: 0.1164  data: 0.0001  max mem: 1904
[16:59:11.705180] Epoch: [7]  [ 120/1004]  eta: 0:01:41  lr: 0.000010  loss: 0.0028 (0.0240)  mae_m_mask: 0.6099 (0.6010)  rmse_m_mask: 0.7703 (0.7673)  normalized_mse_mask: 0.0028 (0.0240)  rmse_m_all: 11.6584 (12.2914)  actual_mask_ratio: 0.0718 (0.0697)  actual_prediction_mask_ratio: 0.2326 (0.2249)  ignored_patch_ratio: 0.0198 (0.0242)  time: 0.1169  data: 0.0001  max mem: 1904
[16:59:14.020197] Epoch: [7]  [ 140/1004]  eta: 0:01:39  lr: 0.000010  loss: 0.0025 (0.0227)  mae_m_mask: 0.6242 (0.6052)  rmse_m_mask: 0.7805 (0.7711)  normalized_mse_mask: 0.0025 (0.0227)  rmse_m_all: 11.2496 (12.2830)  actual_mask_ratio: 0.0665 (0.0695)  actual_prediction_mask_ratio: 0.2223 (0.2249)  ignored_patch_ratio: 0.0221 (0.0245)  time: 0.1157  data: 0.0001  max mem: 1904
[16:59:16.330154] Epoch: [7]  [ 160/1004]  eta: 0:01:37  lr: 0.000010  loss: 0.0068 (0.0231)  mae_m_mask: 0.6906 (0.6127)  rmse_m_mask: 0.8238 (0.7790)  normalized_mse_mask: 0.0068 (0.0231)  rmse_m_all: 11.4278 (12.2584)  actual_mask_ratio: 0.0709 (0.0697)  actual_prediction_mask_ratio: 0.2210 (0.2247)  ignored_patch_ratio: 0.0232 (0.0246)  time: 0.1155  data: 0.0001  max mem: 1904
[16:59:18.637322] Epoch: [7]  [ 180/1004]  eta: 0:01:34  lr: 0.000010  loss: 0.0041 (0.0223)  mae_m_mask: 0.5691 (0.6137)  rmse_m_mask: 0.7704 (0.7815)  normalized_mse_mask: 0.0041 (0.0223)  rmse_m_all: 13.7923 (12.4507)  actual_mask_ratio: 0.0700 (0.0697)  actual_prediction_mask_ratio: 0.2233 (0.2244)  ignored_patch_ratio: 0.0204 (0.0244)  time: 0.1153  data: 0.0001  max mem: 1904
[16:59:20.947018] Epoch: [7]  [ 200/1004]  eta: 0:01:32  lr: 0.000010  loss: 0.0068 (0.0237)  mae_m_mask: 0.6084 (0.6198)  rmse_m_mask: 0.7820 (0.7931)  normalized_mse_mask: 0.0068 (0.0237)  rmse_m_all: 13.2893 (12.5717)  actual_mask_ratio: 0.0690 (0.0696)  actual_prediction_mask_ratio: 0.2176 (0.2240)  ignored_patch_ratio: 0.0283 (0.0251)  time: 0.1154  data: 0.0001  max mem: 1904
[16:59:23.280054] Epoch: [7]  [ 220/1004]  eta: 0:01:30  lr: 0.000010  loss: 0.0044 (0.0226)  mae_m_mask: 0.6137 (0.6223)  rmse_m_mask: 0.7427 (0.7945)  normalized_mse_mask: 0.0044 (0.0226)  rmse_m_all: 11.5317 (12.5215)  actual_mask_ratio: 0.0713 (0.0698)  actual_prediction_mask_ratio: 0.2255 (0.2244)  ignored_patch_ratio: 0.0215 (0.0250)  time: 0.1166  data: 0.0001  max mem: 1904
[16:59:25.598199] Epoch: [7]  [ 240/1004]  eta: 0:01:28  lr: 0.000010  loss: 0.0070 (0.0240)  mae_m_mask: 0.5488 (0.6221)  rmse_m_mask: 0.7077 (0.7958)  normalized_mse_mask: 0.0070 (0.0240)  rmse_m_all: 11.3481 (12.4661)  actual_mask_ratio: 0.0693 (0.0697)  actual_prediction_mask_ratio: 0.2303 (0.2247)  ignored_patch_ratio: 0.0255 (0.0250)  time: 0.1159  data: 0.0001  max mem: 1904
[16:59:27.924613] Epoch: [7]  [ 260/1004]  eta: 0:01:25  lr: 0.000010  loss: 0.0069 (0.0244)  mae_m_mask: 0.5912 (0.6251)  rmse_m_mask: 0.7395 (0.8019)  normalized_mse_mask: 0.0069 (0.0244)  rmse_m_all: 11.0256 (12.3763)  actual_mask_ratio: 0.0718 (0.0699)  actual_prediction_mask_ratio: 0.2312 (0.2248)  ignored_patch_ratio: 0.0238 (0.0248)  time: 0.1163  data: 0.0001  max mem: 1904
[16:59:30.261623] Epoch: [7]  [ 280/1004]  eta: 0:01:23  lr: 0.000010  loss: 0.0036 (0.0251)  mae_m_mask: 0.5655 (0.6261)  rmse_m_mask: 0.7591 (0.8023)  normalized_mse_mask: 0.0036 (0.0251)  rmse_m_all: 11.4823 (12.3293)  actual_mask_ratio: 0.0685 (0.0697)  actual_prediction_mask_ratio: 0.2255 (0.2247)  ignored_patch_ratio: 0.0278 (0.0251)  time: 0.1168  data: 0.0001  max mem: 1904
[16:59:32.583796] Epoch: [7]  [ 300/1004]  eta: 0:01:21  lr: 0.000010  loss: 0.0051 (0.0253)  mae_m_mask: 0.6348 (0.6331)  rmse_m_mask: 0.8537 (0.8120)  normalized_mse_mask: 0.0051 (0.0253)  rmse_m_all: 12.3889 (12.3124)  actual_mask_ratio: 0.0702 (0.0698)  actual_prediction_mask_ratio: 0.2180 (0.2246)  ignored_patch_ratio: 0.0272 (0.0253)  time: 0.1161  data: 0.0001  max mem: 1904
[16:59:34.887999] Epoch: [7]  [ 320/1004]  eta: 0:01:18  lr: 0.000010  loss: 0.0168 (0.0266)  mae_m_mask: 0.7388 (0.6446)  rmse_m_mask: 0.9805 (0.8264)  normalized_mse_mask: 0.0168 (0.0266)  rmse_m_all: 12.9162 (12.3222)  actual_mask_ratio: 0.0711 (0.0699)  actual_prediction_mask_ratio: 0.2309 (0.2247)  ignored_patch_ratio: 0.0210 (0.0252)  time: 0.1152  data: 0.0001  max mem: 1904
[16:59:37.218014] Epoch: [7]  [ 340/1004]  eta: 0:01:16  lr: 0.000010  loss: 0.0037 (0.0274)  mae_m_mask: 0.6683 (0.6472)  rmse_m_mask: 0.8284 (0.8304)  normalized_mse_mask: 0.0037 (0.0274)  rmse_m_all: 14.4374 (12.4348)  actual_mask_ratio: 0.0676 (0.0698)  actual_prediction_mask_ratio: 0.2229 (0.2248)  ignored_patch_ratio: 0.0153 (0.0250)  time: 0.1165  data: 0.0001  max mem: 1904
[16:59:39.520433] Epoch: [7]  [ 360/1004]  eta: 0:01:14  lr: 0.000010  loss: 0.0103 (0.0274)  mae_m_mask: 0.7908 (0.6580)  rmse_m_mask: 0.9187 (0.8409)  normalized_mse_mask: 0.0103 (0.0274)  rmse_m_all: 12.1975 (12.4458)  actual_mask_ratio: 0.0713 (0.0698)  actual_prediction_mask_ratio: 0.2329 (0.2249)  ignored_patch_ratio: 0.0210 (0.0249)  time: 0.1151  data: 0.0001  max mem: 1904
[16:59:41.838979] Epoch: [7]  [ 380/1004]  eta: 0:01:12  lr: 0.000010  loss: 0.0050 (0.0270)  mae_m_mask: 0.6447 (0.6611)  rmse_m_mask: 0.8652 (0.8451)  normalized_mse_mask: 0.0050 (0.0270)  rmse_m_all: 12.9934 (12.4457)  actual_mask_ratio: 0.0718 (0.0699)  actual_prediction_mask_ratio: 0.2275 (0.2252)  ignored_patch_ratio: 0.0204 (0.0247)  time: 0.1159  data: 0.0001  max mem: 1904
[16:59:44.133414] Epoch: [7]  [ 400/1004]  eta: 0:01:09  lr: 0.000010  loss: 0.0018 (0.0266)  mae_m_mask: 0.5872 (0.6602)  rmse_m_mask: 0.7649 (0.8424)  normalized_mse_mask: 0.0018 (0.0266)  rmse_m_all: 12.6925 (12.5118)  actual_mask_ratio: 0.0692 (0.0698)  actual_prediction_mask_ratio: 0.2308 (0.2252)  ignored_patch_ratio: 0.0215 (0.0248)  time: 0.1147  data: 0.0001  max mem: 1904
[16:59:46.446195] Epoch: [7]  [ 420/1004]  eta: 0:01:07  lr: 0.000010  loss: 0.0030 (0.0261)  mae_m_mask: 0.7810 (0.6664)  rmse_m_mask: 0.9030 (0.8514)  normalized_mse_mask: 0.0030 (0.0261)  rmse_m_all: 12.7936 (12.5363)  actual_mask_ratio: 0.0696 (0.0698)  actual_prediction_mask_ratio: 0.2291 (0.2252)  ignored_patch_ratio: 0.0232 (0.0248)  time: 0.1156  data: 0.0001  max mem: 1904
[16:59:48.756017] Epoch: [7]  [ 440/1004]  eta: 0:01:05  lr: 0.000010  loss: 0.0055 (0.0264)  mae_m_mask: 0.7031 (0.6696)  rmse_m_mask: 0.8801 (0.8542)  normalized_mse_mask: 0.0055 (0.0264)  rmse_m_all: 13.7635 (12.5638)  actual_mask_ratio: 0.0655 (0.0697)  actual_prediction_mask_ratio: 0.2147 (0.2249)  ignored_patch_ratio: 0.0136 (0.0246)  time: 0.1155  data: 0.0001  max mem: 1904
[16:59:51.071048] Epoch: [7]  [ 460/1004]  eta: 0:01:02  lr: 0.000010  loss: 0.0057 (0.0268)  mae_m_mask: 0.6230 (0.6709)  rmse_m_mask: 0.7918 (0.8549)  normalized_mse_mask: 0.0057 (0.0268)  rmse_m_all: 13.2388 (12.5825)  actual_mask_ratio: 0.0698 (0.0697)  actual_prediction_mask_ratio: 0.2210 (0.2248)  ignored_patch_ratio: 0.0215 (0.0246)  time: 0.1157  data: 0.0001  max mem: 1904
[16:59:53.385918] Epoch: [7]  [ 480/1004]  eta: 0:01:00  lr: 0.000010  loss: 0.0031 (0.0285)  mae_m_mask: 0.5260 (0.6667)  rmse_m_mask: 0.6916 (0.8503)  normalized_mse_mask: 0.0031 (0.0285)  rmse_m_all: 13.9735 (12.6022)  actual_mask_ratio: 0.0700 (0.0697)  actual_prediction_mask_ratio: 0.2309 (0.2249)  ignored_patch_ratio: 0.0289 (0.0247)  time: 0.1157  data: 0.0001  max mem: 1904
[16:59:55.732552] Epoch: [7]  [ 500/1004]  eta: 0:00:58  lr: 0.000010  loss: 0.0136 (0.0283)  mae_m_mask: 0.5614 (0.6640)  rmse_m_mask: 0.7451 (0.8481)  normalized_mse_mask: 0.0136 (0.0283)  rmse_m_all: 11.7151 (12.5705)  actual_mask_ratio: 0.0704 (0.0698)  actual_prediction_mask_ratio: 0.2261 (0.2249)  ignored_patch_ratio: 0.0198 (0.0247)  time: 0.1173  data: 0.0001  max mem: 1904
[16:59:58.053058] Epoch: [7]  [ 520/1004]  eta: 0:00:55  lr: 0.000010  loss: 0.0122 (0.0294)  mae_m_mask: 0.6390 (0.6658)  rmse_m_mask: 0.8811 (0.8504)  normalized_mse_mask: 0.0122 (0.0294)  rmse_m_all: 11.9121 (12.5825)  actual_mask_ratio: 0.0701 (0.0698)  actual_prediction_mask_ratio: 0.2306 (0.2252)  ignored_patch_ratio: 0.0159 (0.0245)  time: 0.1160  data: 0.0001  max mem: 1904
[17:00:00.369937] Epoch: [7]  [ 540/1004]  eta: 0:00:53  lr: 0.000010  loss: 0.0029 (0.0288)  mae_m_mask: 0.5652 (0.6632)  rmse_m_mask: 0.7476 (0.8475)  normalized_mse_mask: 0.0029 (0.0288)  rmse_m_all: 12.6403 (12.5736)  actual_mask_ratio: 0.0664 (0.0697)  actual_prediction_mask_ratio: 0.2175 (0.2249)  ignored_patch_ratio: 0.0232 (0.0245)  time: 0.1158  data: 0.0001  max mem: 1904
[17:00:02.578162] Epoch: [7]  [ 560/1004]  eta: 0:00:51  lr: 0.000010  loss: 0.0013 (0.0300)  mae_m_mask: 0.5921 (0.6602)  rmse_m_mask: 0.7689 (0.8434)  normalized_mse_mask: 0.0013 (0.0300)  rmse_m_all: 11.8076 (12.5530)  actual_mask_ratio: 0.0673 (0.0697)  actual_prediction_mask_ratio: 0.2167 (0.2248)  ignored_patch_ratio: 0.0198 (0.0244)  time: 0.1104  data: 0.0001  max mem: 1904
[17:00:04.831958] Epoch: [7]  [ 580/1004]  eta: 0:00:48  lr: 0.000010  loss: 0.0013 (0.0301)  mae_m_mask: 0.6108 (0.6592)  rmse_m_mask: 0.7818 (0.8430)  normalized_mse_mask: 0.0013 (0.0301)  rmse_m_all: 13.7845 (12.6004)  actual_mask_ratio: 0.0715 (0.0698)  actual_prediction_mask_ratio: 0.2254 (0.2247)  ignored_patch_ratio: 0.0278 (0.0245)  time: 0.1127  data: 0.0001  max mem: 1904
[17:00:07.106286] Epoch: [7]  [ 600/1004]  eta: 0:00:46  lr: 0.000010  loss: 0.0026 (0.0300)  mae_m_mask: 0.5188 (0.6561)  rmse_m_mask: 0.6553 (0.8385)  normalized_mse_mask: 0.0026 (0.0300)  rmse_m_all: 13.0752 (12.6147)  actual_mask_ratio: 0.0681 (0.0697)  actual_prediction_mask_ratio: 0.2167 (0.2246)  ignored_patch_ratio: 0.0255 (0.0245)  time: 0.1137  data: 0.0001  max mem: 1904
[17:00:09.354334] Epoch: [7]  [ 620/1004]  eta: 0:00:44  lr: 0.000010  loss: 0.0023 (0.0302)  mae_m_mask: 0.5323 (0.6544)  rmse_m_mask: 0.7005 (0.8363)  normalized_mse_mask: 0.0023 (0.0302)  rmse_m_all: 11.9844 (12.6087)  actual_mask_ratio: 0.0704 (0.0698)  actual_prediction_mask_ratio: 0.2250 (0.2246)  ignored_patch_ratio: 0.0176 (0.0245)  time: 0.1124  data: 0.0001  max mem: 1904
[17:00:11.573218] Epoch: [7]  [ 640/1004]  eta: 0:00:41  lr: 0.000010  loss: 0.0044 (0.0307)  mae_m_mask: 0.6354 (0.6554)  rmse_m_mask: 0.7711 (0.8364)  normalized_mse_mask: 0.0044 (0.0307)  rmse_m_all: 12.3581 (12.6335)  actual_mask_ratio: 0.0687 (0.0697)  actual_prediction_mask_ratio: 0.2270 (0.2247)  ignored_patch_ratio: 0.0147 (0.0243)  time: 0.1109  data: 0.0001  max mem: 1904
[17:00:13.839174] Epoch: [7]  [ 660/1004]  eta: 0:00:39  lr: 0.000010  loss: 0.0150 (0.0316)  mae_m_mask: 0.6885 (0.6591)  rmse_m_mask: 0.8739 (0.8395)  normalized_mse_mask: 0.0150 (0.0316)  rmse_m_all: 11.7574 (12.6397)  actual_mask_ratio: 0.0705 (0.0698)  actual_prediction_mask_ratio: 0.2265 (0.2247)  ignored_patch_ratio: 0.0261 (0.0243)  time: 0.1132  data: 0.0001  max mem: 1904
[17:00:16.119049] Epoch: [7]  [ 680/1004]  eta: 0:00:37  lr: 0.000010  loss: 0.0082 (0.0325)  mae_m_mask: 0.7359 (0.6640)  rmse_m_mask: 0.9299 (0.8448)  normalized_mse_mask: 0.0082 (0.0325)  rmse_m_all: 12.1291 (12.6295)  actual_mask_ratio: 0.0706 (0.0698)  actual_prediction_mask_ratio: 0.2310 (0.2249)  ignored_patch_ratio: 0.0181 (0.0242)  time: 0.1139  data: 0.0001  max mem: 1904
[17:00:18.388334] Epoch: [7]  [ 700/1004]  eta: 0:00:34  lr: 0.000010  loss: 0.0120 (0.0326)  mae_m_mask: 0.8214 (0.6674)  rmse_m_mask: 0.9895 (0.8489)  normalized_mse_mask: 0.0120 (0.0326)  rmse_m_all: 12.8126 (12.6423)  actual_mask_ratio: 0.0712 (0.0698)  actual_prediction_mask_ratio: 0.2282 (0.2250)  ignored_patch_ratio: 0.0221 (0.0242)  time: 0.1134  data: 0.0001  max mem: 1904
[17:00:20.733350] Epoch: [7]  [ 720/1004]  eta: 0:00:32  lr: 0.000010  loss: 0.0161 (0.0331)  mae_m_mask: 0.5705 (0.6664)  rmse_m_mask: 0.7417 (0.8493)  normalized_mse_mask: 0.0161 (0.0331)  rmse_m_all: 11.1848 (12.6198)  actual_mask_ratio: 0.0725 (0.0699)  actual_prediction_mask_ratio: 0.2314 (0.2251)  ignored_patch_ratio: 0.0193 (0.0241)  time: 0.1172  data: 0.0077  max mem: 1904
[17:00:22.968140] Epoch: [7]  [ 740/1004]  eta: 0:00:30  lr: 0.000010  loss: 0.0021 (0.0331)  mae_m_mask: 0.6067 (0.6656)  rmse_m_mask: 0.8227 (0.8489)  normalized_mse_mask: 0.0021 (0.0331)  rmse_m_all: 12.2962 (12.6053)  actual_mask_ratio: 0.0699 (0.0699)  actual_prediction_mask_ratio: 0.2308 (0.2253)  ignored_patch_ratio: 0.0232 (0.0242)  time: 0.1117  data: 0.0001  max mem: 1904
[17:00:25.231348] Epoch: [7]  [ 760/1004]  eta: 0:00:28  lr: 0.000010  loss: 0.0062 (0.0329)  mae_m_mask: 0.6868 (0.6681)  rmse_m_mask: 0.8499 (0.8513)  normalized_mse_mask: 0.0062 (0.0329)  rmse_m_all: 12.9907 (12.6275)  actual_mask_ratio: 0.0699 (0.0699)  actual_prediction_mask_ratio: 0.2236 (0.2253)  ignored_patch_ratio: 0.0283 (0.0243)  time: 0.1131  data: 0.0001  max mem: 1904
[17:00:27.488139] Epoch: [7]  [ 780/1004]  eta: 0:00:25  lr: 0.000010  loss: 0.0109 (0.0329)  mae_m_mask: 0.5681 (0.6670)  rmse_m_mask: 0.7550 (0.8496)  normalized_mse_mask: 0.0109 (0.0329)  rmse_m_all: 11.8359 (12.6144)  actual_mask_ratio: 0.0689 (0.0699)  actual_prediction_mask_ratio: 0.2296 (0.2254)  ignored_patch_ratio: 0.0181 (0.0242)  time: 0.1128  data: 0.0001  max mem: 1904
[17:00:29.752874] Epoch: [7]  [ 800/1004]  eta: 0:00:23  lr: 0.000010  loss: 0.0028 (0.0331)  mae_m_mask: 0.5675 (0.6649)  rmse_m_mask: 0.7203 (0.8477)  normalized_mse_mask: 0.0028 (0.0331)  rmse_m_all: 12.6223 (12.6132)  actual_mask_ratio: 0.0711 (0.0700)  actual_prediction_mask_ratio: 0.2274 (0.2254)  ignored_patch_ratio: 0.0238 (0.0243)  time: 0.1132  data: 0.0001  max mem: 1904
[17:00:32.011623] Epoch: [7]  [ 820/1004]  eta: 0:00:21  lr: 0.000010  loss: 0.0108 (0.0334)  mae_m_mask: 0.7260 (0.6669)  rmse_m_mask: 0.9613 (0.8505)  normalized_mse_mask: 0.0108 (0.0334)  rmse_m_all: 12.6560 (12.6260)  actual_mask_ratio: 0.0697 (0.0700)  actual_prediction_mask_ratio: 0.2188 (0.2254)  ignored_patch_ratio: 0.0181 (0.0242)  time: 0.1129  data: 0.0001  max mem: 1904
[17:00:34.266960] Epoch: [7]  [ 840/1004]  eta: 0:00:18  lr: 0.000010  loss: 0.0089 (0.0331)  mae_m_mask: 0.5977 (0.6663)  rmse_m_mask: 0.7674 (0.8497)  normalized_mse_mask: 0.0089 (0.0331)  rmse_m_all: 13.6595 (12.6478)  actual_mask_ratio: 0.0693 (0.0700)  actual_prediction_mask_ratio: 0.2174 (0.2253)  ignored_patch_ratio: 0.0227 (0.0242)  time: 0.1127  data: 0.0001  max mem: 1904
[17:00:36.533305] Epoch: [7]  [ 860/1004]  eta: 0:00:16  lr: 0.000010  loss: 0.0013 (0.0328)  mae_m_mask: 0.6267 (0.6675)  rmse_m_mask: 0.7947 (0.8514)  normalized_mse_mask: 0.0013 (0.0328)  rmse_m_all: 14.0948 (12.7079)  actual_mask_ratio: 0.0684 (0.0699)  actual_prediction_mask_ratio: 0.2235 (0.2251)  ignored_patch_ratio: 0.0261 (0.0242)  time: 0.1133  data: 0.0001  max mem: 1904
[17:00:38.796515] Epoch: [7]  [ 880/1004]  eta: 0:00:14  lr: 0.000010  loss: 0.0061 (0.0325)  mae_m_mask: 0.5906 (0.6667)  rmse_m_mask: 0.8026 (0.8498)  normalized_mse_mask: 0.0061 (0.0325)  rmse_m_all: 12.7814 (12.7111)  actual_mask_ratio: 0.0709 (0.0699)  actual_prediction_mask_ratio: 0.2150 (0.2249)  ignored_patch_ratio: 0.0289 (0.0243)  time: 0.1131  data: 0.0001  max mem: 1904
[17:00:41.039671] Epoch: [7]  [ 900/1004]  eta: 0:00:11  lr: 0.000010  loss: 0.0027 (0.0326)  mae_m_mask: 0.5740 (0.6648)  rmse_m_mask: 0.7717 (0.8475)  normalized_mse_mask: 0.0027 (0.0326)  rmse_m_all: 11.5051 (12.7096)  actual_mask_ratio: 0.0666 (0.0698)  actual_prediction_mask_ratio: 0.2184 (0.2248)  ignored_patch_ratio: 0.0232 (0.0244)  time: 0.1121  data: 0.0001  max mem: 1904
[17:00:43.255771] Epoch: [7]  [ 920/1004]  eta: 0:00:09  lr: 0.000010  loss: 0.0032 (0.0321)  mae_m_mask: 0.5636 (0.6641)  rmse_m_mask: 0.7234 (0.8476)  normalized_mse_mask: 0.0032 (0.0321)  rmse_m_all: 12.5596 (12.6988)  actual_mask_ratio: 0.0688 (0.0698)  actual_prediction_mask_ratio: 0.2218 (0.2248)  ignored_patch_ratio: 0.0198 (0.0244)  time: 0.1108  data: 0.0001  max mem: 1904
[17:00:45.507032] Epoch: [7]  [ 940/1004]  eta: 0:00:07  lr: 0.000010  loss: 0.0043 (0.0316)  mae_m_mask: 0.5796 (0.6629)  rmse_m_mask: 0.7268 (0.8458)  normalized_mse_mask: 0.0043 (0.0316)  rmse_m_all: 12.7311 (12.7134)  actual_mask_ratio: 0.0707 (0.0698)  actual_prediction_mask_ratio: 0.2262 (0.2248)  ignored_patch_ratio: 0.0210 (0.0244)  time: 0.1125  data: 0.0001  max mem: 1904
[17:00:47.756918] Epoch: [7]  [ 960/1004]  eta: 0:00:05  lr: 0.000010  loss: 0.0034 (0.0314)  mae_m_mask: 0.6550 (0.6650)  rmse_m_mask: 0.9461 (0.8488)  normalized_mse_mask: 0.0034 (0.0314)  rmse_m_all: 13.2189 (12.7293)  actual_mask_ratio: 0.0677 (0.0698)  actual_prediction_mask_ratio: 0.2235 (0.2248)  ignored_patch_ratio: 0.0238 (0.0245)  time: 0.1124  data: 0.0001  max mem: 1904
[17:00:49.713357] Epoch: [7]  [ 980/1004]  eta: 0:00:02  lr: 0.000010  loss: 0.0189 (0.0315)  mae_m_mask: 0.5917 (0.6640)  rmse_m_mask: 0.7245 (0.8477)  normalized_mse_mask: 0.0189 (0.0315)  rmse_m_all: 11.7568 (12.7127)  actual_mask_ratio: 0.0680 (0.0698)  actual_prediction_mask_ratio: 0.2248 (0.2248)  ignored_patch_ratio: 0.0164 (0.0244)  time: 0.0978  data: 0.0001  max mem: 1904
[17:00:52.781369] Epoch: [7]  [1000/1004]  eta: 0:00:00  lr: 0.000010  loss: 0.0119 (0.0327)  mae_m_mask: 0.6074 (0.6647)  rmse_m_mask: 0.8938 (0.8486)  normalized_mse_mask: 0.0119 (0.0327)  rmse_m_all: 12.1366 (12.7145)  actual_mask_ratio: 0.0692 (0.0699)  actual_prediction_mask_ratio: 0.2234 (0.2248)  ignored_patch_ratio: 0.0266 (0.0245)  time: 0.1534  data: 0.0789  max mem: 1904
[17:00:53.022131] Epoch: [7]  [1003/1004]  eta: 0:00:00  lr: 0.000010  loss: 0.0073 (0.0326)  mae_m_mask: 0.6361 (0.6651)  rmse_m_mask: 0.8938 (0.8490)  normalized_mse_mask: 0.0073 (0.0326)  rmse_m_all: 12.4075 (12.7137)  actual_mask_ratio: 0.0713 (0.0698)  actual_prediction_mask_ratio: 0.2243 (0.2248)  ignored_patch_ratio: 0.0227 (0.0245)  time: 0.1534  data: 0.0790  max mem: 1904
[17:00:53.054574] Epoch: [7] Total time: 0:01:55 (0.1148 s / it)
[17:00:53.054839] Averaged stats: {'lr': 9.904798850377237e-06, 'loss': 0.032262245451901435, 'mae_m_mask': 0.6621140601173123, 'rmse_m_mask': 0.8993513149129517, 'normalized_mse_mask': 0.032262245451901435, 'rmse_m_all': 12.713664675851268, 'actual_mask_ratio': 0.06984472490357331, 'actual_prediction_mask_ratio': 0.2247501819791547, 'ignored_patch_ratio': 0.02453054998262945, 'supervised_pixel_count': 19824973.0}
[17:00:53.200664] Val: [7]  [  0/288]  eta: 0:00:41  loss: 0.0256 (0.0256)  mae_m_mask: 0.4028 (0.4028)  rmse_m_mask: 0.5261 (0.5261)  normalized_mse_mask: 0.0256 (0.0256)  rmse_m_all: 5.8480 (5.8480)  actual_mask_ratio: 0.0607 (0.0607)  actual_prediction_mask_ratio: 0.2001 (0.2001)  ignored_patch_ratio: 0.0000 (0.0000)  time: 0.1430  data: 0.0795  max mem: 1904
[17:00:57.646890] Val: [7]  [ 50/288]  eta: 0:00:21  loss: 0.0648 (0.1080)  mae_m_mask: 0.3334 (0.3924)  rmse_m_mask: 0.3902 (0.4631)  normalized_mse_mask: 0.0648 (0.1080)  rmse_m_all: 1.0816 (3.8397)  actual_mask_ratio: 0.0663 (0.0715)  actual_prediction_mask_ratio: 0.2336 (0.2372)  ignored_patch_ratio: 0.0000 (0.0000)  time: 0.0900  data: 0.0001  max mem: 1904
[17:01:02.295074] Val: [7]  [100/288]  eta: 0:00:17  loss: 0.1940 (0.1661)  mae_m_mask: 0.3610 (0.4312)  rmse_m_mask: 0.4235 (0.5078)  normalized_mse_mask: 0.1940 (0.1661)  rmse_m_all: 0.7540 (3.3751)  actual_mask_ratio: 0.0714 (0.0723)  actual_prediction_mask_ratio: 0.2239 (0.2366)  ignored_patch_ratio: 0.0000 (0.0000)  time: 0.0884  data: 0.0001  max mem: 1904
[17:01:06.783204] Val: [7]  [150/288]  eta: 0:00:12  loss: 0.0249 (0.1714)  mae_m_mask: 0.5046 (0.4505)  rmse_m_mask: 0.5954 (0.5234)  normalized_mse_mask: 0.0249 (0.1714)  rmse_m_all: 2.4237 (2.9843)  actual_mask_ratio: 0.0743 (0.0723)  actual_prediction_mask_ratio: 0.2443 (0.2367)  ignored_patch_ratio: 0.0000 (0.0000)  time: 0.0897  data: 0.0001  max mem: 1904
[17:01:11.106931] Val: [7]  [200/288]  eta: 0:00:07  loss: 0.3060 (0.2043)  mae_m_mask: 0.2486 (0.4298)  rmse_m_mask: 0.3185 (0.5069)  normalized_mse_mask: 0.3060 (0.2043)  rmse_m_all: 0.4418 (2.5466)  actual_mask_ratio: 0.0743 (0.0732)  actual_prediction_mask_ratio: 0.2545 (0.2410)  ignored_patch_ratio: 0.0000 (0.0000)  time: 0.0869  data: 0.0001  max mem: 1904
[17:01:15.400469] Val: [7]  [250/288]  eta: 0:00:03  loss: 0.0540 (0.1850)  mae_m_mask: 0.3383 (0.4095)  rmse_m_mask: 0.4176 (0.4836)  normalized_mse_mask: 0.0540 (0.1850)  rmse_m_all: 1.3256 (2.4682)  actual_mask_ratio: 0.0822 (0.0748)  actual_prediction_mask_ratio: 0.2591 (0.2448)  ignored_patch_ratio: 0.0000 (0.0000)  time: 0.0870  data: 0.0001  max mem: 1904
[17:01:18.590300] Val: [7]  [287/288]  eta: 0:00:00  loss: 0.0324 (0.1697)  mae_m_mask: 0.2836 (0.4050)  rmse_m_mask: 0.3408 (0.4777)  normalized_mse_mask: 0.0324 (0.1697)  rmse_m_all: 1.0892 (2.6288)  actual_mask_ratio: 0.0760 (0.0749)  actual_prediction_mask_ratio: 0.2523 (0.2453)  ignored_patch_ratio: 0.0000 (0.0000)  time: 0.0856  data: 0.0001  max mem: 1904
[17:01:18.613228] Val: [7] Total time: 0:00:25 (0.0887 s / it)
[17:01:18.617839] val stats: {'loss': 0.1619192015089289, 'mae_m_mask': 0.41248759135130203, 'rmse_m_mask': 0.5618792703671053, 'normalized_mse_mask': 0.1619192015089289, 'rmse_m_all': 2.6287614828389554, 'actual_mask_ratio': 0.07494737871456891, 'actual_prediction_mask_ratio': 0.24532247381284833, 'ignored_patch_ratio': 0.0, 'supervised_pixel_count': 5936124.0}
[17:01:22.654358] log_dir: /tank/data/SFS/xinyis/data/bathymetry/MAE-Topography/Downstream_Task_Bathy/cross_validation_v5_Stage2NormMSE_MeterSelect/runs/holdout_CO_D004Stage2NormMSE_MeterSelect_D001NoDataSafe/train_stage2_normMSE_meterSelect_CO_UpperColorado_Topobathy_1_2020_fromStage1Best_e120_lr1e-5_b4_acc4/tb
[17:01:22.841804] Epoch: [8]  [   0/1004]  eta: 0:03:07  lr: 0.000010  loss: 0.0238 (0.0238)  mae_m_mask: 0.6225 (0.6225)  rmse_m_mask: 0.8325 (0.8325)  normalized_mse_mask: 0.0238 (0.0238)  rmse_m_all: 12.4010 (12.4010)  actual_mask_ratio: 0.0590 (0.0590)  actual_prediction_mask_ratio: 0.1907 (0.1907)  ignored_patch_ratio: 0.0397 (0.0397)  time: 0.1869  data: 0.0807  max mem: 1904
[17:01:25.051675] Epoch: [8]  [  20/1004]  eta: 0:01:52  lr: 0.000010  loss: 0.0065 (0.0406)  mae_m_mask: 0.8075 (0.8953)  rmse_m_mask: 1.0056 (1.1292)  normalized_mse_mask: 0.0065 (0.0406)  rmse_m_all: 11.5592 (11.6350)  actual_mask_ratio: 0.0666 (0.0679)  actual_prediction_mask_ratio: 0.2252 (0.2261)  ignored_patch_ratio: 0.0187 (0.0251)  time: 0.1105  data: 0.0001  max mem: 1904
[17:01:27.439998] Epoch: [8]  [  40/1004]  eta: 0:01:52  lr: 0.000010  loss: 0.0104 (0.0452)  mae_m_mask: 0.8100 (0.8798)  rmse_m_mask: 0.9575 (1.0847)  normalized_mse_mask: 0.0104 (0.0452)  rmse_m_all: 11.3879 (12.1460)  actual_mask_ratio: 0.0698 (0.0688)  actual_prediction_mask_ratio: 0.2287 (0.2263)  ignored_patch_ratio: 0.0136 (0.0225)  time: 0.1194  data: 0.0486  max mem: 1904
[17:01:29.490106] Epoch: [8]  [  60/1004]  eta: 0:01:45  lr: 0.000010  loss: 0.0046 (0.0359)  mae_m_mask: 0.5868 (0.8184)  rmse_m_mask: 0.7659 (1.0260)  normalized_mse_mask: 0.0046 (0.0359)  rmse_m_all: 12.9735 (12.3259)  actual_mask_ratio: 0.0697 (0.0691)  actual_prediction_mask_ratio: 0.2341 (0.2287)  ignored_patch_ratio: 0.0153 (0.0216)  time: 0.1025  data: 0.0001  max mem: 1904
[17:01:31.805689] Epoch: [8]  [  80/1004]  eta: 0:01:44  lr: 0.000010  loss: 0.0026 (0.0396)  mae_m_mask: 0.6180 (0.7789)  rmse_m_mask: 0.7678 (0.9742)  normalized_mse_mask: 0.0026 (0.0396)  rmse_m_all: 11.5636 (12.1025)  actual_mask_ratio: 0.0695 (0.0692)  actual_prediction_mask_ratio: 0.2276 (0.2278)  ignored_patch_ratio: 0.0221 (0.0229)  time: 0.1157  data: 0.0001  max mem: 1904
[17:01:34.115572] Epoch: [8]  [ 100/1004]  eta: 0:01:42  lr: 0.000010  loss: 0.0014 (0.0415)  mae_m_mask: 0.5938 (0.7490)  rmse_m_mask: 0.8070 (0.9409)  normalized_mse_mask: 0.0014 (0.0415)  rmse_m_all: 12.5075 (12.3772)  actual_mask_ratio: 0.0708 (0.0693)  actual_prediction_mask_ratio: 0.2206 (0.2263)  ignored_patch_ratio: 0.0368 (0.0250)  time: 0.1154  data: 0.0001  max mem: 1904
[17:01:36.429674] Epoch: [8]  [ 120/1004]  eta: 0:01:40  lr: 0.000010  loss: 0.0095 (0.0398)  mae_m_mask: 0.6416 (0.7337)  rmse_m_mask: 0.8191 (0.9264)  normalized_mse_mask: 0.0095 (0.0398)  rmse_m_all: 11.2063 (12.2976)  actual_mask_ratio: 0.0715 (0.0695)  actual_prediction_mask_ratio: 0.2305 (0.2265)  ignored_patch_ratio: 0.0159 (0.0240)  time: 0.1157  data: 0.0001  max mem: 1904
[17:01:38.767885] Epoch: [8]  [ 140/1004]  eta: 0:01:38  lr: 0.000010  loss: 0.0022 (0.0382)  mae_m_mask: 0.5759 (0.7174)  rmse_m_mask: 0.7280 (0.9023)  normalized_mse_mask: 0.0022 (0.0382)  rmse_m_all: 12.5590 (12.2955)  actual_mask_ratio: 0.0682 (0.0691)  actual_prediction_mask_ratio: 0.2132 (0.2251)  ignored_patch_ratio: 0.0136 (0.0230)  time: 0.1169  data: 0.0001  max mem: 1904
[17:01:41.107227] Epoch: [8]  [ 160/1004]  eta: 0:01:36  lr: 0.000010  loss: 0.0122 (0.0372)  mae_m_mask: 0.5162 (0.7039)  rmse_m_mask: 0.6877 (0.8890)  normalized_mse_mask: 0.0122 (0.0372)  rmse_m_all: 13.2609 (12.3966)  actual_mask_ratio: 0.0703 (0.0692)  actual_prediction_mask_ratio: 0.2177 (0.2247)  ignored_patch_ratio: 0.0215 (0.0231)  time: 0.1169  data: 0.0001  max mem: 1904
[17:01:43.446008] Epoch: [8]  [ 180/1004]  eta: 0:01:34  lr: 0.000010  loss: 0.0050 (0.0369)  mae_m_mask: 0.6761 (0.7004)  rmse_m_mask: 0.8541 (0.8859)  normalized_mse_mask: 0.0050 (0.0369)  rmse_m_all: 12.3103 (12.3721)  actual_mask_ratio: 0.0708 (0.0695)  actual_prediction_mask_ratio: 0.2283 (0.2254)  ignored_patch_ratio: 0.0181 (0.0225)  time: 0.1169  data: 0.0001  max mem: 1904
[17:01:45.786080] Epoch: [8]  [ 200/1004]  eta: 0:01:32  lr: 0.000010  loss: 0.0091 (0.0355)  mae_m_mask: 0.5958 (0.6947)  rmse_m_mask: 0.7512 (0.8786)  normalized_mse_mask: 0.0091 (0.0355)  rmse_m_all: 12.0737 (12.3386)  actual_mask_ratio: 0.0719 (0.0698)  actual_prediction_mask_ratio: 0.2336 (0.2259)  ignored_patch_ratio: 0.0187 (0.0223)  time: 0.1170  data: 0.0001  max mem: 1904
[17:01:48.083637] Epoch: [8]  [ 220/1004]  eta: 0:01:30  lr: 0.000010  loss: 0.0042 (0.0358)  mae_m_mask: 0.6098 (0.6863)  rmse_m_mask: 0.7544 (0.8681)  normalized_mse_mask: 0.0042 (0.0358)  rmse_m_all: 13.4481 (12.4320)  actual_mask_ratio: 0.0699 (0.0699)  actual_prediction_mask_ratio: 0.2349 (0.2265)  ignored_patch_ratio: 0.0193 (0.0224)  time: 0.1148  data: 0.0001  max mem: 1904
[17:01:50.397629] Epoch: [8]  [ 240/1004]  eta: 0:01:27  lr: 0.000010  loss: 0.0066 (0.0343)  mae_m_mask: 0.4531 (0.6722)  rmse_m_mask: 0.5982 (0.8526)  normalized_mse_mask: 0.0066 (0.0343)  rmse_m_all: 12.8128 (12.5180)  actual_mask_ratio: 0.0695 (0.0699)  actual_prediction_mask_ratio: 0.2216 (0.2260)  ignored_patch_ratio: 0.0266 (0.0231)  time: 0.1157  data: 0.0001  max mem: 1904
[17:01:52.716704] Epoch: [8]  [ 260/1004]  eta: 0:01:25  lr: 0.000010  loss: 0.0057 (0.0337)  mae_m_mask: 0.5135 (0.6668)  rmse_m_mask: 0.6893 (0.8460)  normalized_mse_mask: 0.0057 (0.0337)  rmse_m_all: 12.9117 (12.5599)  actual_mask_ratio: 0.0668 (0.0698)  actual_prediction_mask_ratio: 0.2192 (0.2258)  ignored_patch_ratio: 0.0198 (0.0231)  time: 0.1159  data: 0.0001  max mem: 1904
[17:01:55.035173] Epoch: [8]  [ 280/1004]  eta: 0:01:23  lr: 0.000010  loss: 0.0038 (0.0327)  mae_m_mask: 0.5501 (0.6634)  rmse_m_mask: 0.6845 (0.8424)  normalized_mse_mask: 0.0038 (0.0327)  rmse_m_all: 11.9395 (12.4989)  actual_mask_ratio: 0.0689 (0.0698)  actual_prediction_mask_ratio: 0.2190 (0.2255)  ignored_patch_ratio: 0.0215 (0.0230)  time: 0.1159  data: 0.0001  max mem: 1904
[17:01:57.352316] Epoch: [8]  [ 300/1004]  eta: 0:01:21  lr: 0.000010  loss: 0.0032 (0.0358)  mae_m_mask: 0.5846 (0.6652)  rmse_m_mask: 0.7556 (0.8446)  normalized_mse_mask: 0.0032 (0.0358)  rmse_m_all: 12.2927 (12.5284)  actual_mask_ratio: 0.0731 (0.0700)  actual_prediction_mask_ratio: 0.2217 (0.2255)  ignored_patch_ratio: 0.0238 (0.0233)  time: 0.1158  data: 0.0001  max mem: 1904
[17:01:59.669735] Epoch: [8]  [ 320/1004]  eta: 0:01:18  lr: 0.000010  loss: 0.0166 (0.0364)  mae_m_mask: 0.6047 (0.6596)  rmse_m_mask: 0.7815 (0.8391)  normalized_mse_mask: 0.0166 (0.0364)  rmse_m_all: 12.7965 (12.5271)  actual_mask_ratio: 0.0710 (0.0700)  actual_prediction_mask_ratio: 0.2269 (0.2257)  ignored_patch_ratio: 0.0181 (0.0232)  time: 0.1158  data: 0.0001  max mem: 1904
[17:02:01.985213] Epoch: [8]  [ 340/1004]  eta: 0:01:16  lr: 0.000010  loss: 0.0123 (0.0357)  mae_m_mask: 0.6605 (0.6671)  rmse_m_mask: 0.7987 (0.8478)  normalized_mse_mask: 0.0123 (0.0357)  rmse_m_all: 13.3401 (12.5850)  actual_mask_ratio: 0.0678 (0.0700)  actual_prediction_mask_ratio: 0.2266 (0.2259)  ignored_patch_ratio: 0.0153 (0.0229)  time: 0.1157  data: 0.0001  max mem: 1904
[17:02:04.299545] Epoch: [8]  [ 360/1004]  eta: 0:01:14  lr: 0.000010  loss: 0.0055 (0.0356)  mae_m_mask: 0.6555 (0.6677)  rmse_m_mask: 0.8237 (0.8494)  normalized_mse_mask: 0.0055 (0.0356)  rmse_m_all: 12.0171 (12.5278)  actual_mask_ratio: 0.0722 (0.0701)  actual_prediction_mask_ratio: 0.2333 (0.2261)  ignored_patch_ratio: 0.0153 (0.0227)  time: 0.1157  data: 0.0001  max mem: 1904
[17:02:06.617483] Epoch: [8]  [ 380/1004]  eta: 0:01:11  lr: 0.000010  loss: 0.0061 (0.0345)  mae_m_mask: 0.5767 (0.6661)  rmse_m_mask: 0.7223 (0.8495)  normalized_mse_mask: 0.0061 (0.0345)  rmse_m_all: 12.5758 (12.5481)  actual_mask_ratio: 0.0708 (0.0701)  actual_prediction_mask_ratio: 0.2214 (0.2261)  ignored_patch_ratio: 0.0306 (0.0231)  time: 0.1158  data: 0.0001  max mem: 1904
[17:02:08.937663] Epoch: [8]  [ 400/1004]  eta: 0:01:09  lr: 0.000010  loss: 0.0048 (0.0346)  mae_m_mask: 0.6393 (0.6669)  rmse_m_mask: 0.8092 (0.8497)  normalized_mse_mask: 0.0048 (0.0346)  rmse_m_all: 10.5161 (12.4959)  actual_mask_ratio: 0.0686 (0.0701)  actual_prediction_mask_ratio: 0.2252 (0.2260)  ignored_patch_ratio: 0.0221 (0.0232)  time: 0.1160  data: 0.0001  max mem: 1904
[17:02:11.254804] Epoch: [8]  [ 420/1004]  eta: 0:01:07  lr: 0.000010  loss: 0.0027 (0.0343)  mae_m_mask: 0.4855 (0.6612)  rmse_m_mask: 0.6313 (0.8426)  normalized_mse_mask: 0.0027 (0.0343)  rmse_m_all: 11.8953 (12.4391)  actual_mask_ratio: 0.0685 (0.0700)  actual_prediction_mask_ratio: 0.2171 (0.2259)  ignored_patch_ratio: 0.0232 (0.0233)  time: 0.1158  data: 0.0001  max mem: 1904
[17:02:13.571367] Epoch: [8]  [ 440/1004]  eta: 0:01:05  lr: 0.000010  loss: 0.0021 (0.0343)  mae_m_mask: 0.5138 (0.6586)  rmse_m_mask: 0.7153 (0.8401)  normalized_mse_mask: 0.0021 (0.0343)  rmse_m_all: 14.3487 (12.5129)  actual_mask_ratio: 0.0713 (0.0701)  actual_prediction_mask_ratio: 0.2265 (0.2260)  ignored_patch_ratio: 0.0323 (0.0236)  time: 0.1158  data: 0.0001  max mem: 1904
[17:02:15.890192] Epoch: [8]  [ 460/1004]  eta: 0:01:02  lr: 0.000010  loss: 0.0024 (0.0341)  mae_m_mask: 0.5608 (0.6596)  rmse_m_mask: 0.7142 (0.8417)  normalized_mse_mask: 0.0024 (0.0341)  rmse_m_all: 13.7474 (12.5615)  actual_mask_ratio: 0.0703 (0.0700)  actual_prediction_mask_ratio: 0.2279 (0.2259)  ignored_patch_ratio: 0.0232 (0.0237)  time: 0.1159  data: 0.0001  max mem: 1904
[17:02:18.177632] Epoch: [8]  [ 480/1004]  eta: 0:01:00  lr: 0.000010  loss: 0.0042 (0.0335)  mae_m_mask: 0.5419 (0.6573)  rmse_m_mask: 0.6692 (0.8406)  normalized_mse_mask: 0.0042 (0.0335)  rmse_m_all: 12.4617 (12.5630)  actual_mask_ratio: 0.0683 (0.0700)  actual_prediction_mask_ratio: 0.2245 (0.2262)  ignored_patch_ratio: 0.0215 (0.0237)  time: 0.1143  data: 0.0001  max mem: 1904
[17:02:20.376838] Epoch: [8]  [ 500/1004]  eta: 0:00:58  lr: 0.000010  loss: 0.0042 (0.0332)  mae_m_mask: 0.5081 (0.6523)  rmse_m_mask: 0.6511 (0.8345)  normalized_mse_mask: 0.0042 (0.0332)  rmse_m_all: 12.7336 (12.5489)  actual_mask_ratio: 0.0704 (0.0700)  actual_prediction_mask_ratio: 0.2291 (0.2263)  ignored_patch_ratio: 0.0227 (0.0237)  time: 0.1099  data: 0.0001  max mem: 1904
[17:02:22.625977] Epoch: [8]  [ 520/1004]  eta: 0:00:55  lr: 0.000010  loss: 0.0024 (0.0324)  mae_m_mask: 0.6389 (0.6541)  rmse_m_mask: 0.7928 (0.8359)  normalized_mse_mask: 0.0024 (0.0324)  rmse_m_all: 13.0351 (12.5710)  actual_mask_ratio: 0.0685 (0.0700)  actual_prediction_mask_ratio: 0.2174 (0.2260)  ignored_patch_ratio: 0.0278 (0.0240)  time: 0.1124  data: 0.0001  max mem: 1904
[17:02:24.872541] Epoch: [8]  [ 540/1004]  eta: 0:00:53  lr: 0.000010  loss: 0.0024 (0.0319)  mae_m_mask: 0.6516 (0.6559)  rmse_m_mask: 0.7913 (0.8377)  normalized_mse_mask: 0.0024 (0.0319)  rmse_m_all: 13.8873 (12.6031)  actual_mask_ratio: 0.0711 (0.0700)  actual_prediction_mask_ratio: 0.2218 (0.2260)  ignored_patch_ratio: 0.0278 (0.0241)  time: 0.1123  data: 0.0001  max mem: 1904
[17:02:27.104495] Epoch: [8]  [ 560/1004]  eta: 0:00:50  lr: 0.000010  loss: 0.0109 (0.0319)  mae_m_mask: 0.6787 (0.6577)  rmse_m_mask: 0.8813 (0.8411)  normalized_mse_mask: 0.0109 (0.0319)  rmse_m_all: 12.0683 (12.5914)  actual_mask_ratio: 0.0697 (0.0700)  actual_prediction_mask_ratio: 0.2244 (0.2260)  ignored_patch_ratio: 0.0238 (0.0241)  time: 0.1116  data: 0.0001  max mem: 1904
[17:02:29.363873] Epoch: [8]  [ 580/1004]  eta: 0:00:48  lr: 0.000010  loss: 0.0078 (0.0319)  mae_m_mask: 0.6553 (0.6606)  rmse_m_mask: 0.8904 (0.8439)  normalized_mse_mask: 0.0078 (0.0319)  rmse_m_all: 14.2308 (12.6341)  actual_mask_ratio: 0.0671 (0.0700)  actual_prediction_mask_ratio: 0.2168 (0.2259)  ignored_patch_ratio: 0.0176 (0.0240)  time: 0.1129  data: 0.0001  max mem: 1904
[17:02:31.617074] Epoch: [8]  [ 600/1004]  eta: 0:00:46  lr: 0.000010  loss: 0.0045 (0.0322)  mae_m_mask: 0.6661 (0.6615)  rmse_m_mask: 0.9009 (0.8447)  normalized_mse_mask: 0.0045 (0.0322)  rmse_m_all: 12.0109 (12.6373)  actual_mask_ratio: 0.0705 (0.0700)  actual_prediction_mask_ratio: 0.2191 (0.2259)  ignored_patch_ratio: 0.0249 (0.0242)  time: 0.1126  data: 0.0001  max mem: 1904
[17:02:33.884338] Epoch: [8]  [ 620/1004]  eta: 0:00:44  lr: 0.000010  loss: 0.0074 (0.0321)  mae_m_mask: 0.6333 (0.6623)  rmse_m_mask: 0.7750 (0.8453)  normalized_mse_mask: 0.0074 (0.0321)  rmse_m_all: 12.9242 (12.6651)  actual_mask_ratio: 0.0702 (0.0700)  actual_prediction_mask_ratio: 0.2221 (0.2258)  ignored_patch_ratio: 0.0334 (0.0244)  time: 0.1133  data: 0.0001  max mem: 1904
[17:02:36.155042] Epoch: [8]  [ 640/1004]  eta: 0:00:41  lr: 0.000010  loss: 0.0110 (0.0325)  mae_m_mask: 0.7894 (0.6665)  rmse_m_mask: 0.9980 (0.8498)  normalized_mse_mask: 0.0110 (0.0325)  rmse_m_all: 13.0219 (12.6559)  actual_mask_ratio: 0.0691 (0.0700)  actual_prediction_mask_ratio: 0.2240 (0.2258)  ignored_patch_ratio: 0.0198 (0.0244)  time: 0.1135  data: 0.0001  max mem: 1904
[17:02:38.424109] Epoch: [8]  [ 660/1004]  eta: 0:00:39  lr: 0.000010  loss: 0.0072 (0.0322)  mae_m_mask: 0.7724 (0.6711)  rmse_m_mask: 0.8887 (0.8541)  normalized_mse_mask: 0.0072 (0.0322)  rmse_m_all: 12.1336 (12.6243)  actual_mask_ratio: 0.0671 (0.0699)  actual_prediction_mask_ratio: 0.2183 (0.2257)  ignored_patch_ratio: 0.0210 (0.0243)  time: 0.1134  data: 0.0001  max mem: 1904
[17:02:40.713541] Epoch: [8]  [ 680/1004]  eta: 0:00:37  lr: 0.000010  loss: 0.0040 (0.0323)  mae_m_mask: 0.6919 (0.6739)  rmse_m_mask: 0.8774 (0.8568)  normalized_mse_mask: 0.0040 (0.0323)  rmse_m_all: 13.4236 (12.6435)  actual_mask_ratio: 0.0675 (0.0699)  actual_prediction_mask_ratio: 0.2200 (0.2255)  ignored_patch_ratio: 0.0278 (0.0244)  time: 0.1144  data: 0.0001  max mem: 1904
[17:02:42.952489] Epoch: [8]  [ 700/1004]  eta: 0:00:34  lr: 0.000010  loss: 0.0031 (0.0325)  mae_m_mask: 0.6916 (0.6757)  rmse_m_mask: 0.8494 (0.8586)  normalized_mse_mask: 0.0031 (0.0325)  rmse_m_all: 12.8960 (12.6780)  actual_mask_ratio: 0.0690 (0.0698)  actual_prediction_mask_ratio: 0.2196 (0.2254)  ignored_patch_ratio: 0.0181 (0.0243)  time: 0.1119  data: 0.0001  max mem: 1904
[17:02:45.217356] Epoch: [8]  [ 720/1004]  eta: 0:00:32  lr: 0.000010  loss: 0.0034 (0.0327)  mae_m_mask: 0.5644 (0.6726)  rmse_m_mask: 0.7201 (0.8546)  normalized_mse_mask: 0.0034 (0.0327)  rmse_m_all: 11.7015 (12.6604)  actual_mask_ratio: 0.0715 (0.0699)  actual_prediction_mask_ratio: 0.2233 (0.2254)  ignored_patch_ratio: 0.0227 (0.0244)  time: 0.1132  data: 0.0001  max mem: 1904
[17:02:47.499339] Epoch: [8]  [ 740/1004]  eta: 0:00:30  lr: 0.000010  loss: 0.0132 (0.0326)  mae_m_mask: 0.5849 (0.6705)  rmse_m_mask: 0.7380 (0.8537)  normalized_mse_mask: 0.0132 (0.0326)  rmse_m_all: 11.4190 (12.6284)  actual_mask_ratio: 0.0687 (0.0699)  actual_prediction_mask_ratio: 0.2184 (0.2254)  ignored_patch_ratio: 0.0187 (0.0242)  time: 0.1141  data: 0.0001  max mem: 1904
[17:02:49.762260] Epoch: [8]  [ 760/1004]  eta: 0:00:27  lr: 0.000010  loss: 0.0085 (0.0324)  mae_m_mask: 0.6500 (0.6703)  rmse_m_mask: 0.8066 (0.8529)  normalized_mse_mask: 0.0085 (0.0324)  rmse_m_all: 11.6757 (12.6099)  actual_mask_ratio: 0.0709 (0.0699)  actual_prediction_mask_ratio: 0.2272 (0.2254)  ignored_patch_ratio: 0.0232 (0.0242)  time: 0.1131  data: 0.0001  max mem: 1904
[17:02:51.992696] Epoch: [8]  [ 780/1004]  eta: 0:00:25  lr: 0.000010  loss: 0.0038 (0.0320)  mae_m_mask: 0.5838 (0.6674)  rmse_m_mask: 0.7106 (0.8491)  normalized_mse_mask: 0.0038 (0.0320)  rmse_m_all: 11.7739 (12.6063)  actual_mask_ratio: 0.0729 (0.0699)  actual_prediction_mask_ratio: 0.2236 (0.2254)  ignored_patch_ratio: 0.0289 (0.0244)  time: 0.1115  data: 0.0001  max mem: 1904
[17:02:54.222228] Epoch: [8]  [ 800/1004]  eta: 0:00:23  lr: 0.000010  loss: 0.0052 (0.0315)  mae_m_mask: 0.5711 (0.6665)  rmse_m_mask: 0.7626 (0.8482)  normalized_mse_mask: 0.0052 (0.0315)  rmse_m_all: 12.8361 (12.6227)  actual_mask_ratio: 0.0697 (0.0699)  actual_prediction_mask_ratio: 0.2210 (0.2254)  ignored_patch_ratio: 0.0249 (0.0245)  time: 0.1114  data: 0.0001  max mem: 1904
[17:02:56.514342] Epoch: [8]  [ 820/1004]  eta: 0:00:21  lr: 0.000010  loss: 0.0036 (0.0315)  mae_m_mask: 0.4775 (0.6623)  rmse_m_mask: 0.5769 (0.8427)  normalized_mse_mask: 0.0036 (0.0315)  rmse_m_all: 11.4961 (12.5946)  actual_mask_ratio: 0.0706 (0.0700)  actual_prediction_mask_ratio: 0.2261 (0.2253)  ignored_patch_ratio: 0.0244 (0.0244)  time: 0.1146  data: 0.0001  max mem: 1904
[17:02:58.785292] Epoch: [8]  [ 840/1004]  eta: 0:00:18  lr: 0.000010  loss: 0.0117 (0.0316)  mae_m_mask: 0.6288 (0.6621)  rmse_m_mask: 0.7174 (0.8421)  normalized_mse_mask: 0.0117 (0.0316)  rmse_m_all: 12.7500 (12.5784)  actual_mask_ratio: 0.0699 (0.0699)  actual_prediction_mask_ratio: 0.2163 (0.2252)  ignored_patch_ratio: 0.0204 (0.0245)  time: 0.1135  data: 0.0001  max mem: 1904
[17:03:01.053230] Epoch: [8]  [ 860/1004]  eta: 0:00:16  lr: 0.000010  loss: 0.0028 (0.0318)  mae_m_mask: 0.5937 (0.6616)  rmse_m_mask: 0.8091 (0.8419)  normalized_mse_mask: 0.0028 (0.0318)  rmse_m_all: 13.4974 (12.5945)  actual_mask_ratio: 0.0731 (0.0700)  actual_prediction_mask_ratio: 0.2298 (0.2253)  ignored_patch_ratio: 0.0187 (0.0244)  time: 0.1134  data: 0.0001  max mem: 1904
[17:03:03.315959] Epoch: [8]  [ 880/1004]  eta: 0:00:14  lr: 0.000010  loss: 0.0047 (0.0314)  mae_m_mask: 0.5171 (0.6612)  rmse_m_mask: 0.6806 (0.8417)  normalized_mse_mask: 0.0047 (0.0314)  rmse_m_all: 12.2772 (12.5830)  actual_mask_ratio: 0.0693 (0.0699)  actual_prediction_mask_ratio: 0.2170 (0.2250)  ignored_patch_ratio: 0.0221 (0.0244)  time: 0.1131  data: 0.0001  max mem: 1904
[17:03:05.551130] Epoch: [8]  [ 900/1004]  eta: 0:00:11  lr: 0.000010  loss: 0.0095 (0.0315)  mae_m_mask: 0.6076 (0.6610)  rmse_m_mask: 0.8173 (0.8417)  normalized_mse_mask: 0.0095 (0.0315)  rmse_m_all: 12.2668 (12.5779)  actual_mask_ratio: 0.0727 (0.0700)  actual_prediction_mask_ratio: 0.2306 (0.2252)  ignored_patch_ratio: 0.0221 (0.0245)  time: 0.1117  data: 0.0001  max mem: 1904
[17:03:07.510371] Epoch: [8]  [ 920/1004]  eta: 0:00:09  lr: 0.000010  loss: 0.0029 (0.0314)  mae_m_mask: 0.5677 (0.6603)  rmse_m_mask: 0.6921 (0.8405)  normalized_mse_mask: 0.0029 (0.0314)  rmse_m_all: 12.7627 (12.5854)  actual_mask_ratio: 0.0701 (0.0700)  actual_prediction_mask_ratio: 0.2200 (0.2251)  ignored_patch_ratio: 0.0210 (0.0245)  time: 0.0979  data: 0.0001  max mem: 1904
[17:03:09.990813] Epoch: [8]  [ 940/1004]  eta: 0:00:07  lr: 0.000010  loss: 0.0039 (0.0315)  mae_m_mask: 0.5890 (0.6600)  rmse_m_mask: 0.7585 (0.8406)  normalized_mse_mask: 0.0039 (0.0315)  rmse_m_all: 12.0848 (12.5622)  actual_mask_ratio: 0.0683 (0.0700)  actual_prediction_mask_ratio: 0.2228 (0.2250)  ignored_patch_ratio: 0.0238 (0.0245)  time: 0.1240  data: 0.0525  max mem: 1904
[17:03:12.110283] Epoch: [8]  [ 960/1004]  eta: 0:00:05  lr: 0.000010  loss: 0.0022 (0.0310)  mae_m_mask: 0.6554 (0.6607)  rmse_m_mask: 0.8364 (0.8413)  normalized_mse_mask: 0.0022 (0.0310)  rmse_m_all: 12.1451 (12.5846)  actual_mask_ratio: 0.0664 (0.0699)  actual_prediction_mask_ratio: 0.2149 (0.2248)  ignored_patch_ratio: 0.0215 (0.0245)  time: 0.1059  data: 0.0204  max mem: 1904
[17:03:14.654768] Epoch: [8]  [ 980/1004]  eta: 0:00:02  lr: 0.000010  loss: 0.0063 (0.0310)  mae_m_mask: 0.6438 (0.6616)  rmse_m_mask: 0.8661 (0.8421)  normalized_mse_mask: 0.0063 (0.0310)  rmse_m_all: 14.2162 (12.6101)  actual_mask_ratio: 0.0687 (0.0699)  actual_prediction_mask_ratio: 0.2169 (0.2247)  ignored_patch_ratio: 0.0249 (0.0246)  time: 0.1272  data: 0.0313  max mem: 1904
[17:03:16.832595] Epoch: [8]  [1000/1004]  eta: 0:00:00  lr: 0.000010  loss: 0.0080 (0.0312)  mae_m_mask: 0.8245 (0.6642)  rmse_m_mask: 0.9994 (0.8447)  normalized_mse_mask: 0.0080 (0.0312)  rmse_m_all: 12.7282 (12.6125)  actual_mask_ratio: 0.0676 (0.0698)  actual_prediction_mask_ratio: 0.2247 (0.2247)  ignored_patch_ratio: 0.0204 (0.0245)  time: 0.1088  data: 0.0001  max mem: 1904
[17:03:17.178793] Epoch: [8]  [1003/1004]  eta: 0:00:00  lr: 0.000010  loss: 0.0081 (0.0311)  mae_m_mask: 0.8302 (0.6664)  rmse_m_mask: 1.0256 (0.8470)  normalized_mse_mask: 0.0081 (0.0311)  rmse_m_all: 13.5462 (12.6299)  actual_mask_ratio: 0.0684 (0.0698)  actual_prediction_mask_ratio: 0.2244 (0.2247)  ignored_patch_ratio: 0.0238 (0.0245)  time: 0.1144  data: 0.0001  max mem: 1904
[17:03:17.209953] Epoch: [8] Total time: 0:01:54 (0.1141 s / it)
[17:03:17.213674] Averaged stats: {'lr': 9.877863578597963e-06, 'loss': 0.032057209883126554, 'mae_m_mask': 0.6620931053727034, 'rmse_m_mask': 0.8959233065594736, 'normalized_mse_mask': 0.032057209883126554, 'rmse_m_all': 12.629914847978084, 'actual_mask_ratio': 0.06984539969686968, 'actual_prediction_mask_ratio': 0.22474802935503393, 'ignored_patch_ratio': 0.024530549745160744, 'supervised_pixel_count': 19824973.0}
[17:03:17.389030] Val: [8]  [  0/288]  eta: 0:00:49  loss: 0.0239 (0.0239)  mae_m_mask: 0.4160 (0.4160)  rmse_m_mask: 0.5493 (0.5493)  normalized_mse_mask: 0.0239 (0.0239)  rmse_m_all: 5.8807 (5.8807)  actual_mask_ratio: 0.0607 (0.0607)  actual_prediction_mask_ratio: 0.2001 (0.2001)  ignored_patch_ratio: 0.0000 (0.0000)  time: 0.1726  data: 0.0794  max mem: 1904
[17:03:21.866879] Val: [8]  [ 50/288]  eta: 0:00:21  loss: 0.0534 (0.0891)  mae_m_mask: 0.3067 (0.3963)  rmse_m_mask: 0.3663 (0.4684)  normalized_mse_mask: 0.0534 (0.0891)  rmse_m_all: 1.0779 (3.8619)  actual_mask_ratio: 0.0663 (0.0715)  actual_prediction_mask_ratio: 0.2336 (0.2372)  ignored_patch_ratio: 0.0000 (0.0000)  time: 0.0899  data: 0.0001  max mem: 1904
[17:03:26.372643] Val: [8]  [100/288]  eta: 0:00:17  loss: 0.1582 (0.1458)  mae_m_mask: 0.3416 (0.4443)  rmse_m_mask: 0.4025 (0.5215)  normalized_mse_mask: 0.1582 (0.1458)  rmse_m_all: 0.7231 (3.3911)  actual_mask_ratio: 0.0714 (0.0723)  actual_prediction_mask_ratio: 0.2239 (0.2366)  ignored_patch_ratio: 0.0000 (0.0000)  time: 0.0892  data: 0.0001  max mem: 1904
[17:03:30.862156] Val: [8]  [150/288]  eta: 0:00:12  loss: 0.0232 (0.1457)  mae_m_mask: 0.4853 (0.4460)  rmse_m_mask: 0.5401 (0.5195)  normalized_mse_mask: 0.0232 (0.1457)  rmse_m_all: 2.3992 (2.9918)  actual_mask_ratio: 0.0743 (0.0723)  actual_prediction_mask_ratio: 0.2443 (0.2367)  ignored_patch_ratio: 0.0000 (0.0000)  time: 0.0895  data: 0.0001  max mem: 1904
[17:03:35.228336] Val: [8]  [200/288]  eta: 0:00:07  loss: 0.2901 (0.1923)  mae_m_mask: 0.2488 (0.4304)  rmse_m_mask: 0.3394 (0.5087)  normalized_mse_mask: 0.2901 (0.1923)  rmse_m_all: 0.4235 (2.5492)  actual_mask_ratio: 0.0743 (0.0732)  actual_prediction_mask_ratio: 0.2545 (0.2410)  ignored_patch_ratio: 0.0000 (0.0000)  time: 0.0826  data: 0.0001  max mem: 1904
[17:03:39.587752] Val: [8]  [250/288]  eta: 0:00:03  loss: 0.0385 (0.1721)  mae_m_mask: 0.3234 (0.4057)  rmse_m_mask: 0.3551 (0.4806)  normalized_mse_mask: 0.0385 (0.1721)  rmse_m_all: 1.3129 (2.4695)  actual_mask_ratio: 0.0822 (0.0748)  actual_prediction_mask_ratio: 0.2591 (0.2448)  ignored_patch_ratio: 0.0000 (0.0000)  time: 0.0870  data: 0.0001  max mem: 1904
[17:03:42.753917] Val: [8]  [287/288]  eta: 0:00:00  loss: 0.0265 (0.1569)  mae_m_mask: 0.2666 (0.4017)  rmse_m_mask: 0.3178 (0.4754)  normalized_mse_mask: 0.0265 (0.1569)  rmse_m_all: 1.0887 (2.6309)  actual_mask_ratio: 0.0760 (0.0749)  actual_prediction_mask_ratio: 0.2523 (0.2453)  ignored_patch_ratio: 0.0000 (0.0000)  time: 0.0859  data: 0.0001  max mem: 1904
[17:03:42.777972] Val: [8] Total time: 0:00:25 (0.0888 s / it)
[17:03:42.779741] val stats: {'loss': 0.14838715608588898, 'mae_m_mask': 0.41028953874293383, 'rmse_m_mask': 0.5876399835820024, 'normalized_mse_mask': 0.14838715608588898, 'rmse_m_all': 2.630905007219149, 'actual_mask_ratio': 0.07494737871456891, 'actual_prediction_mask_ratio': 0.24532247381284833, 'ignored_patch_ratio': 0.0, 'supervised_pixel_count': 5936124.0}
[17:03:46.886101] log_dir: /tank/data/SFS/xinyis/data/bathymetry/MAE-Topography/Downstream_Task_Bathy/cross_validation_v5_Stage2NormMSE_MeterSelect/runs/holdout_CO_D004Stage2NormMSE_MeterSelect_D001NoDataSafe/train_stage2_normMSE_meterSelect_CO_UpperColorado_Topobathy_1_2020_fromStage1Best_e120_lr1e-5_b4_acc4/tb
[17:03:47.087409] Epoch: [9]  [   0/1004]  eta: 0:03:21  lr: 0.000010  loss: 0.0025 (0.0025)  mae_m_mask: 0.8128 (0.8128)  rmse_m_mask: 1.0379 (1.0379)  normalized_mse_mask: 0.0025 (0.0025)  rmse_m_all: 10.4094 (10.4094)  actual_mask_ratio: 0.0748 (0.0748)  actual_prediction_mask_ratio: 0.2205 (0.2205)  ignored_patch_ratio: 0.0000 (0.0000)  time: 0.2007  data: 0.0789  max mem: 1904
[17:03:49.339623] Epoch: [9]  [  20/1004]  eta: 0:01:54  lr: 0.000010  loss: 0.0064 (0.0557)  mae_m_mask: 0.8067 (0.8357)  rmse_m_mask: 1.0321 (1.0487)  normalized_mse_mask: 0.0064 (0.0557)  rmse_m_all: 12.2273 (12.1956)  actual_mask_ratio: 0.0713 (0.0716)  actual_prediction_mask_ratio: 0.2213 (0.2262)  ignored_patch_ratio: 0.0215 (0.0215)  time: 0.1126  data: 0.0001  max mem: 1904
[17:03:51.555844] Epoch: [9]  [  40/1004]  eta: 0:01:49  lr: 0.000010  loss: 0.0095 (0.0383)  mae_m_mask: 0.8248 (0.9434)  rmse_m_mask: 0.9994 (1.1551)  normalized_mse_mask: 0.0095 (0.0383)  rmse_m_all: 13.2060 (13.0046)  actual_mask_ratio: 0.0718 (0.0713)  actual_prediction_mask_ratio: 0.2278 (0.2262)  ignored_patch_ratio: 0.0249 (0.0256)  time: 0.1108  data: 0.0001  max mem: 1904
[17:03:54.099388] Epoch: [9]  [  60/1004]  eta: 0:01:51  lr: 0.000010  loss: 0.0129 (0.0411)  mae_m_mask: 0.6080 (0.8347)  rmse_m_mask: 0.7853 (1.0407)  normalized_mse_mask: 0.0129 (0.0411)  rmse_m_all: 10.9943 (12.5489)  actual_mask_ratio: 0.0709 (0.0709)  actual_prediction_mask_ratio: 0.2304 (0.2262)  ignored_patch_ratio: 0.0198 (0.0256)  time: 0.1271  data: 0.0553  max mem: 1904
[17:03:56.334668] Epoch: [9]  [  80/1004]  eta: 0:01:47  lr: 0.000010  loss: 0.0028 (0.0361)  mae_m_mask: 0.6789 (0.8009)  rmse_m_mask: 0.9217 (1.0060)  normalized_mse_mask: 0.0028 (0.0361)  rmse_m_all: 11.2502 (12.4739)  actual_mask_ratio: 0.0718 (0.0709)  actual_prediction_mask_ratio: 0.2337 (0.2267)  ignored_patch_ratio: 0.0266 (0.0265)  time: 0.1117  data: 0.0244  max mem: 1904
[17:03:58.670006] Epoch: [9]  [ 100/1004]  eta: 0:01:45  lr: 0.000010  loss: 0.0100 (0.0372)  mae_m_mask: 0.6680 (0.7826)  rmse_m_mask: 0.8450 (0.9795)  normalized_mse_mask: 0.0100 (0.0372)  rmse_m_all: 11.3927 (12.4514)  actual_mask_ratio: 0.0688 (0.0707)  actual_prediction_mask_ratio: 0.2232 (0.2264)  ignored_patch_ratio: 0.0215 (0.0261)  time: 0.1167  data: 0.0002  max mem: 1904
[17:04:01.008890] Epoch: [9]  [ 120/1004]  eta: 0:01:43  lr: 0.000010  loss: 0.0104 (0.0358)  mae_m_mask: 0.6269 (0.7681)  rmse_m_mask: 0.7800 (0.9710)  normalized_mse_mask: 0.0104 (0.0358)  rmse_m_all: 11.9701 (12.3719)  actual_mask_ratio: 0.0709 (0.0708)  actual_prediction_mask_ratio: 0.2234 (0.2267)  ignored_patch_ratio: 0.0181 (0.0250)  time: 0.1169  data: 0.0001  max mem: 1904
[17:04:03.351653] Epoch: [9]  [ 140/1004]  eta: 0:01:40  lr: 0.000010  loss: 0.0041 (0.0336)  mae_m_mask: 0.6584 (0.7532)  rmse_m_mask: 0.7631 (0.9536)  normalized_mse_mask: 0.0041 (0.0336)  rmse_m_all: 10.3219 (12.1863)  actual_mask_ratio: 0.0709 (0.0709)  actual_prediction_mask_ratio: 0.2341 (0.2270)  ignored_patch_ratio: 0.0215 (0.0248)  time: 0.1171  data: 0.0001  max mem: 1904
[17:04:05.694724] Epoch: [9]  [ 160/1004]  eta: 0:01:38  lr: 0.000010  loss: 0.0057 (0.0362)  mae_m_mask: 0.5498 (0.7379)  rmse_m_mask: 0.6832 (0.9346)  normalized_mse_mask: 0.0057 (0.0362)  rmse_m_all: 12.4734 (12.2699)  actual_mask_ratio: 0.0708 (0.0707)  actual_prediction_mask_ratio: 0.2314 (0.2271)  ignored_patch_ratio: 0.0278 (0.0250)  time: 0.1171  data: 0.0001  max mem: 1904
[17:04:08.031764] Epoch: [9]  [ 180/1004]  eta: 0:01:36  lr: 0.000010  loss: 0.0082 (0.0364)  mae_m_mask: 0.6331 (0.7274)  rmse_m_mask: 0.8254 (0.9243)  normalized_mse_mask: 0.0082 (0.0364)  rmse_m_all: 12.5027 (12.3473)  actual_mask_ratio: 0.0722 (0.0709)  actual_prediction_mask_ratio: 0.2273 (0.2274)  ignored_patch_ratio: 0.0221 (0.0248)  time: 0.1168  data: 0.0001  max mem: 1904
[17:04:10.369523] Epoch: [9]  [ 200/1004]  eta: 0:01:33  lr: 0.000010  loss: 0.0023 (0.0351)  mae_m_mask: 0.4926 (0.7094)  rmse_m_mask: 0.6220 (0.9024)  normalized_mse_mask: 0.0023 (0.0351)  rmse_m_all: 12.7442 (12.3862)  actual_mask_ratio: 0.0672 (0.0707)  actual_prediction_mask_ratio: 0.2124 (0.2262)  ignored_patch_ratio: 0.0300 (0.0254)  time: 0.1169  data: 0.0001  max mem: 1904
[17:04:12.710777] Epoch: [9]  [ 220/1004]  eta: 0:01:31  lr: 0.000010  loss: 0.0025 (0.0334)  mae_m_mask: 0.6233 (0.7051)  rmse_m_mask: 0.8120 (0.9003)  normalized_mse_mask: 0.0025 (0.0334)  rmse_m_all: 12.7315 (12.5217)  actual_mask_ratio: 0.0701 (0.0706)  actual_prediction_mask_ratio: 0.2249 (0.2258)  ignored_patch_ratio: 0.0210 (0.0252)  time: 0.1170  data: 0.0001  max mem: 1904
[17:04:15.050316] Epoch: [9]  [ 240/1004]  eta: 0:01:29  lr: 0.000010  loss: 0.0024 (0.0365)  mae_m_mask: 0.5949 (0.6989)  rmse_m_mask: 0.7581 (0.8929)  normalized_mse_mask: 0.0024 (0.0365)  rmse_m_all: 13.5871 (12.5176)  actual_mask_ratio: 0.0706 (0.0706)  actual_prediction_mask_ratio: 0.2299 (0.2262)  ignored_patch_ratio: 0.0249 (0.0254)  time: 0.1169  data: 0.0001  max mem: 1904
[17:04:17.392737] Epoch: [9]  [ 260/1004]  eta: 0:01:26  lr: 0.000010  loss: 0.0014 (0.0352)  mae_m_mask: 0.5486 (0.6917)  rmse_m_mask: 0.7459 (0.8844)  normalized_mse_mask: 0.0014 (0.0352)  rmse_m_all: 12.8271 (12.5751)  actual_mask_ratio: 0.0681 (0.0703)  actual_prediction_mask_ratio: 0.2207 (0.2257)  ignored_patch_ratio: 0.0221 (0.0252)  time: 0.1171  data: 0.0001  max mem: 1904
[17:04:19.737109] Epoch: [9]  [ 280/1004]  eta: 0:01:24  lr: 0.000010  loss: 0.0030 (0.0348)  mae_m_mask: 0.4857 (0.6830)  rmse_m_mask: 0.6363 (0.8715)  normalized_mse_mask: 0.0030 (0.0348)  rmse_m_all: 11.5091 (12.4583)  actual_mask_ratio: 0.0668 (0.0702)  actual_prediction_mask_ratio: 0.2131 (0.2255)  ignored_patch_ratio: 0.0238 (0.0253)  time: 0.1172  data: 0.0001  max mem: 1904
[17:04:22.084524] Epoch: [9]  [ 300/1004]  eta: 0:01:22  lr: 0.000010  loss: 0.0159 (0.0362)  mae_m_mask: 0.6383 (0.6798)  rmse_m_mask: 0.8187 (0.8678)  normalized_mse_mask: 0.0159 (0.0362)  rmse_m_all: 12.0331 (12.4669)  actual_mask_ratio: 0.0690 (0.0702)  actual_prediction_mask_ratio: 0.2193 (0.2254)  ignored_patch_ratio: 0.0170 (0.0251)  time: 0.1173  data: 0.0001  max mem: 1904
[17:04:24.431311] Epoch: [9]  [ 320/1004]  eta: 0:01:19  lr: 0.000010  loss: 0.0025 (0.0345)  mae_m_mask: 0.5825 (0.6782)  rmse_m_mask: 0.7703 (0.8665)  normalized_mse_mask: 0.0025 (0.0345)  rmse_m_all: 13.3706 (12.5493)  actual_mask_ratio: 0.0711 (0.0702)  actual_prediction_mask_ratio: 0.2241 (0.2254)  ignored_patch_ratio: 0.0187 (0.0249)  time: 0.1173  data: 0.0001  max mem: 1904
[17:04:26.776545] Epoch: [9]  [ 340/1004]  eta: 0:01:17  lr: 0.000010  loss: 0.0036 (0.0341)  mae_m_mask: 0.6484 (0.6782)  rmse_m_mask: 0.8477 (0.8639)  normalized_mse_mask: 0.0036 (0.0341)  rmse_m_all: 12.7659 (12.5684)  actual_mask_ratio: 0.0717 (0.0703)  actual_prediction_mask_ratio: 0.2252 (0.2255)  ignored_patch_ratio: 0.0244 (0.0248)  time: 0.1172  data: 0.0001  max mem: 1904
[17:04:29.119402] Epoch: [9]  [ 360/1004]  eta: 0:01:15  lr: 0.000010  loss: 0.0043 (0.0346)  mae_m_mask: 0.6516 (0.6802)  rmse_m_mask: 0.8003 (0.8659)  normalized_mse_mask: 0.0043 (0.0346)  rmse_m_all: 13.4855 (12.5977)  actual_mask_ratio: 0.0703 (0.0702)  actual_prediction_mask_ratio: 0.2198 (0.2254)  ignored_patch_ratio: 0.0238 (0.0250)  time: 0.1171  data: 0.0001  max mem: 1904
[17:04:31.457043] Epoch: [9]  [ 380/1004]  eta: 0:01:12  lr: 0.000010  loss: 0.0055 (0.0333)  mae_m_mask: 0.6457 (0.6842)  rmse_m_mask: 0.8718 (0.8715)  normalized_mse_mask: 0.0055 (0.0333)  rmse_m_all: 10.9423 (12.5747)  actual_mask_ratio: 0.0706 (0.0703)  actual_prediction_mask_ratio: 0.2256 (0.2254)  ignored_patch_ratio: 0.0283 (0.0252)  time: 0.1168  data: 0.0001  max mem: 1904
[17:04:33.795828] Epoch: [9]  [ 400/1004]  eta: 0:01:10  lr: 0.000010  loss: 0.0058 (0.0329)  mae_m_mask: 0.5686 (0.6801)  rmse_m_mask: 0.7500 (0.8668)  normalized_mse_mask: 0.0058 (0.0329)  rmse_m_all: 12.6910 (12.5812)  actual_mask_ratio: 0.0703 (0.0702)  actual_prediction_mask_ratio: 0.2155 (0.2251)  ignored_patch_ratio: 0.0227 (0.0252)  time: 0.1169  data: 0.0001  max mem: 1904
[17:04:36.139515] Epoch: [9]  [ 420/1004]  eta: 0:01:08  lr: 0.000010  loss: 0.0055 (0.0326)  mae_m_mask: 0.5253 (0.6746)  rmse_m_mask: 0.6539 (0.8599)  normalized_mse_mask: 0.0055 (0.0326)  rmse_m_all: 12.2596 (12.5536)  actual_mask_ratio: 0.0699 (0.0702)  actual_prediction_mask_ratio: 0.2321 (0.2253)  ignored_patch_ratio: 0.0181 (0.0249)  time: 0.1171  data: 0.0001  max mem: 1904
[17:04:38.484433] Epoch: [9]  [ 440/1004]  eta: 0:01:05  lr: 0.000010  loss: 0.0031 (0.0338)  mae_m_mask: 0.6302 (0.6719)  rmse_m_mask: 0.7798 (0.8571)  normalized_mse_mask: 0.0031 (0.0338)  rmse_m_all: 14.7342 (12.6043)  actual_mask_ratio: 0.0668 (0.0701)  actual_prediction_mask_ratio: 0.2220 (0.2251)  ignored_patch_ratio: 0.0164 (0.0248)  time: 0.1172  data: 0.0001  max mem: 1904
[17:04:40.831633] Epoch: [9]  [ 460/1004]  eta: 0:01:03  lr: 0.000010  loss: 0.0072 (0.0329)  mae_m_mask: 0.5526 (0.6671)  rmse_m_mask: 0.7235 (0.8507)  normalized_mse_mask: 0.0072 (0.0329)  rmse_m_all: 12.4225 (12.6073)  actual_mask_ratio: 0.0701 (0.0701)  actual_prediction_mask_ratio: 0.2192 (0.2250)  ignored_patch_ratio: 0.0210 (0.0248)  time: 0.1173  data: 0.0001  max mem: 1904
[17:04:43.088812] Epoch: [9]  [ 480/1004]  eta: 0:01:01  lr: 0.000010  loss: 0.0066 (0.0326)  mae_m_mask: 0.4948 (0.6642)  rmse_m_mask: 0.6292 (0.8467)  normalized_mse_mask: 0.0066 (0.0326)  rmse_m_all: 12.1628 (12.6002)  actual_mask_ratio: 0.0702 (0.0701)  actual_prediction_mask_ratio: 0.2225 (0.2250)  ignored_patch_ratio: 0.0198 (0.0248)  time: 0.1128  data: 0.0001  max mem: 1904
[17:04:45.354768] Epoch: [9]  [ 500/1004]  eta: 0:00:58  lr: 0.000010  loss: 0.0094 (0.0328)  mae_m_mask: 0.5819 (0.6613)  rmse_m_mask: 0.7675 (0.8442)  normalized_mse_mask: 0.0094 (0.0328)  rmse_m_all: 11.5984 (12.5818)  actual_mask_ratio: 0.0700 (0.0701)  actual_prediction_mask_ratio: 0.2241 (0.2248)  ignored_patch_ratio: 0.0204 (0.0247)  time: 0.1133  data: 0.0001  max mem: 1904
[17:04:47.644466] Epoch: [9]  [ 520/1004]  eta: 0:00:56  lr: 0.000010  loss: 0.0061 (0.0323)  mae_m_mask: 0.6359 (0.6610)  rmse_m_mask: 0.8166 (0.8438)  normalized_mse_mask: 0.0061 (0.0323)  rmse_m_all: 13.8445 (12.6421)  actual_mask_ratio: 0.0684 (0.0700)  actual_prediction_mask_ratio: 0.2198 (0.2247)  ignored_patch_ratio: 0.0176 (0.0246)  time: 0.1144  data: 0.0001  max mem: 1904
[17:04:49.916394] Epoch: [9]  [ 540/1004]  eta: 0:00:54  lr: 0.000010  loss: 0.0026 (0.0323)  mae_m_mask: 0.6410 (0.6611)  rmse_m_mask: 0.8113 (0.8441)  normalized_mse_mask: 0.0026 (0.0323)  rmse_m_all: 13.1767 (12.6641)  actual_mask_ratio: 0.0669 (0.0700)  actual_prediction_mask_ratio: 0.2205 (0.2246)  ignored_patch_ratio: 0.0164 (0.0243)  time: 0.1136  data: 0.0001  max mem: 1904
[17:04:52.187863] Epoch: [9]  [ 560/1004]  eta: 0:00:51  lr: 0.000010  loss: 0.0073 (0.0320)  mae_m_mask: 0.7405 (0.6653)  rmse_m_mask: 0.9190 (0.8477)  normalized_mse_mask: 0.0073 (0.0320)  rmse_m_all: 11.8168 (12.6496)  actual_mask_ratio: 0.0709 (0.0700)  actual_prediction_mask_ratio: 0.2298 (0.2247)  ignored_patch_ratio: 0.0227 (0.0244)  time: 0.1135  data: 0.0001  max mem: 1904
[17:04:54.426093] Epoch: [9]  [ 580/1004]  eta: 0:00:49  lr: 0.000010  loss: 0.0013 (0.0311)  mae_m_mask: 0.6219 (0.6638)  rmse_m_mask: 0.7302 (0.8454)  normalized_mse_mask: 0.0013 (0.0311)  rmse_m_all: 12.2346 (12.6440)  actual_mask_ratio: 0.0689 (0.0700)  actual_prediction_mask_ratio: 0.2252 (0.2249)  ignored_patch_ratio: 0.0181 (0.0244)  time: 0.1119  data: 0.0001  max mem: 1904
[17:04:56.632788] Epoch: [9]  [ 600/1004]  eta: 0:00:46  lr: 0.000010  loss: 0.0130 (0.0318)  mae_m_mask: 0.6390 (0.6653)  rmse_m_mask: 0.8433 (0.8478)  normalized_mse_mask: 0.0130 (0.0318)  rmse_m_all: 12.6600 (12.6337)  actual_mask_ratio: 0.0670 (0.0699)  actual_prediction_mask_ratio: 0.2193 (0.2247)  ignored_patch_ratio: 0.0193 (0.0242)  time: 0.1103  data: 0.0001  max mem: 1904
[17:04:58.842751] Epoch: [9]  [ 620/1004]  eta: 0:00:44  lr: 0.000010  loss: 0.0044 (0.0318)  mae_m_mask: 0.5235 (0.6641)  rmse_m_mask: 0.6754 (0.8455)  normalized_mse_mask: 0.0044 (0.0318)  rmse_m_all: 12.8032 (12.6477)  actual_mask_ratio: 0.0661 (0.0698)  actual_prediction_mask_ratio: 0.2186 (0.2243)  ignored_patch_ratio: 0.0204 (0.0242)  time: 0.1105  data: 0.0001  max mem: 1904
[17:05:01.065389] Epoch: [9]  [ 640/1004]  eta: 0:00:42  lr: 0.000010  loss: 0.0083 (0.0314)  mae_m_mask: 0.7696 (0.6671)  rmse_m_mask: 1.0176 (0.8489)  normalized_mse_mask: 0.0083 (0.0314)  rmse_m_all: 12.9886 (12.6336)  actual_mask_ratio: 0.0679 (0.0698)  actual_prediction_mask_ratio: 0.2192 (0.2242)  ignored_patch_ratio: 0.0181 (0.0242)  time: 0.1111  data: 0.0001  max mem: 1904
[17:05:03.256008] Epoch: [9]  [ 660/1004]  eta: 0:00:39  lr: 0.000010  loss: 0.0034 (0.0322)  mae_m_mask: 0.6305 (0.6685)  rmse_m_mask: 0.8379 (0.8513)  normalized_mse_mask: 0.0034 (0.0322)  rmse_m_all: 12.2739 (12.6392)  actual_mask_ratio: 0.0687 (0.0698)  actual_prediction_mask_ratio: 0.2162 (0.2240)  ignored_patch_ratio: 0.0198 (0.0242)  time: 0.1095  data: 0.0001  max mem: 1904
[17:05:05.457246] Epoch: [9]  [ 680/1004]  eta: 0:00:37  lr: 0.000010  loss: 0.0069 (0.0319)  mae_m_mask: 0.5629 (0.6688)  rmse_m_mask: 0.7841 (0.8517)  normalized_mse_mask: 0.0069 (0.0319)  rmse_m_all: 12.6471 (12.6542)  actual_mask_ratio: 0.0698 (0.0698)  actual_prediction_mask_ratio: 0.2290 (0.2241)  ignored_patch_ratio: 0.0261 (0.0243)  time: 0.1100  data: 0.0001  max mem: 1904
[17:05:07.697270] Epoch: [9]  [ 700/1004]  eta: 0:00:35  lr: 0.000010  loss: 0.0021 (0.0318)  mae_m_mask: 0.5652 (0.6659)  rmse_m_mask: 0.7125 (0.8492)  normalized_mse_mask: 0.0021 (0.0318)  rmse_m_all: 12.5822 (12.6562)  actual_mask_ratio: 0.0693 (0.0698)  actual_prediction_mask_ratio: 0.2271 (0.2241)  ignored_patch_ratio: 0.0204 (0.0243)  time: 0.1120  data: 0.0001  max mem: 1904
[17:05:09.896914] Epoch: [9]  [ 720/1004]  eta: 0:00:32  lr: 0.000010  loss: 0.0069 (0.0313)  mae_m_mask: 0.6314 (0.6653)  rmse_m_mask: 0.8142 (0.8475)  normalized_mse_mask: 0.0069 (0.0313)  rmse_m_all: 12.1207 (12.6345)  actual_mask_ratio: 0.0695 (0.0698)  actual_prediction_mask_ratio: 0.2275 (0.2241)  ignored_patch_ratio: 0.0204 (0.0242)  time: 0.1099  data: 0.0001  max mem: 1904
[17:05:12.119591] Epoch: [9]  [ 740/1004]  eta: 0:00:30  lr: 0.000010  loss: 0.0077 (0.0308)  mae_m_mask: 0.5931 (0.6647)  rmse_m_mask: 0.7762 (0.8469)  normalized_mse_mask: 0.0077 (0.0308)  rmse_m_all: 11.5532 (12.6083)  actual_mask_ratio: 0.0674 (0.0697)  actual_prediction_mask_ratio: 0.2200 (0.2241)  ignored_patch_ratio: 0.0210 (0.0242)  time: 0.1111  data: 0.0001  max mem: 1904
[17:05:14.340739] Epoch: [9]  [ 760/1004]  eta: 0:00:28  lr: 0.000010  loss: 0.0036 (0.0317)  mae_m_mask: 0.5998 (0.6629)  rmse_m_mask: 0.7029 (0.8447)  normalized_mse_mask: 0.0036 (0.0317)  rmse_m_all: 12.9638 (12.6152)  actual_mask_ratio: 0.0693 (0.0698)  actual_prediction_mask_ratio: 0.2347 (0.2242)  ignored_patch_ratio: 0.0227 (0.0242)  time: 0.1110  data: 0.0001  max mem: 1904
[17:05:16.555260] Epoch: [9]  [ 780/1004]  eta: 0:00:25  lr: 0.000010  loss: 0.0094 (0.0321)  mae_m_mask: 0.6511 (0.6635)  rmse_m_mask: 0.8426 (0.8457)  normalized_mse_mask: 0.0094 (0.0321)  rmse_m_all: 12.4410 (12.6054)  actual_mask_ratio: 0.0697 (0.0697)  actual_prediction_mask_ratio: 0.2176 (0.2243)  ignored_patch_ratio: 0.0181 (0.0241)  time: 0.1107  data: 0.0001  max mem: 1904
[17:05:18.761247] Epoch: [9]  [ 800/1004]  eta: 0:00:23  lr: 0.000010  loss: 0.0091 (0.0323)  mae_m_mask: 0.8025 (0.6703)  rmse_m_mask: 1.1200 (0.8530)  normalized_mse_mask: 0.0091 (0.0323)  rmse_m_all: 14.2985 (12.6456)  actual_mask_ratio: 0.0705 (0.0697)  actual_prediction_mask_ratio: 0.2311 (0.2243)  ignored_patch_ratio: 0.0238 (0.0242)  time: 0.1103  data: 0.0001  max mem: 1904
[17:05:20.943221] Epoch: [9]  [ 820/1004]  eta: 0:00:21  lr: 0.000010  loss: 0.0097 (0.0327)  mae_m_mask: 0.6904 (0.6717)  rmse_m_mask: 0.8482 (0.8547)  normalized_mse_mask: 0.0097 (0.0327)  rmse_m_all: 10.3317 (12.6396)  actual_mask_ratio: 0.0703 (0.0698)  actual_prediction_mask_ratio: 0.2305 (0.2245)  ignored_patch_ratio: 0.0249 (0.0243)  time: 0.1090  data: 0.0001  max mem: 1904
[17:05:23.158487] Epoch: [9]  [ 840/1004]  eta: 0:00:18  lr: 0.000010  loss: 0.0029 (0.0321)  mae_m_mask: 0.5803 (0.6714)  rmse_m_mask: 0.7366 (0.8544)  normalized_mse_mask: 0.0029 (0.0321)  rmse_m_all: 12.1913 (12.6382)  actual_mask_ratio: 0.0702 (0.0698)  actual_prediction_mask_ratio: 0.2261 (0.2245)  ignored_patch_ratio: 0.0266 (0.0244)  time: 0.1107  data: 0.0001  max mem: 1904
[17:05:25.380899] Epoch: [9]  [ 860/1004]  eta: 0:00:16  lr: 0.000010  loss: 0.0111 (0.0327)  mae_m_mask: 0.6612 (0.6721)  rmse_m_mask: 0.9175 (0.8555)  normalized_mse_mask: 0.0111 (0.0327)  rmse_m_all: 11.8451 (12.6294)  actual_mask_ratio: 0.0703 (0.0698)  actual_prediction_mask_ratio: 0.2313 (0.2246)  ignored_patch_ratio: 0.0164 (0.0244)  time: 0.1111  data: 0.0001  max mem: 1904
[17:05:27.622232] Epoch: [9]  [ 880/1004]  eta: 0:00:14  lr: 0.000010  loss: 0.0026 (0.0321)  mae_m_mask: 0.7395 (0.6736)  rmse_m_mask: 0.9412 (0.8579)  normalized_mse_mask: 0.0026 (0.0321)  rmse_m_all: 12.8292 (12.6344)  actual_mask_ratio: 0.0707 (0.0699)  actual_prediction_mask_ratio: 0.2279 (0.2248)  ignored_patch_ratio: 0.0261 (0.0244)  time: 0.1120  data: 0.0001  max mem: 1904
[17:05:29.829876] Epoch: [9]  [ 900/1004]  eta: 0:00:11  lr: 0.000010  loss: 0.0059 (0.0320)  mae_m_mask: 0.5095 (0.6721)  rmse_m_mask: 0.6626 (0.8553)  normalized_mse_mask: 0.0059 (0.0320)  rmse_m_all: 12.4395 (12.6344)  actual_mask_ratio: 0.0662 (0.0698)  actual_prediction_mask_ratio: 0.2267 (0.2248)  ignored_patch_ratio: 0.0198 (0.0244)  time: 0.1103  data: 0.0001  max mem: 1904
[17:05:31.740206] Epoch: [9]  [ 920/1004]  eta: 0:00:09  lr: 0.000010  loss: 0.0042 (0.0317)  mae_m_mask: 0.6973 (0.6731)  rmse_m_mask: 0.8299 (0.8556)  normalized_mse_mask: 0.0042 (0.0317)  rmse_m_all: 13.2652 (12.6336)  actual_mask_ratio: 0.0682 (0.0698)  actual_prediction_mask_ratio: 0.2218 (0.2248)  ignored_patch_ratio: 0.0244 (0.0244)  time: 0.0955  data: 0.0001  max mem: 1904
[17:05:34.358692] Epoch: [9]  [ 940/1004]  eta: 0:00:07  lr: 0.000010  loss: 0.0041 (0.0313)  mae_m_mask: 0.7149 (0.6746)  rmse_m_mask: 0.9428 (0.8578)  normalized_mse_mask: 0.0041 (0.0313)  rmse_m_all: 12.2299 (12.6420)  actual_mask_ratio: 0.0712 (0.0698)  actual_prediction_mask_ratio: 0.2209 (0.2247)  ignored_patch_ratio: 0.0232 (0.0245)  time: 0.1309  data: 0.0525  max mem: 1904
[17:05:36.400175] Epoch: [9]  [ 960/1004]  eta: 0:00:05  lr: 0.000010  loss: 0.0122 (0.0312)  mae_m_mask: 0.5993 (0.6735)  rmse_m_mask: 0.7979 (0.8569)  normalized_mse_mask: 0.0122 (0.0312)  rmse_m_all: 13.4483 (12.6548)  actual_mask_ratio: 0.0699 (0.0698)  actual_prediction_mask_ratio: 0.2221 (0.2247)  ignored_patch_ratio: 0.0289 (0.0246)  time: 0.1020  data: 0.0001  max mem: 1904
[17:05:38.721735] Epoch: [9]  [ 980/1004]  eta: 0:00:02  lr: 0.000010  loss: 0.0062 (0.0313)  mae_m_mask: 0.6343 (0.6728)  rmse_m_mask: 0.7863 (0.8562)  normalized_mse_mask: 0.0062 (0.0313)  rmse_m_all: 13.7513 (12.6635)  actual_mask_ratio: 0.0710 (0.0698)  actual_prediction_mask_ratio: 0.2229 (0.2247)  ignored_patch_ratio: 0.0255 (0.0246)  time: 0.1160  data: 0.0001  max mem: 1904
[17:05:41.061865] Epoch: [9]  [1000/1004]  eta: 0:00:00  lr: 0.000010  loss: 0.0146 (0.0317)  mae_m_mask: 0.5096 (0.6712)  rmse_m_mask: 0.6535 (0.8544)  normalized_mse_mask: 0.0146 (0.0317)  rmse_m_all: 11.8681 (12.6371)  actual_mask_ratio: 0.0682 (0.0699)  actual_prediction_mask_ratio: 0.2309 (0.2248)  ignored_patch_ratio: 0.0215 (0.0245)  time: 0.1170  data: 0.0001  max mem: 1904
[17:05:41.411771] Epoch: [9]  [1003/1004]  eta: 0:00:00  lr: 0.000010  loss: 0.0097 (0.0318)  mae_m_mask: 0.5365 (0.6713)  rmse_m_mask: 0.6774 (0.8547)  normalized_mse_mask: 0.0097 (0.0318)  rmse_m_all: 11.8681 (12.6379)  actual_mask_ratio: 0.0682 (0.0699)  actual_prediction_mask_ratio: 0.2309 (0.2248)  ignored_patch_ratio: 0.0215 (0.0245)  time: 0.1163  data: 0.0001  max mem: 1904
[17:05:41.440601] Epoch: [9] Total time: 0:01:54 (0.1141 s / it)
[17:05:41.440951] Averaged stats: {'lr': 9.847619530279118e-06, 'loss': 0.031200079165228437, 'mae_m_mask': 0.6718251076617954, 'rmse_m_mask': 0.9132126875794736, 'normalized_mse_mask': 0.031200079165228437, 'rmse_m_all': 12.637874090457817, 'actual_mask_ratio': 0.06985087104260447, 'actual_prediction_mask_ratio': 0.22477045619630243, 'ignored_patch_ratio': 0.024530549863895097, 'supervised_pixel_count': 19824973.0}
[17:05:41.614793] Val: [9]  [  0/288]  eta: 0:00:49  loss: 0.0235 (0.0235)  mae_m_mask: 0.3590 (0.3590)  rmse_m_mask: 0.4802 (0.4802)  normalized_mse_mask: 0.0235 (0.0235)  rmse_m_all: 5.6543 (5.6543)  actual_mask_ratio: 0.0607 (0.0607)  actual_prediction_mask_ratio: 0.2001 (0.2001)  ignored_patch_ratio: 0.0000 (0.0000)  time: 0.1712  data: 0.0771  max mem: 1904
[17:05:46.355234] Val: [9]  [ 50/288]  eta: 0:00:22  loss: 0.0424 (0.0869)  mae_m_mask: 0.2899 (0.3115)  rmse_m_mask: 0.3719 (0.3763)  normalized_mse_mask: 0.0424 (0.0869)  rmse_m_all: 1.0414 (3.7298)  actual_mask_ratio: 0.0663 (0.0715)  actual_prediction_mask_ratio: 0.2336 (0.2372)  ignored_patch_ratio: 0.0000 (0.0000)  time: 0.0938  data: 0.0001  max mem: 1904
[17:05:50.992532] Val: [9]  [100/288]  eta: 0:00:17  loss: 0.1549 (0.1398)  mae_m_mask: 0.3016 (0.3537)  rmse_m_mask: 0.3556 (0.4288)  normalized_mse_mask: 0.1549 (0.1398)  rmse_m_all: 0.7141 (3.2761)  actual_mask_ratio: 0.0714 (0.0723)  actual_prediction_mask_ratio: 0.2239 (0.2366)  ignored_patch_ratio: 0.0000 (0.0000)  time: 0.0908  data: 0.0001  max mem: 1904
[17:05:55.680500] Val: [9]  [150/288]  eta: 0:00:13  loss: 0.0193 (0.1426)  mae_m_mask: 0.3116 (0.3561)  rmse_m_mask: 0.3832 (0.4282)  normalized_mse_mask: 0.0193 (0.1426)  rmse_m_all: 2.3046 (2.8924)  actual_mask_ratio: 0.0743 (0.0723)  actual_prediction_mask_ratio: 0.2443 (0.2367)  ignored_patch_ratio: 0.0000 (0.0000)  time: 0.0920  data: 0.0001  max mem: 1904
[17:06:00.231670] Val: [9]  [200/288]  eta: 0:00:08  loss: 0.2836 (0.1879)  mae_m_mask: 0.2555 (0.3633)  rmse_m_mask: 0.3141 (0.4417)  normalized_mse_mask: 0.2836 (0.1879)  rmse_m_all: 0.4286 (2.4675)  actual_mask_ratio: 0.0743 (0.0732)  actual_prediction_mask_ratio: 0.2545 (0.2410)  ignored_patch_ratio: 0.0000 (0.0000)  time: 0.0889  data: 0.0001  max mem: 1904
[17:06:04.562290] Val: [9]  [250/288]  eta: 0:00:03  loss: 0.0380 (0.1693)  mae_m_mask: 0.2740 (0.3487)  rmse_m_mask: 0.3234 (0.4238)  normalized_mse_mask: 0.0380 (0.1693)  rmse_m_all: 1.2811 (2.3899)  actual_mask_ratio: 0.0822 (0.0748)  actual_prediction_mask_ratio: 0.2591 (0.2448)  ignored_patch_ratio: 0.0000 (0.0000)  time: 0.0858  data: 0.0001  max mem: 1904
[17:06:07.735172] Val: [9]  [287/288]  eta: 0:00:00  loss: 0.0204 (0.1550)  mae_m_mask: 0.2671 (0.3401)  rmse_m_mask: 0.3287 (0.4143)  normalized_mse_mask: 0.0204 (0.1550)  rmse_m_all: 1.0583 (2.5440)  actual_mask_ratio: 0.0760 (0.0749)  actual_prediction_mask_ratio: 0.2523 (0.2453)  ignored_patch_ratio: 0.0000 (0.0000)  time: 0.0858  data: 0.0001  max mem: 1904
[17:06:07.757369] Val: [9] Total time: 0:00:26 (0.0914 s / it)
[17:06:07.760888] val stats: {'loss': 0.14625328594325535, 'mae_m_mask': 0.3400776556050347, 'rmse_m_mask': 0.46445921375097043, 'normalized_mse_mask': 0.14625328594325535, 'rmse_m_all': 2.544014313361711, 'actual_mask_ratio': 0.07494737871456891, 'actual_prediction_mask_ratio': 0.24532247381284833, 'ignored_patch_ratio': 0.0, 'supervised_pixel_count': 5936124.0}
[17:06:11.683369] log_dir: /tank/data/SFS/xinyis/data/bathymetry/MAE-Topography/Downstream_Task_Bathy/cross_validation_v5_Stage2NormMSE_MeterSelect/runs/holdout_CO_D004Stage2NormMSE_MeterSelect_D001NoDataSafe/train_stage2_normMSE_meterSelect_CO_UpperColorado_Topobathy_1_2020_fromStage1Best_e120_lr1e-5_b4_acc4/tb
[17:06:11.880341] Epoch: [10]  [   0/1004]  eta: 0:03:17  lr: 0.000010  loss: 0.0025 (0.0025)  mae_m_mask: 0.5132 (0.5132)  rmse_m_mask: 0.6610 (0.6610)  normalized_mse_mask: 0.0025 (0.0025)  rmse_m_all: 11.8881 (11.8881)  actual_mask_ratio: 0.0713 (0.0713)  actual_prediction_mask_ratio: 0.2514 (0.2514)  ignored_patch_ratio: 0.0147 (0.0147)  time: 0.1964  data: 0.0869  max mem: 1904
[17:06:14.129309] Epoch: [10]  [  20/1004]  eta: 0:01:54  lr: 0.000010  loss: 0.0032 (0.0319)  mae_m_mask: 0.6749 (0.7279)  rmse_m_mask: 0.8165 (0.9419)  normalized_mse_mask: 0.0032 (0.0319)  rmse_m_all: 12.6086 (13.2351)  actual_mask_ratio: 0.0684 (0.0692)  actual_prediction_mask_ratio: 0.2198 (0.2238)  ignored_patch_ratio: 0.0227 (0.0234)  time: 0.1124  data: 0.0001  max mem: 1904
[17:06:16.162768] Epoch: [10]  [  40/1004]  eta: 0:01:45  lr: 0.000010  loss: 0.0083 (0.0331)  mae_m_mask: 0.7078 (0.7332)  rmse_m_mask: 0.8825 (0.9507)  normalized_mse_mask: 0.0083 (0.0331)  rmse_m_all: 13.4070 (12.8019)  actual_mask_ratio: 0.0684 (0.0693)  actual_prediction_mask_ratio: 0.2242 (0.2255)  ignored_patch_ratio: 0.0238 (0.0240)  time: 0.1016  data: 0.0001  max mem: 1904
[17:06:18.989759] Epoch: [10]  [  60/1004]  eta: 0:01:53  lr: 0.000010  loss: 0.0046 (0.0338)  mae_m_mask: 0.5449 (0.7032)  rmse_m_mask: 0.7510 (0.9102)  normalized_mse_mask: 0.0046 (0.0338)  rmse_m_all: 12.4805 (12.5657)  actual_mask_ratio: 0.0708 (0.0703)  actual_prediction_mask_ratio: 0.2285 (0.2276)  ignored_patch_ratio: 0.0317 (0.0258)  time: 0.1413  data: 0.0520  max mem: 1904
[17:06:20.886870] Epoch: [10]  [  80/1004]  eta: 0:01:44  lr: 0.000010  loss: 0.0064 (0.0318)  mae_m_mask: 0.6320 (0.6918)  rmse_m_mask: 0.8486 (0.8939)  normalized_mse_mask: 0.0064 (0.0318)  rmse_m_all: 12.1620 (12.8336)  actual_mask_ratio: 0.0697 (0.0702)  actual_prediction_mask_ratio: 0.2239 (0.2270)  ignored_patch_ratio: 0.0244 (0.0260)  time: 0.0948  data: 0.0001  max mem: 1904
[17:06:23.210715] Epoch: [10]  [ 100/1004]  eta: 0:01:43  lr: 0.000010  loss: 0.0063 (0.0341)  mae_m_mask: 0.6901 (0.7019)  rmse_m_mask: 0.8601 (0.8988)  normalized_mse_mask: 0.0063 (0.0341)  rmse_m_all: 12.7466 (12.6916)  actual_mask_ratio: 0.0691 (0.0701)  actual_prediction_mask_ratio: 0.2219 (0.2263)  ignored_patch_ratio: 0.0198 (0.0261)  time: 0.1161  data: 0.0001  max mem: 1904
[17:06:25.527983] Epoch: [10]  [ 120/1004]  eta: 0:01:41  lr: 0.000010  loss: 0.0142 (0.0342)  mae_m_mask: 0.6679 (0.7088)  rmse_m_mask: 0.8733 (0.9126)  normalized_mse_mask: 0.0142 (0.0342)  rmse_m_all: 12.5586 (12.6698)  actual_mask_ratio: 0.0711 (0.0702)  actual_prediction_mask_ratio: 0.2287 (0.2266)  ignored_patch_ratio: 0.0244 (0.0256)  time: 0.1158  data: 0.0001  max mem: 1904
[17:06:27.848530] Epoch: [10]  [ 140/1004]  eta: 0:01:39  lr: 0.000010  loss: 0.0019 (0.0304)  mae_m_mask: 0.6715 (0.7104)  rmse_m_mask: 0.8293 (0.9076)  normalized_mse_mask: 0.0019 (0.0304)  rmse_m_all: 14.0912 (12.9309)  actual_mask_ratio: 0.0698 (0.0704)  actual_prediction_mask_ratio: 0.2231 (0.2269)  ignored_patch_ratio: 0.0283 (0.0261)  time: 0.1160  data: 0.0001  max mem: 1904
[17:06:30.163010] Epoch: [10]  [ 160/1004]  eta: 0:01:36  lr: 0.000010  loss: 0.0065 (0.0336)  mae_m_mask: 0.5394 (0.6964)  rmse_m_mask: 0.6973 (0.8891)  normalized_mse_mask: 0.0065 (0.0336)  rmse_m_all: 12.3556 (12.9970)  actual_mask_ratio: 0.0716 (0.0705)  actual_prediction_mask_ratio: 0.2279 (0.2271)  ignored_patch_ratio: 0.0232 (0.0257)  time: 0.1157  data: 0.0001  max mem: 1904
[17:06:32.498574] Epoch: [10]  [ 180/1004]  eta: 0:01:34  lr: 0.000010  loss: 0.0046 (0.0349)  mae_m_mask: 0.4986 (0.6894)  rmse_m_mask: 0.6882 (0.8804)  normalized_mse_mask: 0.0046 (0.0349)  rmse_m_all: 11.2106 (12.8029)  actual_mask_ratio: 0.0702 (0.0704)  actual_prediction_mask_ratio: 0.2279 (0.2264)  ignored_patch_ratio: 0.0142 (0.0248)  time: 0.1167  data: 0.0001  max mem: 1904
[17:06:34.827961] Epoch: [10]  [ 200/1004]  eta: 0:01:32  lr: 0.000010  loss: 0.0069 (0.0342)  mae_m_mask: 0.6802 (0.6925)  rmse_m_mask: 0.9206 (0.8835)  normalized_mse_mask: 0.0069 (0.0342)  rmse_m_all: 10.3577 (12.6413)  actual_mask_ratio: 0.0692 (0.0703)  actual_prediction_mask_ratio: 0.2228 (0.2259)  ignored_patch_ratio: 0.0221 (0.0242)  time: 0.1164  data: 0.0001  max mem: 1904
[17:06:37.164378] Epoch: [10]  [ 220/1004]  eta: 0:01:30  lr: 0.000010  loss: 0.0026 (0.0354)  mae_m_mask: 0.6668 (0.6954)  rmse_m_mask: 0.7948 (0.8851)  normalized_mse_mask: 0.0026 (0.0354)  rmse_m_all: 13.2939 (12.7557)  actual_mask_ratio: 0.0683 (0.0700)  actual_prediction_mask_ratio: 0.2169 (0.2250)  ignored_patch_ratio: 0.0249 (0.0248)  time: 0.1168  data: 0.0001  max mem: 1904
[17:06:39.483034] Epoch: [10]  [ 240/1004]  eta: 0:01:28  lr: 0.000010  loss: 0.0035 (0.0338)  mae_m_mask: 0.6221 (0.6912)  rmse_m_mask: 0.7357 (0.8770)  normalized_mse_mask: 0.0035 (0.0338)  rmse_m_all: 14.1185 (12.8333)  actual_mask_ratio: 0.0669 (0.0698)  actual_prediction_mask_ratio: 0.2136 (0.2242)  ignored_patch_ratio: 0.0306 (0.0256)  time: 0.1159  data: 0.0001  max mem: 1904
[17:06:41.816953] Epoch: [10]  [ 260/1004]  eta: 0:01:25  lr: 0.000010  loss: 0.0067 (0.0341)  mae_m_mask: 0.6321 (0.6850)  rmse_m_mask: 0.7433 (0.8692)  normalized_mse_mask: 0.0067 (0.0341)  rmse_m_all: 11.8971 (12.7457)  actual_mask_ratio: 0.0724 (0.0699)  actual_prediction_mask_ratio: 0.2341 (0.2247)  ignored_patch_ratio: 0.0198 (0.0253)  time: 0.1167  data: 0.0001  max mem: 1904
[17:06:44.153256] Epoch: [10]  [ 280/1004]  eta: 0:01:23  lr: 0.000010  loss: 0.0045 (0.0362)  mae_m_mask: 0.6021 (0.6800)  rmse_m_mask: 0.7365 (0.8656)  normalized_mse_mask: 0.0045 (0.0362)  rmse_m_all: 12.1825 (12.6783)  actual_mask_ratio: 0.0695 (0.0699)  actual_prediction_mask_ratio: 0.2260 (0.2247)  ignored_patch_ratio: 0.0238 (0.0252)  time: 0.1168  data: 0.0001  max mem: 1904
[17:06:46.460313] Epoch: [10]  [ 300/1004]  eta: 0:01:21  lr: 0.000010  loss: 0.0035 (0.0346)  mae_m_mask: 0.5755 (0.6741)  rmse_m_mask: 0.6931 (0.8580)  normalized_mse_mask: 0.0035 (0.0346)  rmse_m_all: 12.2498 (12.6471)  actual_mask_ratio: 0.0672 (0.0696)  actual_prediction_mask_ratio: 0.2118 (0.2241)  ignored_patch_ratio: 0.0204 (0.0256)  time: 0.1153  data: 0.0001  max mem: 1904
[17:06:48.748422] Epoch: [10]  [ 320/1004]  eta: 0:01:18  lr: 0.000010  loss: 0.0063 (0.0338)  mae_m_mask: 0.6545 (0.6756)  rmse_m_mask: 0.7985 (0.8588)  normalized_mse_mask: 0.0063 (0.0338)  rmse_m_all: 12.6398 (12.6302)  actual_mask_ratio: 0.0724 (0.0698)  actual_prediction_mask_ratio: 0.2324 (0.2245)  ignored_patch_ratio: 0.0204 (0.0255)  time: 0.1144  data: 0.0001  max mem: 1904
[17:06:51.059018] Epoch: [10]  [ 340/1004]  eta: 0:01:16  lr: 0.000010  loss: 0.0047 (0.0332)  mae_m_mask: 0.5940 (0.6753)  rmse_m_mask: 0.7781 (0.8582)  normalized_mse_mask: 0.0047 (0.0332)  rmse_m_all: 12.2599 (12.6350)  actual_mask_ratio: 0.0692 (0.0699)  actual_prediction_mask_ratio: 0.2238 (0.2246)  ignored_patch_ratio: 0.0238 (0.0255)  time: 0.1155  data: 0.0001  max mem: 1904
[17:06:53.393784] Epoch: [10]  [ 360/1004]  eta: 0:01:14  lr: 0.000010  loss: 0.0012 (0.0319)  mae_m_mask: 0.5554 (0.6731)  rmse_m_mask: 0.6960 (0.8558)  normalized_mse_mask: 0.0012 (0.0319)  rmse_m_all: 14.3774 (12.7135)  actual_mask_ratio: 0.0695 (0.0699)  actual_prediction_mask_ratio: 0.2286 (0.2248)  ignored_patch_ratio: 0.0306 (0.0259)  time: 0.1167  data: 0.0001  max mem: 1904
[17:06:55.730940] Epoch: [10]  [ 380/1004]  eta: 0:01:12  lr: 0.000010  loss: 0.0023 (0.0310)  mae_m_mask: 0.4928 (0.6672)  rmse_m_mask: 0.7166 (0.8493)  normalized_mse_mask: 0.0023 (0.0310)  rmse_m_all: 13.6985 (12.7519)  actual_mask_ratio: 0.0671 (0.0698)  actual_prediction_mask_ratio: 0.2139 (0.2243)  ignored_patch_ratio: 0.0164 (0.0258)  time: 0.1168  data: 0.0001  max mem: 1904
[17:06:58.045133] Epoch: [10]  [ 400/1004]  eta: 0:01:09  lr: 0.000010  loss: 0.0028 (0.0304)  mae_m_mask: 0.6695 (0.6705)  rmse_m_mask: 0.8730 (0.8533)  normalized_mse_mask: 0.0028 (0.0304)  rmse_m_all: 11.7593 (12.7474)  actual_mask_ratio: 0.0676 (0.0697)  actual_prediction_mask_ratio: 0.2167 (0.2240)  ignored_patch_ratio: 0.0136 (0.0255)  time: 0.1157  data: 0.0001  max mem: 1904
[17:07:00.335045] Epoch: [10]  [ 420/1004]  eta: 0:01:07  lr: 0.000010  loss: 0.0045 (0.0304)  mae_m_mask: 0.6321 (0.6712)  rmse_m_mask: 0.7579 (0.8514)  normalized_mse_mask: 0.0045 (0.0304)  rmse_m_all: 11.2049 (12.7162)  actual_mask_ratio: 0.0714 (0.0698)  actual_prediction_mask_ratio: 0.2298 (0.2243)  ignored_patch_ratio: 0.0227 (0.0255)  time: 0.1144  data: 0.0001  max mem: 1904
[17:07:02.522271] Epoch: [10]  [ 440/1004]  eta: 0:01:04  lr: 0.000010  loss: 0.0082 (0.0303)  mae_m_mask: 0.5132 (0.6663)  rmse_m_mask: 0.6456 (0.8462)  normalized_mse_mask: 0.0082 (0.0303)  rmse_m_all: 11.9026 (12.6663)  actual_mask_ratio: 0.0697 (0.0698)  actual_prediction_mask_ratio: 0.2309 (0.2245)  ignored_patch_ratio: 0.0153 (0.0254)  time: 0.1093  data: 0.0001  max mem: 1904
[17:07:04.779722] Epoch: [10]  [ 460/1004]  eta: 0:01:02  lr: 0.000010  loss: 0.0032 (0.0302)  mae_m_mask: 0.6289 (0.6662)  rmse_m_mask: 0.8325 (0.8472)  normalized_mse_mask: 0.0032 (0.0302)  rmse_m_all: 12.3785 (12.7075)  actual_mask_ratio: 0.0703 (0.0698)  actual_prediction_mask_ratio: 0.2265 (0.2246)  ignored_patch_ratio: 0.0210 (0.0253)  time: 0.1128  data: 0.0001  max mem: 1904
[17:07:07.027207] Epoch: [10]  [ 480/1004]  eta: 0:01:00  lr: 0.000010  loss: 0.0019 (0.0298)  mae_m_mask: 0.5139 (0.6655)  rmse_m_mask: 0.7185 (0.8472)  normalized_mse_mask: 0.0019 (0.0298)  rmse_m_all: 12.4477 (12.7166)  actual_mask_ratio: 0.0704 (0.0699)  actual_prediction_mask_ratio: 0.2317 (0.2248)  ignored_patch_ratio: 0.0147 (0.0250)  time: 0.1123  data: 0.0001  max mem: 1904
[17:07:09.291223] Epoch: [10]  [ 500/1004]  eta: 0:00:57  lr: 0.000010  loss: 0.0202 (0.0297)  mae_m_mask: 0.6436 (0.6675)  rmse_m_mask: 0.8441 (0.8487)  normalized_mse_mask: 0.0202 (0.0297)  rmse_m_all: 12.6197 (12.6915)  actual_mask_ratio: 0.0695 (0.0698)  actual_prediction_mask_ratio: 0.2288 (0.2248)  ignored_patch_ratio: 0.0232 (0.0251)  time: 0.1132  data: 0.0001  max mem: 1904
[17:07:11.538711] Epoch: [10]  [ 520/1004]  eta: 0:00:55  lr: 0.000010  loss: 0.0101 (0.0292)  mae_m_mask: 0.6150 (0.6680)  rmse_m_mask: 0.8806 (0.8511)  normalized_mse_mask: 0.0101 (0.0292)  rmse_m_all: 11.9099 (12.6782)  actual_mask_ratio: 0.0716 (0.0699)  actual_prediction_mask_ratio: 0.2300 (0.2251)  ignored_patch_ratio: 0.0227 (0.0251)  time: 0.1123  data: 0.0001  max mem: 1904
[17:07:13.790575] Epoch: [10]  [ 540/1004]  eta: 0:00:53  lr: 0.000010  loss: 0.0028 (0.0289)  mae_m_mask: 0.7395 (0.6704)  rmse_m_mask: 0.9646 (0.8542)  normalized_mse_mask: 0.0028 (0.0289)  rmse_m_all: 12.7046 (12.6954)  actual_mask_ratio: 0.0709 (0.0698)  actual_prediction_mask_ratio: 0.2248 (0.2251)  ignored_patch_ratio: 0.0278 (0.0252)  time: 0.1125  data: 0.0001  max mem: 1904
[17:07:16.044640] Epoch: [10]  [ 560/1004]  eta: 0:00:50  lr: 0.000010  loss: 0.0076 (0.0289)  mae_m_mask: 0.4824 (0.6667)  rmse_m_mask: 0.6796 (0.8508)  normalized_mse_mask: 0.0076 (0.0289)  rmse_m_all: 11.2612 (12.6327)  actual_mask_ratio: 0.0716 (0.0699)  actual_prediction_mask_ratio: 0.2305 (0.2253)  ignored_patch_ratio: 0.0170 (0.0251)  time: 0.1127  data: 0.0001  max mem: 1904
[17:07:18.416114] Epoch: [10]  [ 580/1004]  eta: 0:00:48  lr: 0.000010  loss: 0.0057 (0.0283)  mae_m_mask: 0.6262 (0.6673)  rmse_m_mask: 0.7688 (0.8514)  normalized_mse_mask: 0.0057 (0.0283)  rmse_m_all: 13.1814 (12.6313)  actual_mask_ratio: 0.0671 (0.0698)  actual_prediction_mask_ratio: 0.2188 (0.2249)  ignored_patch_ratio: 0.0312 (0.0252)  time: 0.1185  data: 0.0083  max mem: 1904
[17:07:20.687347] Epoch: [10]  [ 600/1004]  eta: 0:00:46  lr: 0.000010  loss: 0.0062 (0.0286)  mae_m_mask: 0.6778 (0.6685)  rmse_m_mask: 0.8668 (0.8539)  normalized_mse_mask: 0.0062 (0.0286)  rmse_m_all: 11.4891 (12.6055)  actual_mask_ratio: 0.0692 (0.0698)  actual_prediction_mask_ratio: 0.2230 (0.2248)  ignored_patch_ratio: 0.0244 (0.0253)  time: 0.1135  data: 0.0001  max mem: 1904
[17:07:22.974665] Epoch: [10]  [ 620/1004]  eta: 0:00:44  lr: 0.000010  loss: 0.0038 (0.0282)  mae_m_mask: 0.4914 (0.6655)  rmse_m_mask: 0.6378 (0.8501)  normalized_mse_mask: 0.0038 (0.0282)  rmse_m_all: 14.6847 (12.6408)  actual_mask_ratio: 0.0686 (0.0697)  actual_prediction_mask_ratio: 0.2216 (0.2247)  ignored_patch_ratio: 0.0221 (0.0254)  time: 0.1143  data: 0.0001  max mem: 1904
[17:07:25.259157] Epoch: [10]  [ 640/1004]  eta: 0:00:41  lr: 0.000010  loss: 0.0054 (0.0288)  mae_m_mask: 0.4939 (0.6652)  rmse_m_mask: 0.6473 (0.8491)  normalized_mse_mask: 0.0054 (0.0288)  rmse_m_all: 13.0841 (12.6577)  actual_mask_ratio: 0.0678 (0.0697)  actual_prediction_mask_ratio: 0.2264 (0.2246)  ignored_patch_ratio: 0.0329 (0.0254)  time: 0.1142  data: 0.0001  max mem: 1904
[17:07:27.497133] Epoch: [10]  [ 660/1004]  eta: 0:00:39  lr: 0.000010  loss: 0.0056 (0.0291)  mae_m_mask: 0.6967 (0.6682)  rmse_m_mask: 0.8113 (0.8531)  normalized_mse_mask: 0.0056 (0.0291)  rmse_m_all: 13.0431 (12.6659)  actual_mask_ratio: 0.0686 (0.0697)  actual_prediction_mask_ratio: 0.2258 (0.2247)  ignored_patch_ratio: 0.0198 (0.0253)  time: 0.1119  data: 0.0001  max mem: 1904
[17:07:29.760532] Epoch: [10]  [ 680/1004]  eta: 0:00:37  lr: 0.000010  loss: 0.0052 (0.0291)  mae_m_mask: 0.7784 (0.6723)  rmse_m_mask: 0.9835 (0.8578)  normalized_mse_mask: 0.0052 (0.0291)  rmse_m_all: 14.1674 (12.6788)  actual_mask_ratio: 0.0697 (0.0698)  actual_prediction_mask_ratio: 0.2268 (0.2247)  ignored_patch_ratio: 0.0215 (0.0252)  time: 0.1131  data: 0.0001  max mem: 1904
[17:07:32.031189] Epoch: [10]  [ 700/1004]  eta: 0:00:34  lr: 0.000010  loss: 0.0036 (0.0291)  mae_m_mask: 0.7040 (0.6730)  rmse_m_mask: 0.8142 (0.8587)  normalized_mse_mask: 0.0036 (0.0291)  rmse_m_all: 11.5126 (12.6925)  actual_mask_ratio: 0.0672 (0.0697)  actual_prediction_mask_ratio: 0.2163 (0.2245)  ignored_patch_ratio: 0.0147 (0.0250)  time: 0.1135  data: 0.0001  max mem: 1904
[17:07:34.302885] Epoch: [10]  [ 720/1004]  eta: 0:00:32  lr: 0.000010  loss: 0.0099 (0.0295)  mae_m_mask: 0.5411 (0.6710)  rmse_m_mask: 0.6709 (0.8564)  normalized_mse_mask: 0.0099 (0.0295)  rmse_m_all: 10.8231 (12.6471)  actual_mask_ratio: 0.0701 (0.0697)  actual_prediction_mask_ratio: 0.2244 (0.2246)  ignored_patch_ratio: 0.0221 (0.0250)  time: 0.1135  data: 0.0001  max mem: 1904
[17:07:36.569611] Epoch: [10]  [ 740/1004]  eta: 0:00:30  lr: 0.000010  loss: 0.0132 (0.0297)  mae_m_mask: 0.5593 (0.6681)  rmse_m_mask: 0.7022 (0.8533)  normalized_mse_mask: 0.0132 (0.0297)  rmse_m_all: 13.1712 (12.6212)  actual_mask_ratio: 0.0705 (0.0697)  actual_prediction_mask_ratio: 0.2217 (0.2245)  ignored_patch_ratio: 0.0255 (0.0250)  time: 0.1133  data: 0.0001  max mem: 1904
[17:07:38.841248] Epoch: [10]  [ 760/1004]  eta: 0:00:27  lr: 0.000010  loss: 0.0057 (0.0293)  mae_m_mask: 0.7895 (0.6735)  rmse_m_mask: 1.0063 (0.8595)  normalized_mse_mask: 0.0057 (0.0293)  rmse_m_all: 12.4454 (12.6258)  actual_mask_ratio: 0.0698 (0.0697)  actual_prediction_mask_ratio: 0.2298 (0.2245)  ignored_patch_ratio: 0.0232 (0.0249)  time: 0.1135  data: 0.0001  max mem: 1904
[17:07:41.107731] Epoch: [10]  [ 780/1004]  eta: 0:00:25  lr: 0.000010  loss: 0.0066 (0.0295)  mae_m_mask: 0.6489 (0.6732)  rmse_m_mask: 0.7712 (0.8583)  normalized_mse_mask: 0.0066 (0.0295)  rmse_m_all: 12.1425 (12.6084)  actual_mask_ratio: 0.0670 (0.0697)  actual_prediction_mask_ratio: 0.2154 (0.2244)  ignored_patch_ratio: 0.0198 (0.0248)  time: 0.1133  data: 0.0001  max mem: 1904
[17:07:43.370371] Epoch: [10]  [ 800/1004]  eta: 0:00:23  lr: 0.000010  loss: 0.0033 (0.0294)  mae_m_mask: 0.6678 (0.6744)  rmse_m_mask: 0.8263 (0.8606)  normalized_mse_mask: 0.0033 (0.0294)  rmse_m_all: 14.2515 (12.6332)  actual_mask_ratio: 0.0723 (0.0697)  actual_prediction_mask_ratio: 0.2293 (0.2245)  ignored_patch_ratio: 0.0204 (0.0248)  time: 0.1131  data: 0.0001  max mem: 1904
[17:07:45.613865] Epoch: [10]  [ 820/1004]  eta: 0:00:21  lr: 0.000010  loss: 0.0021 (0.0293)  mae_m_mask: 0.6375 (0.6766)  rmse_m_mask: 0.7723 (0.8635)  normalized_mse_mask: 0.0021 (0.0293)  rmse_m_all: 14.0740 (12.6758)  actual_mask_ratio: 0.0709 (0.0698)  actual_prediction_mask_ratio: 0.2296 (0.2247)  ignored_patch_ratio: 0.0255 (0.0248)  time: 0.1121  data: 0.0001  max mem: 1904
[17:07:47.846742] Epoch: [10]  [ 840/1004]  eta: 0:00:18  lr: 0.000010  loss: 0.0030 (0.0290)  mae_m_mask: 0.7126 (0.6776)  rmse_m_mask: 0.8425 (0.8643)  normalized_mse_mask: 0.0030 (0.0290)  rmse_m_all: 13.4242 (12.6935)  actual_mask_ratio: 0.0699 (0.0698)  actual_prediction_mask_ratio: 0.2288 (0.2248)  ignored_patch_ratio: 0.0176 (0.0248)  time: 0.1116  data: 0.0001  max mem: 1904
[17:07:49.795432] Epoch: [10]  [ 860/1004]  eta: 0:00:16  lr: 0.000010  loss: 0.0046 (0.0287)  mae_m_mask: 0.6737 (0.6797)  rmse_m_mask: 0.8629 (0.8666)  normalized_mse_mask: 0.0046 (0.0287)  rmse_m_all: 13.2223 (12.7257)  actual_mask_ratio: 0.0699 (0.0698)  actual_prediction_mask_ratio: 0.2224 (0.2246)  ignored_patch_ratio: 0.0170 (0.0248)  time: 0.0974  data: 0.0188  max mem: 1904
[17:07:52.246433] Epoch: [10]  [ 880/1004]  eta: 0:00:14  lr: 0.000010  loss: 0.0103 (0.0288)  mae_m_mask: 0.5114 (0.6773)  rmse_m_mask: 0.6591 (0.8633)  normalized_mse_mask: 0.0103 (0.0288)  rmse_m_all: 11.3778 (12.7151)  actual_mask_ratio: 0.0691 (0.0698)  actual_prediction_mask_ratio: 0.2231 (0.2246)  ignored_patch_ratio: 0.0283 (0.0248)  time: 0.1225  data: 0.0334  max mem: 1904
[17:07:54.551186] Epoch: [10]  [ 900/1004]  eta: 0:00:11  lr: 0.000010  loss: 0.0049 (0.0287)  mae_m_mask: 0.5533 (0.6760)  rmse_m_mask: 0.7500 (0.8611)  normalized_mse_mask: 0.0049 (0.0287)  rmse_m_all: 12.4751 (12.7260)  actual_mask_ratio: 0.0684 (0.0698)  actual_prediction_mask_ratio: 0.2271 (0.2246)  ignored_patch_ratio: 0.0193 (0.0248)  time: 0.1152  data: 0.0001  max mem: 1904
[17:07:56.867415] Epoch: [10]  [ 920/1004]  eta: 0:00:09  lr: 0.000010  loss: 0.0220 (0.0297)  mae_m_mask: 0.6090 (0.6754)  rmse_m_mask: 0.8107 (0.8604)  normalized_mse_mask: 0.0220 (0.0297)  rmse_m_all: 11.9552 (12.7049)  actual_mask_ratio: 0.0666 (0.0697)  actual_prediction_mask_ratio: 0.2197 (0.2245)  ignored_patch_ratio: 0.0170 (0.0247)  time: 0.1158  data: 0.0001  max mem: 1904
[17:07:59.181373] Epoch: [10]  [ 940/1004]  eta: 0:00:07  lr: 0.000010  loss: 0.0040 (0.0299)  mae_m_mask: 0.6880 (0.6756)  rmse_m_mask: 0.8633 (0.8606)  normalized_mse_mask: 0.0040 (0.0299)  rmse_m_all: 13.7421 (12.7082)  actual_mask_ratio: 0.0707 (0.0697)  actual_prediction_mask_ratio: 0.2261 (0.2246)  ignored_patch_ratio: 0.0187 (0.0246)  time: 0.1157  data: 0.0001  max mem: 1904
[17:08:01.528316] Epoch: [10]  [ 960/1004]  eta: 0:00:05  lr: 0.000010  loss: 0.0065 (0.0305)  mae_m_mask: 0.6303 (0.6757)  rmse_m_mask: 0.8063 (0.8609)  normalized_mse_mask: 0.0065 (0.0305)  rmse_m_all: 10.1954 (12.6788)  actual_mask_ratio: 0.0718 (0.0698)  actual_prediction_mask_ratio: 0.2297 (0.2246)  ignored_patch_ratio: 0.0147 (0.0245)  time: 0.1173  data: 0.0001  max mem: 1904
[17:08:03.843125] Epoch: [10]  [ 980/1004]  eta: 0:00:02  lr: 0.000010  loss: 0.0039 (0.0305)  mae_m_mask: 0.5331 (0.6747)  rmse_m_mask: 0.7666 (0.8605)  normalized_mse_mask: 0.0039 (0.0305)  rmse_m_all: 12.7625 (12.6789)  actual_mask_ratio: 0.0731 (0.0698)  actual_prediction_mask_ratio: 0.2306 (0.2247)  ignored_patch_ratio: 0.0249 (0.0246)  time: 0.1157  data: 0.0001  max mem: 1904
[17:08:06.162122] Epoch: [10]  [1000/1004]  eta: 0:00:00  lr: 0.000010  loss: 0.0096 (0.0303)  mae_m_mask: 0.6394 (0.6751)  rmse_m_mask: 0.7797 (0.8607)  normalized_mse_mask: 0.0096 (0.0303)  rmse_m_all: 11.1320 (12.6702)  actual_mask_ratio: 0.0706 (0.0698)  actual_prediction_mask_ratio: 0.2305 (0.2248)  ignored_patch_ratio: 0.0187 (0.0245)  time: 0.1159  data: 0.0001  max mem: 1904
[17:08:06.507804] Epoch: [10]  [1003/1004]  eta: 0:00:00  lr: 0.000010  loss: 0.0089 (0.0302)  mae_m_mask: 0.6394 (0.6751)  rmse_m_mask: 0.7797 (0.8606)  normalized_mse_mask: 0.0089 (0.0302)  rmse_m_all: 11.7172 (12.6644)  actual_mask_ratio: 0.0706 (0.0699)  actual_prediction_mask_ratio: 0.2305 (0.2248)  ignored_patch_ratio: 0.0170 (0.0245)  time: 0.1157  data: 0.0001  max mem: 1904
[17:08:06.538530] Epoch: [10] Total time: 0:01:54 (0.1144 s / it)
[17:08:06.539771] Averaged stats: {'lr': 9.814087433180622e-06, 'loss': 0.029807826578233207, 'mae_m_mask': 0.672309267800118, 'rmse_m_mask': 0.9122562197772611, 'normalized_mse_mask': 0.029807826578233207, 'rmse_m_all': 12.664373145635384, 'actual_mask_ratio': 0.06985081635430396, 'actual_prediction_mask_ratio': 0.2247710361394037, 'ignored_patch_ratio': 0.024530549923262274, 'supervised_pixel_count': 19824973.0}
[17:08:06.719245] Val: [10]  [  0/288]  eta: 0:00:50  loss: 0.0231 (0.0231)  mae_m_mask: 0.3575 (0.3575)  rmse_m_mask: 0.4819 (0.4819)  normalized_mse_mask: 0.0231 (0.0231)  rmse_m_all: 5.6365 (5.6365)  actual_mask_ratio: 0.0607 (0.0607)  actual_prediction_mask_ratio: 0.2001 (0.2001)  ignored_patch_ratio: 0.0000 (0.0000)  time: 0.1768  data: 0.0943  max mem: 1904
[17:08:11.224041] Val: [10]  [ 50/288]  eta: 0:00:21  loss: 0.0346 (0.0808)  mae_m_mask: 0.2818 (0.3076)  rmse_m_mask: 0.3560 (0.3729)  normalized_mse_mask: 0.0346 (0.0808)  rmse_m_all: 1.0442 (3.7249)  actual_mask_ratio: 0.0663 (0.0715)  actual_prediction_mask_ratio: 0.2336 (0.2372)  ignored_patch_ratio: 0.0000 (0.0000)  time: 0.0910  data: 0.0001  max mem: 1904
[17:08:15.793855] Val: [10]  [100/288]  eta: 0:00:17  loss: 0.1619 (0.1434)  mae_m_mask: 0.2968 (0.3536)  rmse_m_mask: 0.3487 (0.4278)  normalized_mse_mask: 0.1619 (0.1434)  rmse_m_all: 0.7112 (3.2726)  actual_mask_ratio: 0.0714 (0.0723)  actual_prediction_mask_ratio: 0.2239 (0.2366)  ignored_patch_ratio: 0.0000 (0.0000)  time: 0.0915  data: 0.0001  max mem: 1904
[17:08:20.269140] Val: [10]  [150/288]  eta: 0:00:12  loss: 0.0218 (0.1410)  mae_m_mask: 0.3133 (0.3520)  rmse_m_mask: 0.3772 (0.4232)  normalized_mse_mask: 0.0218 (0.1410)  rmse_m_all: 2.2995 (2.8910)  actual_mask_ratio: 0.0743 (0.0723)  actual_prediction_mask_ratio: 0.2443 (0.2367)  ignored_patch_ratio: 0.0000 (0.0000)  time: 0.0892  data: 0.0001  max mem: 1904
[17:08:24.654223] Val: [10]  [200/288]  eta: 0:00:07  loss: 0.2872 (0.1946)  mae_m_mask: 0.2559 (0.3614)  rmse_m_mask: 0.3437 (0.4397)  normalized_mse_mask: 0.2872 (0.1946)  rmse_m_all: 0.4337 (2.4674)  actual_mask_ratio: 0.0743 (0.0732)  actual_prediction_mask_ratio: 0.2545 (0.2410)  ignored_patch_ratio: 0.0000 (0.0000)  time: 0.0855  data: 0.0001  max mem: 1904
[17:08:28.941364] Val: [10]  [250/288]  eta: 0:00:03  loss: 0.0404 (0.1737)  mae_m_mask: 0.2599 (0.3466)  rmse_m_mask: 0.2984 (0.4217)  normalized_mse_mask: 0.0404 (0.1737)  rmse_m_all: 1.2795 (2.3897)  actual_mask_ratio: 0.0822 (0.0748)  actual_prediction_mask_ratio: 0.2591 (0.2448)  ignored_patch_ratio: 0.0000 (0.0000)  time: 0.0868  data: 0.0001  max mem: 1904
[17:08:32.056903] Val: [10]  [287/288]  eta: 0:00:00  loss: 0.0206 (0.1579)  mae_m_mask: 0.2454 (0.3385)  rmse_m_mask: 0.2879 (0.4126)  normalized_mse_mask: 0.0206 (0.1579)  rmse_m_all: 1.0608 (2.5437)  actual_mask_ratio: 0.0760 (0.0749)  actual_prediction_mask_ratio: 0.2523 (0.2453)  ignored_patch_ratio: 0.0000 (0.0000)  time: 0.0830  data: 0.0001  max mem: 1904
[17:08:32.094024] Val: [10] Total time: 0:00:25 (0.0887 s / it)
[17:08:32.095854] val stats: {'loss': 0.149303987530175, 'mae_m_mask': 0.338415956468692, 'rmse_m_mask': 0.46255026447602193, 'normalized_mse_mask': 0.149303987530175, 'rmse_m_all': 2.5436599908603563, 'actual_mask_ratio': 0.07494737871456891, 'actual_prediction_mask_ratio': 0.24532247381284833, 'ignored_patch_ratio': 0.0, 'supervised_pixel_count': 5936124.0}
[17:08:36.485316] log_dir: /tank/data/SFS/xinyis/data/bathymetry/MAE-Topography/Downstream_Task_Bathy/cross_validation_v5_Stage2NormMSE_MeterSelect/runs/holdout_CO_D004Stage2NormMSE_MeterSelect_D001NoDataSafe/train_stage2_normMSE_meterSelect_CO_UpperColorado_Topobathy_1_2020_fromStage1Best_e120_lr1e-5_b4_acc4/tb
[17:08:36.673626] Epoch: [11]  [   0/1004]  eta: 0:03:08  lr: 0.000010  loss: 0.0538 (0.0538)  mae_m_mask: 0.4249 (0.4249)  rmse_m_mask: 0.5709 (0.5709)  normalized_mse_mask: 0.0538 (0.0538)  rmse_m_all: 16.3004 (16.3004)  actual_mask_ratio: 0.0818 (0.0818)  actual_prediction_mask_ratio: 0.2512 (0.2512)  ignored_patch_ratio: 0.0363 (0.0363)  time: 0.1876  data: 0.0799  max mem: 1904
[17:08:38.923728] Epoch: [11]  [  20/1004]  eta: 0:01:54  lr: 0.000010  loss: 0.0062 (0.0269)  mae_m_mask: 0.6531 (0.6064)  rmse_m_mask: 0.8735 (0.7940)  normalized_mse_mask: 0.0062 (0.0269)  rmse_m_all: 10.3556 (11.2201)  actual_mask_ratio: 0.0693 (0.0705)  actual_prediction_mask_ratio: 0.2240 (0.2275)  ignored_patch_ratio: 0.0181 (0.0195)  time: 0.1125  data: 0.0001  max mem: 1904
[17:08:40.589941] Epoch: [11]  [  40/1004]  eta: 0:01:36  lr: 0.000010  loss: 0.0032 (0.0221)  mae_m_mask: 0.5936 (0.6325)  rmse_m_mask: 0.7064 (0.8211)  normalized_mse_mask: 0.0032 (0.0221)  rmse_m_all: 13.2017 (12.4055)  actual_mask_ratio: 0.0702 (0.0702)  actual_prediction_mask_ratio: 0.2263 (0.2253)  ignored_patch_ratio: 0.0232 (0.0227)  time: 0.0833  data: 0.0001  max mem: 1904
[17:08:43.425358] Epoch: [11]  [  60/1004]  eta: 0:01:47  lr: 0.000010  loss: 0.0092 (0.0245)  mae_m_mask: 0.5257 (0.6144)  rmse_m_mask: 0.6963 (0.7922)  normalized_mse_mask: 0.0092 (0.0245)  rmse_m_all: 10.9889 (12.2281)  actual_mask_ratio: 0.0676 (0.0698)  actual_prediction_mask_ratio: 0.2161 (0.2244)  ignored_patch_ratio: 0.0215 (0.0238)  time: 0.1417  data: 0.0505  max mem: 1904
[17:08:45.620431] Epoch: [11]  [  80/1004]  eta: 0:01:44  lr: 0.000010  loss: 0.0081 (0.0258)  mae_m_mask: 0.5782 (0.6263)  rmse_m_mask: 0.7568 (0.8003)  normalized_mse_mask: 0.0081 (0.0258)  rmse_m_all: 13.2531 (12.5122)  actual_mask_ratio: 0.0702 (0.0700)  actual_prediction_mask_ratio: 0.2217 (0.2241)  ignored_patch_ratio: 0.0278 (0.0255)  time: 0.1097  data: 0.0001  max mem: 1904
[17:08:47.915501] Epoch: [11]  [ 100/1004]  eta: 0:01:42  lr: 0.000010  loss: 0.0041 (0.0253)  mae_m_mask: 0.5720 (0.6356)  rmse_m_mask: 0.7820 (0.8141)  normalized_mse_mask: 0.0041 (0.0253)  rmse_m_all: 14.1336 (12.7617)  actual_mask_ratio: 0.0681 (0.0700)  actual_prediction_mask_ratio: 0.2165 (0.2225)  ignored_patch_ratio: 0.0261 (0.0257)  time: 0.1147  data: 0.0001  max mem: 1904
[17:08:50.230576] Epoch: [11]  [ 120/1004]  eta: 0:01:40  lr: 0.000010  loss: 0.0030 (0.0274)  mae_m_mask: 0.6257 (0.6378)  rmse_m_mask: 0.7631 (0.8150)  normalized_mse_mask: 0.0030 (0.0274)  rmse_m_all: 12.6913 (12.6837)  actual_mask_ratio: 0.0712 (0.0703)  actual_prediction_mask_ratio: 0.2268 (0.2233)  ignored_patch_ratio: 0.0261 (0.0259)  time: 0.1157  data: 0.0001  max mem: 1904
[17:08:52.547706] Epoch: [11]  [ 140/1004]  eta: 0:01:38  lr: 0.000010  loss: 0.0041 (0.0266)  mae_m_mask: 0.5150 (0.6220)  rmse_m_mask: 0.6293 (0.7931)  normalized_mse_mask: 0.0041 (0.0266)  rmse_m_all: 12.0723 (12.6406)  actual_mask_ratio: 0.0708 (0.0703)  actual_prediction_mask_ratio: 0.2227 (0.2230)  ignored_patch_ratio: 0.0255 (0.0258)  time: 0.1158  data: 0.0001  max mem: 1904
[17:08:54.860982] Epoch: [11]  [ 160/1004]  eta: 0:01:36  lr: 0.000010  loss: 0.0019 (0.0268)  mae_m_mask: 0.5736 (0.6158)  rmse_m_mask: 0.7393 (0.7846)  normalized_mse_mask: 0.0019 (0.0268)  rmse_m_all: 11.2026 (12.5516)  actual_mask_ratio: 0.0692 (0.0702)  actual_prediction_mask_ratio: 0.2204 (0.2227)  ignored_patch_ratio: 0.0176 (0.0254)  time: 0.1156  data: 0.0001  max mem: 1904
[17:08:57.176640] Epoch: [11]  [ 180/1004]  eta: 0:01:34  lr: 0.000010  loss: 0.0037 (0.0268)  mae_m_mask: 0.6273 (0.6204)  rmse_m_mask: 0.8238 (0.7885)  normalized_mse_mask: 0.0037 (0.0268)  rmse_m_all: 12.2029 (12.5553)  actual_mask_ratio: 0.0706 (0.0703)  actual_prediction_mask_ratio: 0.2250 (0.2233)  ignored_patch_ratio: 0.0266 (0.0253)  time: 0.1158  data: 0.0001  max mem: 1904
[17:08:59.486269] Epoch: [11]  [ 200/1004]  eta: 0:01:31  lr: 0.000010  loss: 0.0080 (0.0265)  mae_m_mask: 0.6911 (0.6280)  rmse_m_mask: 0.8904 (0.7995)  normalized_mse_mask: 0.0080 (0.0265)  rmse_m_all: 13.3216 (12.6227)  actual_mask_ratio: 0.0720 (0.0703)  actual_prediction_mask_ratio: 0.2316 (0.2240)  ignored_patch_ratio: 0.0210 (0.0253)  time: 0.1154  data: 0.0001  max mem: 1904
[17:09:01.806753] Epoch: [11]  [ 220/1004]  eta: 0:01:29  lr: 0.000010  loss: 0.0131 (0.0289)  mae_m_mask: 0.6582 (0.6335)  rmse_m_mask: 0.7516 (0.8053)  normalized_mse_mask: 0.0131 (0.0289)  rmse_m_all: 11.5955 (12.5011)  actual_mask_ratio: 0.0702 (0.0704)  actual_prediction_mask_ratio: 0.2223 (0.2241)  ignored_patch_ratio: 0.0181 (0.0246)  time: 0.1160  data: 0.0001  max mem: 1904
[17:09:04.126557] Epoch: [11]  [ 240/1004]  eta: 0:01:27  lr: 0.000010  loss: 0.0114 (0.0295)  mae_m_mask: 0.4666 (0.6246)  rmse_m_mask: 0.6322 (0.7971)  normalized_mse_mask: 0.0114 (0.0295)  rmse_m_all: 10.8270 (12.4252)  actual_mask_ratio: 0.0669 (0.0702)  actual_prediction_mask_ratio: 0.2197 (0.2239)  ignored_patch_ratio: 0.0176 (0.0243)  time: 0.1160  data: 0.0001  max mem: 1904
[17:09:06.479351] Epoch: [11]  [ 260/1004]  eta: 0:01:25  lr: 0.000010  loss: 0.0091 (0.0295)  mae_m_mask: 0.7364 (0.6413)  rmse_m_mask: 0.9396 (0.8219)  normalized_mse_mask: 0.0091 (0.0295)  rmse_m_all: 12.0431 (12.4397)  actual_mask_ratio: 0.0657 (0.0699)  actual_prediction_mask_ratio: 0.2251 (0.2240)  ignored_patch_ratio: 0.0249 (0.0243)  time: 0.1176  data: 0.0001  max mem: 1904
[17:09:08.815429] Epoch: [11]  [ 280/1004]  eta: 0:01:23  lr: 0.000010  loss: 0.0102 (0.0313)  mae_m_mask: 0.9718 (0.6600)  rmse_m_mask: 1.1208 (0.8426)  normalized_mse_mask: 0.0102 (0.0313)  rmse_m_all: 13.4416 (12.5162)  actual_mask_ratio: 0.0697 (0.0699)  actual_prediction_mask_ratio: 0.2207 (0.2241)  ignored_patch_ratio: 0.0221 (0.0240)  time: 0.1168  data: 0.0001  max mem: 1904
[17:09:11.152624] Epoch: [11]  [ 300/1004]  eta: 0:01:21  lr: 0.000010  loss: 0.0025 (0.0316)  mae_m_mask: 0.6820 (0.6621)  rmse_m_mask: 0.8120 (0.8437)  normalized_mse_mask: 0.0025 (0.0316)  rmse_m_all: 11.9762 (12.4965)  actual_mask_ratio: 0.0684 (0.0699)  actual_prediction_mask_ratio: 0.2216 (0.2241)  ignored_patch_ratio: 0.0249 (0.0241)  time: 0.1168  data: 0.0001  max mem: 1904
[17:09:13.492866] Epoch: [11]  [ 320/1004]  eta: 0:01:18  lr: 0.000010  loss: 0.0032 (0.0313)  mae_m_mask: 0.5630 (0.6585)  rmse_m_mask: 0.7299 (0.8397)  normalized_mse_mask: 0.0032 (0.0313)  rmse_m_all: 13.8093 (12.5644)  actual_mask_ratio: 0.0692 (0.0699)  actual_prediction_mask_ratio: 0.2214 (0.2240)  ignored_patch_ratio: 0.0272 (0.0243)  time: 0.1170  data: 0.0001  max mem: 1904
[17:09:15.831638] Epoch: [11]  [ 340/1004]  eta: 0:01:16  lr: 0.000010  loss: 0.0109 (0.0310)  mae_m_mask: 0.7950 (0.6680)  rmse_m_mask: 0.9804 (0.8502)  normalized_mse_mask: 0.0109 (0.0310)  rmse_m_all: 11.6691 (12.5350)  actual_mask_ratio: 0.0710 (0.0699)  actual_prediction_mask_ratio: 0.2290 (0.2243)  ignored_patch_ratio: 0.0181 (0.0240)  time: 0.1169  data: 0.0001  max mem: 1904
[17:09:18.168891] Epoch: [11]  [ 360/1004]  eta: 0:01:14  lr: 0.000010  loss: 0.0095 (0.0310)  mae_m_mask: 0.5567 (0.6646)  rmse_m_mask: 0.6784 (0.8473)  normalized_mse_mask: 0.0095 (0.0310)  rmse_m_all: 11.7761 (12.4773)  actual_mask_ratio: 0.0716 (0.0700)  actual_prediction_mask_ratio: 0.2317 (0.2244)  ignored_patch_ratio: 0.0266 (0.0241)  time: 0.1168  data: 0.0001  max mem: 1904
[17:09:20.374420] Epoch: [11]  [ 380/1004]  eta: 0:01:11  lr: 0.000010  loss: 0.0027 (0.0321)  mae_m_mask: 0.6009 (0.6671)  rmse_m_mask: 0.8129 (0.8507)  normalized_mse_mask: 0.0027 (0.0321)  rmse_m_all: 12.8103 (12.5125)  actual_mask_ratio: 0.0721 (0.0701)  actual_prediction_mask_ratio: 0.2336 (0.2249)  ignored_patch_ratio: 0.0170 (0.0238)  time: 0.1102  data: 0.0001  max mem: 1904
[17:09:22.626093] Epoch: [11]  [ 400/1004]  eta: 0:01:09  lr: 0.000010  loss: 0.0031 (0.0317)  mae_m_mask: 0.5914 (0.6620)  rmse_m_mask: 0.7837 (0.8434)  normalized_mse_mask: 0.0031 (0.0317)  rmse_m_all: 12.6623 (12.5244)  actual_mask_ratio: 0.0698 (0.0701)  actual_prediction_mask_ratio: 0.2226 (0.2249)  ignored_patch_ratio: 0.0249 (0.0239)  time: 0.1126  data: 0.0001  max mem: 1904
[17:09:24.895277] Epoch: [11]  [ 420/1004]  eta: 0:01:07  lr: 0.000010  loss: 0.0119 (0.0312)  mae_m_mask: 0.5762 (0.6619)  rmse_m_mask: 0.8228 (0.8434)  normalized_mse_mask: 0.0119 (0.0312)  rmse_m_all: 12.8915 (12.5863)  actual_mask_ratio: 0.0696 (0.0701)  actual_prediction_mask_ratio: 0.2309 (0.2251)  ignored_patch_ratio: 0.0181 (0.0238)  time: 0.1134  data: 0.0001  max mem: 1904
[17:09:27.157965] Epoch: [11]  [ 440/1004]  eta: 0:01:04  lr: 0.000010  loss: 0.0080 (0.0310)  mae_m_mask: 0.5467 (0.6593)  rmse_m_mask: 0.7625 (0.8431)  normalized_mse_mask: 0.0080 (0.0310)  rmse_m_all: 12.7716 (12.6006)  actual_mask_ratio: 0.0707 (0.0701)  actual_prediction_mask_ratio: 0.2307 (0.2253)  ignored_patch_ratio: 0.0210 (0.0239)  time: 0.1131  data: 0.0001  max mem: 1904
[17:09:29.426327] Epoch: [11]  [ 460/1004]  eta: 0:01:02  lr: 0.000010  loss: 0.0029 (0.0302)  mae_m_mask: 0.6299 (0.6611)  rmse_m_mask: 0.8276 (0.8463)  normalized_mse_mask: 0.0029 (0.0302)  rmse_m_all: 12.9589 (12.6361)  actual_mask_ratio: 0.0690 (0.0701)  actual_prediction_mask_ratio: 0.2165 (0.2252)  ignored_patch_ratio: 0.0215 (0.0238)  time: 0.1134  data: 0.0001  max mem: 1904
[17:09:31.687546] Epoch: [11]  [ 480/1004]  eta: 0:01:00  lr: 0.000010  loss: 0.0110 (0.0315)  mae_m_mask: 0.5741 (0.6583)  rmse_m_mask: 0.7638 (0.8438)  normalized_mse_mask: 0.0110 (0.0315)  rmse_m_all: 11.4446 (12.5980)  actual_mask_ratio: 0.0714 (0.0702)  actual_prediction_mask_ratio: 0.2265 (0.2254)  ignored_patch_ratio: 0.0215 (0.0238)  time: 0.1130  data: 0.0001  max mem: 1904
[17:09:33.962378] Epoch: [11]  [ 500/1004]  eta: 0:00:57  lr: 0.000010  loss: 0.0053 (0.0317)  mae_m_mask: 0.5664 (0.6571)  rmse_m_mask: 0.7746 (0.8432)  normalized_mse_mask: 0.0053 (0.0317)  rmse_m_all: 12.3291 (12.5683)  actual_mask_ratio: 0.0726 (0.0703)  actual_prediction_mask_ratio: 0.2323 (0.2256)  ignored_patch_ratio: 0.0210 (0.0237)  time: 0.1137  data: 0.0001  max mem: 1904
[17:09:36.236310] Epoch: [11]  [ 520/1004]  eta: 0:00:55  lr: 0.000010  loss: 0.0076 (0.0309)  mae_m_mask: 0.5385 (0.6552)  rmse_m_mask: 0.6565 (0.8404)  normalized_mse_mask: 0.0076 (0.0309)  rmse_m_all: 12.8103 (12.5952)  actual_mask_ratio: 0.0718 (0.0703)  actual_prediction_mask_ratio: 0.2273 (0.2257)  ignored_patch_ratio: 0.0295 (0.0240)  time: 0.1137  data: 0.0001  max mem: 1904
[17:09:38.492419] Epoch: [11]  [ 540/1004]  eta: 0:00:53  lr: 0.000010  loss: 0.0086 (0.0315)  mae_m_mask: 0.7182 (0.6589)  rmse_m_mask: 0.9301 (0.8453)  normalized_mse_mask: 0.0086 (0.0315)  rmse_m_all: 13.3070 (12.6353)  actual_mask_ratio: 0.0678 (0.0703)  actual_prediction_mask_ratio: 0.2273 (0.2258)  ignored_patch_ratio: 0.0193 (0.0239)  time: 0.1128  data: 0.0001  max mem: 1904
[17:09:40.745948] Epoch: [11]  [ 560/1004]  eta: 0:00:50  lr: 0.000010  loss: 0.0011 (0.0312)  mae_m_mask: 0.6723 (0.6588)  rmse_m_mask: 0.7865 (0.8441)  normalized_mse_mask: 0.0011 (0.0312)  rmse_m_all: 12.7071 (12.6736)  actual_mask_ratio: 0.0704 (0.0703)  actual_prediction_mask_ratio: 0.2324 (0.2260)  ignored_patch_ratio: 0.0295 (0.0241)  time: 0.1126  data: 0.0001  max mem: 1904
[17:09:43.007555] Epoch: [11]  [ 580/1004]  eta: 0:00:48  lr: 0.000010  loss: 0.0063 (0.0317)  mae_m_mask: 0.5996 (0.6575)  rmse_m_mask: 0.7397 (0.8433)  normalized_mse_mask: 0.0063 (0.0317)  rmse_m_all: 12.0947 (12.6577)  actual_mask_ratio: 0.0703 (0.0703)  actual_prediction_mask_ratio: 0.2334 (0.2260)  ignored_patch_ratio: 0.0198 (0.0241)  time: 0.1130  data: 0.0001  max mem: 1904
[17:09:45.265771] Epoch: [11]  [ 600/1004]  eta: 0:00:46  lr: 0.000010  loss: 0.0029 (0.0315)  mae_m_mask: 0.5861 (0.6565)  rmse_m_mask: 0.7013 (0.8423)  normalized_mse_mask: 0.0029 (0.0315)  rmse_m_all: 13.2333 (12.6574)  actual_mask_ratio: 0.0694 (0.0703)  actual_prediction_mask_ratio: 0.2197 (0.2261)  ignored_patch_ratio: 0.0238 (0.0241)  time: 0.1129  data: 0.0001  max mem: 1904
[17:09:47.532724] Epoch: [11]  [ 620/1004]  eta: 0:00:43  lr: 0.000010  loss: 0.0057 (0.0309)  mae_m_mask: 0.7401 (0.6605)  rmse_m_mask: 0.9821 (0.8463)  normalized_mse_mask: 0.0057 (0.0309)  rmse_m_all: 12.8303 (12.6692)  actual_mask_ratio: 0.0707 (0.0703)  actual_prediction_mask_ratio: 0.2259 (0.2261)  ignored_patch_ratio: 0.0266 (0.0242)  time: 0.1133  data: 0.0001  max mem: 1904
[17:09:49.784760] Epoch: [11]  [ 640/1004]  eta: 0:00:41  lr: 0.000010  loss: 0.0034 (0.0303)  mae_m_mask: 0.6038 (0.6603)  rmse_m_mask: 0.7644 (0.8464)  normalized_mse_mask: 0.0034 (0.0303)  rmse_m_all: 14.2609 (12.6983)  actual_mask_ratio: 0.0698 (0.0703)  actual_prediction_mask_ratio: 0.2207 (0.2260)  ignored_patch_ratio: 0.0232 (0.0242)  time: 0.1126  data: 0.0001  max mem: 1904
[17:09:52.050874] Epoch: [11]  [ 660/1004]  eta: 0:00:39  lr: 0.000010  loss: 0.0026 (0.0298)  mae_m_mask: 0.4911 (0.6572)  rmse_m_mask: 0.6928 (0.8428)  normalized_mse_mask: 0.0026 (0.0298)  rmse_m_all: 12.5805 (12.6987)  actual_mask_ratio: 0.0691 (0.0702)  actual_prediction_mask_ratio: 0.2288 (0.2258)  ignored_patch_ratio: 0.0244 (0.0243)  time: 0.1133  data: 0.0001  max mem: 1904
[17:09:54.284848] Epoch: [11]  [ 680/1004]  eta: 0:00:37  lr: 0.000010  loss: 0.0067 (0.0297)  mae_m_mask: 0.6128 (0.6577)  rmse_m_mask: 0.7525 (0.8425)  normalized_mse_mask: 0.0067 (0.0297)  rmse_m_all: 10.6822 (12.6713)  actual_mask_ratio: 0.0708 (0.0702)  actual_prediction_mask_ratio: 0.2290 (0.2259)  ignored_patch_ratio: 0.0215 (0.0244)  time: 0.1117  data: 0.0001  max mem: 1904
[17:09:56.516814] Epoch: [11]  [ 700/1004]  eta: 0:00:34  lr: 0.000010  loss: 0.0037 (0.0299)  mae_m_mask: 0.6922 (0.6584)  rmse_m_mask: 0.8599 (0.8427)  normalized_mse_mask: 0.0037 (0.0299)  rmse_m_all: 12.7691 (12.6856)  actual_mask_ratio: 0.0713 (0.0702)  actual_prediction_mask_ratio: 0.2259 (0.2259)  ignored_patch_ratio: 0.0136 (0.0242)  time: 0.1116  data: 0.0001  max mem: 1904
[17:09:58.756358] Epoch: [11]  [ 720/1004]  eta: 0:00:32  lr: 0.000010  loss: 0.0033 (0.0302)  mae_m_mask: 0.5736 (0.6574)  rmse_m_mask: 0.7005 (0.8408)  normalized_mse_mask: 0.0033 (0.0302)  rmse_m_all: 13.4584 (12.6937)  actual_mask_ratio: 0.0663 (0.0701)  actual_prediction_mask_ratio: 0.2136 (0.2256)  ignored_patch_ratio: 0.0193 (0.0243)  time: 0.1119  data: 0.0001  max mem: 1904
[17:10:01.014080] Epoch: [11]  [ 740/1004]  eta: 0:00:30  lr: 0.000010  loss: 0.0033 (0.0299)  mae_m_mask: 0.5877 (0.6575)  rmse_m_mask: 0.8351 (0.8406)  normalized_mse_mask: 0.0033 (0.0299)  rmse_m_all: 12.4893 (12.6892)  actual_mask_ratio: 0.0709 (0.0701)  actual_prediction_mask_ratio: 0.2274 (0.2257)  ignored_patch_ratio: 0.0249 (0.0243)  time: 0.1128  data: 0.0001  max mem: 1904
[17:10:03.347763] Epoch: [11]  [ 760/1004]  eta: 0:00:27  lr: 0.000010  loss: 0.0036 (0.0298)  mae_m_mask: 0.5303 (0.6549)  rmse_m_mask: 0.6600 (0.8379)  normalized_mse_mask: 0.0036 (0.0298)  rmse_m_all: 13.6326 (12.7223)  actual_mask_ratio: 0.0663 (0.0701)  actual_prediction_mask_ratio: 0.2161 (0.2255)  ignored_patch_ratio: 0.0227 (0.0243)  time: 0.1167  data: 0.0097  max mem: 1904
[17:10:07.973585] Epoch: [11]  [ 780/1004]  eta: 0:00:26  lr: 0.000010  loss: 0.0036 (0.0297)  mae_m_mask: 0.6100 (0.6552)  rmse_m_mask: 0.7894 (0.8390)  normalized_mse_mask: 0.0036 (0.0297)  rmse_m_all: 13.2142 (12.7329)  actual_mask_ratio: 0.0674 (0.0700)  actual_prediction_mask_ratio: 0.2172 (0.2253)  ignored_patch_ratio: 0.0215 (0.0243)  time: 0.2313  data: 0.1567  max mem: 1904
[17:10:09.799664] Epoch: [11]  [ 800/1004]  eta: 0:00:23  lr: 0.000010  loss: 0.0045 (0.0295)  mae_m_mask: 0.6439 (0.6552)  rmse_m_mask: 0.8551 (0.8407)  normalized_mse_mask: 0.0045 (0.0295)  rmse_m_all: 11.6519 (12.7248)  actual_mask_ratio: 0.0713 (0.0700)  actual_prediction_mask_ratio: 0.2325 (0.2255)  ignored_patch_ratio: 0.0204 (0.0243)  time: 0.0913  data: 0.0001  max mem: 1904
[17:10:13.305614] Epoch: [11]  [ 820/1004]  eta: 0:00:21  lr: 0.000010  loss: 0.0067 (0.0292)  mae_m_mask: 0.6386 (0.6548)  rmse_m_mask: 0.7755 (0.8402)  normalized_mse_mask: 0.0067 (0.0292)  rmse_m_all: 11.4547 (12.7137)  actual_mask_ratio: 0.0654 (0.0699)  actual_prediction_mask_ratio: 0.2102 (0.2253)  ignored_patch_ratio: 0.0198 (0.0242)  time: 0.1753  data: 0.0817  max mem: 1904
[17:10:15.301777] Epoch: [11]  [ 840/1004]  eta: 0:00:19  lr: 0.000010  loss: 0.0097 (0.0298)  mae_m_mask: 0.5753 (0.6539)  rmse_m_mask: 0.7018 (0.8383)  normalized_mse_mask: 0.0097 (0.0298)  rmse_m_all: 12.3594 (12.7100)  actual_mask_ratio: 0.0709 (0.0700)  actual_prediction_mask_ratio: 0.2303 (0.2254)  ignored_patch_ratio: 0.0266 (0.0243)  time: 0.0998  data: 0.0001  max mem: 1904
[17:10:17.617265] Epoch: [11]  [ 860/1004]  eta: 0:00:16  lr: 0.000010  loss: 0.0085 (0.0297)  mae_m_mask: 0.6067 (0.6535)  rmse_m_mask: 0.7269 (0.8370)  normalized_mse_mask: 0.0085 (0.0297)  rmse_m_all: 12.6229 (12.7105)  actual_mask_ratio: 0.0696 (0.0699)  actual_prediction_mask_ratio: 0.2125 (0.2252)  ignored_patch_ratio: 0.0193 (0.0242)  time: 0.1157  data: 0.0001  max mem: 1904
[17:10:19.928835] Epoch: [11]  [ 880/1004]  eta: 0:00:14  lr: 0.000010  loss: 0.0030 (0.0294)  mae_m_mask: 0.6237 (0.6540)  rmse_m_mask: 0.7953 (0.8372)  normalized_mse_mask: 0.0030 (0.0294)  rmse_m_all: 14.6410 (12.7388)  actual_mask_ratio: 0.0672 (0.0699)  actual_prediction_mask_ratio: 0.2149 (0.2250)  ignored_patch_ratio: 0.0227 (0.0243)  time: 0.1155  data: 0.0001  max mem: 1904
[17:10:22.243351] Epoch: [11]  [ 900/1004]  eta: 0:00:12  lr: 0.000010  loss: 0.0073 (0.0294)  mae_m_mask: 0.6309 (0.6555)  rmse_m_mask: 0.8297 (0.8385)  normalized_mse_mask: 0.0073 (0.0294)  rmse_m_all: 13.4879 (12.7498)  actual_mask_ratio: 0.0695 (0.0699)  actual_prediction_mask_ratio: 0.2132 (0.2250)  ignored_patch_ratio: 0.0289 (0.0244)  time: 0.1157  data: 0.0001  max mem: 1904
[17:10:24.577514] Epoch: [11]  [ 920/1004]  eta: 0:00:09  lr: 0.000010  loss: 0.0142 (0.0295)  mae_m_mask: 0.4829 (0.6541)  rmse_m_mask: 0.5891 (0.8367)  normalized_mse_mask: 0.0142 (0.0295)  rmse_m_all: 10.2691 (12.7005)  actual_mask_ratio: 0.0709 (0.0699)  actual_prediction_mask_ratio: 0.2256 (0.2250)  ignored_patch_ratio: 0.0204 (0.0244)  time: 0.1167  data: 0.0001  max mem: 1904
[17:10:26.897573] Epoch: [11]  [ 940/1004]  eta: 0:00:07  lr: 0.000010  loss: 0.0031 (0.0291)  mae_m_mask: 0.5257 (0.6534)  rmse_m_mask: 0.6640 (0.8359)  normalized_mse_mask: 0.0031 (0.0291)  rmse_m_all: 12.4357 (12.6995)  actual_mask_ratio: 0.0676 (0.0699)  actual_prediction_mask_ratio: 0.2155 (0.2247)  ignored_patch_ratio: 0.0255 (0.0245)  time: 0.1160  data: 0.0001  max mem: 1904
[17:10:29.210368] Epoch: [11]  [ 960/1004]  eta: 0:00:05  lr: 0.000010  loss: 0.0089 (0.0293)  mae_m_mask: 0.5518 (0.6531)  rmse_m_mask: 0.7744 (0.8352)  normalized_mse_mask: 0.0089 (0.0293)  rmse_m_all: 11.7200 (12.6749)  actual_mask_ratio: 0.0689 (0.0698)  actual_prediction_mask_ratio: 0.2172 (0.2246)  ignored_patch_ratio: 0.0204 (0.0245)  time: 0.1156  data: 0.0001  max mem: 1904
[17:10:31.523386] Epoch: [11]  [ 980/1004]  eta: 0:00:02  lr: 0.000010  loss: 0.0060 (0.0292)  mae_m_mask: 0.6431 (0.6539)  rmse_m_mask: 0.8176 (0.8365)  normalized_mse_mask: 0.0060 (0.0292)  rmse_m_all: 13.6804 (12.6782)  actual_mask_ratio: 0.0718 (0.0698)  actual_prediction_mask_ratio: 0.2266 (0.2246)  ignored_patch_ratio: 0.0227 (0.0246)  time: 0.1156  data: 0.0001  max mem: 1904
[17:10:33.906266] Epoch: [11]  [1000/1004]  eta: 0:00:00  lr: 0.000010  loss: 0.0045 (0.0290)  mae_m_mask: 0.6032 (0.6539)  rmse_m_mask: 0.8009 (0.8366)  normalized_mse_mask: 0.0045 (0.0290)  rmse_m_all: 11.3763 (12.6768)  actual_mask_ratio: 0.0686 (0.0699)  actual_prediction_mask_ratio: 0.2266 (0.2248)  ignored_patch_ratio: 0.0238 (0.0245)  time: 0.1191  data: 0.0042  max mem: 1904
[17:10:34.252519] Epoch: [11]  [1003/1004]  eta: 0:00:00  lr: 0.000010  loss: 0.0024 (0.0289)  mae_m_mask: 0.5699 (0.6532)  rmse_m_mask: 0.7741 (0.8356)  normalized_mse_mask: 0.0024 (0.0289)  rmse_m_all: 11.8851 (12.6754)  actual_mask_ratio: 0.0663 (0.0699)  actual_prediction_mask_ratio: 0.2249 (0.2248)  ignored_patch_ratio: 0.0238 (0.0245)  time: 0.1149  data: 0.0001  max mem: 1904
[17:10:34.296828] Epoch: [11] Total time: 0:01:57 (0.1173 s / it)
[17:10:34.299239] Averaged stats: {'lr': 9.777290268526993e-06, 'loss': 0.028454486106950155, 'mae_m_mask': 0.6514052656941001, 'rmse_m_mask': 0.8852447743222531, 'normalized_mse_mask': 0.028454486106950155, 'rmse_m_all': 12.675406683963608, 'actual_mask_ratio': 0.06985109449694475, 'actual_prediction_mask_ratio': 0.22476186057129705, 'ignored_patch_ratio': 0.024530550338832505, 'supervised_pixel_count': 19824973.0}
[17:10:34.526678] Val: [11]  [  0/288]  eta: 0:01:04  loss: 0.0221 (0.0221)  mae_m_mask: 0.3356 (0.3356)  rmse_m_mask: 0.4370 (0.4370)  normalized_mse_mask: 0.0221 (0.0221)  rmse_m_all: 5.7959 (5.7959)  actual_mask_ratio: 0.0607 (0.0607)  actual_prediction_mask_ratio: 0.2001 (0.2001)  ignored_patch_ratio: 0.0000 (0.0000)  time: 0.2252  data: 0.1395  max mem: 1904
[17:10:39.481460] Val: [11]  [ 50/288]  eta: 0:00:24  loss: 0.0337 (0.0757)  mae_m_mask: 0.2811 (0.2931)  rmse_m_mask: 0.3512 (0.3561)  normalized_mse_mask: 0.0337 (0.0757)  rmse_m_all: 1.0700 (3.8203)  actual_mask_ratio: 0.0663 (0.0715)  actual_prediction_mask_ratio: 0.2336 (0.2372)  ignored_patch_ratio: 0.0000 (0.0000)  time: 0.1114  data: 0.0221  max mem: 1904
[17:10:43.926630] Val: [11]  [100/288]  eta: 0:00:17  loss: 0.1429 (0.1337)  mae_m_mask: 0.2907 (0.3527)  rmse_m_mask: 0.3487 (0.4259)  normalized_mse_mask: 0.1429 (0.1337)  rmse_m_all: 0.7082 (3.3544)  actual_mask_ratio: 0.0714 (0.0723)  actual_prediction_mask_ratio: 0.2239 (0.2366)  ignored_patch_ratio: 0.0000 (0.0000)  time: 0.0895  data: 0.0003  max mem: 1904
[17:10:48.423710] Val: [11]  [150/288]  eta: 0:00:12  loss: 0.0171 (0.1323)  mae_m_mask: 0.3354 (0.3543)  rmse_m_mask: 0.4185 (0.4256)  normalized_mse_mask: 0.0171 (0.1323)  rmse_m_all: 2.3530 (2.9593)  actual_mask_ratio: 0.0743 (0.0723)  actual_prediction_mask_ratio: 0.2443 (0.2367)  ignored_patch_ratio: 0.0000 (0.0000)  time: 0.0902  data: 0.0001  max mem: 1904
[17:10:52.664365] Val: [11]  [200/288]  eta: 0:00:08  loss: 0.3317 (0.1856)  mae_m_mask: 0.2534 (0.3625)  rmse_m_mask: 0.3385 (0.4408)  normalized_mse_mask: 0.3317 (0.1856)  rmse_m_all: 0.4305 (2.5237)  actual_mask_ratio: 0.0743 (0.0732)  actual_prediction_mask_ratio: 0.2545 (0.2410)  ignored_patch_ratio: 0.0000 (0.0000)  time: 0.0794  data: 0.0001  max mem: 1904
[17:10:56.959224] Val: [11]  [250/288]  eta: 0:00:03  loss: 0.0362 (0.1656)  mae_m_mask: 0.2759 (0.3447)  rmse_m_mask: 0.3312 (0.4194)  normalized_mse_mask: 0.0362 (0.1656)  rmse_m_all: 1.2978 (2.4442)  actual_mask_ratio: 0.0822 (0.0748)  actual_prediction_mask_ratio: 0.2591 (0.2448)  ignored_patch_ratio: 0.0000 (0.0000)  time: 0.0868  data: 0.0001  max mem: 1904
[17:11:00.141135] Val: [11]  [287/288]  eta: 0:00:00  loss: 0.0148 (0.1507)  mae_m_mask: 0.2348 (0.3349)  rmse_m_mask: 0.2779 (0.4081)  normalized_mse_mask: 0.0148 (0.1507)  rmse_m_all: 1.0822 (2.6025)  actual_mask_ratio: 0.0760 (0.0749)  actual_prediction_mask_ratio: 0.2523 (0.2453)  ignored_patch_ratio: 0.0000 (0.0000)  time: 0.0867  data: 0.0001  max mem: 1904
[17:11:00.162396] Val: [11] Total time: 0:00:25 (0.0898 s / it)
[17:11:00.163826] val stats: {'loss': 0.1424296000818508, 'mae_m_mask': 0.33822261546587734, 'rmse_m_mask': 0.4811864112695121, 'normalized_mse_mask': 0.1424296000818508, 'rmse_m_all': 2.602495719368259, 'actual_mask_ratio': 0.07494737871456891, 'actual_prediction_mask_ratio': 0.24532247381284833, 'ignored_patch_ratio': 0.0, 'supervised_pixel_count': 5936124.0}
[17:11:04.174175] log_dir: /tank/data/SFS/xinyis/data/bathymetry/MAE-Topography/Downstream_Task_Bathy/cross_validation_v5_Stage2NormMSE_MeterSelect/runs/holdout_CO_D004Stage2NormMSE_MeterSelect_D001NoDataSafe/train_stage2_normMSE_meterSelect_CO_UpperColorado_Topobathy_1_2020_fromStage1Best_e120_lr1e-5_b4_acc4/tb
[17:11:04.420243] Epoch: [12]  [   0/1004]  eta: 0:04:06  lr: 0.000010  loss: 0.0011 (0.0011)  mae_m_mask: 0.4183 (0.4183)  rmse_m_mask: 0.5447 (0.5447)  normalized_mse_mask: 0.0011 (0.0011)  rmse_m_all: 11.5294 (11.5294)  actual_mask_ratio: 0.0753 (0.0753)  actual_prediction_mask_ratio: 0.2478 (0.2478)  ignored_patch_ratio: 0.0368 (0.0368)  time: 0.2455  data: 0.1370  max mem: 1904
[17:11:06.620369] Epoch: [12]  [  20/1004]  eta: 0:01:54  lr: 0.000010  loss: 0.0042 (0.0146)  mae_m_mask: 0.5361 (0.6042)  rmse_m_mask: 0.7117 (0.7752)  normalized_mse_mask: 0.0042 (0.0146)  rmse_m_all: 12.6052 (12.3387)  actual_mask_ratio: 0.0708 (0.0724)  actual_prediction_mask_ratio: 0.2326 (0.2343)  ignored_patch_ratio: 0.0204 (0.0225)  time: 0.1100  data: 0.0001  max mem: 1904
[17:11:08.651504] Epoch: [12]  [  40/1004]  eta: 0:01:45  lr: 0.000010  loss: 0.0071 (0.0197)  mae_m_mask: 0.5641 (0.6231)  rmse_m_mask: 0.7585 (0.8096)  normalized_mse_mask: 0.0071 (0.0197)  rmse_m_all: 11.1154 (11.9515)  actual_mask_ratio: 0.0746 (0.0724)  actual_prediction_mask_ratio: 0.2274 (0.2308)  ignored_patch_ratio: 0.0249 (0.0242)  time: 0.1015  data: 0.0001  max mem: 1904
[17:11:11.141851] Epoch: [12]  [  60/1004]  eta: 0:01:47  lr: 0.000010  loss: 0.0019 (0.0173)  mae_m_mask: 0.6554 (0.6430)  rmse_m_mask: 0.8193 (0.8239)  normalized_mse_mask: 0.0019 (0.0173)  rmse_m_all: 12.2953 (12.2346)  actual_mask_ratio: 0.0684 (0.0715)  actual_prediction_mask_ratio: 0.2202 (0.2287)  ignored_patch_ratio: 0.0244 (0.0246)  time: 0.1245  data: 0.0511  max mem: 1904
[17:11:13.158434] Epoch: [12]  [  80/1004]  eta: 0:01:42  lr: 0.000010  loss: 0.0166 (0.0195)  mae_m_mask: 0.6390 (0.6437)  rmse_m_mask: 0.8253 (0.8264)  normalized_mse_mask: 0.0166 (0.0195)  rmse_m_all: 12.8051 (12.3814)  actual_mask_ratio: 0.0712 (0.0710)  actual_prediction_mask_ratio: 0.2279 (0.2280)  ignored_patch_ratio: 0.0193 (0.0234)  time: 0.1008  data: 0.0001  max mem: 1904
[17:11:15.483417] Epoch: [12]  [ 100/1004]  eta: 0:01:41  lr: 0.000010  loss: 0.0040 (0.0180)  mae_m_mask: 0.5763 (0.6466)  rmse_m_mask: 0.7125 (0.8298)  normalized_mse_mask: 0.0040 (0.0180)  rmse_m_all: 11.8807 (12.3853)  actual_mask_ratio: 0.0701 (0.0709)  actual_prediction_mask_ratio: 0.2233 (0.2268)  ignored_patch_ratio: 0.0289 (0.0241)  time: 0.1162  data: 0.0001  max mem: 1904
[17:11:17.811425] Epoch: [12]  [ 120/1004]  eta: 0:01:39  lr: 0.000010  loss: 0.0032 (0.0182)  mae_m_mask: 0.5041 (0.6383)  rmse_m_mask: 0.7400 (0.8243)  normalized_mse_mask: 0.0032 (0.0182)  rmse_m_all: 13.7076 (12.5502)  actual_mask_ratio: 0.0692 (0.0705)  actual_prediction_mask_ratio: 0.2134 (0.2251)  ignored_patch_ratio: 0.0238 (0.0244)  time: 0.1164  data: 0.0001  max mem: 1904
[17:11:20.140905] Epoch: [12]  [ 140/1004]  eta: 0:01:37  lr: 0.000010  loss: 0.0049 (0.0179)  mae_m_mask: 0.5869 (0.6324)  rmse_m_mask: 0.7719 (0.8148)  normalized_mse_mask: 0.0049 (0.0179)  rmse_m_all: 11.7947 (12.5092)  actual_mask_ratio: 0.0717 (0.0704)  actual_prediction_mask_ratio: 0.2249 (0.2258)  ignored_patch_ratio: 0.0147 (0.0240)  time: 0.1164  data: 0.0001  max mem: 1904
[17:11:22.467219] Epoch: [12]  [ 160/1004]  eta: 0:01:35  lr: 0.000010  loss: 0.0035 (0.0201)  mae_m_mask: 0.6766 (0.6491)  rmse_m_mask: 0.8593 (0.8317)  normalized_mse_mask: 0.0035 (0.0201)  rmse_m_all: 12.9026 (12.6264)  actual_mask_ratio: 0.0687 (0.0703)  actual_prediction_mask_ratio: 0.2361 (0.2259)  ignored_patch_ratio: 0.0295 (0.0249)  time: 0.1163  data: 0.0001  max mem: 1904
[17:11:24.795229] Epoch: [12]  [ 180/1004]  eta: 0:01:33  lr: 0.000010  loss: 0.0093 (0.0217)  mae_m_mask: 0.6854 (0.6699)  rmse_m_mask: 0.8512 (0.8572)  normalized_mse_mask: 0.0093 (0.0217)  rmse_m_all: 14.7341 (12.8011)  actual_mask_ratio: 0.0676 (0.0702)  actual_prediction_mask_ratio: 0.2245 (0.2256)  ignored_patch_ratio: 0.0289 (0.0253)  time: 0.1164  data: 0.0001  max mem: 1904
[17:11:27.125993] Epoch: [12]  [ 200/1004]  eta: 0:01:31  lr: 0.000010  loss: 0.0039 (0.0222)  mae_m_mask: 0.8479 (0.6886)  rmse_m_mask: 0.9909 (0.8774)  normalized_mse_mask: 0.0039 (0.0222)  rmse_m_all: 13.4581 (12.8094)  actual_mask_ratio: 0.0703 (0.0702)  actual_prediction_mask_ratio: 0.2192 (0.2254)  ignored_patch_ratio: 0.0193 (0.0251)  time: 0.1165  data: 0.0001  max mem: 1904
[17:11:29.456196] Epoch: [12]  [ 220/1004]  eta: 0:01:29  lr: 0.000010  loss: 0.0054 (0.0227)  mae_m_mask: 0.4974 (0.6854)  rmse_m_mask: 0.6811 (0.8748)  normalized_mse_mask: 0.0054 (0.0227)  rmse_m_all: 13.0645 (12.8657)  actual_mask_ratio: 0.0697 (0.0702)  actual_prediction_mask_ratio: 0.2161 (0.2253)  ignored_patch_ratio: 0.0221 (0.0249)  time: 0.1165  data: 0.0001  max mem: 1904
[17:11:31.787473] Epoch: [12]  [ 240/1004]  eta: 0:01:27  lr: 0.000010  loss: 0.0066 (0.0227)  mae_m_mask: 0.6195 (0.6837)  rmse_m_mask: 0.7948 (0.8737)  normalized_mse_mask: 0.0066 (0.0227)  rmse_m_all: 12.2983 (12.8266)  actual_mask_ratio: 0.0713 (0.0702)  actual_prediction_mask_ratio: 0.2290 (0.2254)  ignored_patch_ratio: 0.0221 (0.0249)  time: 0.1165  data: 0.0001  max mem: 1904
[17:11:34.112195] Epoch: [12]  [ 260/1004]  eta: 0:01:25  lr: 0.000010  loss: 0.0100 (0.0234)  mae_m_mask: 0.5882 (0.6758)  rmse_m_mask: 0.7396 (0.8643)  normalized_mse_mask: 0.0100 (0.0234)  rmse_m_all: 12.4646 (12.8157)  actual_mask_ratio: 0.0710 (0.0703)  actual_prediction_mask_ratio: 0.2241 (0.2255)  ignored_patch_ratio: 0.0255 (0.0250)  time: 0.1162  data: 0.0001  max mem: 1904
[17:11:36.445381] Epoch: [12]  [ 280/1004]  eta: 0:01:23  lr: 0.000010  loss: 0.0035 (0.0237)  mae_m_mask: 0.5517 (0.6734)  rmse_m_mask: 0.7173 (0.8593)  normalized_mse_mask: 0.0035 (0.0237)  rmse_m_all: 13.0891 (12.8382)  actual_mask_ratio: 0.0667 (0.0701)  actual_prediction_mask_ratio: 0.2265 (0.2253)  ignored_patch_ratio: 0.0244 (0.0249)  time: 0.1166  data: 0.0001  max mem: 1904
[17:11:38.775269] Epoch: [12]  [ 300/1004]  eta: 0:01:20  lr: 0.000010  loss: 0.0044 (0.0242)  mae_m_mask: 0.5542 (0.6693)  rmse_m_mask: 0.7710 (0.8572)  normalized_mse_mask: 0.0044 (0.0242)  rmse_m_all: 13.3757 (12.8345)  actual_mask_ratio: 0.0712 (0.0702)  actual_prediction_mask_ratio: 0.2328 (0.2256)  ignored_patch_ratio: 0.0176 (0.0247)  time: 0.1165  data: 0.0001  max mem: 1904
[17:11:41.024312] Epoch: [12]  [ 320/1004]  eta: 0:01:18  lr: 0.000010  loss: 0.0183 (0.0275)  mae_m_mask: 0.6678 (0.6704)  rmse_m_mask: 0.9360 (0.8609)  normalized_mse_mask: 0.0183 (0.0275)  rmse_m_all: 10.9508 (12.8084)  actual_mask_ratio: 0.0716 (0.0702)  actual_prediction_mask_ratio: 0.2282 (0.2257)  ignored_patch_ratio: 0.0244 (0.0248)  time: 0.1124  data: 0.0001  max mem: 1904
[17:11:43.296840] Epoch: [12]  [ 340/1004]  eta: 0:01:16  lr: 0.000010  loss: 0.0087 (0.0266)  mae_m_mask: 0.8222 (0.6778)  rmse_m_mask: 1.0045 (0.8707)  normalized_mse_mask: 0.0087 (0.0266)  rmse_m_all: 12.3042 (12.7678)  actual_mask_ratio: 0.0712 (0.0702)  actual_prediction_mask_ratio: 0.2267 (0.2257)  ignored_patch_ratio: 0.0136 (0.0244)  time: 0.1136  data: 0.0001  max mem: 1904
[17:11:45.538129] Epoch: [12]  [ 360/1004]  eta: 0:01:13  lr: 0.000010  loss: 0.0083 (0.0266)  mae_m_mask: 0.4988 (0.6691)  rmse_m_mask: 0.6403 (0.8592)  normalized_mse_mask: 0.0083 (0.0266)  rmse_m_all: 10.8977 (12.6767)  actual_mask_ratio: 0.0708 (0.0702)  actual_prediction_mask_ratio: 0.2198 (0.2255)  ignored_patch_ratio: 0.0312 (0.0248)  time: 0.1120  data: 0.0001  max mem: 1904
[17:11:47.773566] Epoch: [12]  [ 380/1004]  eta: 0:01:11  lr: 0.000010  loss: 0.0022 (0.0265)  mae_m_mask: 0.6232 (0.6687)  rmse_m_mask: 0.7957 (0.8586)  normalized_mse_mask: 0.0022 (0.0265)  rmse_m_all: 12.5957 (12.6830)  actual_mask_ratio: 0.0699 (0.0702)  actual_prediction_mask_ratio: 0.2216 (0.2256)  ignored_patch_ratio: 0.0266 (0.0247)  time: 0.1117  data: 0.0001  max mem: 1904
[17:11:50.006625] Epoch: [12]  [ 400/1004]  eta: 0:01:09  lr: 0.000010  loss: 0.0058 (0.0264)  mae_m_mask: 0.6182 (0.6684)  rmse_m_mask: 0.7724 (0.8568)  normalized_mse_mask: 0.0058 (0.0264)  rmse_m_all: 10.6705 (12.5888)  actual_mask_ratio: 0.0678 (0.0701)  actual_prediction_mask_ratio: 0.2197 (0.2254)  ignored_patch_ratio: 0.0204 (0.0245)  time: 0.1116  data: 0.0001  max mem: 1904
[17:11:52.281495] Epoch: [12]  [ 420/1004]  eta: 0:01:06  lr: 0.000010  loss: 0.0046 (0.0268)  mae_m_mask: 0.7302 (0.6724)  rmse_m_mask: 0.9469 (0.8618)  normalized_mse_mask: 0.0046 (0.0268)  rmse_m_all: 11.7992 (12.5761)  actual_mask_ratio: 0.0711 (0.0701)  actual_prediction_mask_ratio: 0.2277 (0.2253)  ignored_patch_ratio: 0.0170 (0.0244)  time: 0.1137  data: 0.0001  max mem: 1904
[17:11:54.556569] Epoch: [12]  [ 440/1004]  eta: 0:01:04  lr: 0.000010  loss: 0.0151 (0.0271)  mae_m_mask: 0.6310 (0.6726)  rmse_m_mask: 0.7670 (0.8611)  normalized_mse_mask: 0.0151 (0.0271)  rmse_m_all: 12.1931 (12.5716)  actual_mask_ratio: 0.0705 (0.0701)  actual_prediction_mask_ratio: 0.2231 (0.2255)  ignored_patch_ratio: 0.0244 (0.0245)  time: 0.1137  data: 0.0001  max mem: 1904
[17:11:56.821858] Epoch: [12]  [ 460/1004]  eta: 0:01:02  lr: 0.000010  loss: 0.0023 (0.0261)  mae_m_mask: 0.5897 (0.6703)  rmse_m_mask: 0.7479 (0.8582)  normalized_mse_mask: 0.0023 (0.0261)  rmse_m_all: 13.9046 (12.5898)  actual_mask_ratio: 0.0703 (0.0701)  actual_prediction_mask_ratio: 0.2283 (0.2256)  ignored_patch_ratio: 0.0215 (0.0244)  time: 0.1132  data: 0.0001  max mem: 1904
[17:11:59.090993] Epoch: [12]  [ 480/1004]  eta: 0:00:59  lr: 0.000010  loss: 0.0014 (0.0256)  mae_m_mask: 0.6419 (0.6684)  rmse_m_mask: 0.8164 (0.8555)  normalized_mse_mask: 0.0014 (0.0256)  rmse_m_all: 13.4220 (12.6606)  actual_mask_ratio: 0.0658 (0.0699)  actual_prediction_mask_ratio: 0.2091 (0.2252)  ignored_patch_ratio: 0.0215 (0.0244)  time: 0.1134  data: 0.0001  max mem: 1904
[17:12:01.355214] Epoch: [12]  [ 500/1004]  eta: 0:00:57  lr: 0.000010  loss: 0.0177 (0.0265)  mae_m_mask: 0.6015 (0.6669)  rmse_m_mask: 0.7613 (0.8548)  normalized_mse_mask: 0.0177 (0.0265)  rmse_m_all: 10.7024 (12.6029)  actual_mask_ratio: 0.0695 (0.0699)  actual_prediction_mask_ratio: 0.2240 (0.2253)  ignored_patch_ratio: 0.0130 (0.0240)  time: 0.1132  data: 0.0001  max mem: 1904
[17:12:03.610005] Epoch: [12]  [ 520/1004]  eta: 0:00:55  lr: 0.000010  loss: 0.0043 (0.0264)  mae_m_mask: 0.4679 (0.6614)  rmse_m_mask: 0.6133 (0.8479)  normalized_mse_mask: 0.0043 (0.0264)  rmse_m_all: 11.5810 (12.5995)  actual_mask_ratio: 0.0664 (0.0699)  actual_prediction_mask_ratio: 0.2183 (0.2251)  ignored_patch_ratio: 0.0204 (0.0239)  time: 0.1127  data: 0.0001  max mem: 1904
[17:12:05.868728] Epoch: [12]  [ 540/1004]  eta: 0:00:52  lr: 0.000010  loss: 0.0109 (0.0268)  mae_m_mask: 0.4937 (0.6578)  rmse_m_mask: 0.6370 (0.8433)  normalized_mse_mask: 0.0109 (0.0268)  rmse_m_all: 11.6111 (12.5699)  actual_mask_ratio: 0.0641 (0.0698)  actual_prediction_mask_ratio: 0.2121 (0.2248)  ignored_patch_ratio: 0.0164 (0.0238)  time: 0.1129  data: 0.0001  max mem: 1904
[17:12:08.112497] Epoch: [12]  [ 560/1004]  eta: 0:00:50  lr: 0.000010  loss: 0.0020 (0.0272)  mae_m_mask: 0.5949 (0.6600)  rmse_m_mask: 0.7602 (0.8475)  normalized_mse_mask: 0.0020 (0.0272)  rmse_m_all: 14.7751 (12.6203)  actual_mask_ratio: 0.0701 (0.0697)  actual_prediction_mask_ratio: 0.2234 (0.2247)  ignored_patch_ratio: 0.0368 (0.0241)  time: 0.1122  data: 0.0001  max mem: 1904
[17:12:10.379984] Epoch: [12]  [ 580/1004]  eta: 0:00:48  lr: 0.000010  loss: 0.0077 (0.0271)  mae_m_mask: 0.6765 (0.6614)  rmse_m_mask: 0.8101 (0.8494)  normalized_mse_mask: 0.0077 (0.0271)  rmse_m_all: 13.3697 (12.6464)  actual_mask_ratio: 0.0694 (0.0698)  actual_prediction_mask_ratio: 0.2255 (0.2247)  ignored_patch_ratio: 0.0295 (0.0243)  time: 0.1133  data: 0.0001  max mem: 1904
[17:12:12.618440] Epoch: [12]  [ 600/1004]  eta: 0:00:45  lr: 0.000010  loss: 0.0069 (0.0269)  mae_m_mask: 0.8002 (0.6652)  rmse_m_mask: 0.9703 (0.8542)  normalized_mse_mask: 0.0069 (0.0269)  rmse_m_all: 11.7337 (12.6104)  actual_mask_ratio: 0.0681 (0.0697)  actual_prediction_mask_ratio: 0.2259 (0.2247)  ignored_patch_ratio: 0.0164 (0.0242)  time: 0.1119  data: 0.0001  max mem: 1904
[17:12:14.889372] Epoch: [12]  [ 620/1004]  eta: 0:00:43  lr: 0.000010  loss: 0.0081 (0.0272)  mae_m_mask: 0.5668 (0.6641)  rmse_m_mask: 0.7482 (0.8534)  normalized_mse_mask: 0.0081 (0.0272)  rmse_m_all: 11.8456 (12.5921)  actual_mask_ratio: 0.0672 (0.0697)  actual_prediction_mask_ratio: 0.2132 (0.2245)  ignored_patch_ratio: 0.0198 (0.0242)  time: 0.1135  data: 0.0001  max mem: 1904
[17:12:17.150426] Epoch: [12]  [ 640/1004]  eta: 0:00:41  lr: 0.000010  loss: 0.0029 (0.0271)  mae_m_mask: 0.5118 (0.6613)  rmse_m_mask: 0.6687 (0.8497)  normalized_mse_mask: 0.0029 (0.0271)  rmse_m_all: 13.8759 (12.6374)  actual_mask_ratio: 0.0714 (0.0697)  actual_prediction_mask_ratio: 0.2280 (0.2247)  ignored_patch_ratio: 0.0272 (0.0243)  time: 0.1130  data: 0.0001  max mem: 1904
[17:12:19.415942] Epoch: [12]  [ 660/1004]  eta: 0:00:39  lr: 0.000010  loss: 0.0019 (0.0271)  mae_m_mask: 0.6442 (0.6624)  rmse_m_mask: 0.8329 (0.8498)  normalized_mse_mask: 0.0019 (0.0271)  rmse_m_all: 13.1118 (12.6469)  actual_mask_ratio: 0.0693 (0.0698)  actual_prediction_mask_ratio: 0.2182 (0.2247)  ignored_patch_ratio: 0.0193 (0.0244)  time: 0.1132  data: 0.0001  max mem: 1904
[17:12:21.678105] Epoch: [12]  [ 680/1004]  eta: 0:00:36  lr: 0.000010  loss: 0.0058 (0.0271)  mae_m_mask: 0.5789 (0.6615)  rmse_m_mask: 0.7222 (0.8479)  normalized_mse_mask: 0.0058 (0.0271)  rmse_m_all: 12.9401 (12.6558)  actual_mask_ratio: 0.0698 (0.0698)  actual_prediction_mask_ratio: 0.2312 (0.2248)  ignored_patch_ratio: 0.0170 (0.0243)  time: 0.1131  data: 0.0001  max mem: 1904
[17:12:23.942449] Epoch: [12]  [ 700/1004]  eta: 0:00:34  lr: 0.000010  loss: 0.0051 (0.0267)  mae_m_mask: 0.5256 (0.6594)  rmse_m_mask: 0.7081 (0.8462)  normalized_mse_mask: 0.0051 (0.0267)  rmse_m_all: 14.2865 (12.6767)  actual_mask_ratio: 0.0685 (0.0698)  actual_prediction_mask_ratio: 0.2281 (0.2248)  ignored_patch_ratio: 0.0227 (0.0243)  time: 0.1132  data: 0.0001  max mem: 1904
[17:12:26.191480] Epoch: [12]  [ 720/1004]  eta: 0:00:32  lr: 0.000010  loss: 0.0024 (0.0267)  mae_m_mask: 0.5318 (0.6563)  rmse_m_mask: 0.6462 (0.8428)  normalized_mse_mask: 0.0024 (0.0267)  rmse_m_all: 13.2926 (12.6797)  actual_mask_ratio: 0.0696 (0.0697)  actual_prediction_mask_ratio: 0.2260 (0.2247)  ignored_patch_ratio: 0.0210 (0.0242)  time: 0.1124  data: 0.0001  max mem: 1904
[17:12:28.249430] Epoch: [12]  [ 740/1004]  eta: 0:00:29  lr: 0.000010  loss: 0.0040 (0.0266)  mae_m_mask: 0.5769 (0.6554)  rmse_m_mask: 0.6928 (0.8410)  normalized_mse_mask: 0.0040 (0.0266)  rmse_m_all: 13.0076 (12.6854)  actual_mask_ratio: 0.0686 (0.0697)  actual_prediction_mask_ratio: 0.2144 (0.2245)  ignored_patch_ratio: 0.0227 (0.0242)  time: 0.1029  data: 0.0001  max mem: 1904
[17:12:30.725758] Epoch: [12]  [ 760/1004]  eta: 0:00:27  lr: 0.000010  loss: 0.0067 (0.0266)  mae_m_mask: 0.5896 (0.6542)  rmse_m_mask: 0.7411 (0.8396)  normalized_mse_mask: 0.0067 (0.0266)  rmse_m_all: 11.6633 (12.6864)  actual_mask_ratio: 0.0716 (0.0698)  actual_prediction_mask_ratio: 0.2241 (0.2245)  ignored_patch_ratio: 0.0261 (0.0243)  time: 0.1238  data: 0.0511  max mem: 1904
[17:12:32.811908] Epoch: [12]  [ 780/1004]  eta: 0:00:25  lr: 0.000010  loss: 0.0014 (0.0267)  mae_m_mask: 0.5554 (0.6526)  rmse_m_mask: 0.7270 (0.8376)  normalized_mse_mask: 0.0014 (0.0267)  rmse_m_all: 15.2557 (12.7413)  actual_mask_ratio: 0.0729 (0.0698)  actual_prediction_mask_ratio: 0.2299 (0.2247)  ignored_patch_ratio: 0.0346 (0.0245)  time: 0.1043  data: 0.0001  max mem: 1904
[17:12:35.136218] Epoch: [12]  [ 800/1004]  eta: 0:00:23  lr: 0.000010  loss: 0.0034 (0.0270)  mae_m_mask: 0.6460 (0.6535)  rmse_m_mask: 0.8911 (0.8393)  normalized_mse_mask: 0.0034 (0.0270)  rmse_m_all: 12.0393 (12.7495)  actual_mask_ratio: 0.0708 (0.0698)  actual_prediction_mask_ratio: 0.2255 (0.2246)  ignored_patch_ratio: 0.0261 (0.0246)  time: 0.1162  data: 0.0001  max mem: 1904
[17:12:37.470735] Epoch: [12]  [ 820/1004]  eta: 0:00:20  lr: 0.000010  loss: 0.0029 (0.0268)  mae_m_mask: 0.5555 (0.6515)  rmse_m_mask: 0.7361 (0.8375)  normalized_mse_mask: 0.0029 (0.0268)  rmse_m_all: 12.7688 (12.7492)  actual_mask_ratio: 0.0695 (0.0698)  actual_prediction_mask_ratio: 0.2206 (0.2245)  ignored_patch_ratio: 0.0176 (0.0245)  time: 0.1167  data: 0.0001  max mem: 1904
[17:12:39.784355] Epoch: [12]  [ 840/1004]  eta: 0:00:18  lr: 0.000010  loss: 0.0038 (0.0272)  mae_m_mask: 0.5473 (0.6496)  rmse_m_mask: 0.6639 (0.8354)  normalized_mse_mask: 0.0038 (0.0272)  rmse_m_all: 11.5542 (12.7315)  actual_mask_ratio: 0.0682 (0.0698)  actual_prediction_mask_ratio: 0.2173 (0.2245)  ignored_patch_ratio: 0.0187 (0.0245)  time: 0.1156  data: 0.0001  max mem: 1904
[17:12:42.086769] Epoch: [12]  [ 860/1004]  eta: 0:00:16  lr: 0.000010  loss: 0.0017 (0.0270)  mae_m_mask: 0.5592 (0.6478)  rmse_m_mask: 0.7046 (0.8335)  normalized_mse_mask: 0.0017 (0.0270)  rmse_m_all: 12.7832 (12.7302)  actual_mask_ratio: 0.0696 (0.0698)  actual_prediction_mask_ratio: 0.2256 (0.2245)  ignored_patch_ratio: 0.0215 (0.0245)  time: 0.1151  data: 0.0001  max mem: 1904
[17:12:44.401851] Epoch: [12]  [ 880/1004]  eta: 0:00:14  lr: 0.000010  loss: 0.0017 (0.0273)  mae_m_mask: 0.6040 (0.6492)  rmse_m_mask: 0.7911 (0.8351)  normalized_mse_mask: 0.0017 (0.0273)  rmse_m_all: 12.7665 (12.7437)  actual_mask_ratio: 0.0694 (0.0698)  actual_prediction_mask_ratio: 0.2267 (0.2245)  ignored_patch_ratio: 0.0249 (0.0246)  time: 0.1157  data: 0.0001  max mem: 1904
[17:12:46.717186] Epoch: [12]  [ 900/1004]  eta: 0:00:11  lr: 0.000010  loss: 0.0068 (0.0276)  mae_m_mask: 0.6046 (0.6493)  rmse_m_mask: 0.7343 (0.8353)  normalized_mse_mask: 0.0068 (0.0276)  rmse_m_all: 11.7747 (12.7336)  actual_mask_ratio: 0.0702 (0.0698)  actual_prediction_mask_ratio: 0.2243 (0.2244)  ignored_patch_ratio: 0.0261 (0.0247)  time: 0.1157  data: 0.0001  max mem: 1904
[17:12:49.020437] Epoch: [12]  [ 920/1004]  eta: 0:00:09  lr: 0.000010  loss: 0.0079 (0.0278)  mae_m_mask: 0.7961 (0.6518)  rmse_m_mask: 0.9570 (0.8378)  normalized_mse_mask: 0.0079 (0.0278)  rmse_m_all: 13.8995 (12.7516)  actual_mask_ratio: 0.0720 (0.0698)  actual_prediction_mask_ratio: 0.2336 (0.2246)  ignored_patch_ratio: 0.0312 (0.0247)  time: 0.1151  data: 0.0001  max mem: 1904
[17:12:51.342591] Epoch: [12]  [ 940/1004]  eta: 0:00:07  lr: 0.000010  loss: 0.0068 (0.0278)  mae_m_mask: 0.8102 (0.6555)  rmse_m_mask: 0.9775 (0.8420)  normalized_mse_mask: 0.0068 (0.0278)  rmse_m_all: 13.5869 (12.7609)  actual_mask_ratio: 0.0667 (0.0698)  actual_prediction_mask_ratio: 0.2166 (0.2244)  ignored_patch_ratio: 0.0255 (0.0247)  time: 0.1161  data: 0.0001  max mem: 1904
[17:12:53.638965] Epoch: [12]  [ 960/1004]  eta: 0:00:05  lr: 0.000010  loss: 0.0079 (0.0277)  mae_m_mask: 0.6381 (0.6567)  rmse_m_mask: 0.7812 (0.8442)  normalized_mse_mask: 0.0079 (0.0277)  rmse_m_all: 11.3438 (12.7491)  actual_mask_ratio: 0.0705 (0.0698)  actual_prediction_mask_ratio: 0.2284 (0.2245)  ignored_patch_ratio: 0.0181 (0.0246)  time: 0.1148  data: 0.0001  max mem: 1904
[17:12:55.927338] Epoch: [12]  [ 980/1004]  eta: 0:00:02  lr: 0.000010  loss: 0.0036 (0.0280)  mae_m_mask: 0.5998 (0.6565)  rmse_m_mask: 0.7535 (0.8437)  normalized_mse_mask: 0.0036 (0.0280)  rmse_m_all: 11.9460 (12.7344)  actual_mask_ratio: 0.0720 (0.0698)  actual_prediction_mask_ratio: 0.2394 (0.2248)  ignored_patch_ratio: 0.0227 (0.0246)  time: 0.1144  data: 0.0001  max mem: 1904
[17:12:58.240770] Epoch: [12]  [1000/1004]  eta: 0:00:00  lr: 0.000010  loss: 0.0071 (0.0279)  mae_m_mask: 0.6315 (0.6559)  rmse_m_mask: 0.7753 (0.8427)  normalized_mse_mask: 0.0071 (0.0279)  rmse_m_all: 12.8996 (12.7467)  actual_mask_ratio: 0.0701 (0.0698)  actual_prediction_mask_ratio: 0.2232 (0.2247)  ignored_patch_ratio: 0.0227 (0.0246)  time: 0.1156  data: 0.0001  max mem: 1904
[17:12:58.585225] Epoch: [12]  [1003/1004]  eta: 0:00:00  lr: 0.000010  loss: 0.0077 (0.0279)  mae_m_mask: 0.6243 (0.6559)  rmse_m_mask: 0.7753 (0.8428)  normalized_mse_mask: 0.0077 (0.0279)  rmse_m_all: 12.8996 (12.7491)  actual_mask_ratio: 0.0693 (0.0698)  actual_prediction_mask_ratio: 0.2235 (0.2248)  ignored_patch_ratio: 0.0227 (0.0245)  time: 0.1156  data: 0.0001  max mem: 1904
[17:12:58.616377] Epoch: [12] Total time: 0:01:54 (0.1140 s / it)
[17:12:58.617641] Averaged stats: {'lr': 9.737253255256683e-06, 'loss': 0.028316701665208277, 'mae_m_mask': 0.6553557620155909, 'rmse_m_mask': 0.8941224382944932, 'normalized_mse_mask': 0.028316701665208277, 'rmse_m_all': 12.749148171498955, 'actual_mask_ratio': 0.06984704700985041, 'actual_prediction_mask_ratio': 0.22475118602652, 'ignored_patch_ratio': 0.024530550338832505, 'supervised_pixel_count': 19824973.0}
[17:12:58.877286] Val: [12]  [  0/288]  eta: 0:01:14  loss: 0.0273 (0.0273)  mae_m_mask: 0.3518 (0.3518)  rmse_m_mask: 0.4522 (0.4522)  normalized_mse_mask: 0.0273 (0.0273)  rmse_m_all: 5.6706 (5.6706)  actual_mask_ratio: 0.0607 (0.0607)  actual_prediction_mask_ratio: 0.2001 (0.2001)  ignored_patch_ratio: 0.0000 (0.0000)  time: 0.2573  data: 0.1545  max mem: 1904
[17:13:03.485384] Val: [12]  [ 50/288]  eta: 0:00:22  loss: 0.0534 (0.0985)  mae_m_mask: 0.3021 (0.3252)  rmse_m_mask: 0.3694 (0.3913)  normalized_mse_mask: 0.0534 (0.0985)  rmse_m_all: 1.0550 (3.7596)  actual_mask_ratio: 0.0663 (0.0715)  actual_prediction_mask_ratio: 0.2336 (0.2372)  ignored_patch_ratio: 0.0000 (0.0000)  time: 0.0916  data: 0.0001  max mem: 1904
[17:13:07.974260] Val: [12]  [100/288]  eta: 0:00:17  loss: 0.1844 (0.1603)  mae_m_mask: 0.3270 (0.3816)  rmse_m_mask: 0.3899 (0.4573)  normalized_mse_mask: 0.1844 (0.1603)  rmse_m_all: 0.7345 (3.3020)  actual_mask_ratio: 0.0714 (0.0723)  actual_prediction_mask_ratio: 0.2239 (0.2366)  ignored_patch_ratio: 0.0000 (0.0000)  time: 0.0888  data: 0.0001  max mem: 1904
[17:13:12.444133] Val: [12]  [150/288]  eta: 0:00:12  loss: 0.0226 (0.1601)  mae_m_mask: 0.3766 (0.3934)  rmse_m_mask: 0.4605 (0.4663)  normalized_mse_mask: 0.0226 (0.1601)  rmse_m_all: 2.3055 (2.9152)  actual_mask_ratio: 0.0743 (0.0723)  actual_prediction_mask_ratio: 0.2443 (0.2367)  ignored_patch_ratio: 0.0000 (0.0000)  time: 0.0897  data: 0.0001  max mem: 1904
[17:13:16.778250] Val: [12]  [200/288]  eta: 0:00:07  loss: 0.3530 (0.1974)  mae_m_mask: 0.2531 (0.3894)  rmse_m_mask: 0.3182 (0.4675)  normalized_mse_mask: 0.3530 (0.1974)  rmse_m_all: 0.4349 (2.4863)  actual_mask_ratio: 0.0743 (0.0732)  actual_prediction_mask_ratio: 0.2545 (0.2410)  ignored_patch_ratio: 0.0000 (0.0000)  time: 0.0867  data: 0.0001  max mem: 1904
[17:13:21.082486] Val: [12]  [250/288]  eta: 0:00:03  loss: 0.0478 (0.1785)  mae_m_mask: 0.3034 (0.3723)  rmse_m_mask: 0.3680 (0.4474)  normalized_mse_mask: 0.0478 (0.1785)  rmse_m_all: 1.2869 (2.4070)  actual_mask_ratio: 0.0822 (0.0748)  actual_prediction_mask_ratio: 0.2591 (0.2448)  ignored_patch_ratio: 0.0000 (0.0000)  time: 0.0865  data: 0.0001  max mem: 1904
[17:13:24.270831] Val: [12]  [287/288]  eta: 0:00:00  loss: 0.0270 (0.1638)  mae_m_mask: 0.2836 (0.3633)  rmse_m_mask: 0.3206 (0.4370)  normalized_mse_mask: 0.0270 (0.1638)  rmse_m_all: 1.0671 (2.5616)  actual_mask_ratio: 0.0760 (0.0749)  actual_prediction_mask_ratio: 0.2523 (0.2453)  ignored_patch_ratio: 0.0000 (0.0000)  time: 0.0856  data: 0.0001  max mem: 1904
[17:13:24.301722] Val: [12] Total time: 0:00:25 (0.0892 s / it)
[17:13:24.302994] val stats: {'loss': 0.15614798813541092, 'mae_m_mask': 0.36759648478937235, 'rmse_m_mask': 0.5042119240683584, 'normalized_mse_mask': 0.15614798813541092, 'rmse_m_all': 2.56157348315335, 'actual_mask_ratio': 0.07494737871456891, 'actual_prediction_mask_ratio': 0.24532247381284833, 'ignored_patch_ratio': 0.0, 'supervised_pixel_count': 5936124.0}
[17:13:28.641567] log_dir: /tank/data/SFS/xinyis/data/bathymetry/MAE-Topography/Downstream_Task_Bathy/cross_validation_v5_Stage2NormMSE_MeterSelect/runs/holdout_CO_D004Stage2NormMSE_MeterSelect_D001NoDataSafe/train_stage2_normMSE_meterSelect_CO_UpperColorado_Topobathy_1_2020_fromStage1Best_e120_lr1e-5_b4_acc4/tb
[17:13:28.824889] Epoch: [13]  [   0/1004]  eta: 0:03:03  lr: 0.000010  loss: 0.1904 (0.1904)  mae_m_mask: 0.7004 (0.7004)  rmse_m_mask: 0.9872 (0.9872)  normalized_mse_mask: 0.1904 (0.1904)  rmse_m_all: 12.2878 (12.2878)  actual_mask_ratio: 0.0696 (0.0696)  actual_prediction_mask_ratio: 0.2266 (0.2266)  ignored_patch_ratio: 0.0142 (0.0142)  time: 0.1829  data: 0.0761  max mem: 1904
[17:13:31.047377] Epoch: [13]  [  20/1004]  eta: 0:01:52  lr: 0.000010  loss: 0.0018 (0.0225)  mae_m_mask: 0.6108 (0.6755)  rmse_m_mask: 0.7890 (0.8577)  normalized_mse_mask: 0.0018 (0.0225)  rmse_m_all: 13.0110 (12.9245)  actual_mask_ratio: 0.0709 (0.0695)  actual_prediction_mask_ratio: 0.2198 (0.2170)  ignored_patch_ratio: 0.0244 (0.0267)  time: 0.1111  data: 0.0001  max mem: 1904
[17:13:33.037978] Epoch: [13]  [  40/1004]  eta: 0:01:43  lr: 0.000010  loss: 0.0178 (0.0327)  mae_m_mask: 0.5511 (0.6415)  rmse_m_mask: 0.6964 (0.8227)  normalized_mse_mask: 0.0178 (0.0327)  rmse_m_all: 11.9002 (12.4251)  actual_mask_ratio: 0.0699 (0.0691)  actual_prediction_mask_ratio: 0.2234 (0.2191)  ignored_patch_ratio: 0.0159 (0.0224)  time: 0.0995  data: 0.0001  max mem: 1904
[17:13:35.746082] Epoch: [13]  [  60/1004]  eta: 0:01:49  lr: 0.000010  loss: 0.0097 (0.0370)  mae_m_mask: 0.5526 (0.6259)  rmse_m_mask: 0.7110 (0.8219)  normalized_mse_mask: 0.0097 (0.0370)  rmse_m_all: 10.8175 (12.2229)  actual_mask_ratio: 0.0697 (0.0694)  actual_prediction_mask_ratio: 0.2302 (0.2213)  ignored_patch_ratio: 0.0249 (0.0230)  time: 0.1354  data: 0.0501  max mem: 1904
[17:13:37.650756] Epoch: [13]  [  80/1004]  eta: 0:01:42  lr: 0.000010  loss: 0.0038 (0.0309)  mae_m_mask: 0.6155 (0.6300)  rmse_m_mask: 0.7562 (0.8253)  normalized_mse_mask: 0.0038 (0.0309)  rmse_m_all: 12.0298 (12.2587)  actual_mask_ratio: 0.0673 (0.0693)  actual_prediction_mask_ratio: 0.2180 (0.2217)  ignored_patch_ratio: 0.0215 (0.0230)  time: 0.0952  data: 0.0001  max mem: 1904
[17:13:39.975773] Epoch: [13]  [ 100/1004]  eta: 0:01:41  lr: 0.000010  loss: 0.0227 (0.0382)  mae_m_mask: 0.5719 (0.6252)  rmse_m_mask: 0.6852 (0.8142)  normalized_mse_mask: 0.0227 (0.0382)  rmse_m_all: 10.8227 (12.1305)  actual_mask_ratio: 0.0698 (0.0696)  actual_prediction_mask_ratio: 0.2285 (0.2225)  ignored_patch_ratio: 0.0227 (0.0230)  time: 0.1162  data: 0.0001  max mem: 1904
[17:13:42.284887] Epoch: [13]  [ 120/1004]  eta: 0:01:39  lr: 0.000010  loss: 0.0123 (0.0395)  mae_m_mask: 0.8838 (0.6778)  rmse_m_mask: 1.1606 (0.8773)  normalized_mse_mask: 0.0123 (0.0395)  rmse_m_all: 12.2210 (12.2654)  actual_mask_ratio: 0.0707 (0.0696)  actual_prediction_mask_ratio: 0.2300 (0.2236)  ignored_patch_ratio: 0.0215 (0.0235)  time: 0.1154  data: 0.0001  max mem: 1904
[17:13:44.618579] Epoch: [13]  [ 140/1004]  eta: 0:01:37  lr: 0.000010  loss: 0.0101 (0.0372)  mae_m_mask: 0.8885 (0.7092)  rmse_m_mask: 1.0675 (0.9125)  normalized_mse_mask: 0.0101 (0.0372)  rmse_m_all: 13.2242 (12.4157)  actual_mask_ratio: 0.0654 (0.0694)  actual_prediction_mask_ratio: 0.2257 (0.2239)  ignored_patch_ratio: 0.0278 (0.0242)  time: 0.1167  data: 0.0001  max mem: 1904
[17:13:46.950068] Epoch: [13]  [ 160/1004]  eta: 0:01:35  lr: 0.000010  loss: 0.0028 (0.0370)  mae_m_mask: 0.5992 (0.7098)  rmse_m_mask: 0.7647 (0.9091)  normalized_mse_mask: 0.0028 (0.0370)  rmse_m_all: 14.0298 (12.5125)  actual_mask_ratio: 0.0689 (0.0692)  actual_prediction_mask_ratio: 0.2290 (0.2237)  ignored_patch_ratio: 0.0255 (0.0246)  time: 0.1165  data: 0.0001  max mem: 1904
[17:13:49.277410] Epoch: [13]  [ 180/1004]  eta: 0:01:33  lr: 0.000010  loss: 0.0128 (0.0368)  mae_m_mask: 0.6655 (0.7145)  rmse_m_mask: 0.8788 (0.9188)  normalized_mse_mask: 0.0128 (0.0368)  rmse_m_all: 12.1445 (12.4644)  actual_mask_ratio: 0.0701 (0.0693)  actual_prediction_mask_ratio: 0.2275 (0.2241)  ignored_patch_ratio: 0.0198 (0.0240)  time: 0.1163  data: 0.0001  max mem: 1904
[17:13:51.605455] Epoch: [13]  [ 200/1004]  eta: 0:01:31  lr: 0.000010  loss: 0.0068 (0.0358)  mae_m_mask: 0.5711 (0.7023)  rmse_m_mask: 0.7449 (0.9019)  normalized_mse_mask: 0.0068 (0.0358)  rmse_m_all: 11.0566 (12.3166)  actual_mask_ratio: 0.0710 (0.0694)  actual_prediction_mask_ratio: 0.2279 (0.2246)  ignored_patch_ratio: 0.0159 (0.0238)  time: 0.1164  data: 0.0001  max mem: 1904
[17:13:53.938956] Epoch: [13]  [ 220/1004]  eta: 0:01:29  lr: 0.000010  loss: 0.0074 (0.0352)  mae_m_mask: 0.7226 (0.7117)  rmse_m_mask: 1.0557 (0.9162)  normalized_mse_mask: 0.0074 (0.0352)  rmse_m_all: 12.8869 (12.4169)  actual_mask_ratio: 0.0682 (0.0693)  actual_prediction_mask_ratio: 0.2180 (0.2243)  ignored_patch_ratio: 0.0170 (0.0235)  time: 0.1166  data: 0.0001  max mem: 1904
[17:13:56.272632] Epoch: [13]  [ 240/1004]  eta: 0:01:27  lr: 0.000010  loss: 0.0031 (0.0338)  mae_m_mask: 0.7813 (0.7157)  rmse_m_mask: 1.0047 (0.9203)  normalized_mse_mask: 0.0031 (0.0338)  rmse_m_all: 11.3268 (12.3624)  actual_mask_ratio: 0.0689 (0.0692)  actual_prediction_mask_ratio: 0.2198 (0.2238)  ignored_patch_ratio: 0.0255 (0.0240)  time: 0.1167  data: 0.0001  max mem: 1904
[17:13:58.496130] Epoch: [13]  [ 260/1004]  eta: 0:01:25  lr: 0.000010  loss: 0.0023 (0.0323)  mae_m_mask: 0.7285 (0.7177)  rmse_m_mask: 0.9258 (0.9230)  normalized_mse_mask: 0.0023 (0.0323)  rmse_m_all: 12.8785 (12.3483)  actual_mask_ratio: 0.0697 (0.0692)  actual_prediction_mask_ratio: 0.2250 (0.2239)  ignored_patch_ratio: 0.0272 (0.0242)  time: 0.1111  data: 0.0001  max mem: 1904
[17:14:00.752540] Epoch: [13]  [ 280/1004]  eta: 0:01:22  lr: 0.000010  loss: 0.0141 (0.0331)  mae_m_mask: 0.5788 (0.7140)  rmse_m_mask: 0.8471 (0.9197)  normalized_mse_mask: 0.0141 (0.0331)  rmse_m_all: 12.3995 (12.3844)  actual_mask_ratio: 0.0709 (0.0694)  actual_prediction_mask_ratio: 0.2313 (0.2244)  ignored_patch_ratio: 0.0181 (0.0239)  time: 0.1128  data: 0.0001  max mem: 1904
[17:14:02.990119] Epoch: [13]  [ 300/1004]  eta: 0:01:20  lr: 0.000010  loss: 0.0066 (0.0335)  mae_m_mask: 0.6507 (0.7136)  rmse_m_mask: 0.8532 (0.9178)  normalized_mse_mask: 0.0066 (0.0335)  rmse_m_all: 12.0611 (12.3970)  actual_mask_ratio: 0.0715 (0.0695)  actual_prediction_mask_ratio: 0.2279 (0.2246)  ignored_patch_ratio: 0.0244 (0.0241)  time: 0.1118  data: 0.0001  max mem: 1904
[17:14:05.267419] Epoch: [13]  [ 320/1004]  eta: 0:01:18  lr: 0.000010  loss: 0.0120 (0.0345)  mae_m_mask: 0.6099 (0.7045)  rmse_m_mask: 0.8098 (0.9092)  normalized_mse_mask: 0.0120 (0.0345)  rmse_m_all: 12.1743 (12.3746)  actual_mask_ratio: 0.0699 (0.0696)  actual_prediction_mask_ratio: 0.2225 (0.2245)  ignored_patch_ratio: 0.0193 (0.0239)  time: 0.1138  data: 0.0001  max mem: 1904
[17:14:07.534470] Epoch: [13]  [ 340/1004]  eta: 0:01:15  lr: 0.000010  loss: 0.0070 (0.0348)  mae_m_mask: 0.5841 (0.6994)  rmse_m_mask: 0.7506 (0.9020)  normalized_mse_mask: 0.0070 (0.0348)  rmse_m_all: 11.4670 (12.3574)  actual_mask_ratio: 0.0679 (0.0695)  actual_prediction_mask_ratio: 0.2237 (0.2244)  ignored_patch_ratio: 0.0159 (0.0236)  time: 0.1133  data: 0.0001  max mem: 1904
[17:14:09.786338] Epoch: [13]  [ 360/1004]  eta: 0:01:13  lr: 0.000010  loss: 0.0027 (0.0335)  mae_m_mask: 0.5410 (0.6937)  rmse_m_mask: 0.6595 (0.8937)  normalized_mse_mask: 0.0027 (0.0335)  rmse_m_all: 12.8119 (12.3763)  actual_mask_ratio: 0.0680 (0.0695)  actual_prediction_mask_ratio: 0.2082 (0.2240)  ignored_patch_ratio: 0.0210 (0.0235)  time: 0.1126  data: 0.0001  max mem: 1904
[17:14:12.035850] Epoch: [13]  [ 380/1004]  eta: 0:01:11  lr: 0.000010  loss: 0.0065 (0.0344)  mae_m_mask: 0.6061 (0.6925)  rmse_m_mask: 0.7410 (0.8902)  normalized_mse_mask: 0.0065 (0.0344)  rmse_m_all: 14.3858 (12.4713)  actual_mask_ratio: 0.0705 (0.0695)  actual_prediction_mask_ratio: 0.2261 (0.2239)  ignored_patch_ratio: 0.0232 (0.0236)  time: 0.1124  data: 0.0001  max mem: 1904
[17:14:14.293378] Epoch: [13]  [ 400/1004]  eta: 0:01:08  lr: 0.000010  loss: 0.0014 (0.0337)  mae_m_mask: 0.4689 (0.6867)  rmse_m_mask: 0.6799 (0.8836)  normalized_mse_mask: 0.0014 (0.0337)  rmse_m_all: 14.1467 (12.5421)  actual_mask_ratio: 0.0689 (0.0695)  actual_prediction_mask_ratio: 0.2270 (0.2238)  ignored_patch_ratio: 0.0221 (0.0240)  time: 0.1128  data: 0.0001  max mem: 1904
[17:14:16.540828] Epoch: [13]  [ 420/1004]  eta: 0:01:06  lr: 0.000010  loss: 0.0028 (0.0328)  mae_m_mask: 0.6472 (0.6894)  rmse_m_mask: 0.8318 (0.8859)  normalized_mse_mask: 0.0028 (0.0328)  rmse_m_all: 11.4308 (12.5122)  actual_mask_ratio: 0.0724 (0.0696)  actual_prediction_mask_ratio: 0.2333 (0.2243)  ignored_patch_ratio: 0.0125 (0.0239)  time: 0.1123  data: 0.0001  max mem: 1904
[17:14:18.806459] Epoch: [13]  [ 440/1004]  eta: 0:01:04  lr: 0.000010  loss: 0.0024 (0.0326)  mae_m_mask: 0.6806 (0.6911)  rmse_m_mask: 0.8514 (0.8866)  normalized_mse_mask: 0.0024 (0.0326)  rmse_m_all: 11.7136 (12.4955)  actual_mask_ratio: 0.0691 (0.0697)  actual_prediction_mask_ratio: 0.2272 (0.2243)  ignored_patch_ratio: 0.0232 (0.0241)  time: 0.1133  data: 0.0001  max mem: 1904
[17:14:21.075457] Epoch: [13]  [ 460/1004]  eta: 0:01:01  lr: 0.000010  loss: 0.0037 (0.0321)  mae_m_mask: 0.8340 (0.6962)  rmse_m_mask: 0.9322 (0.8910)  normalized_mse_mask: 0.0037 (0.0321)  rmse_m_all: 12.8656 (12.5155)  actual_mask_ratio: 0.0688 (0.0697)  actual_prediction_mask_ratio: 0.2208 (0.2243)  ignored_patch_ratio: 0.0215 (0.0241)  time: 0.1134  data: 0.0001  max mem: 1904
[17:14:23.308417] Epoch: [13]  [ 480/1004]  eta: 0:00:59  lr: 0.000010  loss: 0.0035 (0.0316)  mae_m_mask: 0.5849 (0.6931)  rmse_m_mask: 0.7150 (0.8867)  normalized_mse_mask: 0.0035 (0.0316)  rmse_m_all: 11.4669 (12.5154)  actual_mask_ratio: 0.0706 (0.0697)  actual_prediction_mask_ratio: 0.2246 (0.2245)  ignored_patch_ratio: 0.0142 (0.0239)  time: 0.1116  data: 0.0001  max mem: 1904
[17:14:25.523895] Epoch: [13]  [ 500/1004]  eta: 0:00:57  lr: 0.000010  loss: 0.0043 (0.0316)  mae_m_mask: 0.6188 (0.6903)  rmse_m_mask: 0.7712 (0.8829)  normalized_mse_mask: 0.0043 (0.0316)  rmse_m_all: 11.9983 (12.5157)  actual_mask_ratio: 0.0714 (0.0698)  actual_prediction_mask_ratio: 0.2250 (0.2246)  ignored_patch_ratio: 0.0249 (0.0241)  time: 0.1107  data: 0.0001  max mem: 1904
[17:14:27.753776] Epoch: [13]  [ 520/1004]  eta: 0:00:54  lr: 0.000010  loss: 0.0043 (0.0323)  mae_m_mask: 0.4723 (0.6860)  rmse_m_mask: 0.6074 (0.8766)  normalized_mse_mask: 0.0043 (0.0323)  rmse_m_all: 10.7132 (12.4644)  actual_mask_ratio: 0.0712 (0.0698)  actual_prediction_mask_ratio: 0.2315 (0.2247)  ignored_patch_ratio: 0.0210 (0.0241)  time: 0.1115  data: 0.0001  max mem: 1904
[17:14:30.015183] Epoch: [13]  [ 540/1004]  eta: 0:00:52  lr: 0.000010  loss: 0.0067 (0.0317)  mae_m_mask: 0.5770 (0.6847)  rmse_m_mask: 0.7430 (0.8748)  normalized_mse_mask: 0.0067 (0.0317)  rmse_m_all: 13.3032 (12.4736)  actual_mask_ratio: 0.0675 (0.0698)  actual_prediction_mask_ratio: 0.2203 (0.2246)  ignored_patch_ratio: 0.0249 (0.0242)  time: 0.1130  data: 0.0001  max mem: 1904
[17:14:32.278491] Epoch: [13]  [ 560/1004]  eta: 0:00:50  lr: 0.000010  loss: 0.0086 (0.0311)  mae_m_mask: 0.5025 (0.6809)  rmse_m_mask: 0.6710 (0.8707)  normalized_mse_mask: 0.0086 (0.0311)  rmse_m_all: 13.9846 (12.4938)  actual_mask_ratio: 0.0668 (0.0697)  actual_prediction_mask_ratio: 0.2181 (0.2244)  ignored_patch_ratio: 0.0244 (0.0242)  time: 0.1131  data: 0.0001  max mem: 1904
[17:14:34.524304] Epoch: [13]  [ 580/1004]  eta: 0:00:48  lr: 0.000010  loss: 0.0067 (0.0321)  mae_m_mask: 0.6342 (0.6808)  rmse_m_mask: 0.8490 (0.8696)  normalized_mse_mask: 0.0067 (0.0321)  rmse_m_all: 13.1025 (12.5195)  actual_mask_ratio: 0.0691 (0.0697)  actual_prediction_mask_ratio: 0.2174 (0.2243)  ignored_patch_ratio: 0.0232 (0.0242)  time: 0.1123  data: 0.0001  max mem: 1904
[17:14:36.797611] Epoch: [13]  [ 600/1004]  eta: 0:00:45  lr: 0.000010  loss: 0.0041 (0.0316)  mae_m_mask: 0.5854 (0.6803)  rmse_m_mask: 0.7545 (0.8690)  normalized_mse_mask: 0.0041 (0.0316)  rmse_m_all: 12.6924 (12.5317)  actual_mask_ratio: 0.0685 (0.0697)  actual_prediction_mask_ratio: 0.2206 (0.2243)  ignored_patch_ratio: 0.0261 (0.0244)  time: 0.1136  data: 0.0001  max mem: 1904
[17:14:39.061617] Epoch: [13]  [ 620/1004]  eta: 0:00:43  lr: 0.000010  loss: 0.0056 (0.0311)  mae_m_mask: 0.5557 (0.6784)  rmse_m_mask: 0.7273 (0.8666)  normalized_mse_mask: 0.0056 (0.0311)  rmse_m_all: 11.5092 (12.5341)  actual_mask_ratio: 0.0695 (0.0698)  actual_prediction_mask_ratio: 0.2355 (0.2245)  ignored_patch_ratio: 0.0249 (0.0243)  time: 0.1132  data: 0.0001  max mem: 1904
[17:14:41.309391] Epoch: [13]  [ 640/1004]  eta: 0:00:41  lr: 0.000010  loss: 0.0061 (0.0308)  mae_m_mask: 0.7955 (0.6830)  rmse_m_mask: 1.0128 (0.8708)  normalized_mse_mask: 0.0061 (0.0308)  rmse_m_all: 12.4165 (12.5225)  actual_mask_ratio: 0.0698 (0.0698)  actual_prediction_mask_ratio: 0.2276 (0.2246)  ignored_patch_ratio: 0.0272 (0.0244)  time: 0.1124  data: 0.0001  max mem: 1904
[17:14:43.566655] Epoch: [13]  [ 660/1004]  eta: 0:00:38  lr: 0.000010  loss: 0.0081 (0.0303)  mae_m_mask: 0.7937 (0.6875)  rmse_m_mask: 1.0452 (0.8768)  normalized_mse_mask: 0.0081 (0.0303)  rmse_m_all: 12.3883 (12.5247)  actual_mask_ratio: 0.0713 (0.0698)  actual_prediction_mask_ratio: 0.2292 (0.2246)  ignored_patch_ratio: 0.0204 (0.0246)  time: 0.1128  data: 0.0001  max mem: 1904
[17:14:45.668112] Epoch: [13]  [ 680/1004]  eta: 0:00:36  lr: 0.000010  loss: 0.0054 (0.0304)  mae_m_mask: 0.6057 (0.6893)  rmse_m_mask: 0.7779 (0.8795)  normalized_mse_mask: 0.0054 (0.0304)  rmse_m_all: 12.4967 (12.5352)  actual_mask_ratio: 0.0712 (0.0698)  actual_prediction_mask_ratio: 0.2240 (0.2247)  ignored_patch_ratio: 0.0249 (0.0246)  time: 0.1050  data: 0.0001  max mem: 1904
[17:14:48.194675] Epoch: [13]  [ 700/1004]  eta: 0:00:34  lr: 0.000010  loss: 0.0018 (0.0299)  mae_m_mask: 0.5186 (0.6867)  rmse_m_mask: 0.7125 (0.8761)  normalized_mse_mask: 0.0018 (0.0299)  rmse_m_all: 12.5647 (12.5387)  actual_mask_ratio: 0.0674 (0.0698)  actual_prediction_mask_ratio: 0.2141 (0.2244)  ignored_patch_ratio: 0.0249 (0.0246)  time: 0.1263  data: 0.0539  max mem: 1904
[17:14:50.401797] Epoch: [13]  [ 720/1004]  eta: 0:00:32  lr: 0.000010  loss: 0.0028 (0.0295)  mae_m_mask: 0.6643 (0.6864)  rmse_m_mask: 0.8760 (0.8756)  normalized_mse_mask: 0.0028 (0.0295)  rmse_m_all: 11.9163 (12.5310)  actual_mask_ratio: 0.0678 (0.0697)  actual_prediction_mask_ratio: 0.2222 (0.2243)  ignored_patch_ratio: 0.0204 (0.0246)  time: 0.1103  data: 0.0001  max mem: 1904
[17:14:52.727109] Epoch: [13]  [ 740/1004]  eta: 0:00:29  lr: 0.000010  loss: 0.0045 (0.0291)  mae_m_mask: 0.7194 (0.6903)  rmse_m_mask: 0.9143 (0.8804)  normalized_mse_mask: 0.0045 (0.0291)  rmse_m_all: 12.4544 (12.5581)  actual_mask_ratio: 0.0670 (0.0696)  actual_prediction_mask_ratio: 0.2154 (0.2242)  ignored_patch_ratio: 0.0210 (0.0246)  time: 0.1162  data: 0.0001  max mem: 1904
[17:14:55.048525] Epoch: [13]  [ 760/1004]  eta: 0:00:27  lr: 0.000010  loss: 0.0031 (0.0288)  mae_m_mask: 0.5239 (0.6872)  rmse_m_mask: 0.6589 (0.8765)  normalized_mse_mask: 0.0031 (0.0288)  rmse_m_all: 12.6318 (12.5617)  actual_mask_ratio: 0.0686 (0.0696)  actual_prediction_mask_ratio: 0.2250 (0.2242)  ignored_patch_ratio: 0.0300 (0.0247)  time: 0.1160  data: 0.0001  max mem: 1904
[17:14:57.384133] Epoch: [13]  [ 780/1004]  eta: 0:00:25  lr: 0.000010  loss: 0.0067 (0.0285)  mae_m_mask: 0.6867 (0.6884)  rmse_m_mask: 0.9251 (0.8782)  normalized_mse_mask: 0.0067 (0.0285)  rmse_m_all: 12.6370 (12.5797)  actual_mask_ratio: 0.0718 (0.0697)  actual_prediction_mask_ratio: 0.2250 (0.2241)  ignored_patch_ratio: 0.0221 (0.0247)  time: 0.1167  data: 0.0001  max mem: 1904
[17:14:59.699352] Epoch: [13]  [ 800/1004]  eta: 0:00:23  lr: 0.000010  loss: 0.0033 (0.0285)  mae_m_mask: 0.6142 (0.6878)  rmse_m_mask: 0.8161 (0.8773)  normalized_mse_mask: 0.0033 (0.0285)  rmse_m_all: 11.4921 (12.5684)  actual_mask_ratio: 0.0698 (0.0696)  actual_prediction_mask_ratio: 0.2222 (0.2243)  ignored_patch_ratio: 0.0164 (0.0245)  time: 0.1157  data: 0.0001  max mem: 1904
[17:15:02.013085] Epoch: [13]  [ 820/1004]  eta: 0:00:20  lr: 0.000010  loss: 0.0087 (0.0284)  mae_m_mask: 0.5651 (0.6867)  rmse_m_mask: 0.7004 (0.8756)  normalized_mse_mask: 0.0087 (0.0284)  rmse_m_all: 11.6063 (12.5548)  actual_mask_ratio: 0.0712 (0.0697)  actual_prediction_mask_ratio: 0.2304 (0.2244)  ignored_patch_ratio: 0.0176 (0.0244)  time: 0.1157  data: 0.0001  max mem: 1904
[17:15:04.307348] Epoch: [13]  [ 840/1004]  eta: 0:00:18  lr: 0.000010  loss: 0.0021 (0.0283)  mae_m_mask: 0.5260 (0.6831)  rmse_m_mask: 0.6787 (0.8715)  normalized_mse_mask: 0.0021 (0.0283)  rmse_m_all: 14.0761 (12.5911)  actual_mask_ratio: 0.0692 (0.0697)  actual_prediction_mask_ratio: 0.2213 (0.2245)  ignored_patch_ratio: 0.0204 (0.0244)  time: 0.1147  data: 0.0001  max mem: 1904
[17:15:06.602614] Epoch: [13]  [ 860/1004]  eta: 0:00:16  lr: 0.000010  loss: 0.0045 (0.0281)  mae_m_mask: 0.5658 (0.6815)  rmse_m_mask: 0.7529 (0.8696)  normalized_mse_mask: 0.0045 (0.0281)  rmse_m_all: 14.1610 (12.6140)  actual_mask_ratio: 0.0713 (0.0697)  actual_prediction_mask_ratio: 0.2283 (0.2245)  ignored_patch_ratio: 0.0210 (0.0244)  time: 0.1147  data: 0.0001  max mem: 1904
[17:15:08.911775] Epoch: [13]  [ 880/1004]  eta: 0:00:14  lr: 0.000010  loss: 0.0047 (0.0280)  mae_m_mask: 0.6447 (0.6835)  rmse_m_mask: 0.8225 (0.8715)  normalized_mse_mask: 0.0047 (0.0280)  rmse_m_all: 13.7760 (12.6280)  actual_mask_ratio: 0.0713 (0.0698)  actual_prediction_mask_ratio: 0.2297 (0.2247)  ignored_patch_ratio: 0.0227 (0.0244)  time: 0.1154  data: 0.0001  max mem: 1904
[17:15:11.228743] Epoch: [13]  [ 900/1004]  eta: 0:00:11  lr: 0.000010  loss: 0.0019 (0.0277)  mae_m_mask: 0.5887 (0.6832)  rmse_m_mask: 0.7779 (0.8706)  normalized_mse_mask: 0.0019 (0.0277)  rmse_m_all: 12.5304 (12.6379)  actual_mask_ratio: 0.0730 (0.0698)  actual_prediction_mask_ratio: 0.2321 (0.2249)  ignored_patch_ratio: 0.0346 (0.0245)  time: 0.1158  data: 0.0001  max mem: 1904
[17:15:13.539272] Epoch: [13]  [ 920/1004]  eta: 0:00:09  lr: 0.000010  loss: 0.0044 (0.0276)  mae_m_mask: 0.6036 (0.6834)  rmse_m_mask: 0.8314 (0.8715)  normalized_mse_mask: 0.0044 (0.0276)  rmse_m_all: 13.6481 (12.6514)  actual_mask_ratio: 0.0688 (0.0698)  actual_prediction_mask_ratio: 0.2241 (0.2248)  ignored_patch_ratio: 0.0232 (0.0245)  time: 0.1155  data: 0.0001  max mem: 1904
[17:15:15.852520] Epoch: [13]  [ 940/1004]  eta: 0:00:07  lr: 0.000010  loss: 0.0103 (0.0282)  mae_m_mask: 0.6093 (0.6831)  rmse_m_mask: 0.7889 (0.8711)  normalized_mse_mask: 0.0103 (0.0282)  rmse_m_all: 12.2869 (12.6446)  actual_mask_ratio: 0.0700 (0.0698)  actual_prediction_mask_ratio: 0.2224 (0.2248)  ignored_patch_ratio: 0.0227 (0.0245)  time: 0.1156  data: 0.0001  max mem: 1904
[17:15:18.168086] Epoch: [13]  [ 960/1004]  eta: 0:00:05  lr: 0.000010  loss: 0.0032 (0.0281)  mae_m_mask: 0.6083 (0.6813)  rmse_m_mask: 0.7782 (0.8696)  normalized_mse_mask: 0.0032 (0.0281)  rmse_m_all: 12.4112 (12.6458)  actual_mask_ratio: 0.0678 (0.0698)  actual_prediction_mask_ratio: 0.2260 (0.2248)  ignored_patch_ratio: 0.0244 (0.0244)  time: 0.1157  data: 0.0001  max mem: 1904
[17:15:20.480153] Epoch: [13]  [ 980/1004]  eta: 0:00:02  lr: 0.000010  loss: 0.0024 (0.0278)  mae_m_mask: 0.6504 (0.6812)  rmse_m_mask: 0.8550 (0.8692)  normalized_mse_mask: 0.0024 (0.0278)  rmse_m_all: 10.7552 (12.6171)  actual_mask_ratio: 0.0695 (0.0698)  actual_prediction_mask_ratio: 0.2243 (0.2247)  ignored_patch_ratio: 0.0266 (0.0245)  time: 0.1156  data: 0.0001  max mem: 1904
[17:15:22.794521] Epoch: [13]  [1000/1004]  eta: 0:00:00  lr: 0.000010  loss: 0.0057 (0.0277)  mae_m_mask: 0.5957 (0.6806)  rmse_m_mask: 0.7654 (0.8685)  normalized_mse_mask: 0.0057 (0.0277)  rmse_m_all: 12.5301 (12.6138)  actual_mask_ratio: 0.0697 (0.0698)  actual_prediction_mask_ratio: 0.2281 (0.2248)  ignored_patch_ratio: 0.0244 (0.0246)  time: 0.1157  data: 0.0001  max mem: 1904
[17:15:23.141253] Epoch: [13]  [1003/1004]  eta: 0:00:00  lr: 0.000010  loss: 0.0057 (0.0277)  mae_m_mask: 0.6924 (0.6806)  rmse_m_mask: 0.7917 (0.8686)  normalized_mse_mask: 0.0057 (0.0277)  rmse_m_all: 12.6921 (12.6129)  actual_mask_ratio: 0.0702 (0.0698)  actual_prediction_mask_ratio: 0.2218 (0.2248)  ignored_patch_ratio: 0.0244 (0.0245)  time: 0.1156  data: 0.0001  max mem: 1904
[17:15:23.246382] Epoch: [13] Total time: 0:01:54 (0.1141 s / it)
[17:15:23.246895] Averaged stats: {'lr': 9.694003832738726e-06, 'loss': 0.027655132817619815, 'mae_m_mask': 0.6792548294666971, 'rmse_m_mask': 0.9236964488957494, 'normalized_mse_mask': 0.027655132817619815, 'rmse_m_all': 12.612866318795785, 'actual_mask_ratio': 0.06984954621954506, 'actual_prediction_mask_ratio': 0.22476818117190642, 'ignored_patch_ratio': 0.024530550813769914, 'supervised_pixel_count': 19824973.0}
[17:15:23.411725] Val: [13]  [  0/288]  eta: 0:00:46  loss: 0.0241 (0.0241)  mae_m_mask: 0.3613 (0.3613)  rmse_m_mask: 0.4749 (0.4749)  normalized_mse_mask: 0.0241 (0.0241)  rmse_m_all: 5.6403 (5.6403)  actual_mask_ratio: 0.0607 (0.0607)  actual_prediction_mask_ratio: 0.2001 (0.2001)  ignored_patch_ratio: 0.0000 (0.0000)  time: 0.1623  data: 0.0769  max mem: 1904
[17:15:27.816944] Val: [13]  [ 50/288]  eta: 0:00:21  loss: 0.0297 (0.0769)  mae_m_mask: 0.2750 (0.2897)  rmse_m_mask: 0.3499 (0.3544)  normalized_mse_mask: 0.0297 (0.0769)  rmse_m_all: 1.0515 (3.7421)  actual_mask_ratio: 0.0663 (0.0715)  actual_prediction_mask_ratio: 0.2336 (0.2372)  ignored_patch_ratio: 0.0000 (0.0000)  time: 0.0873  data: 0.0001  max mem: 1904
[17:15:32.226726] Val: [13]  [100/288]  eta: 0:00:16  loss: 0.1315 (0.1366)  mae_m_mask: 0.2755 (0.3376)  rmse_m_mask: 0.3345 (0.4124)  normalized_mse_mask: 0.1315 (0.1366)  rmse_m_all: 0.7232 (3.2905)  actual_mask_ratio: 0.0714 (0.0723)  actual_prediction_mask_ratio: 0.2239 (0.2366)  ignored_patch_ratio: 0.0000 (0.0000)  time: 0.0873  data: 0.0001  max mem: 1904
[17:15:36.704765] Val: [13]  [150/288]  eta: 0:00:12  loss: 0.0167 (0.1338)  mae_m_mask: 0.2809 (0.3375)  rmse_m_mask: 0.3751 (0.4097)  normalized_mse_mask: 0.0167 (0.1338)  rmse_m_all: 2.2859 (2.9051)  actual_mask_ratio: 0.0743 (0.0723)  actual_prediction_mask_ratio: 0.2443 (0.2367)  ignored_patch_ratio: 0.0000 (0.0000)  time: 0.0896  data: 0.0001  max mem: 1904
[17:15:41.146560] Val: [13]  [200/288]  eta: 0:00:07  loss: 0.3098 (0.1811)  mae_m_mask: 0.2496 (0.3491)  rmse_m_mask: 0.3307 (0.4278)  normalized_mse_mask: 0.3098 (0.1811)  rmse_m_all: 0.4375 (2.4795)  actual_mask_ratio: 0.0743 (0.0732)  actual_prediction_mask_ratio: 0.2545 (0.2410)  ignored_patch_ratio: 0.0000 (0.0000)  time: 0.0887  data: 0.0001  max mem: 1904
[17:15:45.438015] Val: [13]  [250/288]  eta: 0:00:03  loss: 0.0381 (0.1623)  mae_m_mask: 0.2612 (0.3352)  rmse_m_mask: 0.3181 (0.4106)  normalized_mse_mask: 0.0381 (0.1623)  rmse_m_all: 1.2710 (2.3992)  actual_mask_ratio: 0.0822 (0.0748)  actual_prediction_mask_ratio: 0.2591 (0.2448)  ignored_patch_ratio: 0.0000 (0.0000)  time: 0.0869  data: 0.0001  max mem: 1904
[17:15:48.626853] Val: [13]  [287/288]  eta: 0:00:00  loss: 0.0117 (0.1477)  mae_m_mask: 0.2040 (0.3259)  rmse_m_mask: 0.2510 (0.3998)  normalized_mse_mask: 0.0117 (0.1477)  rmse_m_all: 1.0674 (2.5528)  actual_mask_ratio: 0.0760 (0.0749)  actual_prediction_mask_ratio: 0.2523 (0.2453)  ignored_patch_ratio: 0.0000 (0.0000)  time: 0.0857  data: 0.0001  max mem: 1904
[17:15:48.652742] Val: [13] Total time: 0:00:25 (0.0882 s / it)
[17:15:48.654703] val stats: {'loss': 0.14003404095158728, 'mae_m_mask': 0.32645985045465903, 'rmse_m_mask': 0.44976180107196023, 'normalized_mse_mask': 0.14003404095158728, 'rmse_m_all': 2.552826441513995, 'actual_mask_ratio': 0.07494737871456891, 'actual_prediction_mask_ratio': 0.24532247381284833, 'ignored_patch_ratio': 0.0, 'supervised_pixel_count': 5936124.0}
[17:15:52.696873] log_dir: /tank/data/SFS/xinyis/data/bathymetry/MAE-Topography/Downstream_Task_Bathy/cross_validation_v5_Stage2NormMSE_MeterSelect/runs/holdout_CO_D004Stage2NormMSE_MeterSelect_D001NoDataSafe/train_stage2_normMSE_meterSelect_CO_UpperColorado_Topobathy_1_2020_fromStage1Best_e120_lr1e-5_b4_acc4/tb
[17:15:52.881538] Epoch: [14]  [   0/1004]  eta: 0:03:04  lr: 0.000010  loss: 0.0005 (0.0005)  mae_m_mask: 0.4084 (0.4084)  rmse_m_mask: 0.4892 (0.4892)  normalized_mse_mask: 0.0005 (0.0005)  rmse_m_all: 12.6927 (12.6927)  actual_mask_ratio: 0.0699 (0.0699)  actual_prediction_mask_ratio: 0.2176 (0.2176)  ignored_patch_ratio: 0.0023 (0.0023)  time: 0.1842  data: 0.0737  max mem: 1904
[17:15:55.112755] Epoch: [14]  [  20/1004]  eta: 0:01:53  lr: 0.000010  loss: 0.0037 (0.0443)  mae_m_mask: 0.5640 (0.5620)  rmse_m_mask: 0.7739 (0.7382)  normalized_mse_mask: 0.0037 (0.0443)  rmse_m_all: 11.4343 (11.6091)  actual_mask_ratio: 0.0674 (0.0684)  actual_prediction_mask_ratio: 0.2226 (0.2221)  ignored_patch_ratio: 0.0221 (0.0222)  time: 0.1115  data: 0.0001  max mem: 1904
[17:15:57.326150] Epoch: [14]  [  40/1004]  eta: 0:01:48  lr: 0.000010  loss: 0.0041 (0.0350)  mae_m_mask: 0.6032 (0.6049)  rmse_m_mask: 0.8287 (0.7816)  normalized_mse_mask: 0.0041 (0.0350)  rmse_m_all: 12.0567 (11.6168)  actual_mask_ratio: 0.0686 (0.0687)  actual_prediction_mask_ratio: 0.2227 (0.2235)  ignored_patch_ratio: 0.0232 (0.0242)  time: 0.1106  data: 0.0001  max mem: 1904
[17:15:59.275777] Epoch: [14]  [  60/1004]  eta: 0:01:41  lr: 0.000010  loss: 0.0077 (0.0420)  mae_m_mask: 0.6043 (0.6265)  rmse_m_mask: 0.8386 (0.8087)  normalized_mse_mask: 0.0077 (0.0420)  rmse_m_all: 12.3336 (12.0601)  actual_mask_ratio: 0.0709 (0.0688)  actual_prediction_mask_ratio: 0.2246 (0.2223)  ignored_patch_ratio: 0.0244 (0.0250)  time: 0.0974  data: 0.0187  max mem: 1904
[17:16:02.088486] Epoch: [14]  [  80/1004]  eta: 0:01:47  lr: 0.000010  loss: 0.0048 (0.0406)  mae_m_mask: 0.5222 (0.5972)  rmse_m_mask: 0.6431 (0.7707)  normalized_mse_mask: 0.0048 (0.0406)  rmse_m_all: 12.2975 (12.0599)  actual_mask_ratio: 0.0684 (0.0686)  actual_prediction_mask_ratio: 0.2112 (0.2211)  ignored_patch_ratio: 0.0255 (0.0249)  time: 0.1406  data: 0.0340  max mem: 1904
[17:16:04.418086] Epoch: [14]  [ 100/1004]  eta: 0:01:44  lr: 0.000010  loss: 0.0117 (0.0393)  mae_m_mask: 0.6162 (0.6142)  rmse_m_mask: 0.8022 (0.7954)  normalized_mse_mask: 0.0117 (0.0393)  rmse_m_all: 12.3485 (12.2411)  actual_mask_ratio: 0.0706 (0.0688)  actual_prediction_mask_ratio: 0.2189 (0.2202)  ignored_patch_ratio: 0.0215 (0.0249)  time: 0.1164  data: 0.0001  max mem: 1904
[17:16:06.728359] Epoch: [14]  [ 120/1004]  eta: 0:01:42  lr: 0.000010  loss: 0.0056 (0.0436)  mae_m_mask: 0.6658 (0.6281)  rmse_m_mask: 0.8287 (0.8058)  normalized_mse_mask: 0.0056 (0.0436)  rmse_m_all: 12.8561 (12.2621)  actual_mask_ratio: 0.0692 (0.0689)  actual_prediction_mask_ratio: 0.2382 (0.2223)  ignored_patch_ratio: 0.0170 (0.0239)  time: 0.1155  data: 0.0001  max mem: 1904
[17:16:09.037221] Epoch: [14]  [ 140/1004]  eta: 0:01:40  lr: 0.000010  loss: 0.0026 (0.0385)  mae_m_mask: 0.5526 (0.6182)  rmse_m_mask: 0.7025 (0.7927)  normalized_mse_mask: 0.0026 (0.0385)  rmse_m_all: 13.7027 (12.4150)  actual_mask_ratio: 0.0696 (0.0690)  actual_prediction_mask_ratio: 0.2164 (0.2226)  ignored_patch_ratio: 0.0187 (0.0233)  time: 0.1154  data: 0.0001  max mem: 1904
[17:16:11.359795] Epoch: [14]  [ 160/1004]  eta: 0:01:37  lr: 0.000010  loss: 0.0057 (0.0355)  mae_m_mask: 0.6715 (0.6261)  rmse_m_mask: 0.8824 (0.8041)  normalized_mse_mask: 0.0057 (0.0355)  rmse_m_all: 11.8130 (12.3636)  actual_mask_ratio: 0.0680 (0.0689)  actual_prediction_mask_ratio: 0.2078 (0.2218)  ignored_patch_ratio: 0.0204 (0.0233)  time: 0.1161  data: 0.0001  max mem: 1904
[17:16:13.695523] Epoch: [14]  [ 180/1004]  eta: 0:01:35  lr: 0.000010  loss: 0.0079 (0.0350)  mae_m_mask: 0.6193 (0.6313)  rmse_m_mask: 0.7801 (0.8114)  normalized_mse_mask: 0.0079 (0.0350)  rmse_m_all: 11.5622 (12.3232)  actual_mask_ratio: 0.0723 (0.0692)  actual_prediction_mask_ratio: 0.2300 (0.2227)  ignored_patch_ratio: 0.0176 (0.0231)  time: 0.1167  data: 0.0001  max mem: 1904
[17:16:15.959495] Epoch: [14]  [ 200/1004]  eta: 0:01:33  lr: 0.000010  loss: 0.0136 (0.0336)  mae_m_mask: 0.7231 (0.6427)  rmse_m_mask: 0.8901 (0.8307)  normalized_mse_mask: 0.0136 (0.0336)  rmse_m_all: 11.3160 (12.2774)  actual_mask_ratio: 0.0690 (0.0693)  actual_prediction_mask_ratio: 0.2247 (0.2232)  ignored_patch_ratio: 0.0255 (0.0233)  time: 0.1132  data: 0.0001  max mem: 1904
[17:16:18.226961] Epoch: [14]  [ 220/1004]  eta: 0:01:30  lr: 0.000010  loss: 0.0083 (0.0325)  mae_m_mask: 0.7029 (0.6504)  rmse_m_mask: 0.9151 (0.8420)  normalized_mse_mask: 0.0083 (0.0325)  rmse_m_all: 11.6109 (12.2191)  actual_mask_ratio: 0.0707 (0.0693)  actual_prediction_mask_ratio: 0.2316 (0.2235)  ignored_patch_ratio: 0.0295 (0.0238)  time: 0.1133  data: 0.0001  max mem: 1904
[17:16:20.497302] Epoch: [14]  [ 240/1004]  eta: 0:01:28  lr: 0.000010  loss: 0.0288 (0.0343)  mae_m_mask: 0.5866 (0.6511)  rmse_m_mask: 0.7620 (0.8414)  normalized_mse_mask: 0.0288 (0.0343)  rmse_m_all: 11.7746 (12.1568)  actual_mask_ratio: 0.0699 (0.0694)  actual_prediction_mask_ratio: 0.2279 (0.2240)  ignored_patch_ratio: 0.0136 (0.0232)  time: 0.1135  data: 0.0001  max mem: 1904
[17:16:22.746835] Epoch: [14]  [ 260/1004]  eta: 0:01:25  lr: 0.000010  loss: 0.0079 (0.0333)  mae_m_mask: 0.5814 (0.6463)  rmse_m_mask: 0.6954 (0.8335)  normalized_mse_mask: 0.0079 (0.0333)  rmse_m_all: 12.6920 (12.2080)  actual_mask_ratio: 0.0677 (0.0693)  actual_prediction_mask_ratio: 0.2187 (0.2237)  ignored_patch_ratio: 0.0278 (0.0236)  time: 0.1124  data: 0.0001  max mem: 1904
[17:16:25.023938] Epoch: [14]  [ 280/1004]  eta: 0:01:23  lr: 0.000010  loss: 0.0015 (0.0318)  mae_m_mask: 0.5778 (0.6427)  rmse_m_mask: 0.7297 (0.8311)  normalized_mse_mask: 0.0015 (0.0318)  rmse_m_all: 11.8083 (12.2581)  actual_mask_ratio: 0.0680 (0.0693)  actual_prediction_mask_ratio: 0.2228 (0.2235)  ignored_patch_ratio: 0.0193 (0.0236)  time: 0.1138  data: 0.0001  max mem: 1904
[17:16:27.285815] Epoch: [14]  [ 300/1004]  eta: 0:01:20  lr: 0.000010  loss: 0.0257 (0.0322)  mae_m_mask: 0.5402 (0.6388)  rmse_m_mask: 0.7323 (0.8279)  normalized_mse_mask: 0.0257 (0.0322)  rmse_m_all: 11.1397 (12.2356)  actual_mask_ratio: 0.0699 (0.0694)  actual_prediction_mask_ratio: 0.2217 (0.2235)  ignored_patch_ratio: 0.0232 (0.0237)  time: 0.1131  data: 0.0001  max mem: 1904
[17:16:29.544740] Epoch: [14]  [ 320/1004]  eta: 0:01:18  lr: 0.000010  loss: 0.0117 (0.0326)  mae_m_mask: 0.5030 (0.6342)  rmse_m_mask: 0.6370 (0.8221)  normalized_mse_mask: 0.0117 (0.0326)  rmse_m_all: 10.9853 (12.2321)  actual_mask_ratio: 0.0689 (0.0694)  actual_prediction_mask_ratio: 0.2243 (0.2233)  ignored_patch_ratio: 0.0215 (0.0237)  time: 0.1129  data: 0.0001  max mem: 1904
[17:16:31.808151] Epoch: [14]  [ 340/1004]  eta: 0:01:16  lr: 0.000010  loss: 0.0063 (0.0318)  mae_m_mask: 0.5644 (0.6359)  rmse_m_mask: 0.7422 (0.8235)  normalized_mse_mask: 0.0063 (0.0318)  rmse_m_all: 14.2871 (12.3077)  actual_mask_ratio: 0.0711 (0.0695)  actual_prediction_mask_ratio: 0.2283 (0.2238)  ignored_patch_ratio: 0.0130 (0.0235)  time: 0.1131  data: 0.0001  max mem: 1904
[17:16:34.073759] Epoch: [14]  [ 360/1004]  eta: 0:01:13  lr: 0.000010  loss: 0.0027 (0.0314)  mae_m_mask: 0.6402 (0.6361)  rmse_m_mask: 0.7697 (0.8213)  normalized_mse_mask: 0.0027 (0.0314)  rmse_m_all: 12.7392 (12.3707)  actual_mask_ratio: 0.0700 (0.0695)  actual_prediction_mask_ratio: 0.2218 (0.2237)  ignored_patch_ratio: 0.0232 (0.0237)  time: 0.1132  data: 0.0001  max mem: 1904
[17:16:36.362264] Epoch: [14]  [ 380/1004]  eta: 0:01:11  lr: 0.000010  loss: 0.0030 (0.0303)  mae_m_mask: 0.6887 (0.6411)  rmse_m_mask: 0.7914 (0.8282)  normalized_mse_mask: 0.0030 (0.0303)  rmse_m_all: 12.8265 (12.3965)  actual_mask_ratio: 0.0660 (0.0694)  actual_prediction_mask_ratio: 0.2099 (0.2231)  ignored_patch_ratio: 0.0204 (0.0238)  time: 0.1144  data: 0.0001  max mem: 1904
[17:16:38.625490] Epoch: [14]  [ 400/1004]  eta: 0:01:09  lr: 0.000010  loss: 0.0072 (0.0297)  mae_m_mask: 0.5983 (0.6411)  rmse_m_mask: 0.7588 (0.8290)  normalized_mse_mask: 0.0072 (0.0297)  rmse_m_all: 11.8990 (12.3833)  actual_mask_ratio: 0.0688 (0.0694)  actual_prediction_mask_ratio: 0.2247 (0.2231)  ignored_patch_ratio: 0.0210 (0.0237)  time: 0.1131  data: 0.0001  max mem: 1904
[17:16:40.877599] Epoch: [14]  [ 420/1004]  eta: 0:01:06  lr: 0.000010  loss: 0.0025 (0.0294)  mae_m_mask: 0.5520 (0.6408)  rmse_m_mask: 0.7797 (0.8283)  normalized_mse_mask: 0.0025 (0.0294)  rmse_m_all: 13.8434 (12.4419)  actual_mask_ratio: 0.0720 (0.0694)  actual_prediction_mask_ratio: 0.2289 (0.2233)  ignored_patch_ratio: 0.0198 (0.0236)  time: 0.1126  data: 0.0001  max mem: 1904
[17:16:43.137633] Epoch: [14]  [ 440/1004]  eta: 0:01:04  lr: 0.000010  loss: 0.0055 (0.0294)  mae_m_mask: 0.6593 (0.6426)  rmse_m_mask: 0.8341 (0.8295)  normalized_mse_mask: 0.0055 (0.0294)  rmse_m_all: 13.0640 (12.4582)  actual_mask_ratio: 0.0695 (0.0694)  actual_prediction_mask_ratio: 0.2213 (0.2233)  ignored_patch_ratio: 0.0272 (0.0239)  time: 0.1130  data: 0.0001  max mem: 1904
[17:16:45.412419] Epoch: [14]  [ 460/1004]  eta: 0:01:02  lr: 0.000010  loss: 0.0173 (0.0297)  mae_m_mask: 0.5263 (0.6397)  rmse_m_mask: 0.7164 (0.8252)  normalized_mse_mask: 0.0173 (0.0297)  rmse_m_all: 12.1272 (12.4066)  actual_mask_ratio: 0.0710 (0.0695)  actual_prediction_mask_ratio: 0.2330 (0.2236)  ignored_patch_ratio: 0.0261 (0.0239)  time: 0.1137  data: 0.0001  max mem: 1904
[17:16:47.693323] Epoch: [14]  [ 480/1004]  eta: 0:00:59  lr: 0.000010  loss: 0.0031 (0.0302)  mae_m_mask: 0.5240 (0.6357)  rmse_m_mask: 0.6919 (0.8202)  normalized_mse_mask: 0.0031 (0.0302)  rmse_m_all: 12.9007 (12.4067)  actual_mask_ratio: 0.0705 (0.0695)  actual_prediction_mask_ratio: 0.2231 (0.2238)  ignored_patch_ratio: 0.0249 (0.0241)  time: 0.1140  data: 0.0001  max mem: 1904
[17:16:49.973964] Epoch: [14]  [ 500/1004]  eta: 0:00:57  lr: 0.000010  loss: 0.0081 (0.0300)  mae_m_mask: 0.6895 (0.6382)  rmse_m_mask: 0.7963 (0.8212)  normalized_mse_mask: 0.0081 (0.0300)  rmse_m_all: 12.1770 (12.4210)  actual_mask_ratio: 0.0679 (0.0695)  actual_prediction_mask_ratio: 0.2240 (0.2238)  ignored_patch_ratio: 0.0272 (0.0243)  time: 0.1140  data: 0.0001  max mem: 1904
[17:16:52.229586] Epoch: [14]  [ 520/1004]  eta: 0:00:55  lr: 0.000010  loss: 0.0037 (0.0296)  mae_m_mask: 0.7686 (0.6421)  rmse_m_mask: 0.9573 (0.8262)  normalized_mse_mask: 0.0037 (0.0296)  rmse_m_all: 13.6209 (12.4869)  actual_mask_ratio: 0.0699 (0.0696)  actual_prediction_mask_ratio: 0.2200 (0.2238)  ignored_patch_ratio: 0.0272 (0.0244)  time: 0.1127  data: 0.0001  max mem: 1904
[17:16:54.482566] Epoch: [14]  [ 540/1004]  eta: 0:00:52  lr: 0.000010  loss: 0.0074 (0.0290)  mae_m_mask: 0.6665 (0.6435)  rmse_m_mask: 0.8748 (0.8272)  normalized_mse_mask: 0.0074 (0.0290)  rmse_m_all: 12.8398 (12.4706)  actual_mask_ratio: 0.0728 (0.0697)  actual_prediction_mask_ratio: 0.2334 (0.2242)  ignored_patch_ratio: 0.0221 (0.0244)  time: 0.1126  data: 0.0001  max mem: 1904
[17:16:56.741071] Epoch: [14]  [ 560/1004]  eta: 0:00:50  lr: 0.000010  loss: 0.0069 (0.0293)  mae_m_mask: 0.5755 (0.6421)  rmse_m_mask: 0.7118 (0.8253)  normalized_mse_mask: 0.0069 (0.0293)  rmse_m_all: 12.7585 (12.4407)  actual_mask_ratio: 0.0699 (0.0697)  actual_prediction_mask_ratio: 0.2241 (0.2242)  ignored_patch_ratio: 0.0142 (0.0243)  time: 0.1129  data: 0.0001  max mem: 1904
[17:16:59.023472] Epoch: [14]  [ 580/1004]  eta: 0:00:48  lr: 0.000010  loss: 0.0020 (0.0287)  mae_m_mask: 0.5561 (0.6395)  rmse_m_mask: 0.7416 (0.8233)  normalized_mse_mask: 0.0020 (0.0287)  rmse_m_all: 11.7840 (12.4506)  actual_mask_ratio: 0.0712 (0.0697)  actual_prediction_mask_ratio: 0.2258 (0.2244)  ignored_patch_ratio: 0.0176 (0.0243)  time: 0.1141  data: 0.0001  max mem: 1904
[17:17:01.296942] Epoch: [14]  [ 600/1004]  eta: 0:00:46  lr: 0.000010  loss: 0.0031 (0.0287)  mae_m_mask: 0.5635 (0.6377)  rmse_m_mask: 0.6725 (0.8206)  normalized_mse_mask: 0.0031 (0.0287)  rmse_m_all: 14.3279 (12.5007)  actual_mask_ratio: 0.0704 (0.0698)  actual_prediction_mask_ratio: 0.2330 (0.2246)  ignored_patch_ratio: 0.0232 (0.0243)  time: 0.1136  data: 0.0001  max mem: 1904
[17:17:03.144928] Epoch: [14]  [ 620/1004]  eta: 0:00:43  lr: 0.000010  loss: 0.0076 (0.0286)  mae_m_mask: 0.5449 (0.6365)  rmse_m_mask: 0.7218 (0.8194)  normalized_mse_mask: 0.0076 (0.0286)  rmse_m_all: 10.3967 (12.4668)  actual_mask_ratio: 0.0741 (0.0699)  actual_prediction_mask_ratio: 0.2346 (0.2250)  ignored_patch_ratio: 0.0170 (0.0242)  time: 0.0924  data: 0.0001  max mem: 1904
[17:17:05.809033] Epoch: [14]  [ 640/1004]  eta: 0:00:41  lr: 0.000010  loss: 0.0050 (0.0284)  mae_m_mask: 0.6014 (0.6363)  rmse_m_mask: 0.8024 (0.8191)  normalized_mse_mask: 0.0050 (0.0284)  rmse_m_all: 12.4626 (12.4524)  actual_mask_ratio: 0.0684 (0.0699)  actual_prediction_mask_ratio: 0.2284 (0.2250)  ignored_patch_ratio: 0.0204 (0.0242)  time: 0.1332  data: 0.0510  max mem: 1904
[17:17:07.883397] Epoch: [14]  [ 660/1004]  eta: 0:00:39  lr: 0.000010  loss: 0.0024 (0.0280)  mae_m_mask: 0.6618 (0.6361)  rmse_m_mask: 0.7909 (0.8187)  normalized_mse_mask: 0.0024 (0.0280)  rmse_m_all: 12.9146 (12.4518)  actual_mask_ratio: 0.0713 (0.0699)  actual_prediction_mask_ratio: 0.2248 (0.2251)  ignored_patch_ratio: 0.0215 (0.0243)  time: 0.1037  data: 0.0001  max mem: 1904
[17:17:10.245703] Epoch: [14]  [ 680/1004]  eta: 0:00:36  lr: 0.000010  loss: 0.0070 (0.0279)  mae_m_mask: 0.5198 (0.6346)  rmse_m_mask: 0.6740 (0.8164)  normalized_mse_mask: 0.0070 (0.0279)  rmse_m_all: 12.8453 (12.4728)  actual_mask_ratio: 0.0691 (0.0699)  actual_prediction_mask_ratio: 0.2218 (0.2251)  ignored_patch_ratio: 0.0283 (0.0244)  time: 0.1181  data: 0.0001  max mem: 1904
[17:17:12.627081] Epoch: [14]  [ 700/1004]  eta: 0:00:34  lr: 0.000010  loss: 0.0018 (0.0275)  mae_m_mask: 0.6208 (0.6356)  rmse_m_mask: 0.8023 (0.8170)  normalized_mse_mask: 0.0018 (0.0275)  rmse_m_all: 13.3953 (12.5116)  actual_mask_ratio: 0.0682 (0.0698)  actual_prediction_mask_ratio: 0.2137 (0.2248)  ignored_patch_ratio: 0.0221 (0.0244)  time: 0.1190  data: 0.0001  max mem: 1904
[17:17:14.943389] Epoch: [14]  [ 720/1004]  eta: 0:00:32  lr: 0.000010  loss: 0.0057 (0.0273)  mae_m_mask: 0.6695 (0.6387)  rmse_m_mask: 0.9017 (0.8204)  normalized_mse_mask: 0.0057 (0.0273)  rmse_m_all: 13.6853 (12.5403)  actual_mask_ratio: 0.0662 (0.0697)  actual_prediction_mask_ratio: 0.2161 (0.2244)  ignored_patch_ratio: 0.0272 (0.0245)  time: 0.1158  data: 0.0001  max mem: 1904
[17:17:17.258962] Epoch: [14]  [ 740/1004]  eta: 0:00:30  lr: 0.000010  loss: 0.0050 (0.0271)  mae_m_mask: 0.6010 (0.6412)  rmse_m_mask: 0.7939 (0.8243)  normalized_mse_mask: 0.0050 (0.0271)  rmse_m_all: 12.5029 (12.5617)  actual_mask_ratio: 0.0701 (0.0697)  actual_prediction_mask_ratio: 0.2252 (0.2245)  ignored_patch_ratio: 0.0215 (0.0245)  time: 0.1157  data: 0.0001  max mem: 1904
[17:17:19.579102] Epoch: [14]  [ 760/1004]  eta: 0:00:27  lr: 0.000010  loss: 0.0087 (0.0270)  mae_m_mask: 0.6733 (0.6422)  rmse_m_mask: 0.8125 (0.8256)  normalized_mse_mask: 0.0087 (0.0270)  rmse_m_all: 13.7134 (12.5844)  actual_mask_ratio: 0.0696 (0.0697)  actual_prediction_mask_ratio: 0.2248 (0.2245)  ignored_patch_ratio: 0.0244 (0.0245)  time: 0.1160  data: 0.0001  max mem: 1904
[17:17:21.892333] Epoch: [14]  [ 780/1004]  eta: 0:00:25  lr: 0.000010  loss: 0.0056 (0.0269)  mae_m_mask: 0.5388 (0.6419)  rmse_m_mask: 0.7314 (0.8253)  normalized_mse_mask: 0.0056 (0.0269)  rmse_m_all: 12.0092 (12.5743)  actual_mask_ratio: 0.0711 (0.0698)  actual_prediction_mask_ratio: 0.2233 (0.2245)  ignored_patch_ratio: 0.0227 (0.0245)  time: 0.1156  data: 0.0001  max mem: 1904
[17:17:24.222701] Epoch: [14]  [ 800/1004]  eta: 0:00:23  lr: 0.000010  loss: 0.0058 (0.0272)  mae_m_mask: 0.6534 (0.6423)  rmse_m_mask: 0.8088 (0.8250)  normalized_mse_mask: 0.0058 (0.0272)  rmse_m_all: 11.2439 (12.5524)  actual_mask_ratio: 0.0712 (0.0698)  actual_prediction_mask_ratio: 0.2215 (0.2245)  ignored_patch_ratio: 0.0215 (0.0244)  time: 0.1165  data: 0.0001  max mem: 1904
[17:17:26.553924] Epoch: [14]  [ 820/1004]  eta: 0:00:21  lr: 0.000010  loss: 0.0040 (0.0274)  mae_m_mask: 0.6977 (0.6451)  rmse_m_mask: 0.8818 (0.8283)  normalized_mse_mask: 0.0040 (0.0274)  rmse_m_all: 14.3341 (12.5901)  actual_mask_ratio: 0.0685 (0.0698)  actual_prediction_mask_ratio: 0.2196 (0.2244)  ignored_patch_ratio: 0.0295 (0.0246)  time: 0.1165  data: 0.0001  max mem: 1904
[17:17:28.879902] Epoch: [14]  [ 840/1004]  eta: 0:00:18  lr: 0.000010  loss: 0.0028 (0.0271)  mae_m_mask: 0.6155 (0.6451)  rmse_m_mask: 0.8167 (0.8288)  normalized_mse_mask: 0.0028 (0.0271)  rmse_m_all: 13.3474 (12.6067)  actual_mask_ratio: 0.0680 (0.0698)  actual_prediction_mask_ratio: 0.2195 (0.2244)  ignored_patch_ratio: 0.0244 (0.0247)  time: 0.1163  data: 0.0001  max mem: 1904
[17:17:31.210900] Epoch: [14]  [ 860/1004]  eta: 0:00:16  lr: 0.000010  loss: 0.0079 (0.0274)  mae_m_mask: 0.6708 (0.6474)  rmse_m_mask: 0.8216 (0.8315)  normalized_mse_mask: 0.0079 (0.0274)  rmse_m_all: 11.9451 (12.6176)  actual_mask_ratio: 0.0729 (0.0698)  actual_prediction_mask_ratio: 0.2338 (0.2246)  ignored_patch_ratio: 0.0283 (0.0247)  time: 0.1165  data: 0.0001  max mem: 1904
[17:17:33.540224] Epoch: [14]  [ 880/1004]  eta: 0:00:14  lr: 0.000010  loss: 0.0056 (0.0272)  mae_m_mask: 0.5466 (0.6468)  rmse_m_mask: 0.7069 (0.8302)  normalized_mse_mask: 0.0056 (0.0272)  rmse_m_all: 12.8399 (12.6025)  actual_mask_ratio: 0.0683 (0.0698)  actual_prediction_mask_ratio: 0.2245 (0.2246)  ignored_patch_ratio: 0.0204 (0.0247)  time: 0.1164  data: 0.0001  max mem: 1904
[17:17:35.873827] Epoch: [14]  [ 900/1004]  eta: 0:00:11  lr: 0.000010  loss: 0.0047 (0.0273)  mae_m_mask: 0.5556 (0.6462)  rmse_m_mask: 0.7034 (0.8306)  normalized_mse_mask: 0.0047 (0.0273)  rmse_m_all: 13.0246 (12.5960)  actual_mask_ratio: 0.0712 (0.0698)  actual_prediction_mask_ratio: 0.2252 (0.2246)  ignored_patch_ratio: 0.0232 (0.0247)  time: 0.1166  data: 0.0001  max mem: 1904
[17:17:38.203422] Epoch: [14]  [ 920/1004]  eta: 0:00:09  lr: 0.000010  loss: 0.0036 (0.0274)  mae_m_mask: 0.5883 (0.6461)  rmse_m_mask: 0.7417 (0.8298)  normalized_mse_mask: 0.0036 (0.0274)  rmse_m_all: 12.6412 (12.6055)  actual_mask_ratio: 0.0701 (0.0698)  actual_prediction_mask_ratio: 0.2271 (0.2247)  ignored_patch_ratio: 0.0232 (0.0247)  time: 0.1164  data: 0.0001  max mem: 1904
[17:17:40.535147] Epoch: [14]  [ 940/1004]  eta: 0:00:07  lr: 0.000010  loss: 0.0097 (0.0272)  mae_m_mask: 0.5774 (0.6447)  rmse_m_mask: 0.7041 (0.8281)  normalized_mse_mask: 0.0097 (0.0272)  rmse_m_all: 10.7896 (12.5902)  actual_mask_ratio: 0.0715 (0.0698)  actual_prediction_mask_ratio: 0.2191 (0.2246)  ignored_patch_ratio: 0.0170 (0.0246)  time: 0.1166  data: 0.0001  max mem: 1904
[17:17:42.863111] Epoch: [14]  [ 960/1004]  eta: 0:00:05  lr: 0.000010  loss: 0.0047 (0.0270)  mae_m_mask: 0.7849 (0.6492)  rmse_m_mask: 0.9654 (0.8330)  normalized_mse_mask: 0.0047 (0.0270)  rmse_m_all: 12.9095 (12.6022)  actual_mask_ratio: 0.0686 (0.0698)  actual_prediction_mask_ratio: 0.2293 (0.2247)  ignored_patch_ratio: 0.0238 (0.0247)  time: 0.1164  data: 0.0001  max mem: 1904
[17:17:45.197021] Epoch: [14]  [ 980/1004]  eta: 0:00:02  lr: 0.000010  loss: 0.0033 (0.0270)  mae_m_mask: 0.5953 (0.6499)  rmse_m_mask: 0.7691 (0.8336)  normalized_mse_mask: 0.0033 (0.0270)  rmse_m_all: 12.4500 (12.6050)  actual_mask_ratio: 0.0690 (0.0698)  actual_prediction_mask_ratio: 0.2239 (0.2247)  ignored_patch_ratio: 0.0193 (0.0246)  time: 0.1167  data: 0.0001  max mem: 1904
[17:17:47.525812] Epoch: [14]  [1000/1004]  eta: 0:00:00  lr: 0.000010  loss: 0.0035 (0.0268)  mae_m_mask: 0.5732 (0.6496)  rmse_m_mask: 0.7503 (0.8331)  normalized_mse_mask: 0.0035 (0.0268)  rmse_m_all: 12.3374 (12.5975)  actual_mask_ratio: 0.0703 (0.0699)  actual_prediction_mask_ratio: 0.2269 (0.2248)  ignored_patch_ratio: 0.0238 (0.0246)  time: 0.1164  data: 0.0001  max mem: 1904
[17:17:47.880267] Epoch: [14]  [1003/1004]  eta: 0:00:00  lr: 0.000010  loss: 0.0026 (0.0268)  mae_m_mask: 0.6127 (0.6496)  rmse_m_mask: 0.7893 (0.8331)  normalized_mse_mask: 0.0026 (0.0268)  rmse_m_all: 12.3374 (12.6000)  actual_mask_ratio: 0.0690 (0.0698)  actual_prediction_mask_ratio: 0.2230 (0.2248)  ignored_patch_ratio: 0.0238 (0.0245)  time: 0.1165  data: 0.0001  max mem: 1904
[17:17:47.933889] Epoch: [14] Total time: 0:01:55 (0.1148 s / it)
[17:17:47.934121] Averaged stats: {'lr': 9.647571641966985e-06, 'loss': 0.027122976122373837, 'mae_m_mask': 0.6497218671806128, 'rmse_m_mask': 0.8833863081255005, 'normalized_mse_mask': 0.027122976122373837, 'rmse_m_all': 12.600043192327735, 'actual_mask_ratio': 0.06984403268230033, 'actual_prediction_mask_ratio': 0.22476811432446617, 'ignored_patch_ratio': 0.024530549567059218, 'supervised_pixel_count': 19824973.0}
[17:17:48.120578] Val: [14]  [  0/288]  eta: 0:00:52  loss: 0.0237 (0.0237)  mae_m_mask: 0.3489 (0.3489)  rmse_m_mask: 0.4594 (0.4594)  normalized_mse_mask: 0.0237 (0.0237)  rmse_m_all: 5.6488 (5.6488)  actual_mask_ratio: 0.0607 (0.0607)  actual_prediction_mask_ratio: 0.2001 (0.2001)  ignored_patch_ratio: 0.0000 (0.0000)  time: 0.1840  data: 0.0811  max mem: 1904
[17:17:52.590161] Val: [14]  [ 50/288]  eta: 0:00:21  loss: 0.0458 (0.0913)  mae_m_mask: 0.2980 (0.3112)  rmse_m_mask: 0.3670 (0.3760)  normalized_mse_mask: 0.0458 (0.0913)  rmse_m_all: 1.0558 (3.7583)  actual_mask_ratio: 0.0663 (0.0715)  actual_prediction_mask_ratio: 0.2336 (0.2372)  ignored_patch_ratio: 0.0000 (0.0000)  time: 0.0899  data: 0.0001  max mem: 1904
[17:17:56.971210] Val: [14]  [100/288]  eta: 0:00:16  loss: 0.1840 (0.1554)  mae_m_mask: 0.3115 (0.3668)  rmse_m_mask: 0.3668 (0.4417)  normalized_mse_mask: 0.1840 (0.1554)  rmse_m_all: 0.7353 (3.3008)  actual_mask_ratio: 0.0714 (0.0723)  actual_prediction_mask_ratio: 0.2239 (0.2366)  ignored_patch_ratio: 0.0000 (0.0000)  time: 0.0876  data: 0.0001  max mem: 1904
[17:18:01.435856] Val: [14]  [150/288]  eta: 0:00:12  loss: 0.0229 (0.1545)  mae_m_mask: 0.4044 (0.3778)  rmse_m_mask: 0.4539 (0.4505)  normalized_mse_mask: 0.0229 (0.1545)  rmse_m_all: 2.2917 (2.9123)  actual_mask_ratio: 0.0743 (0.0723)  actual_prediction_mask_ratio: 0.2443 (0.2367)  ignored_patch_ratio: 0.0000 (0.0000)  time: 0.0892  data: 0.0001  max mem: 1904
[17:18:05.844101] Val: [14]  [200/288]  eta: 0:00:07  loss: 0.3821 (0.1949)  mae_m_mask: 0.2597 (0.3784)  rmse_m_mask: 0.3337 (0.4565)  normalized_mse_mask: 0.3821 (0.1949)  rmse_m_all: 0.4381 (2.4833)  actual_mask_ratio: 0.0743 (0.0732)  actual_prediction_mask_ratio: 0.2545 (0.2410)  ignored_patch_ratio: 0.0000 (0.0000)  time: 0.0867  data: 0.0001  max mem: 1904
[17:18:10.029141] Val: [14]  [250/288]  eta: 0:00:03  loss: 0.0461 (0.1757)  mae_m_mask: 0.3416 (0.3632)  rmse_m_mask: 0.3971 (0.4380)  normalized_mse_mask: 0.0461 (0.1757)  rmse_m_all: 1.2851 (2.4031)  actual_mask_ratio: 0.0822 (0.0748)  actual_prediction_mask_ratio: 0.2591 (0.2448)  ignored_patch_ratio: 0.0000 (0.0000)  time: 0.0868  data: 0.0001  max mem: 1904
[17:18:13.220358] Val: [14]  [287/288]  eta: 0:00:00  loss: 0.0248 (0.1610)  mae_m_mask: 0.2731 (0.3540)  rmse_m_mask: 0.3176 (0.4273)  normalized_mse_mask: 0.0248 (0.1610)  rmse_m_all: 1.0666 (2.5571)  actual_mask_ratio: 0.0760 (0.0749)  actual_prediction_mask_ratio: 0.2523 (0.2453)  ignored_patch_ratio: 0.0000 (0.0000)  time: 0.0856  data: 0.0001  max mem: 1904
[17:18:13.249870] Val: [14] Total time: 0:00:25 (0.0879 s / it)
[17:18:13.251155] val stats: {'loss': 0.1535402554624667, 'mae_m_mask': 0.357782146259186, 'rmse_m_mask': 0.487749584813699, 'normalized_mse_mask': 0.1535402554624667, 'rmse_m_all': 2.557133892654545, 'actual_mask_ratio': 0.07494737871456891, 'actual_prediction_mask_ratio': 0.24532247381284833, 'ignored_patch_ratio': 0.0, 'supervised_pixel_count': 5936124.0}
[17:18:17.092820] log_dir: /tank/data/SFS/xinyis/data/bathymetry/MAE-Topography/Downstream_Task_Bathy/cross_validation_v5_Stage2NormMSE_MeterSelect/runs/holdout_CO_D004Stage2NormMSE_MeterSelect_D001NoDataSafe/train_stage2_normMSE_meterSelect_CO_UpperColorado_Topobathy_1_2020_fromStage1Best_e120_lr1e-5_b4_acc4/tb
[17:18:17.277144] Epoch: [15]  [   0/1004]  eta: 0:03:04  lr: 0.000010  loss: 0.0132 (0.0132)  mae_m_mask: 0.5400 (0.5400)  rmse_m_mask: 0.6999 (0.6999)  normalized_mse_mask: 0.0132 (0.0132)  rmse_m_all: 9.2257 (9.2257)  actual_mask_ratio: 0.0670 (0.0670)  actual_prediction_mask_ratio: 0.2347 (0.2347)  ignored_patch_ratio: 0.0266 (0.0266)  time: 0.1838  data: 0.0763  max mem: 1904
[17:18:19.523207] Epoch: [15]  [  20/1004]  eta: 0:01:53  lr: 0.000010  loss: 0.0088 (0.0281)  mae_m_mask: 0.6055 (0.6830)  rmse_m_mask: 0.7613 (0.8882)  normalized_mse_mask: 0.0088 (0.0281)  rmse_m_all: 13.3645 (13.2959)  actual_mask_ratio: 0.0692 (0.0696)  actual_prediction_mask_ratio: 0.2263 (0.2263)  ignored_patch_ratio: 0.0198 (0.0217)  time: 0.1123  data: 0.0001  max mem: 1904
[17:18:21.748691] Epoch: [15]  [  40/1004]  eta: 0:01:49  lr: 0.000010  loss: 0.0098 (0.0256)  mae_m_mask: 0.6563 (0.6587)  rmse_m_mask: 0.8419 (0.8619)  normalized_mse_mask: 0.0098 (0.0256)  rmse_m_all: 12.0914 (13.0362)  actual_mask_ratio: 0.0734 (0.0711)  actual_prediction_mask_ratio: 0.2306 (0.2300)  ignored_patch_ratio: 0.0198 (0.0233)  time: 0.1112  data: 0.0001  max mem: 1904
[17:18:23.910023] Epoch: [15]  [  60/1004]  eta: 0:01:45  lr: 0.000010  loss: 0.0099 (0.0266)  mae_m_mask: 0.6336 (0.6433)  rmse_m_mask: 0.7927 (0.8415)  normalized_mse_mask: 0.0099 (0.0266)  rmse_m_all: 13.3782 (12.9131)  actual_mask_ratio: 0.0677 (0.0704)  actual_prediction_mask_ratio: 0.2132 (0.2258)  ignored_patch_ratio: 0.0249 (0.0240)  time: 0.1080  data: 0.0001  max mem: 1904
[17:18:26.368956] Epoch: [15]  [  80/1004]  eta: 0:01:45  lr: 0.000010  loss: 0.0073 (0.0258)  mae_m_mask: 0.5148 (0.6251)  rmse_m_mask: 0.6468 (0.8118)  normalized_mse_mask: 0.0073 (0.0258)  rmse_m_all: 13.2726 (13.1342)  actual_mask_ratio: 0.0695 (0.0700)  actual_prediction_mask_ratio: 0.2136 (0.2233)  ignored_patch_ratio: 0.0255 (0.0248)  time: 0.1229  data: 0.0474  max mem: 1904
[17:18:28.427699] Epoch: [15]  [ 100/1004]  eta: 0:01:41  lr: 0.000010  loss: 0.0072 (0.0257)  mae_m_mask: 0.5311 (0.6121)  rmse_m_mask: 0.6588 (0.7962)  normalized_mse_mask: 0.0072 (0.0257)  rmse_m_all: 10.6354 (12.8930)  actual_mask_ratio: 0.0735 (0.0706)  actual_prediction_mask_ratio: 0.2313 (0.2256)  ignored_patch_ratio: 0.0227 (0.0244)  time: 0.1029  data: 0.0001  max mem: 1904
[17:18:30.752506] Epoch: [15]  [ 120/1004]  eta: 0:01:39  lr: 0.000010  loss: 0.0123 (0.0247)  mae_m_mask: 0.5456 (0.6064)  rmse_m_mask: 0.7144 (0.7915)  normalized_mse_mask: 0.0123 (0.0247)  rmse_m_all: 12.0749 (12.7038)  actual_mask_ratio: 0.0718 (0.0707)  actual_prediction_mask_ratio: 0.2349 (0.2271)  ignored_patch_ratio: 0.0255 (0.0243)  time: 0.1162  data: 0.0001  max mem: 1904
[17:18:33.022022] Epoch: [15]  [ 140/1004]  eta: 0:01:37  lr: 0.000010  loss: 0.0022 (0.0266)  mae_m_mask: 0.5648 (0.6016)  rmse_m_mask: 0.7282 (0.7874)  normalized_mse_mask: 0.0022 (0.0266)  rmse_m_all: 11.8805 (12.5777)  actual_mask_ratio: 0.0674 (0.0703)  actual_prediction_mask_ratio: 0.2227 (0.2263)  ignored_patch_ratio: 0.0170 (0.0238)  time: 0.1134  data: 0.0001  max mem: 1904
[17:18:35.314700] Epoch: [15]  [ 160/1004]  eta: 0:01:35  lr: 0.000010  loss: 0.0061 (0.0253)  mae_m_mask: 0.5950 (0.6071)  rmse_m_mask: 0.7949 (0.7919)  normalized_mse_mask: 0.0061 (0.0253)  rmse_m_all: 11.0651 (12.4724)  actual_mask_ratio: 0.0684 (0.0700)  actual_prediction_mask_ratio: 0.2203 (0.2253)  ignored_patch_ratio: 0.0232 (0.0243)  time: 0.1146  data: 0.0001  max mem: 1904
[17:18:37.613068] Epoch: [15]  [ 180/1004]  eta: 0:01:33  lr: 0.000010  loss: 0.0115 (0.0245)  mae_m_mask: 0.4933 (0.6011)  rmse_m_mask: 0.6465 (0.7829)  normalized_mse_mask: 0.0115 (0.0245)  rmse_m_all: 11.8678 (12.3949)  actual_mask_ratio: 0.0703 (0.0696)  actual_prediction_mask_ratio: 0.2211 (0.2245)  ignored_patch_ratio: 0.0130 (0.0236)  time: 0.1149  data: 0.0001  max mem: 1904
[17:18:39.885232] Epoch: [15]  [ 200/1004]  eta: 0:01:31  lr: 0.000010  loss: 0.0097 (0.0268)  mae_m_mask: 0.5827 (0.6036)  rmse_m_mask: 0.7301 (0.7856)  normalized_mse_mask: 0.0097 (0.0268)  rmse_m_all: 13.0855 (12.3970)  actual_mask_ratio: 0.0686 (0.0696)  actual_prediction_mask_ratio: 0.2287 (0.2248)  ignored_patch_ratio: 0.0289 (0.0238)  time: 0.1136  data: 0.0001  max mem: 1904
[17:18:42.159616] Epoch: [15]  [ 220/1004]  eta: 0:01:28  lr: 0.000010  loss: 0.0022 (0.0259)  mae_m_mask: 0.6313 (0.6136)  rmse_m_mask: 0.7735 (0.7984)  normalized_mse_mask: 0.0022 (0.0259)  rmse_m_all: 13.0403 (12.4324)  actual_mask_ratio: 0.0682 (0.0697)  actual_prediction_mask_ratio: 0.2275 (0.2250)  ignored_patch_ratio: 0.0244 (0.0241)  time: 0.1137  data: 0.0001  max mem: 1904
[17:18:44.435389] Epoch: [15]  [ 240/1004]  eta: 0:01:26  lr: 0.000010  loss: 0.0136 (0.0261)  mae_m_mask: 0.5326 (0.6187)  rmse_m_mask: 0.6924 (0.8029)  normalized_mse_mask: 0.0136 (0.0261)  rmse_m_all: 12.2115 (12.4423)  actual_mask_ratio: 0.0723 (0.0698)  actual_prediction_mask_ratio: 0.2363 (0.2252)  ignored_patch_ratio: 0.0261 (0.0243)  time: 0.1137  data: 0.0001  max mem: 1904
[17:18:46.719245] Epoch: [15]  [ 260/1004]  eta: 0:01:24  lr: 0.000010  loss: 0.0022 (0.0250)  mae_m_mask: 0.5158 (0.6164)  rmse_m_mask: 0.6815 (0.7983)  normalized_mse_mask: 0.0022 (0.0250)  rmse_m_all: 12.5101 (12.4144)  actual_mask_ratio: 0.0662 (0.0696)  actual_prediction_mask_ratio: 0.2167 (0.2244)  ignored_patch_ratio: 0.0278 (0.0246)  time: 0.1142  data: 0.0001  max mem: 1904
[17:18:49.005062] Epoch: [15]  [ 280/1004]  eta: 0:01:22  lr: 0.000010  loss: 0.0031 (0.0256)  mae_m_mask: 0.5871 (0.6191)  rmse_m_mask: 0.7759 (0.8022)  normalized_mse_mask: 0.0031 (0.0256)  rmse_m_all: 10.2775 (12.3538)  actual_mask_ratio: 0.0675 (0.0695)  actual_prediction_mask_ratio: 0.2228 (0.2243)  ignored_patch_ratio: 0.0136 (0.0242)  time: 0.1143  data: 0.0001  max mem: 1904
[17:18:51.268237] Epoch: [15]  [ 300/1004]  eta: 0:01:19  lr: 0.000010  loss: 0.0042 (0.0257)  mae_m_mask: 0.5312 (0.6182)  rmse_m_mask: 0.7384 (0.7994)  normalized_mse_mask: 0.0042 (0.0257)  rmse_m_all: 12.0481 (12.2983)  actual_mask_ratio: 0.0661 (0.0693)  actual_prediction_mask_ratio: 0.2176 (0.2236)  ignored_patch_ratio: 0.0215 (0.0242)  time: 0.1131  data: 0.0001  max mem: 1904
[17:18:53.534194] Epoch: [15]  [ 320/1004]  eta: 0:01:17  lr: 0.000010  loss: 0.0066 (0.0261)  mae_m_mask: 0.5604 (0.6155)  rmse_m_mask: 0.7216 (0.7957)  normalized_mse_mask: 0.0066 (0.0261)  rmse_m_all: 12.6828 (12.3397)  actual_mask_ratio: 0.0688 (0.0692)  actual_prediction_mask_ratio: 0.2244 (0.2235)  ignored_patch_ratio: 0.0278 (0.0245)  time: 0.1133  data: 0.0001  max mem: 1904
[17:18:55.797338] Epoch: [15]  [ 340/1004]  eta: 0:01:15  lr: 0.000010  loss: 0.0028 (0.0256)  mae_m_mask: 0.5114 (0.6136)  rmse_m_mask: 0.6737 (0.7921)  normalized_mse_mask: 0.0028 (0.0256)  rmse_m_all: 14.0754 (12.4037)  actual_mask_ratio: 0.0694 (0.0693)  actual_prediction_mask_ratio: 0.2263 (0.2235)  ignored_patch_ratio: 0.0221 (0.0244)  time: 0.1131  data: 0.0001  max mem: 1904
[17:18:58.039488] Epoch: [15]  [ 360/1004]  eta: 0:01:13  lr: 0.000010  loss: 0.0039 (0.0249)  mae_m_mask: 0.7007 (0.6220)  rmse_m_mask: 0.8899 (0.8024)  normalized_mse_mask: 0.0039 (0.0249)  rmse_m_all: 14.0259 (12.4964)  actual_mask_ratio: 0.0703 (0.0694)  actual_prediction_mask_ratio: 0.2244 (0.2234)  ignored_patch_ratio: 0.0317 (0.0249)  time: 0.1121  data: 0.0001  max mem: 1904
[17:19:00.300856] Epoch: [15]  [ 380/1004]  eta: 0:01:10  lr: 0.000010  loss: 0.0032 (0.0239)  mae_m_mask: 0.7322 (0.6286)  rmse_m_mask: 0.8862 (0.8089)  normalized_mse_mask: 0.0032 (0.0239)  rmse_m_all: 12.1740 (12.5364)  actual_mask_ratio: 0.0700 (0.0694)  actual_prediction_mask_ratio: 0.2255 (0.2236)  ignored_patch_ratio: 0.0181 (0.0247)  time: 0.1130  data: 0.0001  max mem: 1904
[17:19:02.547078] Epoch: [15]  [ 400/1004]  eta: 0:01:08  lr: 0.000010  loss: 0.0048 (0.0265)  mae_m_mask: 0.6964 (0.6325)  rmse_m_mask: 0.8748 (0.8142)  normalized_mse_mask: 0.0048 (0.0265)  rmse_m_all: 11.8523 (12.4934)  actual_mask_ratio: 0.0683 (0.0694)  actual_prediction_mask_ratio: 0.2151 (0.2234)  ignored_patch_ratio: 0.0181 (0.0246)  time: 0.1123  data: 0.0001  max mem: 1904
[17:19:04.794478] Epoch: [15]  [ 420/1004]  eta: 0:01:06  lr: 0.000010  loss: 0.0054 (0.0264)  mae_m_mask: 0.5752 (0.6326)  rmse_m_mask: 0.7474 (0.8135)  normalized_mse_mask: 0.0054 (0.0264)  rmse_m_all: 12.5678 (12.4734)  actual_mask_ratio: 0.0710 (0.0695)  actual_prediction_mask_ratio: 0.2315 (0.2236)  ignored_patch_ratio: 0.0147 (0.0243)  time: 0.1123  data: 0.0001  max mem: 1904
[17:19:07.044586] Epoch: [15]  [ 440/1004]  eta: 0:01:03  lr: 0.000010  loss: 0.0069 (0.0261)  mae_m_mask: 0.5293 (0.6309)  rmse_m_mask: 0.6748 (0.8103)  normalized_mse_mask: 0.0069 (0.0261)  rmse_m_all: 12.4811 (12.4959)  actual_mask_ratio: 0.0743 (0.0697)  actual_prediction_mask_ratio: 0.2314 (0.2241)  ignored_patch_ratio: 0.0215 (0.0242)  time: 0.1125  data: 0.0001  max mem: 1904
[17:19:09.301243] Epoch: [15]  [ 460/1004]  eta: 0:01:01  lr: 0.000010  loss: 0.0012 (0.0257)  mae_m_mask: 0.6288 (0.6308)  rmse_m_mask: 0.7955 (0.8105)  normalized_mse_mask: 0.0012 (0.0257)  rmse_m_all: 12.0944 (12.5218)  actual_mask_ratio: 0.0685 (0.0696)  actual_prediction_mask_ratio: 0.2239 (0.2240)  ignored_patch_ratio: 0.0244 (0.0243)  time: 0.1128  data: 0.0001  max mem: 1904
[17:19:11.519554] Epoch: [15]  [ 480/1004]  eta: 0:00:59  lr: 0.000010  loss: 0.0072 (0.0260)  mae_m_mask: 0.6400 (0.6348)  rmse_m_mask: 0.8136 (0.8154)  normalized_mse_mask: 0.0072 (0.0260)  rmse_m_all: 14.8807 (12.6257)  actual_mask_ratio: 0.0705 (0.0697)  actual_prediction_mask_ratio: 0.2174 (0.2239)  ignored_patch_ratio: 0.0272 (0.0245)  time: 0.1109  data: 0.0001  max mem: 1904
[17:19:13.718323] Epoch: [15]  [ 500/1004]  eta: 0:00:56  lr: 0.000010  loss: 0.0090 (0.0259)  mae_m_mask: 0.6723 (0.6360)  rmse_m_mask: 0.8131 (0.8175)  normalized_mse_mask: 0.0090 (0.0259)  rmse_m_all: 11.8446 (12.5915)  actual_mask_ratio: 0.0665 (0.0696)  actual_prediction_mask_ratio: 0.2137 (0.2238)  ignored_patch_ratio: 0.0215 (0.0244)  time: 0.1099  data: 0.0001  max mem: 1904
[17:19:15.930514] Epoch: [15]  [ 520/1004]  eta: 0:00:54  lr: 0.000010  loss: 0.0051 (0.0265)  mae_m_mask: 0.6497 (0.6385)  rmse_m_mask: 0.8380 (0.8220)  normalized_mse_mask: 0.0051 (0.0265)  rmse_m_all: 13.4856 (12.6249)  actual_mask_ratio: 0.0675 (0.0696)  actual_prediction_mask_ratio: 0.2200 (0.2236)  ignored_patch_ratio: 0.0255 (0.0245)  time: 0.1106  data: 0.0001  max mem: 1904
[17:19:18.118364] Epoch: [15]  [ 540/1004]  eta: 0:00:52  lr: 0.000010  loss: 0.0030 (0.0259)  mae_m_mask: 0.6463 (0.6392)  rmse_m_mask: 0.7784 (0.8220)  normalized_mse_mask: 0.0030 (0.0259)  rmse_m_all: 12.6326 (12.6519)  actual_mask_ratio: 0.0709 (0.0696)  actual_prediction_mask_ratio: 0.2268 (0.2238)  ignored_patch_ratio: 0.0193 (0.0244)  time: 0.1094  data: 0.0001  max mem: 1904
[17:19:20.122608] Epoch: [15]  [ 560/1004]  eta: 0:00:49  lr: 0.000010  loss: 0.0058 (0.0259)  mae_m_mask: 0.4966 (0.6361)  rmse_m_mask: 0.6614 (0.8193)  normalized_mse_mask: 0.0058 (0.0259)  rmse_m_all: 13.2516 (12.6532)  actual_mask_ratio: 0.0688 (0.0696)  actual_prediction_mask_ratio: 0.2223 (0.2239)  ignored_patch_ratio: 0.0289 (0.0244)  time: 0.1002  data: 0.0001  max mem: 1904
[17:19:22.827285] Epoch: [15]  [ 580/1004]  eta: 0:00:47  lr: 0.000010  loss: 0.0179 (0.0271)  mae_m_mask: 0.5624 (0.6369)  rmse_m_mask: 0.7055 (0.8196)  normalized_mse_mask: 0.0179 (0.0271)  rmse_m_all: 11.7456 (12.6290)  actual_mask_ratio: 0.0697 (0.0696)  actual_prediction_mask_ratio: 0.2276 (0.2241)  ignored_patch_ratio: 0.0181 (0.0243)  time: 0.1352  data: 0.0522  max mem: 1904
[17:19:24.609986] Epoch: [15]  [ 600/1004]  eta: 0:00:45  lr: 0.000010  loss: 0.0070 (0.0268)  mae_m_mask: 0.6362 (0.6370)  rmse_m_mask: 0.7889 (0.8194)  normalized_mse_mask: 0.0070 (0.0268)  rmse_m_all: 12.0458 (12.5841)  actual_mask_ratio: 0.0701 (0.0696)  actual_prediction_mask_ratio: 0.2296 (0.2241)  ignored_patch_ratio: 0.0181 (0.0243)  time: 0.0891  data: 0.0001  max mem: 1904
[17:19:26.893273] Epoch: [15]  [ 620/1004]  eta: 0:00:43  lr: 0.000010  loss: 0.0022 (0.0268)  mae_m_mask: 0.5968 (0.6372)  rmse_m_mask: 0.7455 (0.8208)  normalized_mse_mask: 0.0022 (0.0268)  rmse_m_all: 11.4793 (12.5650)  actual_mask_ratio: 0.0681 (0.0696)  actual_prediction_mask_ratio: 0.2190 (0.2240)  ignored_patch_ratio: 0.0272 (0.0244)  time: 0.1141  data: 0.0001  max mem: 1904
[17:19:29.201632] Epoch: [15]  [ 640/1004]  eta: 0:00:40  lr: 0.000010  loss: 0.0031 (0.0266)  mae_m_mask: 0.5862 (0.6380)  rmse_m_mask: 0.7437 (0.8220)  normalized_mse_mask: 0.0031 (0.0266)  rmse_m_all: 12.5043 (12.5788)  actual_mask_ratio: 0.0712 (0.0697)  actual_prediction_mask_ratio: 0.2269 (0.2242)  ignored_patch_ratio: 0.0227 (0.0245)  time: 0.1154  data: 0.0001  max mem: 1904
[17:19:31.522582] Epoch: [15]  [ 660/1004]  eta: 0:00:38  lr: 0.000010  loss: 0.0027 (0.0261)  mae_m_mask: 0.5752 (0.6366)  rmse_m_mask: 0.6889 (0.8199)  normalized_mse_mask: 0.0027 (0.0261)  rmse_m_all: 11.8906 (12.5764)  actual_mask_ratio: 0.0701 (0.0698)  actual_prediction_mask_ratio: 0.2275 (0.2243)  ignored_patch_ratio: 0.0210 (0.0245)  time: 0.1160  data: 0.0001  max mem: 1904
[17:19:33.828080] Epoch: [15]  [ 680/1004]  eta: 0:00:36  lr: 0.000010  loss: 0.0041 (0.0259)  mae_m_mask: 0.8032 (0.6437)  rmse_m_mask: 0.9893 (0.8275)  normalized_mse_mask: 0.0041 (0.0259)  rmse_m_all: 12.0225 (12.5356)  actual_mask_ratio: 0.0721 (0.0698)  actual_prediction_mask_ratio: 0.2286 (0.2245)  ignored_patch_ratio: 0.0176 (0.0244)  time: 0.1152  data: 0.0001  max mem: 1904
[17:19:36.132098] Epoch: [15]  [ 700/1004]  eta: 0:00:34  lr: 0.000010  loss: 0.0035 (0.0254)  mae_m_mask: 0.7574 (0.6471)  rmse_m_mask: 0.9613 (0.8315)  normalized_mse_mask: 0.0035 (0.0254)  rmse_m_all: 13.2534 (12.5583)  actual_mask_ratio: 0.0686 (0.0698)  actual_prediction_mask_ratio: 0.2255 (0.2244)  ignored_patch_ratio: 0.0283 (0.0245)  time: 0.1152  data: 0.0001  max mem: 1904
[17:19:38.466804] Epoch: [15]  [ 720/1004]  eta: 0:00:32  lr: 0.000010  loss: 0.0062 (0.0252)  mae_m_mask: 0.5197 (0.6458)  rmse_m_mask: 0.6539 (0.8290)  normalized_mse_mask: 0.0062 (0.0252)  rmse_m_all: 11.8516 (12.5406)  actual_mask_ratio: 0.0711 (0.0698)  actual_prediction_mask_ratio: 0.2287 (0.2246)  ignored_patch_ratio: 0.0176 (0.0244)  time: 0.1167  data: 0.0001  max mem: 1904
[17:19:40.775424] Epoch: [15]  [ 740/1004]  eta: 0:00:29  lr: 0.000010  loss: 0.0161 (0.0256)  mae_m_mask: 0.6409 (0.6509)  rmse_m_mask: 0.8490 (0.8353)  normalized_mse_mask: 0.0161 (0.0256)  rmse_m_all: 13.8796 (12.5643)  actual_mask_ratio: 0.0696 (0.0698)  actual_prediction_mask_ratio: 0.2199 (0.2245)  ignored_patch_ratio: 0.0198 (0.0243)  time: 0.1154  data: 0.0001  max mem: 1904
[17:19:43.096250] Epoch: [15]  [ 760/1004]  eta: 0:00:27  lr: 0.000010  loss: 0.0027 (0.0254)  mae_m_mask: 0.6909 (0.6540)  rmse_m_mask: 0.8652 (0.8384)  normalized_mse_mask: 0.0027 (0.0254)  rmse_m_all: 12.4740 (12.5636)  actual_mask_ratio: 0.0687 (0.0698)  actual_prediction_mask_ratio: 0.2146 (0.2245)  ignored_patch_ratio: 0.0249 (0.0244)  time: 0.1160  data: 0.0001  max mem: 1904
[17:19:45.406996] Epoch: [15]  [ 780/1004]  eta: 0:00:25  lr: 0.000010  loss: 0.0055 (0.0259)  mae_m_mask: 0.6475 (0.6569)  rmse_m_mask: 0.7716 (0.8402)  normalized_mse_mask: 0.0055 (0.0259)  rmse_m_all: 13.2015 (12.5621)  actual_mask_ratio: 0.0713 (0.0698)  actual_prediction_mask_ratio: 0.2257 (0.2246)  ignored_patch_ratio: 0.0232 (0.0244)  time: 0.1155  data: 0.0001  max mem: 1904
[17:19:47.706167] Epoch: [15]  [ 800/1004]  eta: 0:00:23  lr: 0.000010  loss: 0.0180 (0.0260)  mae_m_mask: 0.5642 (0.6567)  rmse_m_mask: 0.7328 (0.8400)  normalized_mse_mask: 0.0180 (0.0260)  rmse_m_all: 11.4092 (12.5415)  actual_mask_ratio: 0.0697 (0.0698)  actual_prediction_mask_ratio: 0.2216 (0.2246)  ignored_patch_ratio: 0.0232 (0.0244)  time: 0.1149  data: 0.0001  max mem: 1904
[17:19:50.014204] Epoch: [15]  [ 820/1004]  eta: 0:00:20  lr: 0.000010  loss: 0.0023 (0.0259)  mae_m_mask: 0.5432 (0.6545)  rmse_m_mask: 0.6765 (0.8369)  normalized_mse_mask: 0.0023 (0.0259)  rmse_m_all: 12.6875 (12.5387)  actual_mask_ratio: 0.0709 (0.0698)  actual_prediction_mask_ratio: 0.2244 (0.2246)  ignored_patch_ratio: 0.0255 (0.0245)  time: 0.1154  data: 0.0001  max mem: 1904
[17:19:52.327553] Epoch: [15]  [ 840/1004]  eta: 0:00:18  lr: 0.000010  loss: 0.0029 (0.0259)  mae_m_mask: 0.5272 (0.6535)  rmse_m_mask: 0.6903 (0.8361)  normalized_mse_mask: 0.0029 (0.0259)  rmse_m_all: 12.6864 (12.5397)  actual_mask_ratio: 0.0669 (0.0698)  actual_prediction_mask_ratio: 0.2227 (0.2246)  ignored_patch_ratio: 0.0181 (0.0244)  time: 0.1156  data: 0.0001  max mem: 1904
[17:19:54.611903] Epoch: [15]  [ 860/1004]  eta: 0:00:16  lr: 0.000010  loss: 0.0053 (0.0261)  mae_m_mask: 0.7056 (0.6548)  rmse_m_mask: 0.8638 (0.8378)  normalized_mse_mask: 0.0053 (0.0261)  rmse_m_all: 13.1974 (12.5423)  actual_mask_ratio: 0.0739 (0.0698)  actual_prediction_mask_ratio: 0.2334 (0.2248)  ignored_patch_ratio: 0.0193 (0.0244)  time: 0.1142  data: 0.0001  max mem: 1904
[17:19:56.922400] Epoch: [15]  [ 880/1004]  eta: 0:00:14  lr: 0.000010  loss: 0.0061 (0.0260)  mae_m_mask: 0.5995 (0.6556)  rmse_m_mask: 0.7034 (0.8383)  normalized_mse_mask: 0.0061 (0.0260)  rmse_m_all: 12.6599 (12.5650)  actual_mask_ratio: 0.0689 (0.0698)  actual_prediction_mask_ratio: 0.2245 (0.2247)  ignored_patch_ratio: 0.0142 (0.0243)  time: 0.1155  data: 0.0001  max mem: 1904
[17:19:59.232829] Epoch: [15]  [ 900/1004]  eta: 0:00:11  lr: 0.000010  loss: 0.0084 (0.0260)  mae_m_mask: 0.5841 (0.6541)  rmse_m_mask: 0.7113 (0.8363)  normalized_mse_mask: 0.0084 (0.0260)  rmse_m_all: 11.4919 (12.5580)  actual_mask_ratio: 0.0685 (0.0698)  actual_prediction_mask_ratio: 0.2169 (0.2247)  ignored_patch_ratio: 0.0227 (0.0243)  time: 0.1155  data: 0.0001  max mem: 1904
[17:20:01.528530] Epoch: [15]  [ 920/1004]  eta: 0:00:09  lr: 0.000010  loss: 0.0074 (0.0257)  mae_m_mask: 0.7173 (0.6560)  rmse_m_mask: 0.9793 (0.8389)  normalized_mse_mask: 0.0074 (0.0257)  rmse_m_all: 13.1405 (12.5631)  actual_mask_ratio: 0.0711 (0.0698)  actual_prediction_mask_ratio: 0.2266 (0.2247)  ignored_patch_ratio: 0.0272 (0.0243)  time: 0.1147  data: 0.0001  max mem: 1904
[17:20:03.833694] Epoch: [15]  [ 940/1004]  eta: 0:00:07  lr: 0.000010  loss: 0.0018 (0.0259)  mae_m_mask: 0.6783 (0.6580)  rmse_m_mask: 0.8683 (0.8409)  normalized_mse_mask: 0.0018 (0.0259)  rmse_m_all: 12.8967 (12.5785)  actual_mask_ratio: 0.0679 (0.0698)  actual_prediction_mask_ratio: 0.2193 (0.2246)  ignored_patch_ratio: 0.0306 (0.0245)  time: 0.1152  data: 0.0001  max mem: 1904
[17:20:06.160377] Epoch: [15]  [ 960/1004]  eta: 0:00:04  lr: 0.000010  loss: 0.0050 (0.0258)  mae_m_mask: 0.5842 (0.6570)  rmse_m_mask: 0.7725 (0.8405)  normalized_mse_mask: 0.0050 (0.0258)  rmse_m_all: 12.7806 (12.5749)  actual_mask_ratio: 0.0721 (0.0698)  actual_prediction_mask_ratio: 0.2264 (0.2247)  ignored_patch_ratio: 0.0147 (0.0245)  time: 0.1163  data: 0.0001  max mem: 1904
[17:20:08.494209] Epoch: [15]  [ 980/1004]  eta: 0:00:02  lr: 0.000010  loss: 0.0116 (0.0261)  mae_m_mask: 0.6034 (0.6562)  rmse_m_mask: 0.7767 (0.8396)  normalized_mse_mask: 0.0116 (0.0261)  rmse_m_all: 12.5858 (12.5738)  actual_mask_ratio: 0.0697 (0.0698)  actual_prediction_mask_ratio: 0.2311 (0.2248)  ignored_patch_ratio: 0.0227 (0.0245)  time: 0.1167  data: 0.0001  max mem: 1904
[17:20:10.825058] Epoch: [15]  [1000/1004]  eta: 0:00:00  lr: 0.000010  loss: 0.0023 (0.0263)  mae_m_mask: 0.7053 (0.6576)  rmse_m_mask: 0.8376 (0.8408)  normalized_mse_mask: 0.0023 (0.0263)  rmse_m_all: 13.4743 (12.5726)  actual_mask_ratio: 0.0696 (0.0698)  actual_prediction_mask_ratio: 0.2241 (0.2248)  ignored_patch_ratio: 0.0278 (0.0245)  time: 0.1165  data: 0.0001  max mem: 1904
[17:20:11.177772] Epoch: [15]  [1003/1004]  eta: 0:00:00  lr: 0.000010  loss: 0.0030 (0.0262)  mae_m_mask: 0.7053 (0.6579)  rmse_m_mask: 0.8534 (0.8411)  normalized_mse_mask: 0.0030 (0.0262)  rmse_m_all: 13.5175 (12.5787)  actual_mask_ratio: 0.0688 (0.0698)  actual_prediction_mask_ratio: 0.2201 (0.2247)  ignored_patch_ratio: 0.0278 (0.0245)  time: 0.1164  data: 0.0001  max mem: 1904
[17:20:11.207253] Epoch: [15] Total time: 0:01:54 (0.1137 s / it)
[17:20:11.209914] Averaged stats: {'lr': 9.59798850524567e-06, 'loss': 0.02604288066324617, 'mae_m_mask': 0.6545438304070689, 'rmse_m_mask': 0.8888342922836838, 'normalized_mse_mask': 0.02604288066324617, 'rmse_m_all': 12.578660298509902, 'actual_mask_ratio': 0.06984224670985899, 'actual_prediction_mask_ratio': 0.22473926301971375, 'ignored_patch_ratio': 0.024530550041996627, 'supervised_pixel_count': 19824973.0}
[17:20:11.376047] Val: [15]  [  0/288]  eta: 0:00:47  loss: 0.0253 (0.0253)  mae_m_mask: 0.3905 (0.3905)  rmse_m_mask: 0.5064 (0.5064)  normalized_mse_mask: 0.0253 (0.0253)  rmse_m_all: 5.8331 (5.8331)  actual_mask_ratio: 0.0607 (0.0607)  actual_prediction_mask_ratio: 0.2001 (0.2001)  ignored_patch_ratio: 0.0000 (0.0000)  time: 0.1638  data: 0.0795  max mem: 1904
[17:20:15.862946] Val: [15]  [ 50/288]  eta: 0:00:21  loss: 0.0481 (0.0904)  mae_m_mask: 0.3125 (0.3883)  rmse_m_mask: 0.3691 (0.4628)  normalized_mse_mask: 0.0481 (0.0904)  rmse_m_all: 1.0943 (3.8719)  actual_mask_ratio: 0.0663 (0.0715)  actual_prediction_mask_ratio: 0.2336 (0.2372)  ignored_patch_ratio: 0.0000 (0.0000)  time: 0.0901  data: 0.0001  max mem: 1904
[17:20:20.361567] Val: [15]  [100/288]  eta: 0:00:17  loss: 0.1593 (0.1533)  mae_m_mask: 0.3293 (0.4390)  rmse_m_mask: 0.3907 (0.5187)  normalized_mse_mask: 0.1593 (0.1533)  rmse_m_all: 0.7515 (3.3998)  actual_mask_ratio: 0.0714 (0.0723)  actual_prediction_mask_ratio: 0.2239 (0.2366)  ignored_patch_ratio: 0.0000 (0.0000)  time: 0.0902  data: 0.0001  max mem: 1904
[17:20:24.844733] Val: [15]  [150/288]  eta: 0:00:12  loss: 0.0253 (0.1531)  mae_m_mask: 0.5303 (0.4498)  rmse_m_mask: 0.6342 (0.5263)  normalized_mse_mask: 0.0253 (0.1531)  rmse_m_all: 2.3800 (3.0018)  actual_mask_ratio: 0.0743 (0.0723)  actual_prediction_mask_ratio: 0.2443 (0.2367)  ignored_patch_ratio: 0.0000 (0.0000)  time: 0.0897  data: 0.0001  max mem: 1904
[17:20:29.297931] Val: [15]  [200/288]  eta: 0:00:07  loss: 0.3801 (0.1933)  mae_m_mask: 0.2581 (0.4328)  rmse_m_mask: 0.3316 (0.5135)  normalized_mse_mask: 0.3801 (0.1933)  rmse_m_all: 0.4483 (2.5606)  actual_mask_ratio: 0.0743 (0.0732)  actual_prediction_mask_ratio: 0.2545 (0.2410)  ignored_patch_ratio: 0.0000 (0.0000)  time: 0.0887  data: 0.0001  max mem: 1904
[17:20:33.692071] Val: [15]  [250/288]  eta: 0:00:03  loss: 0.0391 (0.1743)  mae_m_mask: 0.3337 (0.4092)  rmse_m_mask: 0.3845 (0.4864)  normalized_mse_mask: 0.0391 (0.1743)  rmse_m_all: 1.3226 (2.4784)  actual_mask_ratio: 0.0822 (0.0748)  actual_prediction_mask_ratio: 0.2591 (0.2448)  ignored_patch_ratio: 0.0000 (0.0000)  time: 0.0855  data: 0.0001  max mem: 1904
[17:20:36.907965] Val: [15]  [287/288]  eta: 0:00:00  loss: 0.0271 (0.1602)  mae_m_mask: 0.2652 (0.4035)  rmse_m_mask: 0.3171 (0.4791)  normalized_mse_mask: 0.0271 (0.1602)  rmse_m_all: 1.1001 (2.6377)  actual_mask_ratio: 0.0760 (0.0749)  actual_prediction_mask_ratio: 0.2523 (0.2453)  ignored_patch_ratio: 0.0000 (0.0000)  time: 0.0862  data: 0.0001  max mem: 1904
[17:20:36.937313] Val: [15] Total time: 0:00:25 (0.0893 s / it)
[17:20:36.941860] val stats: {'loss': 0.15284115255554034, 'mae_m_mask': 0.4132985186318942, 'rmse_m_mask': 0.5899875774332336, 'normalized_mse_mask': 0.15284115255554034, 'rmse_m_all': 2.637720880823003, 'actual_mask_ratio': 0.07494737871456891, 'actual_prediction_mask_ratio': 0.24532247381284833, 'ignored_patch_ratio': 0.0, 'supervised_pixel_count': 5936124.0}
[17:20:40.982358] log_dir: /tank/data/SFS/xinyis/data/bathymetry/MAE-Topography/Downstream_Task_Bathy/cross_validation_v5_Stage2NormMSE_MeterSelect/runs/holdout_CO_D004Stage2NormMSE_MeterSelect_D001NoDataSafe/train_stage2_normMSE_meterSelect_CO_UpperColorado_Topobathy_1_2020_fromStage1Best_e120_lr1e-5_b4_acc4/tb
[17:20:41.168826] Epoch: [16]  [   0/1004]  eta: 0:03:06  lr: 0.000010  loss: 0.0315 (0.0315)  mae_m_mask: 0.4871 (0.4871)  rmse_m_mask: 0.5803 (0.5803)  normalized_mse_mask: 0.0315 (0.0315)  rmse_m_all: 7.1308 (7.1308)  actual_mask_ratio: 0.0693 (0.0693)  actual_prediction_mask_ratio: 0.2271 (0.2271)  ignored_patch_ratio: 0.0516 (0.0516)  time: 0.1859  data: 0.0717  max mem: 1904
[17:20:43.398144] Epoch: [16]  [  20/1004]  eta: 0:01:53  lr: 0.000010  loss: 0.0033 (0.0205)  mae_m_mask: 0.6665 (0.7146)  rmse_m_mask: 0.8350 (0.8756)  normalized_mse_mask: 0.0033 (0.0205)  rmse_m_all: 12.4316 (12.1441)  actual_mask_ratio: 0.0671 (0.0690)  actual_prediction_mask_ratio: 0.2271 (0.2269)  ignored_patch_ratio: 0.0244 (0.0258)  time: 0.1114  data: 0.0001  max mem: 1904
[17:20:45.634568] Epoch: [16]  [  40/1004]  eta: 0:01:49  lr: 0.000010  loss: 0.0023 (0.0160)  mae_m_mask: 0.5845 (0.6626)  rmse_m_mask: 0.7389 (0.8226)  normalized_mse_mask: 0.0023 (0.0160)  rmse_m_all: 13.0605 (12.4621)  actual_mask_ratio: 0.0689 (0.0692)  actual_prediction_mask_ratio: 0.2217 (0.2260)  ignored_patch_ratio: 0.0238 (0.0259)  time: 0.1118  data: 0.0001  max mem: 1904
[17:20:47.855189] Epoch: [16]  [  60/1004]  eta: 0:01:46  lr: 0.000010  loss: 0.0018 (0.0211)  mae_m_mask: 0.5495 (0.6388)  rmse_m_mask: 0.6998 (0.7967)  normalized_mse_mask: 0.0018 (0.0211)  rmse_m_all: 13.6696 (12.6059)  actual_mask_ratio: 0.0695 (0.0696)  actual_prediction_mask_ratio: 0.2267 (0.2267)  ignored_patch_ratio: 0.0266 (0.0246)  time: 0.1110  data: 0.0001  max mem: 1904
[17:20:49.551176] Epoch: [16]  [  80/1004]  eta: 0:01:37  lr: 0.000010  loss: 0.0023 (0.0189)  mae_m_mask: 0.6682 (0.6545)  rmse_m_mask: 0.8322 (0.8244)  normalized_mse_mask: 0.0023 (0.0189)  rmse_m_all: 13.5221 (12.8190)  actual_mask_ratio: 0.0707 (0.0700)  actual_prediction_mask_ratio: 0.2194 (0.2265)  ignored_patch_ratio: 0.0244 (0.0253)  time: 0.0848  data: 0.0001  max mem: 1904
[17:20:52.249963] Epoch: [16]  [ 100/1004]  eta: 0:01:40  lr: 0.000010  loss: 0.0043 (0.0187)  mae_m_mask: 0.5648 (0.6515)  rmse_m_mask: 0.7747 (0.8287)  normalized_mse_mask: 0.0043 (0.0187)  rmse_m_all: 11.1909 (12.5720)  actual_mask_ratio: 0.0680 (0.0695)  actual_prediction_mask_ratio: 0.2170 (0.2246)  ignored_patch_ratio: 0.0221 (0.0255)  time: 0.1349  data: 0.0493  max mem: 1904
[17:20:54.397119] Epoch: [16]  [ 120/1004]  eta: 0:01:37  lr: 0.000010  loss: 0.0089 (0.0222)  mae_m_mask: 0.4751 (0.6284)  rmse_m_mask: 0.6585 (0.8037)  normalized_mse_mask: 0.0089 (0.0222)  rmse_m_all: 13.5951 (12.6892)  actual_mask_ratio: 0.0665 (0.0692)  actual_prediction_mask_ratio: 0.2208 (0.2240)  ignored_patch_ratio: 0.0210 (0.0251)  time: 0.1073  data: 0.0001  max mem: 1904
[17:20:56.647210] Epoch: [16]  [ 140/1004]  eta: 0:01:35  lr: 0.000010  loss: 0.0036 (0.0219)  mae_m_mask: 0.7265 (0.6443)  rmse_m_mask: 0.8728 (0.8221)  normalized_mse_mask: 0.0036 (0.0219)  rmse_m_all: 13.2720 (12.7508)  actual_mask_ratio: 0.0663 (0.0689)  actual_prediction_mask_ratio: 0.2186 (0.2235)  ignored_patch_ratio: 0.0181 (0.0248)  time: 0.1125  data: 0.0001  max mem: 1904
[17:20:58.926482] Epoch: [16]  [ 160/1004]  eta: 0:01:34  lr: 0.000010  loss: 0.0030 (0.0205)  mae_m_mask: 0.5854 (0.6398)  rmse_m_mask: 0.7230 (0.8153)  normalized_mse_mask: 0.0030 (0.0205)  rmse_m_all: 12.3168 (12.7380)  actual_mask_ratio: 0.0693 (0.0689)  actual_prediction_mask_ratio: 0.2211 (0.2235)  ignored_patch_ratio: 0.0306 (0.0254)  time: 0.1139  data: 0.0001  max mem: 1904
[17:21:01.211781] Epoch: [16]  [ 180/1004]  eta: 0:01:32  lr: 0.000010  loss: 0.0120 (0.0230)  mae_m_mask: 0.5288 (0.6322)  rmse_m_mask: 0.7213 (0.8095)  normalized_mse_mask: 0.0120 (0.0230)  rmse_m_all: 11.6652 (12.6634)  actual_mask_ratio: 0.0680 (0.0690)  actual_prediction_mask_ratio: 0.2272 (0.2236)  ignored_patch_ratio: 0.0215 (0.0254)  time: 0.1142  data: 0.0001  max mem: 1904
[17:21:03.483644] Epoch: [16]  [ 200/1004]  eta: 0:01:29  lr: 0.000010  loss: 0.0062 (0.0233)  mae_m_mask: 0.6192 (0.6386)  rmse_m_mask: 0.7989 (0.8154)  normalized_mse_mask: 0.0062 (0.0233)  rmse_m_all: 11.6649 (12.5710)  actual_mask_ratio: 0.0694 (0.0692)  actual_prediction_mask_ratio: 0.2289 (0.2242)  ignored_patch_ratio: 0.0210 (0.0254)  time: 0.1136  data: 0.0001  max mem: 1904
[17:21:05.739851] Epoch: [16]  [ 220/1004]  eta: 0:01:27  lr: 0.000010  loss: 0.0175 (0.0274)  mae_m_mask: 0.6933 (0.6431)  rmse_m_mask: 0.7811 (0.8225)  normalized_mse_mask: 0.0175 (0.0274)  rmse_m_all: 12.1833 (12.5396)  actual_mask_ratio: 0.0703 (0.0693)  actual_prediction_mask_ratio: 0.2290 (0.2248)  ignored_patch_ratio: 0.0170 (0.0248)  time: 0.1128  data: 0.0001  max mem: 1904
[17:21:07.989768] Epoch: [16]  [ 240/1004]  eta: 0:01:25  lr: 0.000010  loss: 0.0051 (0.0264)  mae_m_mask: 0.5842 (0.6366)  rmse_m_mask: 0.7558 (0.8155)  normalized_mse_mask: 0.0051 (0.0264)  rmse_m_all: 11.0104 (12.4670)  actual_mask_ratio: 0.0723 (0.0694)  actual_prediction_mask_ratio: 0.2185 (0.2247)  ignored_patch_ratio: 0.0295 (0.0252)  time: 0.1125  data: 0.0001  max mem: 1904
[17:21:10.255905] Epoch: [16]  [ 260/1004]  eta: 0:01:23  lr: 0.000010  loss: 0.0109 (0.0272)  mae_m_mask: 0.6128 (0.6360)  rmse_m_mask: 0.7950 (0.8134)  normalized_mse_mask: 0.0109 (0.0272)  rmse_m_all: 12.6252 (12.4661)  actual_mask_ratio: 0.0703 (0.0694)  actual_prediction_mask_ratio: 0.2284 (0.2246)  ignored_patch_ratio: 0.0147 (0.0247)  time: 0.1133  data: 0.0001  max mem: 1904
[17:21:12.519781] Epoch: [16]  [ 280/1004]  eta: 0:01:21  lr: 0.000010  loss: 0.0048 (0.0268)  mae_m_mask: 0.5627 (0.6365)  rmse_m_mask: 0.7668 (0.8145)  normalized_mse_mask: 0.0048 (0.0268)  rmse_m_all: 13.5072 (12.4826)  actual_mask_ratio: 0.0713 (0.0696)  actual_prediction_mask_ratio: 0.2253 (0.2247)  ignored_patch_ratio: 0.0306 (0.0251)  time: 0.1132  data: 0.0001  max mem: 1904
[17:21:14.794566] Epoch: [16]  [ 300/1004]  eta: 0:01:19  lr: 0.000010  loss: 0.0020 (0.0262)  mae_m_mask: 0.5587 (0.6342)  rmse_m_mask: 0.6778 (0.8101)  normalized_mse_mask: 0.0020 (0.0262)  rmse_m_all: 12.6073 (12.4956)  actual_mask_ratio: 0.0714 (0.0697)  actual_prediction_mask_ratio: 0.2240 (0.2247)  ignored_patch_ratio: 0.0232 (0.0252)  time: 0.1137  data: 0.0001  max mem: 1904
[17:21:17.085003] Epoch: [16]  [ 320/1004]  eta: 0:01:16  lr: 0.000010  loss: 0.0073 (0.0275)  mae_m_mask: 0.5678 (0.6365)  rmse_m_mask: 0.8115 (0.8136)  normalized_mse_mask: 0.0073 (0.0275)  rmse_m_all: 12.6492 (12.5465)  actual_mask_ratio: 0.0686 (0.0697)  actual_prediction_mask_ratio: 0.2146 (0.2243)  ignored_patch_ratio: 0.0221 (0.0254)  time: 0.1145  data: 0.0001  max mem: 1904
[17:21:19.360515] Epoch: [16]  [ 340/1004]  eta: 0:01:14  lr: 0.000010  loss: 0.0082 (0.0272)  mae_m_mask: 0.6021 (0.6375)  rmse_m_mask: 0.7298 (0.8155)  normalized_mse_mask: 0.0082 (0.0272)  rmse_m_all: 11.6611 (12.4807)  actual_mask_ratio: 0.0714 (0.0697)  actual_prediction_mask_ratio: 0.2344 (0.2248)  ignored_patch_ratio: 0.0244 (0.0253)  time: 0.1137  data: 0.0001  max mem: 1904
[17:21:21.637079] Epoch: [16]  [ 360/1004]  eta: 0:01:12  lr: 0.000010  loss: 0.0190 (0.0277)  mae_m_mask: 0.5921 (0.6332)  rmse_m_mask: 0.7579 (0.8107)  normalized_mse_mask: 0.0190 (0.0277)  rmse_m_all: 12.2739 (12.4893)  actual_mask_ratio: 0.0714 (0.0698)  actual_prediction_mask_ratio: 0.2243 (0.2248)  ignored_patch_ratio: 0.0232 (0.0252)  time: 0.1138  data: 0.0001  max mem: 1904
[17:21:23.915260] Epoch: [16]  [ 380/1004]  eta: 0:01:10  lr: 0.000010  loss: 0.0094 (0.0275)  mae_m_mask: 0.6069 (0.6322)  rmse_m_mask: 0.7556 (0.8082)  normalized_mse_mask: 0.0094 (0.0275)  rmse_m_all: 12.5456 (12.4898)  actual_mask_ratio: 0.0667 (0.0697)  actual_prediction_mask_ratio: 0.2191 (0.2246)  ignored_patch_ratio: 0.0261 (0.0252)  time: 0.1139  data: 0.0001  max mem: 1904
[17:21:26.170639] Epoch: [16]  [ 400/1004]  eta: 0:01:08  lr: 0.000010  loss: 0.0065 (0.0268)  mae_m_mask: 0.6633 (0.6319)  rmse_m_mask: 0.8104 (0.8073)  normalized_mse_mask: 0.0065 (0.0268)  rmse_m_all: 11.8197 (12.4356)  actual_mask_ratio: 0.0696 (0.0697)  actual_prediction_mask_ratio: 0.2196 (0.2243)  ignored_patch_ratio: 0.0204 (0.0250)  time: 0.1127  data: 0.0001  max mem: 1904
[17:21:28.435762] Epoch: [16]  [ 420/1004]  eta: 0:01:05  lr: 0.000010  loss: 0.0046 (0.0263)  mae_m_mask: 0.6031 (0.6303)  rmse_m_mask: 0.7176 (0.8046)  normalized_mse_mask: 0.0046 (0.0263)  rmse_m_all: 12.4549 (12.4165)  actual_mask_ratio: 0.0705 (0.0697)  actual_prediction_mask_ratio: 0.2220 (0.2244)  ignored_patch_ratio: 0.0232 (0.0249)  time: 0.1132  data: 0.0001  max mem: 1904
[17:21:30.701253] Epoch: [16]  [ 440/1004]  eta: 0:01:03  lr: 0.000010  loss: 0.0019 (0.0261)  mae_m_mask: 0.6486 (0.6323)  rmse_m_mask: 0.8507 (0.8093)  normalized_mse_mask: 0.0019 (0.0261)  rmse_m_all: 12.7329 (12.3924)  actual_mask_ratio: 0.0693 (0.0698)  actual_prediction_mask_ratio: 0.2322 (0.2247)  ignored_patch_ratio: 0.0176 (0.0248)  time: 0.1132  data: 0.0001  max mem: 1904
[17:21:32.985659] Epoch: [16]  [ 460/1004]  eta: 0:01:01  lr: 0.000010  loss: 0.0044 (0.0257)  mae_m_mask: 0.5054 (0.6290)  rmse_m_mask: 0.6495 (0.8066)  normalized_mse_mask: 0.0044 (0.0257)  rmse_m_all: 11.8753 (12.3766)  actual_mask_ratio: 0.0703 (0.0699)  actual_prediction_mask_ratio: 0.2253 (0.2248)  ignored_patch_ratio: 0.0204 (0.0247)  time: 0.1142  data: 0.0001  max mem: 1904
[17:21:35.236816] Epoch: [16]  [ 480/1004]  eta: 0:00:59  lr: 0.000010  loss: 0.0085 (0.0263)  mae_m_mask: 0.6476 (0.6297)  rmse_m_mask: 0.8489 (0.8090)  normalized_mse_mask: 0.0085 (0.0263)  rmse_m_all: 11.6667 (12.3831)  actual_mask_ratio: 0.0725 (0.0699)  actual_prediction_mask_ratio: 0.2321 (0.2251)  ignored_patch_ratio: 0.0227 (0.0245)  time: 0.1125  data: 0.0001  max mem: 1904
[17:21:36.918089] Epoch: [16]  [ 500/1004]  eta: 0:00:56  lr: 0.000010  loss: 0.0057 (0.0257)  mae_m_mask: 0.5662 (0.6278)  rmse_m_mask: 0.7416 (0.8077)  normalized_mse_mask: 0.0057 (0.0257)  rmse_m_all: 13.5830 (12.3963)  actual_mask_ratio: 0.0684 (0.0698)  actual_prediction_mask_ratio: 0.2204 (0.2249)  ignored_patch_ratio: 0.0164 (0.0243)  time: 0.0840  data: 0.0042  max mem: 1904
[17:21:39.815017] Epoch: [16]  [ 520/1004]  eta: 0:00:54  lr: 0.000010  loss: 0.0048 (0.0256)  mae_m_mask: 0.6267 (0.6296)  rmse_m_mask: 0.7883 (0.8088)  normalized_mse_mask: 0.0048 (0.0256)  rmse_m_all: 10.9529 (12.3722)  actual_mask_ratio: 0.0720 (0.0699)  actual_prediction_mask_ratio: 0.2285 (0.2251)  ignored_patch_ratio: 0.0255 (0.0244)  time: 0.1448  data: 0.0465  max mem: 1904
[17:21:41.950719] Epoch: [16]  [ 540/1004]  eta: 0:00:52  lr: 0.000010  loss: 0.0027 (0.0257)  mae_m_mask: 0.5444 (0.6287)  rmse_m_mask: 0.6673 (0.8071)  normalized_mse_mask: 0.0027 (0.0257)  rmse_m_all: 11.3705 (12.3595)  actual_mask_ratio: 0.0707 (0.0699)  actual_prediction_mask_ratio: 0.2276 (0.2252)  ignored_patch_ratio: 0.0261 (0.0244)  time: 0.1067  data: 0.0001  max mem: 1904
[17:21:44.261116] Epoch: [16]  [ 560/1004]  eta: 0:00:50  lr: 0.000010  loss: 0.0207 (0.0262)  mae_m_mask: 0.5649 (0.6308)  rmse_m_mask: 0.7010 (0.8100)  normalized_mse_mask: 0.0207 (0.0262)  rmse_m_all: 11.9446 (12.3273)  actual_mask_ratio: 0.0675 (0.0699)  actual_prediction_mask_ratio: 0.2220 (0.2250)  ignored_patch_ratio: 0.0210 (0.0245)  time: 0.1155  data: 0.0001  max mem: 1904
[17:21:46.578684] Epoch: [16]  [ 580/1004]  eta: 0:00:47  lr: 0.000010  loss: 0.0017 (0.0258)  mae_m_mask: 0.5880 (0.6314)  rmse_m_mask: 0.7629 (0.8113)  normalized_mse_mask: 0.0017 (0.0258)  rmse_m_all: 13.3089 (12.3757)  actual_mask_ratio: 0.0682 (0.0699)  actual_prediction_mask_ratio: 0.2200 (0.2249)  ignored_patch_ratio: 0.0289 (0.0246)  time: 0.1158  data: 0.0001  max mem: 1904
[17:21:48.895311] Epoch: [16]  [ 600/1004]  eta: 0:00:45  lr: 0.000010  loss: 0.0024 (0.0260)  mae_m_mask: 0.5540 (0.6313)  rmse_m_mask: 0.6737 (0.8106)  normalized_mse_mask: 0.0024 (0.0260)  rmse_m_all: 13.5672 (12.4020)  actual_mask_ratio: 0.0716 (0.0699)  actual_prediction_mask_ratio: 0.2236 (0.2248)  ignored_patch_ratio: 0.0238 (0.0246)  time: 0.1158  data: 0.0001  max mem: 1904
[17:21:51.180651] Epoch: [16]  [ 620/1004]  eta: 0:00:43  lr: 0.000010  loss: 0.0054 (0.0257)  mae_m_mask: 0.8155 (0.6407)  rmse_m_mask: 1.0192 (0.8198)  normalized_mse_mask: 0.0054 (0.0257)  rmse_m_all: 13.2826 (12.4452)  actual_mask_ratio: 0.0713 (0.0699)  actual_prediction_mask_ratio: 0.2242 (0.2249)  ignored_patch_ratio: 0.0261 (0.0246)  time: 0.1142  data: 0.0001  max mem: 1904
[17:21:53.497997] Epoch: [16]  [ 640/1004]  eta: 0:00:41  lr: 0.000010  loss: 0.0025 (0.0253)  mae_m_mask: 0.8129 (0.6523)  rmse_m_mask: 0.9422 (0.8315)  normalized_mse_mask: 0.0025 (0.0253)  rmse_m_all: 13.7739 (12.5069)  actual_mask_ratio: 0.0700 (0.0700)  actual_prediction_mask_ratio: 0.2197 (0.2249)  ignored_patch_ratio: 0.0215 (0.0246)  time: 0.1158  data: 0.0001  max mem: 1904
[17:21:55.852638] Epoch: [16]  [ 660/1004]  eta: 0:00:38  lr: 0.000010  loss: 0.0050 (0.0251)  mae_m_mask: 0.6725 (0.6528)  rmse_m_mask: 0.8333 (0.8317)  normalized_mse_mask: 0.0050 (0.0251)  rmse_m_all: 12.3096 (12.5232)  actual_mask_ratio: 0.0644 (0.0699)  actual_prediction_mask_ratio: 0.2152 (0.2245)  ignored_patch_ratio: 0.0261 (0.0247)  time: 0.1177  data: 0.0001  max mem: 1904
[17:21:58.202315] Epoch: [16]  [ 680/1004]  eta: 0:00:36  lr: 0.000010  loss: 0.0025 (0.0248)  mae_m_mask: 0.6281 (0.6507)  rmse_m_mask: 0.7673 (0.8292)  normalized_mse_mask: 0.0025 (0.0248)  rmse_m_all: 12.5399 (12.5149)  actual_mask_ratio: 0.0663 (0.0699)  actual_prediction_mask_ratio: 0.2211 (0.2245)  ignored_patch_ratio: 0.0181 (0.0245)  time: 0.1174  data: 0.0001  max mem: 1904
[17:22:00.541461] Epoch: [16]  [ 700/1004]  eta: 0:00:34  lr: 0.000010  loss: 0.0052 (0.0246)  mae_m_mask: 0.6752 (0.6532)  rmse_m_mask: 0.9116 (0.8315)  normalized_mse_mask: 0.0052 (0.0246)  rmse_m_all: 12.1699 (12.5025)  actual_mask_ratio: 0.0699 (0.0699)  actual_prediction_mask_ratio: 0.2173 (0.2245)  ignored_patch_ratio: 0.0198 (0.0245)  time: 0.1169  data: 0.0001  max mem: 1904
[17:22:02.882359] Epoch: [16]  [ 720/1004]  eta: 0:00:32  lr: 0.000010  loss: 0.0059 (0.0252)  mae_m_mask: 0.5870 (0.6521)  rmse_m_mask: 0.7375 (0.8303)  normalized_mse_mask: 0.0059 (0.0252)  rmse_m_all: 12.2639 (12.5127)  actual_mask_ratio: 0.0669 (0.0698)  actual_prediction_mask_ratio: 0.2194 (0.2243)  ignored_patch_ratio: 0.0255 (0.0245)  time: 0.1170  data: 0.0001  max mem: 1904
[17:22:05.267146] Epoch: [16]  [ 740/1004]  eta: 0:00:30  lr: 0.000010  loss: 0.0027 (0.0247)  mae_m_mask: 0.6779 (0.6537)  rmse_m_mask: 0.8386 (0.8326)  normalized_mse_mask: 0.0027 (0.0247)  rmse_m_all: 11.6972 (12.5094)  actual_mask_ratio: 0.0676 (0.0698)  actual_prediction_mask_ratio: 0.2214 (0.2242)  ignored_patch_ratio: 0.0193 (0.0245)  time: 0.1192  data: 0.0001  max mem: 1904
[17:22:07.596978] Epoch: [16]  [ 760/1004]  eta: 0:00:27  lr: 0.000010  loss: 0.0045 (0.0246)  mae_m_mask: 0.6094 (0.6543)  rmse_m_mask: 0.7753 (0.8341)  normalized_mse_mask: 0.0045 (0.0246)  rmse_m_all: 11.5123 (12.5059)  actual_mask_ratio: 0.0700 (0.0698)  actual_prediction_mask_ratio: 0.2231 (0.2243)  ignored_patch_ratio: 0.0255 (0.0245)  time: 0.1165  data: 0.0001  max mem: 1904
[17:22:09.929278] Epoch: [16]  [ 780/1004]  eta: 0:00:25  lr: 0.000010  loss: 0.0063 (0.0252)  mae_m_mask: 0.5267 (0.6530)  rmse_m_mask: 0.6552 (0.8323)  normalized_mse_mask: 0.0063 (0.0252)  rmse_m_all: 11.6017 (12.4802)  actual_mask_ratio: 0.0711 (0.0698)  actual_prediction_mask_ratio: 0.2227 (0.2244)  ignored_patch_ratio: 0.0232 (0.0245)  time: 0.1166  data: 0.0001  max mem: 1904
[17:22:12.260641] Epoch: [16]  [ 800/1004]  eta: 0:00:23  lr: 0.000010  loss: 0.0101 (0.0252)  mae_m_mask: 0.6030 (0.6525)  rmse_m_mask: 0.7797 (0.8332)  normalized_mse_mask: 0.0101 (0.0252)  rmse_m_all: 11.5450 (12.4597)  actual_mask_ratio: 0.0712 (0.0699)  actual_prediction_mask_ratio: 0.2306 (0.2246)  ignored_patch_ratio: 0.0159 (0.0244)  time: 0.1165  data: 0.0001  max mem: 1904
[17:22:14.592723] Epoch: [16]  [ 820/1004]  eta: 0:00:20  lr: 0.000010  loss: 0.0022 (0.0253)  mae_m_mask: 0.7499 (0.6550)  rmse_m_mask: 0.9070 (0.8370)  normalized_mse_mask: 0.0022 (0.0253)  rmse_m_all: 13.2820 (12.4882)  actual_mask_ratio: 0.0697 (0.0699)  actual_prediction_mask_ratio: 0.2262 (0.2247)  ignored_patch_ratio: 0.0317 (0.0245)  time: 0.1166  data: 0.0001  max mem: 1904
[17:22:16.924769] Epoch: [16]  [ 840/1004]  eta: 0:00:18  lr: 0.000010  loss: 0.0077 (0.0257)  mae_m_mask: 0.6185 (0.6552)  rmse_m_mask: 0.7695 (0.8382)  normalized_mse_mask: 0.0077 (0.0257)  rmse_m_all: 12.9896 (12.4972)  actual_mask_ratio: 0.0750 (0.0700)  actual_prediction_mask_ratio: 0.2371 (0.2249)  ignored_patch_ratio: 0.0266 (0.0245)  time: 0.1166  data: 0.0001  max mem: 1904
[17:22:19.254077] Epoch: [16]  [ 860/1004]  eta: 0:00:16  lr: 0.000010  loss: 0.0087 (0.0262)  mae_m_mask: 0.5757 (0.6558)  rmse_m_mask: 0.7035 (0.8393)  normalized_mse_mask: 0.0087 (0.0262)  rmse_m_all: 12.0281 (12.4823)  actual_mask_ratio: 0.0712 (0.0700)  actual_prediction_mask_ratio: 0.2236 (0.2249)  ignored_patch_ratio: 0.0187 (0.0245)  time: 0.1164  data: 0.0001  max mem: 1904
[17:22:21.585414] Epoch: [16]  [ 880/1004]  eta: 0:00:14  lr: 0.000010  loss: 0.0020 (0.0258)  mae_m_mask: 0.5385 (0.6536)  rmse_m_mask: 0.7410 (0.8367)  normalized_mse_mask: 0.0020 (0.0258)  rmse_m_all: 12.9852 (12.5139)  actual_mask_ratio: 0.0669 (0.0699)  actual_prediction_mask_ratio: 0.2128 (0.2247)  ignored_patch_ratio: 0.0215 (0.0246)  time: 0.1165  data: 0.0001  max mem: 1904
[17:22:23.936225] Epoch: [16]  [ 900/1004]  eta: 0:00:11  lr: 0.000010  loss: 0.0022 (0.0256)  mae_m_mask: 0.6264 (0.6540)  rmse_m_mask: 0.8069 (0.8371)  normalized_mse_mask: 0.0022 (0.0256)  rmse_m_all: 12.2513 (12.5310)  actual_mask_ratio: 0.0702 (0.0699)  actual_prediction_mask_ratio: 0.2243 (0.2246)  ignored_patch_ratio: 0.0244 (0.0245)  time: 0.1175  data: 0.0001  max mem: 1904
[17:22:26.317455] Epoch: [16]  [ 920/1004]  eta: 0:00:09  lr: 0.000010  loss: 0.0030 (0.0256)  mae_m_mask: 0.5365 (0.6532)  rmse_m_mask: 0.6876 (0.8363)  normalized_mse_mask: 0.0030 (0.0256)  rmse_m_all: 11.9937 (12.5268)  actual_mask_ratio: 0.0702 (0.0698)  actual_prediction_mask_ratio: 0.2251 (0.2246)  ignored_patch_ratio: 0.0215 (0.0245)  time: 0.1190  data: 0.0001  max mem: 1904
[17:22:28.647144] Epoch: [16]  [ 940/1004]  eta: 0:00:07  lr: 0.000010  loss: 0.0024 (0.0256)  mae_m_mask: 0.6284 (0.6537)  rmse_m_mask: 0.8040 (0.8388)  normalized_mse_mask: 0.0024 (0.0256)  rmse_m_all: 11.8697 (12.5298)  actual_mask_ratio: 0.0698 (0.0698)  actual_prediction_mask_ratio: 0.2304 (0.2246)  ignored_patch_ratio: 0.0255 (0.0245)  time: 0.1165  data: 0.0001  max mem: 1904
[17:22:30.979961] Epoch: [16]  [ 960/1004]  eta: 0:00:05  lr: 0.000010  loss: 0.0014 (0.0259)  mae_m_mask: 0.5316 (0.6520)  rmse_m_mask: 0.6310 (0.8366)  normalized_mse_mask: 0.0014 (0.0259)  rmse_m_all: 13.2554 (12.5514)  actual_mask_ratio: 0.0712 (0.0699)  actual_prediction_mask_ratio: 0.2255 (0.2247)  ignored_patch_ratio: 0.0272 (0.0246)  time: 0.1166  data: 0.0001  max mem: 1904
[17:22:33.314392] Epoch: [16]  [ 980/1004]  eta: 0:00:02  lr: 0.000010  loss: 0.0059 (0.0257)  mae_m_mask: 0.5497 (0.6503)  rmse_m_mask: 0.7198 (0.8343)  normalized_mse_mask: 0.0059 (0.0257)  rmse_m_all: 13.9057 (12.5748)  actual_mask_ratio: 0.0697 (0.0699)  actual_prediction_mask_ratio: 0.2239 (0.2247)  ignored_patch_ratio: 0.0255 (0.0246)  time: 0.1167  data: 0.0001  max mem: 1904
[17:22:35.646128] Epoch: [16]  [1000/1004]  eta: 0:00:00  lr: 0.000010  loss: 0.0041 (0.0256)  mae_m_mask: 0.5420 (0.6492)  rmse_m_mask: 0.7346 (0.8330)  normalized_mse_mask: 0.0041 (0.0256)  rmse_m_all: 9.6928 (12.5261)  actual_mask_ratio: 0.0681 (0.0699)  actual_prediction_mask_ratio: 0.2248 (0.2248)  ignored_patch_ratio: 0.0159 (0.0245)  time: 0.1166  data: 0.0001  max mem: 1904
[17:22:35.998483] Epoch: [16]  [1003/1004]  eta: 0:00:00  lr: 0.000010  loss: 0.0041 (0.0256)  mae_m_mask: 0.5590 (0.6492)  rmse_m_mask: 0.8188 (0.8329)  normalized_mse_mask: 0.0041 (0.0256)  rmse_m_all: 9.6928 (12.5221)  actual_mask_ratio: 0.0684 (0.0698)  actual_prediction_mask_ratio: 0.2264 (0.2248)  ignored_patch_ratio: 0.0176 (0.0245)  time: 0.1165  data: 0.0001  max mem: 1904
[17:22:36.020983] Epoch: [16] Total time: 0:01:55 (0.1146 s / it)
[17:22:36.023127] Averaged stats: {'lr': 9.545288404379958e-06, 'loss': 0.02537244739727842, 'mae_m_mask': 0.6466418757686683, 'rmse_m_mask': 0.8806802656753266, 'normalized_mse_mask': 0.02537244739727842, 'rmse_m_all': 12.522074124727592, 'actual_mask_ratio': 0.06984516957114298, 'actual_prediction_mask_ratio': 0.22475632526485093, 'ignored_patch_ratio': 0.024530549151488983, 'supervised_pixel_count': 19824973.0}
[17:22:36.190245] Val: [16]  [  0/288]  eta: 0:00:47  loss: 0.0261 (0.0261)  mae_m_mask: 0.3581 (0.3581)  rmse_m_mask: 0.4523 (0.4523)  normalized_mse_mask: 0.0261 (0.0261)  rmse_m_all: 5.7401 (5.7401)  actual_mask_ratio: 0.0607 (0.0607)  actual_prediction_mask_ratio: 0.2001 (0.2001)  ignored_patch_ratio: 0.0000 (0.0000)  time: 0.1648  data: 0.0762  max mem: 1904
[17:22:40.886863] Val: [16]  [ 50/288]  eta: 0:00:22  loss: 0.0401 (0.0831)  mae_m_mask: 0.2915 (0.3408)  rmse_m_mask: 0.3681 (0.4091)  normalized_mse_mask: 0.0401 (0.0831)  rmse_m_all: 1.0866 (3.8328)  actual_mask_ratio: 0.0663 (0.0715)  actual_prediction_mask_ratio: 0.2336 (0.2372)  ignored_patch_ratio: 0.0000 (0.0000)  time: 0.0974  data: 0.0001  max mem: 1904
[17:22:45.654808] Val: [16]  [100/288]  eta: 0:00:17  loss: 0.1737 (0.1538)  mae_m_mask: 0.3445 (0.4088)  rmse_m_mask: 0.4008 (0.4841)  normalized_mse_mask: 0.1737 (0.1538)  rmse_m_all: 0.7475 (3.3655)  actual_mask_ratio: 0.0714 (0.0723)  actual_prediction_mask_ratio: 0.2239 (0.2366)  ignored_patch_ratio: 0.0000 (0.0000)  time: 0.0967  data: 0.0001  max mem: 1904
[17:22:50.374337] Val: [16]  [150/288]  eta: 0:00:13  loss: 0.0249 (0.1523)  mae_m_mask: 0.5297 (0.4206)  rmse_m_mask: 0.5832 (0.4940)  normalized_mse_mask: 0.0249 (0.1523)  rmse_m_all: 2.3385 (2.9714)  actual_mask_ratio: 0.0743 (0.0723)  actual_prediction_mask_ratio: 0.2443 (0.2367)  ignored_patch_ratio: 0.0000 (0.0000)  time: 0.0950  data: 0.0001  max mem: 1904
[17:22:55.097723] Val: [16]  [200/288]  eta: 0:00:08  loss: 0.3565 (0.1952)  mae_m_mask: 0.2628 (0.4117)  rmse_m_mask: 0.3212 (0.4902)  normalized_mse_mask: 0.3565 (0.1952)  rmse_m_all: 0.4422 (2.5346)  actual_mask_ratio: 0.0743 (0.0732)  actual_prediction_mask_ratio: 0.2545 (0.2410)  ignored_patch_ratio: 0.0000 (0.0000)  time: 0.0975  data: 0.0001  max mem: 1904
[17:22:59.527366] Val: [16]  [250/288]  eta: 0:00:03  loss: 0.0414 (0.1760)  mae_m_mask: 0.3224 (0.3903)  rmse_m_mask: 0.3762 (0.4654)  normalized_mse_mask: 0.0414 (0.1760)  rmse_m_all: 1.3035 (2.4517)  actual_mask_ratio: 0.0822 (0.0748)  actual_prediction_mask_ratio: 0.2591 (0.2448)  ignored_patch_ratio: 0.0000 (0.0000)  time: 0.0861  data: 0.0001  max mem: 1904
[17:23:02.699561] Val: [16]  [287/288]  eta: 0:00:00  loss: 0.0247 (0.1621)  mae_m_mask: 0.2687 (0.3835)  rmse_m_mask: 0.3119 (0.4573)  normalized_mse_mask: 0.0247 (0.1621)  rmse_m_all: 1.0925 (2.6090)  actual_mask_ratio: 0.0760 (0.0749)  actual_prediction_mask_ratio: 0.2523 (0.2453)  ignored_patch_ratio: 0.0000 (0.0000)  time: 0.0857  data: 0.0001  max mem: 1904
[17:23:02.729023] Val: [16] Total time: 0:00:26 (0.0927 s / it)
[17:23:02.731344] val stats: {'loss': 0.15495090846353138, 'mae_m_mask': 0.3921793615761127, 'rmse_m_mask': 0.5573325557591845, 'normalized_mse_mask': 0.15495090846353138, 'rmse_m_all': 2.608998868200514, 'actual_mask_ratio': 0.07494737871456891, 'actual_prediction_mask_ratio': 0.24532247381284833, 'ignored_patch_ratio': 0.0, 'supervised_pixel_count': 5936124.0}
[17:23:06.924885] log_dir: /tank/data/SFS/xinyis/data/bathymetry/MAE-Topography/Downstream_Task_Bathy/cross_validation_v5_Stage2NormMSE_MeterSelect/runs/holdout_CO_D004Stage2NormMSE_MeterSelect_D001NoDataSafe/train_stage2_normMSE_meterSelect_CO_UpperColorado_Topobathy_1_2020_fromStage1Best_e120_lr1e-5_b4_acc4/tb
[17:23:07.111790] Epoch: [17]  [   0/1004]  eta: 0:03:07  lr: 0.000010  loss: 0.0024 (0.0024)  mae_m_mask: 0.9963 (0.9963)  rmse_m_mask: 1.1134 (1.1134)  normalized_mse_mask: 0.0024 (0.0024)  rmse_m_all: 15.5432 (15.5432)  actual_mask_ratio: 0.0665 (0.0665)  actual_prediction_mask_ratio: 0.2145 (0.2145)  ignored_patch_ratio: 0.0193 (0.0193)  time: 0.1864  data: 0.0848  max mem: 1904
[17:23:09.300315] Epoch: [17]  [  20/1004]  eta: 0:01:51  lr: 0.000010  loss: 0.0043 (0.0170)  mae_m_mask: 0.6579 (0.6961)  rmse_m_mask: 0.8568 (0.8855)  normalized_mse_mask: 0.0043 (0.0170)  rmse_m_all: 13.4655 (13.6904)  actual_mask_ratio: 0.0695 (0.0692)  actual_prediction_mask_ratio: 0.2213 (0.2201)  ignored_patch_ratio: 0.0255 (0.0289)  time: 0.1094  data: 0.0001  max mem: 1904
[17:23:11.532012] Epoch: [17]  [  40/1004]  eta: 0:01:48  lr: 0.000010  loss: 0.0017 (0.0131)  mae_m_mask: 0.6990 (0.6933)  rmse_m_mask: 0.8841 (0.8906)  normalized_mse_mask: 0.0017 (0.0131)  rmse_m_all: 13.9115 (13.7784)  actual_mask_ratio: 0.0680 (0.0688)  actual_prediction_mask_ratio: 0.2185 (0.2204)  ignored_patch_ratio: 0.0187 (0.0261)  time: 0.1115  data: 0.0001  max mem: 1904
[17:23:13.465854] Epoch: [17]  [  60/1004]  eta: 0:01:41  lr: 0.000010  loss: 0.0056 (0.0248)  mae_m_mask: 0.5782 (0.6710)  rmse_m_mask: 0.7323 (0.8564)  normalized_mse_mask: 0.0056 (0.0248)  rmse_m_all: 11.6962 (13.2519)  actual_mask_ratio: 0.0681 (0.0687)  actual_prediction_mask_ratio: 0.2206 (0.2198)  ignored_patch_ratio: 0.0210 (0.0264)  time: 0.0966  data: 0.0001  max mem: 1904
[17:23:15.923917] Epoch: [17]  [  80/1004]  eta: 0:01:42  lr: 0.000010  loss: 0.0116 (0.0247)  mae_m_mask: 0.5832 (0.6808)  rmse_m_mask: 0.8378 (0.8673)  normalized_mse_mask: 0.0116 (0.0247)  rmse_m_all: 12.2905 (12.9102)  actual_mask_ratio: 0.0680 (0.0686)  actual_prediction_mask_ratio: 0.2209 (0.2203)  ignored_patch_ratio: 0.0221 (0.0265)  time: 0.1229  data: 0.0533  max mem: 1904
[17:23:18.185961] Epoch: [17]  [ 100/1004]  eta: 0:01:40  lr: 0.000010  loss: 0.0047 (0.0255)  mae_m_mask: 0.6196 (0.6824)  rmse_m_mask: 0.8146 (0.8643)  normalized_mse_mask: 0.0047 (0.0255)  rmse_m_all: 12.2619 (12.9088)  actual_mask_ratio: 0.0726 (0.0692)  actual_prediction_mask_ratio: 0.2260 (0.2222)  ignored_patch_ratio: 0.0176 (0.0257)  time: 0.1131  data: 0.0001  max mem: 1904
[17:23:20.427774] Epoch: [17]  [ 120/1004]  eta: 0:01:38  lr: 0.000010  loss: 0.0049 (0.0272)  mae_m_mask: 0.6888 (0.6949)  rmse_m_mask: 0.8677 (0.8826)  normalized_mse_mask: 0.0049 (0.0272)  rmse_m_all: 12.3129 (12.8439)  actual_mask_ratio: 0.0714 (0.0697)  actual_prediction_mask_ratio: 0.2279 (0.2238)  ignored_patch_ratio: 0.0176 (0.0245)  time: 0.1120  data: 0.0001  max mem: 1904
[17:23:22.651575] Epoch: [17]  [ 140/1004]  eta: 0:01:36  lr: 0.000010  loss: 0.0103 (0.0270)  mae_m_mask: 0.5163 (0.6879)  rmse_m_mask: 0.6435 (0.8754)  normalized_mse_mask: 0.0103 (0.0270)  rmse_m_all: 13.2183 (12.8191)  actual_mask_ratio: 0.0693 (0.0696)  actual_prediction_mask_ratio: 0.2231 (0.2239)  ignored_patch_ratio: 0.0164 (0.0243)  time: 0.1112  data: 0.0001  max mem: 1904
[17:23:24.905282] Epoch: [17]  [ 160/1004]  eta: 0:01:34  lr: 0.000010  loss: 0.0048 (0.0253)  mae_m_mask: 0.5606 (0.6827)  rmse_m_mask: 0.7244 (0.8691)  normalized_mse_mask: 0.0048 (0.0253)  rmse_m_all: 11.0158 (12.7121)  actual_mask_ratio: 0.0719 (0.0698)  actual_prediction_mask_ratio: 0.2251 (0.2242)  ignored_patch_ratio: 0.0317 (0.0248)  time: 0.1126  data: 0.0001  max mem: 1904
[17:23:27.147740] Epoch: [17]  [ 180/1004]  eta: 0:01:32  lr: 0.000010  loss: 0.0032 (0.0243)  mae_m_mask: 0.6491 (0.6801)  rmse_m_mask: 0.8200 (0.8671)  normalized_mse_mask: 0.0032 (0.0243)  rmse_m_all: 13.1641 (12.6660)  actual_mask_ratio: 0.0675 (0.0696)  actual_prediction_mask_ratio: 0.2207 (0.2241)  ignored_patch_ratio: 0.0164 (0.0242)  time: 0.1121  data: 0.0001  max mem: 1904
[17:23:29.378291] Epoch: [17]  [ 200/1004]  eta: 0:01:29  lr: 0.000010  loss: 0.0082 (0.0237)  mae_m_mask: 0.5587 (0.6734)  rmse_m_mask: 0.6956 (0.8595)  normalized_mse_mask: 0.0082 (0.0237)  rmse_m_all: 12.4745 (12.6366)  actual_mask_ratio: 0.0673 (0.0697)  actual_prediction_mask_ratio: 0.2126 (0.2241)  ignored_patch_ratio: 0.0221 (0.0243)  time: 0.1115  data: 0.0001  max mem: 1904
[17:23:31.612992] Epoch: [17]  [ 220/1004]  eta: 0:01:27  lr: 0.000010  loss: 0.0059 (0.0234)  mae_m_mask: 0.5254 (0.6645)  rmse_m_mask: 0.6602 (0.8503)  normalized_mse_mask: 0.0059 (0.0234)  rmse_m_all: 11.9849 (12.6266)  actual_mask_ratio: 0.0708 (0.0698)  actual_prediction_mask_ratio: 0.2227 (0.2242)  ignored_patch_ratio: 0.0204 (0.0243)  time: 0.1117  data: 0.0001  max mem: 1904
[17:23:33.859265] Epoch: [17]  [ 240/1004]  eta: 0:01:25  lr: 0.000010  loss: 0.0034 (0.0236)  mae_m_mask: 0.6323 (0.6656)  rmse_m_mask: 0.8431 (0.8514)  normalized_mse_mask: 0.0034 (0.0236)  rmse_m_all: 11.8924 (12.6583)  actual_mask_ratio: 0.0690 (0.0697)  actual_prediction_mask_ratio: 0.2271 (0.2240)  ignored_patch_ratio: 0.0204 (0.0243)  time: 0.1123  data: 0.0001  max mem: 1904
[17:23:36.104226] Epoch: [17]  [ 260/1004]  eta: 0:01:23  lr: 0.000010  loss: 0.0018 (0.0231)  mae_m_mask: 0.5525 (0.6619)  rmse_m_mask: 0.6947 (0.8452)  normalized_mse_mask: 0.0018 (0.0231)  rmse_m_all: 13.7442 (12.7670)  actual_mask_ratio: 0.0666 (0.0695)  actual_prediction_mask_ratio: 0.2147 (0.2232)  ignored_patch_ratio: 0.0312 (0.0246)  time: 0.1122  data: 0.0001  max mem: 1904
[17:23:38.368657] Epoch: [17]  [ 280/1004]  eta: 0:01:20  lr: 0.000010  loss: 0.0022 (0.0228)  mae_m_mask: 0.6847 (0.6610)  rmse_m_mask: 0.8544 (0.8448)  normalized_mse_mask: 0.0022 (0.0228)  rmse_m_all: 13.3524 (12.7939)  actual_mask_ratio: 0.0658 (0.0693)  actual_prediction_mask_ratio: 0.2183 (0.2230)  ignored_patch_ratio: 0.0278 (0.0247)  time: 0.1132  data: 0.0001  max mem: 1904
[17:23:40.632007] Epoch: [17]  [ 300/1004]  eta: 0:01:18  lr: 0.000010  loss: 0.0048 (0.0227)  mae_m_mask: 0.5718 (0.6555)  rmse_m_mask: 0.7090 (0.8376)  normalized_mse_mask: 0.0048 (0.0227)  rmse_m_all: 10.5946 (12.6963)  actual_mask_ratio: 0.0697 (0.0694)  actual_prediction_mask_ratio: 0.2312 (0.2232)  ignored_patch_ratio: 0.0187 (0.0248)  time: 0.1131  data: 0.0001  max mem: 1904
[17:23:42.851702] Epoch: [17]  [ 320/1004]  eta: 0:01:16  lr: 0.000009  loss: 0.0084 (0.0243)  mae_m_mask: 0.6224 (0.6527)  rmse_m_mask: 0.7041 (0.8331)  normalized_mse_mask: 0.0084 (0.0243)  rmse_m_all: 10.9312 (12.5892)  actual_mask_ratio: 0.0709 (0.0695)  actual_prediction_mask_ratio: 0.2204 (0.2233)  ignored_patch_ratio: 0.0096 (0.0244)  time: 0.1109  data: 0.0001  max mem: 1904
[17:23:45.043059] Epoch: [17]  [ 340/1004]  eta: 0:01:14  lr: 0.000009  loss: 0.0086 (0.0256)  mae_m_mask: 0.6566 (0.6535)  rmse_m_mask: 0.8681 (0.8338)  normalized_mse_mask: 0.0086 (0.0256)  rmse_m_all: 11.5012 (12.5319)  actual_mask_ratio: 0.0694 (0.0696)  actual_prediction_mask_ratio: 0.2380 (0.2240)  ignored_patch_ratio: 0.0204 (0.0241)  time: 0.1095  data: 0.0001  max mem: 1904
[17:23:47.285588] Epoch: [17]  [ 360/1004]  eta: 0:01:11  lr: 0.000009  loss: 0.0029 (0.0247)  mae_m_mask: 0.8014 (0.6647)  rmse_m_mask: 0.9761 (0.8462)  normalized_mse_mask: 0.0029 (0.0247)  rmse_m_all: 12.5773 (12.5322)  actual_mask_ratio: 0.0698 (0.0695)  actual_prediction_mask_ratio: 0.2160 (0.2238)  ignored_patch_ratio: 0.0221 (0.0241)  time: 0.1121  data: 0.0001  max mem: 1904
[17:23:49.529212] Epoch: [17]  [ 380/1004]  eta: 0:01:09  lr: 0.000009  loss: 0.0040 (0.0244)  mae_m_mask: 0.8942 (0.6829)  rmse_m_mask: 1.1459 (0.8672)  normalized_mse_mask: 0.0040 (0.0244)  rmse_m_all: 13.6891 (12.6324)  actual_mask_ratio: 0.0682 (0.0695)  actual_prediction_mask_ratio: 0.2206 (0.2235)  ignored_patch_ratio: 0.0249 (0.0242)  time: 0.1121  data: 0.0001  max mem: 1904
[17:23:51.767745] Epoch: [17]  [ 400/1004]  eta: 0:01:07  lr: 0.000009  loss: 0.0040 (0.0241)  mae_m_mask: 0.6122 (0.6843)  rmse_m_mask: 0.8144 (0.8690)  normalized_mse_mask: 0.0040 (0.0241)  rmse_m_all: 13.5770 (12.6691)  actual_mask_ratio: 0.0691 (0.0695)  actual_prediction_mask_ratio: 0.2218 (0.2235)  ignored_patch_ratio: 0.0221 (0.0243)  time: 0.1119  data: 0.0001  max mem: 1904
[17:23:53.403970] Epoch: [17]  [ 420/1004]  eta: 0:01:04  lr: 0.000009  loss: 0.0047 (0.0239)  mae_m_mask: 0.5047 (0.6798)  rmse_m_mask: 0.7007 (0.8639)  normalized_mse_mask: 0.0047 (0.0239)  rmse_m_all: 11.2144 (12.6339)  actual_mask_ratio: 0.0687 (0.0695)  actual_prediction_mask_ratio: 0.2172 (0.2233)  ignored_patch_ratio: 0.0142 (0.0241)  time: 0.0818  data: 0.0005  max mem: 1904
[17:23:56.205447] Epoch: [17]  [ 440/1004]  eta: 0:01:03  lr: 0.000009  loss: 0.0051 (0.0236)  mae_m_mask: 0.6499 (0.6791)  rmse_m_mask: 0.8212 (0.8627)  normalized_mse_mask: 0.0051 (0.0236)  rmse_m_all: 13.5490 (12.6592)  actual_mask_ratio: 0.0697 (0.0695)  actual_prediction_mask_ratio: 0.2207 (0.2235)  ignored_patch_ratio: 0.0159 (0.0239)  time: 0.1400  data: 0.0487  max mem: 1904
[17:23:58.741364] Epoch: [17]  [ 460/1004]  eta: 0:01:01  lr: 0.000009  loss: 0.0095 (0.0239)  mae_m_mask: 0.6500 (0.6813)  rmse_m_mask: 0.8326 (0.8671)  normalized_mse_mask: 0.0095 (0.0239)  rmse_m_all: 11.2008 (12.6229)  actual_mask_ratio: 0.0684 (0.0695)  actual_prediction_mask_ratio: 0.2280 (0.2238)  ignored_patch_ratio: 0.0244 (0.0239)  time: 0.1268  data: 0.0475  max mem: 1904
[17:24:00.697354] Epoch: [17]  [ 480/1004]  eta: 0:00:58  lr: 0.000009  loss: 0.0012 (0.0237)  mae_m_mask: 0.5127 (0.6788)  rmse_m_mask: 0.6764 (0.8634)  normalized_mse_mask: 0.0012 (0.0237)  rmse_m_all: 14.2411 (12.6672)  actual_mask_ratio: 0.0652 (0.0694)  actual_prediction_mask_ratio: 0.2144 (0.2233)  ignored_patch_ratio: 0.0295 (0.0241)  time: 0.0978  data: 0.0001  max mem: 1904
[17:24:03.003996] Epoch: [17]  [ 500/1004]  eta: 0:00:56  lr: 0.000009  loss: 0.0041 (0.0235)  mae_m_mask: 0.8396 (0.6860)  rmse_m_mask: 1.0172 (0.8707)  normalized_mse_mask: 0.0041 (0.0235)  rmse_m_all: 10.9712 (12.6516)  actual_mask_ratio: 0.0723 (0.0696)  actual_prediction_mask_ratio: 0.2273 (0.2236)  ignored_patch_ratio: 0.0227 (0.0241)  time: 0.1153  data: 0.0001  max mem: 1904
[17:24:05.311233] Epoch: [17]  [ 520/1004]  eta: 0:00:54  lr: 0.000009  loss: 0.0038 (0.0231)  mae_m_mask: 0.7900 (0.6940)  rmse_m_mask: 0.9285 (0.8778)  normalized_mse_mask: 0.0038 (0.0231)  rmse_m_all: 12.6988 (12.6653)  actual_mask_ratio: 0.0680 (0.0696)  actual_prediction_mask_ratio: 0.2217 (0.2236)  ignored_patch_ratio: 0.0232 (0.0243)  time: 0.1153  data: 0.0001  max mem: 1904
[17:24:07.622434] Epoch: [17]  [ 540/1004]  eta: 0:00:52  lr: 0.000009  loss: 0.0043 (0.0231)  mae_m_mask: 0.6078 (0.6922)  rmse_m_mask: 0.7872 (0.8760)  normalized_mse_mask: 0.0043 (0.0231)  rmse_m_all: 11.9571 (12.6584)  actual_mask_ratio: 0.0696 (0.0696)  actual_prediction_mask_ratio: 0.2286 (0.2236)  ignored_patch_ratio: 0.0227 (0.0244)  time: 0.1155  data: 0.0001  max mem: 1904
[17:24:09.945856] Epoch: [17]  [ 560/1004]  eta: 0:00:49  lr: 0.000009  loss: 0.0099 (0.0236)  mae_m_mask: 0.5237 (0.6884)  rmse_m_mask: 0.6561 (0.8714)  normalized_mse_mask: 0.0099 (0.0236)  rmse_m_all: 10.3373 (12.6147)  actual_mask_ratio: 0.0700 (0.0696)  actual_prediction_mask_ratio: 0.2248 (0.2236)  ignored_patch_ratio: 0.0340 (0.0246)  time: 0.1161  data: 0.0001  max mem: 1904
[17:24:12.234181] Epoch: [17]  [ 580/1004]  eta: 0:00:47  lr: 0.000009  loss: 0.0037 (0.0243)  mae_m_mask: 0.7947 (0.6909)  rmse_m_mask: 0.9940 (0.8755)  normalized_mse_mask: 0.0037 (0.0243)  rmse_m_all: 14.4138 (12.6338)  actual_mask_ratio: 0.0679 (0.0696)  actual_prediction_mask_ratio: 0.2224 (0.2237)  ignored_patch_ratio: 0.0227 (0.0246)  time: 0.1144  data: 0.0001  max mem: 1904
[17:24:14.540070] Epoch: [17]  [ 600/1004]  eta: 0:00:45  lr: 0.000009  loss: 0.0157 (0.0252)  mae_m_mask: 0.5599 (0.6884)  rmse_m_mask: 0.7033 (0.8727)  normalized_mse_mask: 0.0157 (0.0252)  rmse_m_all: 10.7390 (12.5977)  actual_mask_ratio: 0.0697 (0.0696)  actual_prediction_mask_ratio: 0.2229 (0.2238)  ignored_patch_ratio: 0.0227 (0.0247)  time: 0.1153  data: 0.0001  max mem: 1904
[17:24:16.861611] Epoch: [17]  [ 620/1004]  eta: 0:00:43  lr: 0.000009  loss: 0.0040 (0.0248)  mae_m_mask: 0.6132 (0.6859)  rmse_m_mask: 0.7233 (0.8698)  normalized_mse_mask: 0.0040 (0.0248)  rmse_m_all: 11.6183 (12.6017)  actual_mask_ratio: 0.0705 (0.0696)  actual_prediction_mask_ratio: 0.2287 (0.2239)  ignored_patch_ratio: 0.0266 (0.0247)  time: 0.1160  data: 0.0001  max mem: 1904
[17:24:19.194020] Epoch: [17]  [ 640/1004]  eta: 0:00:41  lr: 0.000009  loss: 0.0038 (0.0249)  mae_m_mask: 0.7622 (0.6886)  rmse_m_mask: 0.9259 (0.8723)  normalized_mse_mask: 0.0038 (0.0249)  rmse_m_all: 12.8102 (12.5954)  actual_mask_ratio: 0.0719 (0.0696)  actual_prediction_mask_ratio: 0.2269 (0.2238)  ignored_patch_ratio: 0.0278 (0.0248)  time: 0.1166  data: 0.0001  max mem: 1904
[17:24:21.504983] Epoch: [17]  [ 660/1004]  eta: 0:00:38  lr: 0.000009  loss: 0.0086 (0.0248)  mae_m_mask: 0.6667 (0.6879)  rmse_m_mask: 0.8477 (0.8722)  normalized_mse_mask: 0.0086 (0.0248)  rmse_m_all: 12.5300 (12.5738)  actual_mask_ratio: 0.0711 (0.0697)  actual_prediction_mask_ratio: 0.2340 (0.2241)  ignored_patch_ratio: 0.0249 (0.0248)  time: 0.1155  data: 0.0001  max mem: 1904
[17:24:23.848877] Epoch: [17]  [ 680/1004]  eta: 0:00:36  lr: 0.000009  loss: 0.0056 (0.0245)  mae_m_mask: 0.5782 (0.6845)  rmse_m_mask: 0.7045 (0.8684)  normalized_mse_mask: 0.0056 (0.0245)  rmse_m_all: 12.3037 (12.5668)  actual_mask_ratio: 0.0702 (0.0697)  actual_prediction_mask_ratio: 0.2290 (0.2242)  ignored_patch_ratio: 0.0238 (0.0247)  time: 0.1172  data: 0.0001  max mem: 1904
[17:24:26.187168] Epoch: [17]  [ 700/1004]  eta: 0:00:34  lr: 0.000009  loss: 0.0055 (0.0246)  mae_m_mask: 0.6423 (0.6842)  rmse_m_mask: 0.8226 (0.8674)  normalized_mse_mask: 0.0055 (0.0246)  rmse_m_all: 10.5684 (12.5709)  actual_mask_ratio: 0.0702 (0.0698)  actual_prediction_mask_ratio: 0.2340 (0.2243)  ignored_patch_ratio: 0.0198 (0.0247)  time: 0.1169  data: 0.0001  max mem: 1904
[17:24:28.498557] Epoch: [17]  [ 720/1004]  eta: 0:00:32  lr: 0.000009  loss: 0.0028 (0.0244)  mae_m_mask: 0.7284 (0.6862)  rmse_m_mask: 0.9070 (0.8696)  normalized_mse_mask: 0.0028 (0.0244)  rmse_m_all: 10.9756 (12.5614)  actual_mask_ratio: 0.0699 (0.0698)  actual_prediction_mask_ratio: 0.2222 (0.2242)  ignored_patch_ratio: 0.0244 (0.0247)  time: 0.1155  data: 0.0001  max mem: 1904
[17:24:30.817350] Epoch: [17]  [ 740/1004]  eta: 0:00:29  lr: 0.000009  loss: 0.0121 (0.0242)  mae_m_mask: 0.5617 (0.6845)  rmse_m_mask: 0.7762 (0.8685)  normalized_mse_mask: 0.0121 (0.0242)  rmse_m_all: 11.9350 (12.5436)  actual_mask_ratio: 0.0727 (0.0698)  actual_prediction_mask_ratio: 0.2329 (0.2244)  ignored_patch_ratio: 0.0198 (0.0246)  time: 0.1159  data: 0.0001  max mem: 1904
[17:24:33.146445] Epoch: [17]  [ 760/1004]  eta: 0:00:27  lr: 0.000009  loss: 0.0034 (0.0240)  mae_m_mask: 0.6537 (0.6847)  rmse_m_mask: 0.7736 (0.8690)  normalized_mse_mask: 0.0034 (0.0240)  rmse_m_all: 12.1050 (12.5472)  actual_mask_ratio: 0.0696 (0.0699)  actual_prediction_mask_ratio: 0.2306 (0.2246)  ignored_patch_ratio: 0.0210 (0.0246)  time: 0.1164  data: 0.0001  max mem: 1904
[17:24:35.477821] Epoch: [17]  [ 780/1004]  eta: 0:00:25  lr: 0.000009  loss: 0.0029 (0.0238)  mae_m_mask: 0.6205 (0.6847)  rmse_m_mask: 0.8431 (0.8689)  normalized_mse_mask: 0.0029 (0.0238)  rmse_m_all: 12.5985 (12.5530)  actual_mask_ratio: 0.0703 (0.0699)  actual_prediction_mask_ratio: 0.2288 (0.2247)  ignored_patch_ratio: 0.0193 (0.0246)  time: 0.1165  data: 0.0001  max mem: 1904
[17:24:37.809587] Epoch: [17]  [ 800/1004]  eta: 0:00:23  lr: 0.000009  loss: 0.0025 (0.0245)  mae_m_mask: 0.5366 (0.6827)  rmse_m_mask: 0.7202 (0.8672)  normalized_mse_mask: 0.0025 (0.0245)  rmse_m_all: 13.0514 (12.5573)  actual_mask_ratio: 0.0691 (0.0698)  actual_prediction_mask_ratio: 0.2308 (0.2247)  ignored_patch_ratio: 0.0244 (0.0246)  time: 0.1166  data: 0.0001  max mem: 1904
[17:24:40.144610] Epoch: [17]  [ 820/1004]  eta: 0:00:20  lr: 0.000009  loss: 0.0050 (0.0246)  mae_m_mask: 0.6155 (0.6825)  rmse_m_mask: 0.7561 (0.8671)  normalized_mse_mask: 0.0050 (0.0246)  rmse_m_all: 11.7357 (12.5358)  actual_mask_ratio: 0.0693 (0.0698)  actual_prediction_mask_ratio: 0.2237 (0.2247)  ignored_patch_ratio: 0.0261 (0.0246)  time: 0.1167  data: 0.0001  max mem: 1904
[17:24:42.476160] Epoch: [17]  [ 840/1004]  eta: 0:00:18  lr: 0.000009  loss: 0.0076 (0.0244)  mae_m_mask: 0.6693 (0.6835)  rmse_m_mask: 0.8488 (0.8686)  normalized_mse_mask: 0.0076 (0.0244)  rmse_m_all: 12.4909 (12.5371)  actual_mask_ratio: 0.0734 (0.0699)  actual_prediction_mask_ratio: 0.2309 (0.2248)  ignored_patch_ratio: 0.0198 (0.0245)  time: 0.1165  data: 0.0001  max mem: 1904
[17:24:44.805131] Epoch: [17]  [ 860/1004]  eta: 0:00:16  lr: 0.000009  loss: 0.0059 (0.0247)  mae_m_mask: 0.7124 (0.6842)  rmse_m_mask: 0.9245 (0.8696)  normalized_mse_mask: 0.0059 (0.0247)  rmse_m_all: 12.2368 (12.5253)  actual_mask_ratio: 0.0708 (0.0699)  actual_prediction_mask_ratio: 0.2304 (0.2249)  ignored_patch_ratio: 0.0261 (0.0246)  time: 0.1164  data: 0.0001  max mem: 1904
[17:24:47.138345] Epoch: [17]  [ 880/1004]  eta: 0:00:14  lr: 0.000009  loss: 0.0063 (0.0249)  mae_m_mask: 0.5041 (0.6815)  rmse_m_mask: 0.6499 (0.8673)  normalized_mse_mask: 0.0063 (0.0249)  rmse_m_all: 12.4041 (12.5278)  actual_mask_ratio: 0.0715 (0.0699)  actual_prediction_mask_ratio: 0.2196 (0.2249)  ignored_patch_ratio: 0.0232 (0.0246)  time: 0.1166  data: 0.0001  max mem: 1904
[17:24:49.469091] Epoch: [17]  [ 900/1004]  eta: 0:00:11  lr: 0.000009  loss: 0.0027 (0.0247)  mae_m_mask: 0.5765 (0.6810)  rmse_m_mask: 0.7250 (0.8667)  normalized_mse_mask: 0.0027 (0.0247)  rmse_m_all: 11.9061 (12.5320)  actual_mask_ratio: 0.0686 (0.0699)  actual_prediction_mask_ratio: 0.2228 (0.2248)  ignored_patch_ratio: 0.0176 (0.0246)  time: 0.1165  data: 0.0001  max mem: 1904
[17:24:51.797903] Epoch: [17]  [ 920/1004]  eta: 0:00:09  lr: 0.000009  loss: 0.0068 (0.0246)  mae_m_mask: 0.5817 (0.6806)  rmse_m_mask: 0.7570 (0.8661)  normalized_mse_mask: 0.0068 (0.0246)  rmse_m_all: 12.8080 (12.5385)  actual_mask_ratio: 0.0686 (0.0699)  actual_prediction_mask_ratio: 0.2233 (0.2248)  ignored_patch_ratio: 0.0221 (0.0246)  time: 0.1164  data: 0.0001  max mem: 1904
[17:24:54.131806] Epoch: [17]  [ 940/1004]  eta: 0:00:07  lr: 0.000009  loss: 0.0041 (0.0244)  mae_m_mask: 0.5331 (0.6798)  rmse_m_mask: 0.6689 (0.8647)  normalized_mse_mask: 0.0041 (0.0244)  rmse_m_all: 13.1378 (12.5371)  actual_mask_ratio: 0.0721 (0.0699)  actual_prediction_mask_ratio: 0.2361 (0.2249)  ignored_patch_ratio: 0.0221 (0.0246)  time: 0.1167  data: 0.0001  max mem: 1904
[17:24:56.463774] Epoch: [17]  [ 960/1004]  eta: 0:00:05  lr: 0.000009  loss: 0.0030 (0.0242)  mae_m_mask: 0.5450 (0.6779)  rmse_m_mask: 0.6944 (0.8629)  normalized_mse_mask: 0.0030 (0.0242)  rmse_m_all: 11.9625 (12.5431)  actual_mask_ratio: 0.0663 (0.0699)  actual_prediction_mask_ratio: 0.2181 (0.2247)  ignored_patch_ratio: 0.0300 (0.0248)  time: 0.1166  data: 0.0001  max mem: 1904
[17:24:58.796217] Epoch: [17]  [ 980/1004]  eta: 0:00:02  lr: 0.000009  loss: 0.0101 (0.0249)  mae_m_mask: 0.5625 (0.6780)  rmse_m_mask: 0.7188 (0.8629)  normalized_mse_mask: 0.0101 (0.0249)  rmse_m_all: 12.9693 (12.5286)  actual_mask_ratio: 0.0691 (0.0699)  actual_prediction_mask_ratio: 0.2207 (0.2248)  ignored_patch_ratio: 0.0147 (0.0246)  time: 0.1166  data: 0.0001  max mem: 1904
[17:25:01.125279] Epoch: [17]  [1000/1004]  eta: 0:00:00  lr: 0.000009  loss: 0.0102 (0.0248)  mae_m_mask: 0.5849 (0.6778)  rmse_m_mask: 0.7727 (0.8624)  normalized_mse_mask: 0.0102 (0.0248)  rmse_m_all: 11.6356 (12.5306)  actual_mask_ratio: 0.0702 (0.0698)  actual_prediction_mask_ratio: 0.2202 (0.2247)  ignored_patch_ratio: 0.0198 (0.0245)  time: 0.1164  data: 0.0001  max mem: 1904
[17:25:01.480484] Epoch: [17]  [1003/1004]  eta: 0:00:00  lr: 0.000009  loss: 0.0098 (0.0248)  mae_m_mask: 0.5731 (0.6774)  rmse_m_mask: 0.7410 (0.8620)  normalized_mse_mask: 0.0098 (0.0248)  rmse_m_all: 11.6356 (12.5310)  actual_mask_ratio: 0.0702 (0.0698)  actual_prediction_mask_ratio: 0.2237 (0.2248)  ignored_patch_ratio: 0.0187 (0.0245)  time: 0.1165  data: 0.0001  max mem: 1904
[17:25:01.528794] Epoch: [17] Total time: 0:01:54 (0.1141 s / it)
[17:25:01.531808] Averaged stats: {'lr': 9.489507457386569e-06, 'loss': 0.02480281692765808, 'mae_m_mask': 0.6719249152683666, 'rmse_m_mask': 0.9087437868971149, 'normalized_mse_mask': 0.02480281692765808, 'rmse_m_all': 12.530957967992798, 'actual_mask_ratio': 0.06984425936844126, 'actual_prediction_mask_ratio': 0.22475497307352335, 'ignored_patch_ratio': 0.024530549745160744, 'supervised_pixel_count': 19824973.0}
[17:25:01.723812] Val: [17]  [  0/288]  eta: 0:00:54  loss: 0.0290 (0.0290)  mae_m_mask: 0.3697 (0.3697)  rmse_m_mask: 0.4753 (0.4753)  normalized_mse_mask: 0.0290 (0.0290)  rmse_m_all: 5.6317 (5.6317)  actual_mask_ratio: 0.0607 (0.0607)  actual_prediction_mask_ratio: 0.2001 (0.2001)  ignored_patch_ratio: 0.0000 (0.0000)  time: 0.1895  data: 0.0876  max mem: 1904
[17:25:09.014551] Val: [17]  [ 50/288]  eta: 0:00:34  loss: 0.0420 (0.0967)  mae_m_mask: 0.3034 (0.3239)  rmse_m_mask: 0.3700 (0.3908)  normalized_mse_mask: 0.0420 (0.0967)  rmse_m_all: 1.0661 (3.7747)  actual_mask_ratio: 0.0663 (0.0715)  actual_prediction_mask_ratio: 0.2336 (0.2372)  ignored_patch_ratio: 0.0000 (0.0000)  time: 0.0882  data: 0.0001  max mem: 1904
[17:25:13.412084] Val: [17]  [100/288]  eta: 0:00:22  loss: 0.1983 (0.1686)  mae_m_mask: 0.3428 (0.3876)  rmse_m_mask: 0.4070 (0.4636)  normalized_mse_mask: 0.1983 (0.1686)  rmse_m_all: 0.7662 (3.3153)  actual_mask_ratio: 0.0714 (0.0723)  actual_prediction_mask_ratio: 0.2239 (0.2366)  ignored_patch_ratio: 0.0000 (0.0000)  time: 0.0879  data: 0.0001  max mem: 1904
[17:25:17.863318] Val: [17]  [150/288]  eta: 0:00:14  loss: 0.0259 (0.1700)  mae_m_mask: 0.4295 (0.4015)  rmse_m_mask: 0.4831 (0.4753)  normalized_mse_mask: 0.0259 (0.1700)  rmse_m_all: 2.3018 (2.9303)  actual_mask_ratio: 0.0743 (0.0723)  actual_prediction_mask_ratio: 0.2443 (0.2367)  ignored_patch_ratio: 0.0000 (0.0000)  time: 0.0874  data: 0.0001  max mem: 1904
[17:25:22.263500] Val: [17]  [200/288]  eta: 0:00:09  loss: 0.3655 (0.2046)  mae_m_mask: 0.2891 (0.3962)  rmse_m_mask: 0.3345 (0.4749)  normalized_mse_mask: 0.3655 (0.2046)  rmse_m_all: 0.4520 (2.5015)  actual_mask_ratio: 0.0743 (0.0732)  actual_prediction_mask_ratio: 0.2545 (0.2410)  ignored_patch_ratio: 0.0000 (0.0000)  time: 0.0870  data: 0.0001  max mem: 1904
[17:25:26.610904] Val: [17]  [250/288]  eta: 0:00:03  loss: 0.0520 (0.1869)  mae_m_mask: 0.3319 (0.3812)  rmse_m_mask: 0.4106 (0.4572)  normalized_mse_mask: 0.0520 (0.1869)  rmse_m_all: 1.2935 (2.4195)  actual_mask_ratio: 0.0822 (0.0748)  actual_prediction_mask_ratio: 0.2591 (0.2448)  ignored_patch_ratio: 0.0000 (0.0000)  time: 0.0866  data: 0.0001  max mem: 1904
[17:25:29.708870] Val: [17]  [287/288]  eta: 0:00:00  loss: 0.0296 (0.1731)  mae_m_mask: 0.2891 (0.3725)  rmse_m_mask: 0.3544 (0.4473)  normalized_mse_mask: 0.0296 (0.1731)  rmse_m_all: 1.0807 (2.5736)  actual_mask_ratio: 0.0760 (0.0749)  actual_prediction_mask_ratio: 0.2523 (0.2453)  ignored_patch_ratio: 0.0000 (0.0000)  time: 0.0821  data: 0.0001  max mem: 1904
[17:25:29.738379] Val: [17] Total time: 0:00:28 (0.0979 s / it)
[17:25:29.740386] val stats: {'loss': 0.16693159276419492, 'mae_m_mask': 0.37829279786286446, 'rmse_m_mask': 0.5163518958170972, 'normalized_mse_mask': 0.16693159276419492, 'rmse_m_all': 2.573629418077568, 'actual_mask_ratio': 0.07494737871456891, 'actual_prediction_mask_ratio': 0.24532247381284833, 'ignored_patch_ratio': 0.0, 'supervised_pixel_count': 5936124.0}
[17:25:33.937372] log_dir: /tank/data/SFS/xinyis/data/bathymetry/MAE-Topography/Downstream_Task_Bathy/cross_validation_v5_Stage2NormMSE_MeterSelect/runs/holdout_CO_D004Stage2NormMSE_MeterSelect_D001NoDataSafe/train_stage2_normMSE_meterSelect_CO_UpperColorado_Topobathy_1_2020_fromStage1Best_e120_lr1e-5_b4_acc4/tb
[17:25:34.128025] Epoch: [18]  [   0/1004]  eta: 0:03:10  lr: 0.000009  loss: 0.0007 (0.0007)  mae_m_mask: 0.4578 (0.4578)  rmse_m_mask: 0.6518 (0.6518)  normalized_mse_mask: 0.0007 (0.0007)  rmse_m_all: 13.1060 (13.1060)  actual_mask_ratio: 0.0698 (0.0698)  actual_prediction_mask_ratio: 0.2368 (0.2368)  ignored_patch_ratio: 0.0091 (0.0091)  time: 0.1901  data: 0.0817  max mem: 1904
[17:25:36.346682] Epoch: [18]  [  20/1004]  eta: 0:01:52  lr: 0.000009  loss: 0.0022 (0.0188)  mae_m_mask: 0.6069 (0.6207)  rmse_m_mask: 0.7806 (0.7979)  normalized_mse_mask: 0.0022 (0.0188)  rmse_m_all: 12.3189 (12.9327)  actual_mask_ratio: 0.0660 (0.0689)  actual_prediction_mask_ratio: 0.2138 (0.2234)  ignored_patch_ratio: 0.0198 (0.0222)  time: 0.1109  data: 0.0001  max mem: 1904
[17:25:38.548271] Epoch: [18]  [  40/1004]  eta: 0:01:48  lr: 0.000009  loss: 0.0119 (0.0320)  mae_m_mask: 0.6846 (0.6630)  rmse_m_mask: 0.8766 (0.8632)  normalized_mse_mask: 0.0119 (0.0320)  rmse_m_all: 12.8006 (13.0701)  actual_mask_ratio: 0.0677 (0.0682)  actual_prediction_mask_ratio: 0.2135 (0.2215)  ignored_patch_ratio: 0.0238 (0.0237)  time: 0.1100  data: 0.0001  max mem: 1904
[17:25:40.671778] Epoch: [18]  [  60/1004]  eta: 0:01:44  lr: 0.000009  loss: 0.0031 (0.0245)  mae_m_mask: 0.6033 (0.6444)  rmse_m_mask: 0.7974 (0.8351)  normalized_mse_mask: 0.0031 (0.0245)  rmse_m_all: 13.2481 (13.0081)  actual_mask_ratio: 0.0714 (0.0693)  actual_prediction_mask_ratio: 0.2341 (0.2254)  ignored_patch_ratio: 0.0289 (0.0255)  time: 0.1061  data: 0.0001  max mem: 1904
[17:25:43.232162] Epoch: [18]  [  80/1004]  eta: 0:01:45  lr: 0.000009  loss: 0.0037 (0.0257)  mae_m_mask: 0.5852 (0.6280)  rmse_m_mask: 0.7365 (0.8141)  normalized_mse_mask: 0.0037 (0.0257)  rmse_m_all: 12.8052 (12.8355)  actual_mask_ratio: 0.0711 (0.0696)  actual_prediction_mask_ratio: 0.2263 (0.2261)  ignored_patch_ratio: 0.0272 (0.0254)  time: 0.1280  data: 0.0545  max mem: 1904
[17:25:45.865394] Epoch: [18]  [ 100/1004]  eta: 0:01:46  lr: 0.000009  loss: 0.0113 (0.0238)  mae_m_mask: 0.5942 (0.6479)  rmse_m_mask: 0.7922 (0.8348)  normalized_mse_mask: 0.0113 (0.0238)  rmse_m_all: 11.3847 (12.7498)  actual_mask_ratio: 0.0665 (0.0692)  actual_prediction_mask_ratio: 0.2145 (0.2248)  ignored_patch_ratio: 0.0198 (0.0246)  time: 0.1316  data: 0.0001  max mem: 1904
[17:25:48.107151] Epoch: [18]  [ 120/1004]  eta: 0:01:43  lr: 0.000009  loss: 0.0041 (0.0231)  mae_m_mask: 0.6734 (0.6562)  rmse_m_mask: 0.8205 (0.8392)  normalized_mse_mask: 0.0041 (0.0231)  rmse_m_all: 12.9338 (12.7966)  actual_mask_ratio: 0.0702 (0.0692)  actual_prediction_mask_ratio: 0.2257 (0.2247)  ignored_patch_ratio: 0.0210 (0.0245)  time: 0.1121  data: 0.0001  max mem: 1904
[17:25:50.346746] Epoch: [18]  [ 140/1004]  eta: 0:01:40  lr: 0.000009  loss: 0.0038 (0.0227)  mae_m_mask: 0.6731 (0.6661)  rmse_m_mask: 0.8714 (0.8489)  normalized_mse_mask: 0.0038 (0.0227)  rmse_m_all: 14.0780 (12.8642)  actual_mask_ratio: 0.0728 (0.0697)  actual_prediction_mask_ratio: 0.2278 (0.2251)  ignored_patch_ratio: 0.0255 (0.0246)  time: 0.1119  data: 0.0001  max mem: 1904
[17:25:52.635063] Epoch: [18]  [ 160/1004]  eta: 0:01:37  lr: 0.000009  loss: 0.0089 (0.0226)  mae_m_mask: 0.5695 (0.6559)  rmse_m_mask: 0.7411 (0.8360)  normalized_mse_mask: 0.0089 (0.0226)  rmse_m_all: 10.6530 (12.6495)  actual_mask_ratio: 0.0710 (0.0697)  actual_prediction_mask_ratio: 0.2194 (0.2247)  ignored_patch_ratio: 0.0238 (0.0242)  time: 0.1144  data: 0.0001  max mem: 1904
[17:25:54.901994] Epoch: [18]  [ 180/1004]  eta: 0:01:35  lr: 0.000009  loss: 0.0052 (0.0248)  mae_m_mask: 0.5530 (0.6505)  rmse_m_mask: 0.6813 (0.8304)  normalized_mse_mask: 0.0052 (0.0248)  rmse_m_all: 12.5192 (12.4847)  actual_mask_ratio: 0.0691 (0.0697)  actual_prediction_mask_ratio: 0.2243 (0.2245)  ignored_patch_ratio: 0.0255 (0.0247)  time: 0.1133  data: 0.0001  max mem: 1904
[17:25:57.173018] Epoch: [18]  [ 200/1004]  eta: 0:01:32  lr: 0.000009  loss: 0.0059 (0.0237)  mae_m_mask: 0.7209 (0.6593)  rmse_m_mask: 0.9603 (0.8445)  normalized_mse_mask: 0.0059 (0.0237)  rmse_m_all: 11.0786 (12.4255)  actual_mask_ratio: 0.0703 (0.0698)  actual_prediction_mask_ratio: 0.2339 (0.2247)  ignored_patch_ratio: 0.0204 (0.0245)  time: 0.1135  data: 0.0001  max mem: 1904
[17:25:59.429763] Epoch: [18]  [ 220/1004]  eta: 0:01:30  lr: 0.000009  loss: 0.0056 (0.0244)  mae_m_mask: 0.6972 (0.6774)  rmse_m_mask: 0.9158 (0.8665)  normalized_mse_mask: 0.0056 (0.0244)  rmse_m_all: 11.8653 (12.3524)  actual_mask_ratio: 0.0689 (0.0697)  actual_prediction_mask_ratio: 0.2295 (0.2249)  ignored_patch_ratio: 0.0204 (0.0247)  time: 0.1128  data: 0.0001  max mem: 1904
[17:26:01.697169] Epoch: [18]  [ 240/1004]  eta: 0:01:27  lr: 0.000009  loss: 0.0042 (0.0251)  mae_m_mask: 0.7783 (0.6913)  rmse_m_mask: 1.0033 (0.8810)  normalized_mse_mask: 0.0042 (0.0251)  rmse_m_all: 12.5691 (12.3680)  actual_mask_ratio: 0.0701 (0.0698)  actual_prediction_mask_ratio: 0.2268 (0.2250)  ignored_patch_ratio: 0.0187 (0.0243)  time: 0.1133  data: 0.0001  max mem: 1904
[17:26:03.964777] Epoch: [18]  [ 260/1004]  eta: 0:01:25  lr: 0.000009  loss: 0.0030 (0.0269)  mae_m_mask: 0.6987 (0.6965)  rmse_m_mask: 0.8893 (0.8874)  normalized_mse_mask: 0.0030 (0.0269)  rmse_m_all: 11.9155 (12.3550)  actual_mask_ratio: 0.0711 (0.0699)  actual_prediction_mask_ratio: 0.2286 (0.2251)  ignored_patch_ratio: 0.0227 (0.0243)  time: 0.1134  data: 0.0001  max mem: 1904
[17:26:06.230465] Epoch: [18]  [ 280/1004]  eta: 0:01:23  lr: 0.000009  loss: 0.0033 (0.0258)  mae_m_mask: 0.6613 (0.6930)  rmse_m_mask: 0.8446 (0.8833)  normalized_mse_mask: 0.0033 (0.0258)  rmse_m_all: 10.8641 (12.3198)  actual_mask_ratio: 0.0660 (0.0698)  actual_prediction_mask_ratio: 0.2190 (0.2249)  ignored_patch_ratio: 0.0266 (0.0246)  time: 0.1133  data: 0.0001  max mem: 1904
[17:26:08.495609] Epoch: [18]  [ 300/1004]  eta: 0:01:20  lr: 0.000009  loss: 0.0018 (0.0248)  mae_m_mask: 0.6294 (0.6952)  rmse_m_mask: 0.8102 (0.8843)  normalized_mse_mask: 0.0018 (0.0248)  rmse_m_all: 13.5467 (12.4494)  actual_mask_ratio: 0.0676 (0.0697)  actual_prediction_mask_ratio: 0.2138 (0.2243)  ignored_patch_ratio: 0.0283 (0.0249)  time: 0.1132  data: 0.0001  max mem: 1904
[17:26:10.736302] Epoch: [18]  [ 320/1004]  eta: 0:01:18  lr: 0.000009  loss: 0.0051 (0.0241)  mae_m_mask: 0.5266 (0.6886)  rmse_m_mask: 0.7010 (0.8761)  normalized_mse_mask: 0.0051 (0.0241)  rmse_m_all: 12.7360 (12.4493)  actual_mask_ratio: 0.0738 (0.0700)  actual_prediction_mask_ratio: 0.2320 (0.2249)  ignored_patch_ratio: 0.0215 (0.0248)  time: 0.1120  data: 0.0001  max mem: 1904
[17:26:12.685049] Epoch: [18]  [ 340/1004]  eta: 0:01:15  lr: 0.000009  loss: 0.0049 (0.0241)  mae_m_mask: 0.6588 (0.6880)  rmse_m_mask: 0.8367 (0.8765)  normalized_mse_mask: 0.0049 (0.0241)  rmse_m_all: 11.7139 (12.4444)  actual_mask_ratio: 0.0710 (0.0700)  actual_prediction_mask_ratio: 0.2327 (0.2253)  ignored_patch_ratio: 0.0198 (0.0248)  time: 0.0974  data: 0.0001  max mem: 1904
[17:26:15.391658] Epoch: [18]  [ 360/1004]  eta: 0:01:13  lr: 0.000009  loss: 0.0033 (0.0238)  mae_m_mask: 0.5717 (0.6842)  rmse_m_mask: 0.6795 (0.8715)  normalized_mse_mask: 0.0033 (0.0238)  rmse_m_all: 12.1330 (12.4312)  actual_mask_ratio: 0.0666 (0.0700)  actual_prediction_mask_ratio: 0.2249 (0.2249)  ignored_patch_ratio: 0.0261 (0.0249)  time: 0.1353  data: 0.0518  max mem: 1904
[17:26:17.213524] Epoch: [18]  [ 380/1004]  eta: 0:01:10  lr: 0.000009  loss: 0.0059 (0.0241)  mae_m_mask: 0.4553 (0.6767)  rmse_m_mask: 0.6261 (0.8621)  normalized_mse_mask: 0.0059 (0.0241)  rmse_m_all: 9.9935 (12.3461)  actual_mask_ratio: 0.0703 (0.0700)  actual_prediction_mask_ratio: 0.2291 (0.2252)  ignored_patch_ratio: 0.0198 (0.0247)  time: 0.0911  data: 0.0001  max mem: 1904
[17:26:19.529921] Epoch: [18]  [ 400/1004]  eta: 0:01:08  lr: 0.000009  loss: 0.0051 (0.0238)  mae_m_mask: 0.5939 (0.6773)  rmse_m_mask: 0.7575 (0.8647)  normalized_mse_mask: 0.0051 (0.0238)  rmse_m_all: 13.1225 (12.3519)  actual_mask_ratio: 0.0687 (0.0700)  actual_prediction_mask_ratio: 0.2245 (0.2252)  ignored_patch_ratio: 0.0159 (0.0244)  time: 0.1158  data: 0.0001  max mem: 1904
[17:26:21.816485] Epoch: [18]  [ 420/1004]  eta: 0:01:06  lr: 0.000009  loss: 0.0118 (0.0235)  mae_m_mask: 0.6257 (0.6774)  rmse_m_mask: 0.8331 (0.8646)  normalized_mse_mask: 0.0118 (0.0235)  rmse_m_all: 11.3486 (12.3371)  actual_mask_ratio: 0.0686 (0.0699)  actual_prediction_mask_ratio: 0.2183 (0.2250)  ignored_patch_ratio: 0.0210 (0.0243)  time: 0.1143  data: 0.0001  max mem: 1904
[17:26:24.128376] Epoch: [18]  [ 440/1004]  eta: 0:01:04  lr: 0.000009  loss: 0.0047 (0.0233)  mae_m_mask: 0.6349 (0.6770)  rmse_m_mask: 0.8214 (0.8637)  normalized_mse_mask: 0.0047 (0.0233)  rmse_m_all: 12.0400 (12.3383)  actual_mask_ratio: 0.0709 (0.0700)  actual_prediction_mask_ratio: 0.2230 (0.2251)  ignored_patch_ratio: 0.0181 (0.0242)  time: 0.1156  data: 0.0001  max mem: 1904
[17:26:26.439087] Epoch: [18]  [ 460/1004]  eta: 0:01:01  lr: 0.000009  loss: 0.0140 (0.0238)  mae_m_mask: 0.6352 (0.6739)  rmse_m_mask: 0.8327 (0.8603)  normalized_mse_mask: 0.0140 (0.0238)  rmse_m_all: 9.8111 (12.2647)  actual_mask_ratio: 0.0743 (0.0701)  actual_prediction_mask_ratio: 0.2373 (0.2255)  ignored_patch_ratio: 0.0159 (0.0240)  time: 0.1155  data: 0.0001  max mem: 1904
[17:26:28.769785] Epoch: [18]  [ 480/1004]  eta: 0:00:59  lr: 0.000009  loss: 0.0114 (0.0242)  mae_m_mask: 0.6267 (0.6738)  rmse_m_mask: 0.7461 (0.8607)  normalized_mse_mask: 0.0114 (0.0242)  rmse_m_all: 12.9955 (12.2889)  actual_mask_ratio: 0.0675 (0.0701)  actual_prediction_mask_ratio: 0.2209 (0.2254)  ignored_patch_ratio: 0.0187 (0.0240)  time: 0.1165  data: 0.0001  max mem: 1904
[17:26:31.104859] Epoch: [18]  [ 500/1004]  eta: 0:00:57  lr: 0.000009  loss: 0.0037 (0.0234)  mae_m_mask: 0.6217 (0.6734)  rmse_m_mask: 0.8315 (0.8589)  normalized_mse_mask: 0.0037 (0.0234)  rmse_m_all: 11.8763 (12.3166)  actual_mask_ratio: 0.0678 (0.0700)  actual_prediction_mask_ratio: 0.2212 (0.2253)  ignored_patch_ratio: 0.0232 (0.0241)  time: 0.1167  data: 0.0001  max mem: 1904
[17:26:33.439005] Epoch: [18]  [ 520/1004]  eta: 0:00:55  lr: 0.000009  loss: 0.0086 (0.0237)  mae_m_mask: 0.6335 (0.6727)  rmse_m_mask: 0.8174 (0.8585)  normalized_mse_mask: 0.0086 (0.0237)  rmse_m_all: 12.0148 (12.2971)  actual_mask_ratio: 0.0665 (0.0699)  actual_prediction_mask_ratio: 0.2160 (0.2251)  ignored_patch_ratio: 0.0295 (0.0242)  time: 0.1167  data: 0.0001  max mem: 1904
[17:26:35.767385] Epoch: [18]  [ 540/1004]  eta: 0:00:53  lr: 0.000009  loss: 0.0075 (0.0244)  mae_m_mask: 0.6681 (0.6739)  rmse_m_mask: 0.8789 (0.8616)  normalized_mse_mask: 0.0075 (0.0244)  rmse_m_all: 12.6986 (12.2930)  actual_mask_ratio: 0.0656 (0.0698)  actual_prediction_mask_ratio: 0.2160 (0.2249)  ignored_patch_ratio: 0.0221 (0.0242)  time: 0.1164  data: 0.0001  max mem: 1904
[17:26:38.099182] Epoch: [18]  [ 560/1004]  eta: 0:00:50  lr: 0.000009  loss: 0.0030 (0.0249)  mae_m_mask: 0.6889 (0.6737)  rmse_m_mask: 0.8375 (0.8619)  normalized_mse_mask: 0.0030 (0.0249)  rmse_m_all: 12.7585 (12.2958)  actual_mask_ratio: 0.0685 (0.0698)  actual_prediction_mask_ratio: 0.2290 (0.2250)  ignored_patch_ratio: 0.0210 (0.0242)  time: 0.1166  data: 0.0001  max mem: 1904
[17:26:40.430274] Epoch: [18]  [ 580/1004]  eta: 0:00:48  lr: 0.000009  loss: 0.0050 (0.0245)  mae_m_mask: 0.6478 (0.6722)  rmse_m_mask: 0.7625 (0.8598)  normalized_mse_mask: 0.0050 (0.0245)  rmse_m_all: 11.3916 (12.2986)  actual_mask_ratio: 0.0693 (0.0698)  actual_prediction_mask_ratio: 0.2200 (0.2248)  ignored_patch_ratio: 0.0312 (0.0244)  time: 0.1165  data: 0.0001  max mem: 1904
[17:26:42.757138] Epoch: [18]  [ 600/1004]  eta: 0:00:46  lr: 0.000009  loss: 0.0038 (0.0245)  mae_m_mask: 0.7480 (0.6754)  rmse_m_mask: 0.9071 (0.8628)  normalized_mse_mask: 0.0038 (0.0245)  rmse_m_all: 12.2169 (12.3156)  actual_mask_ratio: 0.0682 (0.0698)  actual_prediction_mask_ratio: 0.2201 (0.2247)  ignored_patch_ratio: 0.0238 (0.0245)  time: 0.1163  data: 0.0001  max mem: 1904
[17:26:45.090359] Epoch: [18]  [ 620/1004]  eta: 0:00:43  lr: 0.000009  loss: 0.0067 (0.0244)  mae_m_mask: 0.6755 (0.6754)  rmse_m_mask: 0.8386 (0.8631)  normalized_mse_mask: 0.0067 (0.0244)  rmse_m_all: 14.9298 (12.3684)  actual_mask_ratio: 0.0707 (0.0698)  actual_prediction_mask_ratio: 0.2266 (0.2247)  ignored_patch_ratio: 0.0227 (0.0244)  time: 0.1166  data: 0.0001  max mem: 1904
[17:26:47.418470] Epoch: [18]  [ 640/1004]  eta: 0:00:41  lr: 0.000009  loss: 0.0029 (0.0246)  mae_m_mask: 0.5352 (0.6724)  rmse_m_mask: 0.6660 (0.8591)  normalized_mse_mask: 0.0029 (0.0246)  rmse_m_all: 12.6894 (12.3606)  actual_mask_ratio: 0.0688 (0.0698)  actual_prediction_mask_ratio: 0.2205 (0.2246)  ignored_patch_ratio: 0.0193 (0.0244)  time: 0.1164  data: 0.0001  max mem: 1904
[17:26:49.748785] Epoch: [18]  [ 660/1004]  eta: 0:00:39  lr: 0.000009  loss: 0.0065 (0.0248)  mae_m_mask: 0.5776 (0.6700)  rmse_m_mask: 0.7543 (0.8565)  normalized_mse_mask: 0.0065 (0.0248)  rmse_m_all: 13.6338 (12.3789)  actual_mask_ratio: 0.0697 (0.0698)  actual_prediction_mask_ratio: 0.2242 (0.2246)  ignored_patch_ratio: 0.0147 (0.0243)  time: 0.1165  data: 0.0001  max mem: 1904
[17:26:52.076044] Epoch: [18]  [ 680/1004]  eta: 0:00:37  lr: 0.000009  loss: 0.0035 (0.0245)  mae_m_mask: 0.6397 (0.6690)  rmse_m_mask: 0.7855 (0.8552)  normalized_mse_mask: 0.0035 (0.0245)  rmse_m_all: 12.4041 (12.3986)  actual_mask_ratio: 0.0694 (0.0698)  actual_prediction_mask_ratio: 0.2225 (0.2246)  ignored_patch_ratio: 0.0261 (0.0244)  time: 0.1163  data: 0.0001  max mem: 1904
[17:26:54.410706] Epoch: [18]  [ 700/1004]  eta: 0:00:34  lr: 0.000009  loss: 0.0034 (0.0246)  mae_m_mask: 0.4860 (0.6659)  rmse_m_mask: 0.6281 (0.8513)  normalized_mse_mask: 0.0034 (0.0246)  rmse_m_all: 14.4618 (12.4404)  actual_mask_ratio: 0.0676 (0.0698)  actual_prediction_mask_ratio: 0.2225 (0.2245)  ignored_patch_ratio: 0.0238 (0.0245)  time: 0.1167  data: 0.0001  max mem: 1904
[17:26:56.739411] Epoch: [18]  [ 720/1004]  eta: 0:00:32  lr: 0.000009  loss: 0.0018 (0.0245)  mae_m_mask: 0.5590 (0.6649)  rmse_m_mask: 0.7330 (0.8500)  normalized_mse_mask: 0.0018 (0.0245)  rmse_m_all: 13.9086 (12.4634)  actual_mask_ratio: 0.0666 (0.0697)  actual_prediction_mask_ratio: 0.2113 (0.2242)  ignored_patch_ratio: 0.0295 (0.0246)  time: 0.1164  data: 0.0001  max mem: 1904
[17:26:59.071331] Epoch: [18]  [ 740/1004]  eta: 0:00:30  lr: 0.000009  loss: 0.0016 (0.0245)  mae_m_mask: 0.5665 (0.6637)  rmse_m_mask: 0.7123 (0.8482)  normalized_mse_mask: 0.0016 (0.0245)  rmse_m_all: 13.1322 (12.4753)  actual_mask_ratio: 0.0703 (0.0697)  actual_prediction_mask_ratio: 0.2202 (0.2242)  ignored_patch_ratio: 0.0232 (0.0246)  time: 0.1166  data: 0.0001  max mem: 1904
[17:27:01.401208] Epoch: [18]  [ 760/1004]  eta: 0:00:28  lr: 0.000009  loss: 0.0085 (0.0248)  mae_m_mask: 0.6080 (0.6661)  rmse_m_mask: 0.7296 (0.8514)  normalized_mse_mask: 0.0085 (0.0248)  rmse_m_all: 12.2682 (12.4763)  actual_mask_ratio: 0.0705 (0.0697)  actual_prediction_mask_ratio: 0.2255 (0.2242)  ignored_patch_ratio: 0.0215 (0.0247)  time: 0.1165  data: 0.0001  max mem: 1904
[17:27:03.728775] Epoch: [18]  [ 780/1004]  eta: 0:00:25  lr: 0.000009  loss: 0.0084 (0.0246)  mae_m_mask: 0.6964 (0.6685)  rmse_m_mask: 0.8000 (0.8531)  normalized_mse_mask: 0.0084 (0.0246)  rmse_m_all: 12.5803 (12.4901)  actual_mask_ratio: 0.0706 (0.0697)  actual_prediction_mask_ratio: 0.2318 (0.2244)  ignored_patch_ratio: 0.0181 (0.0246)  time: 0.1163  data: 0.0001  max mem: 1904
[17:27:06.057078] Epoch: [18]  [ 800/1004]  eta: 0:00:23  lr: 0.000009  loss: 0.0027 (0.0249)  mae_m_mask: 0.5624 (0.6676)  rmse_m_mask: 0.8246 (0.8525)  normalized_mse_mask: 0.0027 (0.0249)  rmse_m_all: 13.4254 (12.5138)  actual_mask_ratio: 0.0682 (0.0697)  actual_prediction_mask_ratio: 0.2182 (0.2244)  ignored_patch_ratio: 0.0249 (0.0246)  time: 0.1164  data: 0.0001  max mem: 1904
[17:27:08.352287] Epoch: [18]  [ 820/1004]  eta: 0:00:21  lr: 0.000009  loss: 0.0099 (0.0253)  mae_m_mask: 0.5878 (0.6657)  rmse_m_mask: 0.7707 (0.8503)  normalized_mse_mask: 0.0099 (0.0253)  rmse_m_all: 10.9463 (12.4795)  actual_mask_ratio: 0.0739 (0.0698)  actual_prediction_mask_ratio: 0.2380 (0.2246)  ignored_patch_ratio: 0.0278 (0.0247)  time: 0.1147  data: 0.0001  max mem: 1904
[17:27:10.638987] Epoch: [18]  [ 840/1004]  eta: 0:00:18  lr: 0.000009  loss: 0.0038 (0.0251)  mae_m_mask: 0.6283 (0.6658)  rmse_m_mask: 0.8551 (0.8507)  normalized_mse_mask: 0.0038 (0.0251)  rmse_m_all: 12.0649 (12.4801)  actual_mask_ratio: 0.0735 (0.0699)  actual_prediction_mask_ratio: 0.2321 (0.2249)  ignored_patch_ratio: 0.0193 (0.0246)  time: 0.1143  data: 0.0001  max mem: 1904
[17:27:12.968249] Epoch: [18]  [ 860/1004]  eta: 0:00:16  lr: 0.000009  loss: 0.0023 (0.0248)  mae_m_mask: 0.5528 (0.6634)  rmse_m_mask: 0.6960 (0.8480)  normalized_mse_mask: 0.0023 (0.0248)  rmse_m_all: 12.7362 (12.4874)  actual_mask_ratio: 0.0670 (0.0698)  actual_prediction_mask_ratio: 0.2234 (0.2248)  ignored_patch_ratio: 0.0323 (0.0248)  time: 0.1164  data: 0.0001  max mem: 1904
[17:27:15.278931] Epoch: [18]  [ 880/1004]  eta: 0:00:14  lr: 0.000009  loss: 0.0022 (0.0248)  mae_m_mask: 0.5155 (0.6611)  rmse_m_mask: 0.6437 (0.8448)  normalized_mse_mask: 0.0022 (0.0248)  rmse_m_all: 13.1293 (12.4962)  actual_mask_ratio: 0.0686 (0.0698)  actual_prediction_mask_ratio: 0.2238 (0.2248)  ignored_patch_ratio: 0.0232 (0.0248)  time: 0.1155  data: 0.0001  max mem: 1904
[17:27:17.592644] Epoch: [18]  [ 900/1004]  eta: 0:00:11  lr: 0.000009  loss: 0.0043 (0.0245)  mae_m_mask: 0.5743 (0.6601)  rmse_m_mask: 0.7375 (0.8431)  normalized_mse_mask: 0.0043 (0.0245)  rmse_m_all: 12.8702 (12.5062)  actual_mask_ratio: 0.0719 (0.0698)  actual_prediction_mask_ratio: 0.2216 (0.2248)  ignored_patch_ratio: 0.0198 (0.0247)  time: 0.1157  data: 0.0001  max mem: 1904
[17:27:19.892525] Epoch: [18]  [ 920/1004]  eta: 0:00:09  lr: 0.000009  loss: 0.0055 (0.0245)  mae_m_mask: 0.5793 (0.6592)  rmse_m_mask: 0.7736 (0.8415)  normalized_mse_mask: 0.0055 (0.0245)  rmse_m_all: 10.4502 (12.4851)  actual_mask_ratio: 0.0706 (0.0698)  actual_prediction_mask_ratio: 0.2226 (0.2248)  ignored_patch_ratio: 0.0221 (0.0247)  time: 0.1150  data: 0.0001  max mem: 1904
[17:27:22.222562] Epoch: [18]  [ 940/1004]  eta: 0:00:07  lr: 0.000009  loss: 0.0048 (0.0246)  mae_m_mask: 0.5293 (0.6572)  rmse_m_mask: 0.7251 (0.8392)  normalized_mse_mask: 0.0048 (0.0246)  rmse_m_all: 12.0274 (12.4638)  actual_mask_ratio: 0.0682 (0.0698)  actual_prediction_mask_ratio: 0.2209 (0.2248)  ignored_patch_ratio: 0.0204 (0.0247)  time: 0.1165  data: 0.0001  max mem: 1904
[17:27:24.533803] Epoch: [18]  [ 960/1004]  eta: 0:00:05  lr: 0.000009  loss: 0.0069 (0.0247)  mae_m_mask: 0.6346 (0.6574)  rmse_m_mask: 0.8085 (0.8400)  normalized_mse_mask: 0.0069 (0.0247)  rmse_m_all: 11.4094 (12.4463)  actual_mask_ratio: 0.0707 (0.0699)  actual_prediction_mask_ratio: 0.2307 (0.2250)  ignored_patch_ratio: 0.0221 (0.0247)  time: 0.1155  data: 0.0001  max mem: 1904
[17:27:26.830862] Epoch: [18]  [ 980/1004]  eta: 0:00:02  lr: 0.000009  loss: 0.0084 (0.0246)  mae_m_mask: 0.6109 (0.6569)  rmse_m_mask: 0.7976 (0.8398)  normalized_mse_mask: 0.0084 (0.0246)  rmse_m_all: 11.4521 (12.4291)  actual_mask_ratio: 0.0710 (0.0699)  actual_prediction_mask_ratio: 0.2252 (0.2250)  ignored_patch_ratio: 0.0159 (0.0246)  time: 0.1148  data: 0.0001  max mem: 1904
[17:27:29.150990] Epoch: [18]  [1000/1004]  eta: 0:00:00  lr: 0.000009  loss: 0.0043 (0.0245)  mae_m_mask: 0.5279 (0.6546)  rmse_m_mask: 0.6620 (0.8368)  normalized_mse_mask: 0.0043 (0.0245)  rmse_m_all: 11.4259 (12.4347)  actual_mask_ratio: 0.0679 (0.0699)  actual_prediction_mask_ratio: 0.2147 (0.2248)  ignored_patch_ratio: 0.0232 (0.0245)  time: 0.1160  data: 0.0001  max mem: 1904
[17:27:29.501559] Epoch: [18]  [1003/1004]  eta: 0:00:00  lr: 0.000009  loss: 0.0055 (0.0247)  mae_m_mask: 0.5346 (0.6553)  rmse_m_mask: 0.6620 (0.8378)  normalized_mse_mask: 0.0055 (0.0247)  rmse_m_all: 11.8003 (12.4339)  actual_mask_ratio: 0.0674 (0.0698)  actual_prediction_mask_ratio: 0.2118 (0.2248)  ignored_patch_ratio: 0.0221 (0.0245)  time: 0.1157  data: 0.0001  max mem: 1904
[17:27:29.523210] Epoch: [18] Total time: 0:01:55 (0.1151 s / it)
[17:27:29.525039] Averaged stats: {'lr': 9.430683893740193e-06, 'loss': 0.0242843203452279, 'mae_m_mask': 0.6519596590962256, 'rmse_m_mask': 0.8851518888458395, 'normalized_mse_mask': 0.0242843203452279, 'rmse_m_all': 12.433924242082345, 'actual_mask_ratio': 0.0698460852504667, 'actual_prediction_mask_ratio': 0.22476751596269853, 'ignored_patch_ratio': 0.02453054921085616, 'supervised_pixel_count': 19824973.0}
[17:27:29.687228] Val: [18]  [  0/288]  eta: 0:00:46  loss: 0.0250 (0.0250)  mae_m_mask: 0.3627 (0.3627)  rmse_m_mask: 0.4683 (0.4683)  normalized_mse_mask: 0.0250 (0.0250)  rmse_m_all: 5.6320 (5.6320)  actual_mask_ratio: 0.0607 (0.0607)  actual_prediction_mask_ratio: 0.2001 (0.2001)  ignored_patch_ratio: 0.0000 (0.0000)  time: 0.1600  data: 0.0777  max mem: 1904
[17:27:34.156841] Val: [18]  [ 50/288]  eta: 0:00:21  loss: 0.0277 (0.0735)  mae_m_mask: 0.2925 (0.2932)  rmse_m_mask: 0.3571 (0.3574)  normalized_mse_mask: 0.0277 (0.0735)  rmse_m_all: 1.0620 (3.7604)  actual_mask_ratio: 0.0663 (0.0715)  actual_prediction_mask_ratio: 0.2336 (0.2372)  ignored_patch_ratio: 0.0000 (0.0000)  time: 0.0895  data: 0.0001  max mem: 1904
[17:27:38.706056] Val: [18]  [100/288]  eta: 0:00:17  loss: 0.1331 (0.1418)  mae_m_mask: 0.3042 (0.3533)  rmse_m_mask: 0.3751 (0.4268)  normalized_mse_mask: 0.1331 (0.1418)  rmse_m_all: 0.7241 (3.3034)  actual_mask_ratio: 0.0714 (0.0723)  actual_prediction_mask_ratio: 0.2239 (0.2366)  ignored_patch_ratio: 0.0000 (0.0000)  time: 0.0931  data: 0.0001  max mem: 1904
[17:27:43.296945] Val: [18]  [150/288]  eta: 0:00:12  loss: 0.0219 (0.1371)  mae_m_mask: 0.3551 (0.3553)  rmse_m_mask: 0.4374 (0.4268)  normalized_mse_mask: 0.0219 (0.1371)  rmse_m_all: 2.2824 (2.9171)  actual_mask_ratio: 0.0743 (0.0723)  actual_prediction_mask_ratio: 0.2443 (0.2367)  ignored_patch_ratio: 0.0000 (0.0000)  time: 0.0895  data: 0.0001  max mem: 1904
[17:27:47.547896] Val: [18]  [200/288]  eta: 0:00:07  loss: 0.3066 (0.1909)  mae_m_mask: 0.2507 (0.3640)  rmse_m_mask: 0.3406 (0.4428)  normalized_mse_mask: 0.3066 (0.1909)  rmse_m_all: 0.4392 (2.4897)  actual_mask_ratio: 0.0743 (0.0732)  actual_prediction_mask_ratio: 0.2545 (0.2410)  ignored_patch_ratio: 0.0000 (0.0000)  time: 0.0852  data: 0.0001  max mem: 1904
[17:27:51.738528] Val: [18]  [250/288]  eta: 0:00:03  loss: 0.0466 (0.1708)  mae_m_mask: 0.2874 (0.3481)  rmse_m_mask: 0.3464 (0.4236)  normalized_mse_mask: 0.0466 (0.1708)  rmse_m_all: 1.2865 (2.4077)  actual_mask_ratio: 0.0822 (0.0748)  actual_prediction_mask_ratio: 0.2591 (0.2448)  ignored_patch_ratio: 0.0000 (0.0000)  time: 0.0817  data: 0.0001  max mem: 1904
[17:27:54.810484] Val: [18]  [287/288]  eta: 0:00:00  loss: 0.0172 (0.1559)  mae_m_mask: 0.2468 (0.3396)  rmse_m_mask: 0.2844 (0.4138)  normalized_mse_mask: 0.0172 (0.1559)  rmse_m_all: 1.0808 (2.5620)  actual_mask_ratio: 0.0760 (0.0749)  actual_prediction_mask_ratio: 0.2523 (0.2453)  ignored_patch_ratio: 0.0000 (0.0000)  time: 0.0834  data: 0.0001  max mem: 1904
[17:27:54.840023] Val: [18] Total time: 0:00:25 (0.0879 s / it)
[17:27:54.844163] val stats: {'loss': 0.14870249874381058, 'mae_m_mask': 0.3431680077029417, 'rmse_m_mask': 0.4777853466537964, 'normalized_mse_mask': 0.14870249874381058, 'rmse_m_all': 2.562007572501898, 'actual_mask_ratio': 0.07494737871456891, 'actual_prediction_mask_ratio': 0.24532247381284833, 'ignored_patch_ratio': 0.0, 'supervised_pixel_count': 5936124.0}
[17:27:59.024128] log_dir: /tank/data/SFS/xinyis/data/bathymetry/MAE-Topography/Downstream_Task_Bathy/cross_validation_v5_Stage2NormMSE_MeterSelect/runs/holdout_CO_D004Stage2NormMSE_MeterSelect_D001NoDataSafe/train_stage2_normMSE_meterSelect_CO_UpperColorado_Topobathy_1_2020_fromStage1Best_e120_lr1e-5_b4_acc4/tb
[17:27:59.217795] Epoch: [19]  [   0/1004]  eta: 0:03:13  lr: 0.000009  loss: 0.0203 (0.0203)  mae_m_mask: 0.5890 (0.5890)  rmse_m_mask: 0.7694 (0.7694)  normalized_mse_mask: 0.0203 (0.0203)  rmse_m_all: 10.0002 (10.0002)  actual_mask_ratio: 0.0737 (0.0737)  actual_prediction_mask_ratio: 0.2332 (0.2332)  ignored_patch_ratio: 0.0227 (0.0227)  time: 0.1932  data: 0.0866  max mem: 1904
[17:28:01.401965] Epoch: [19]  [  20/1004]  eta: 0:01:51  lr: 0.000009  loss: 0.0037 (0.0208)  mae_m_mask: 0.5324 (0.5727)  rmse_m_mask: 0.7399 (0.7870)  normalized_mse_mask: 0.0037 (0.0208)  rmse_m_all: 14.0508 (13.6313)  actual_mask_ratio: 0.0681 (0.0703)  actual_prediction_mask_ratio: 0.2233 (0.2259)  ignored_patch_ratio: 0.0210 (0.0220)  time: 0.1092  data: 0.0001  max mem: 1904
[17:28:03.671911] Epoch: [19]  [  40/1004]  eta: 0:01:49  lr: 0.000009  loss: 0.0058 (0.0336)  mae_m_mask: 0.6230 (0.6439)  rmse_m_mask: 0.7466 (0.8283)  normalized_mse_mask: 0.0058 (0.0336)  rmse_m_all: 12.6576 (13.5950)  actual_mask_ratio: 0.0679 (0.0696)  actual_prediction_mask_ratio: 0.2220 (0.2246)  ignored_patch_ratio: 0.0238 (0.0237)  time: 0.1135  data: 0.0001  max mem: 1904
[17:28:05.878913] Epoch: [19]  [  60/1004]  eta: 0:01:46  lr: 0.000009  loss: 0.0024 (0.0317)  mae_m_mask: 0.9204 (0.7449)  rmse_m_mask: 1.0917 (0.9448)  normalized_mse_mask: 0.0024 (0.0317)  rmse_m_all: 13.2158 (13.6781)  actual_mask_ratio: 0.0714 (0.0701)  actual_prediction_mask_ratio: 0.2231 (0.2243)  ignored_patch_ratio: 0.0232 (0.0247)  time: 0.1103  data: 0.0001  max mem: 1904
[17:28:07.725967] Epoch: [19]  [  80/1004]  eta: 0:01:39  lr: 0.000009  loss: 0.0126 (0.0318)  mae_m_mask: 0.6194 (0.7232)  rmse_m_mask: 0.8108 (0.9212)  normalized_mse_mask: 0.0126 (0.0318)  rmse_m_all: 9.0887 (12.7444)  actual_mask_ratio: 0.0697 (0.0702)  actual_prediction_mask_ratio: 0.2305 (0.2258)  ignored_patch_ratio: 0.0164 (0.0232)  time: 0.0923  data: 0.0001  max mem: 1904
[17:28:10.403881] Epoch: [19]  [ 100/1004]  eta: 0:01:41  lr: 0.000009  loss: 0.0029 (0.0264)  mae_m_mask: 0.5734 (0.6980)  rmse_m_mask: 0.7231 (0.8921)  normalized_mse_mask: 0.0029 (0.0264)  rmse_m_all: 12.3782 (12.6243)  actual_mask_ratio: 0.0667 (0.0696)  actual_prediction_mask_ratio: 0.2118 (0.2230)  ignored_patch_ratio: 0.0181 (0.0227)  time: 0.1339  data: 0.0505  max mem: 1904
[17:28:12.317645] Epoch: [19]  [ 120/1004]  eta: 0:01:37  lr: 0.000009  loss: 0.0045 (0.0262)  mae_m_mask: 0.5484 (0.6824)  rmse_m_mask: 0.7097 (0.8698)  normalized_mse_mask: 0.0045 (0.0262)  rmse_m_all: 11.5157 (12.4063)  actual_mask_ratio: 0.0722 (0.0700)  actual_prediction_mask_ratio: 0.2210 (0.2235)  ignored_patch_ratio: 0.0261 (0.0230)  time: 0.0957  data: 0.0001  max mem: 1904
[17:28:14.570282] Epoch: [19]  [ 140/1004]  eta: 0:01:35  lr: 0.000009  loss: 0.0039 (0.0235)  mae_m_mask: 0.6540 (0.6768)  rmse_m_mask: 0.8136 (0.8640)  normalized_mse_mask: 0.0039 (0.0235)  rmse_m_all: 12.6937 (12.4029)  actual_mask_ratio: 0.0689 (0.0699)  actual_prediction_mask_ratio: 0.2246 (0.2238)  ignored_patch_ratio: 0.0193 (0.0236)  time: 0.1126  data: 0.0001  max mem: 1904
[17:28:16.797006] Epoch: [19]  [ 160/1004]  eta: 0:01:33  lr: 0.000009  loss: 0.0061 (0.0240)  mae_m_mask: 0.5885 (0.6714)  rmse_m_mask: 0.7182 (0.8594)  normalized_mse_mask: 0.0061 (0.0240)  rmse_m_all: 12.0445 (12.3378)  actual_mask_ratio: 0.0743 (0.0703)  actual_prediction_mask_ratio: 0.2433 (0.2253)  ignored_patch_ratio: 0.0176 (0.0231)  time: 0.1113  data: 0.0001  max mem: 1904
[17:28:19.061672] Epoch: [19]  [ 180/1004]  eta: 0:01:31  lr: 0.000009  loss: 0.0033 (0.0246)  mae_m_mask: 0.6175 (0.6637)  rmse_m_mask: 0.7718 (0.8503)  normalized_mse_mask: 0.0033 (0.0246)  rmse_m_all: 13.3079 (12.3918)  actual_mask_ratio: 0.0691 (0.0703)  actual_prediction_mask_ratio: 0.2161 (0.2254)  ignored_patch_ratio: 0.0221 (0.0234)  time: 0.1132  data: 0.0001  max mem: 1904
[17:28:21.327173] Epoch: [19]  [ 200/1004]  eta: 0:01:29  lr: 0.000009  loss: 0.0068 (0.0257)  mae_m_mask: 0.6642 (0.6630)  rmse_m_mask: 0.8529 (0.8517)  normalized_mse_mask: 0.0068 (0.0257)  rmse_m_all: 14.0084 (12.5134)  actual_mask_ratio: 0.0680 (0.0701)  actual_prediction_mask_ratio: 0.2196 (0.2248)  ignored_patch_ratio: 0.0193 (0.0237)  time: 0.1132  data: 0.0001  max mem: 1904
[17:28:23.580278] Epoch: [19]  [ 220/1004]  eta: 0:01:27  lr: 0.000009  loss: 0.0027 (0.0280)  mae_m_mask: 0.6485 (0.6693)  rmse_m_mask: 0.7925 (0.8577)  normalized_mse_mask: 0.0027 (0.0280)  rmse_m_all: 14.1591 (12.6904)  actual_mask_ratio: 0.0686 (0.0700)  actual_prediction_mask_ratio: 0.2225 (0.2248)  ignored_patch_ratio: 0.0232 (0.0240)  time: 0.1126  data: 0.0001  max mem: 1904
[17:28:25.842919] Epoch: [19]  [ 240/1004]  eta: 0:01:24  lr: 0.000009  loss: 0.0047 (0.0304)  mae_m_mask: 0.7134 (0.6774)  rmse_m_mask: 0.8660 (0.8688)  normalized_mse_mask: 0.0047 (0.0304)  rmse_m_all: 12.7232 (12.6864)  actual_mask_ratio: 0.0676 (0.0698)  actual_prediction_mask_ratio: 0.2214 (0.2249)  ignored_patch_ratio: 0.0147 (0.0233)  time: 0.1131  data: 0.0001  max mem: 1904
[17:28:28.034675] Epoch: [19]  [ 260/1004]  eta: 0:01:22  lr: 0.000009  loss: 0.0046 (0.0302)  mae_m_mask: 0.6160 (0.6777)  rmse_m_mask: 0.7842 (0.8669)  normalized_mse_mask: 0.0046 (0.0302)  rmse_m_all: 11.6762 (12.5721)  actual_mask_ratio: 0.0695 (0.0697)  actual_prediction_mask_ratio: 0.2169 (0.2243)  ignored_patch_ratio: 0.0227 (0.0236)  time: 0.1096  data: 0.0001  max mem: 1904
[17:28:30.468389] Epoch: [19]  [ 280/1004]  eta: 0:01:20  lr: 0.000009  loss: 0.0018 (0.0289)  mae_m_mask: 0.4887 (0.6688)  rmse_m_mask: 0.6416 (0.8559)  normalized_mse_mask: 0.0018 (0.0289)  rmse_m_all: 13.8840 (12.6340)  actual_mask_ratio: 0.0697 (0.0697)  actual_prediction_mask_ratio: 0.2240 (0.2244)  ignored_patch_ratio: 0.0249 (0.0237)  time: 0.1217  data: 0.0490  max mem: 1904
[17:28:32.316389] Epoch: [19]  [ 300/1004]  eta: 0:01:17  lr: 0.000009  loss: 0.0027 (0.0300)  mae_m_mask: 0.5818 (0.6667)  rmse_m_mask: 0.7078 (0.8519)  normalized_mse_mask: 0.0027 (0.0300)  rmse_m_all: 12.5826 (12.6952)  actual_mask_ratio: 0.0704 (0.0698)  actual_prediction_mask_ratio: 0.2251 (0.2244)  ignored_patch_ratio: 0.0210 (0.0237)  time: 0.0924  data: 0.0001  max mem: 1904
[17:28:34.637967] Epoch: [19]  [ 320/1004]  eta: 0:01:15  lr: 0.000009  loss: 0.0059 (0.0290)  mae_m_mask: 0.5128 (0.6633)  rmse_m_mask: 0.7713 (0.8472)  normalized_mse_mask: 0.0059 (0.0290)  rmse_m_all: 12.9766 (12.7266)  actual_mask_ratio: 0.0687 (0.0697)  actual_prediction_mask_ratio: 0.2155 (0.2240)  ignored_patch_ratio: 0.0187 (0.0237)  time: 0.1160  data: 0.0001  max mem: 1904
[17:28:36.961735] Epoch: [19]  [ 340/1004]  eta: 0:01:13  lr: 0.000009  loss: 0.0095 (0.0288)  mae_m_mask: 0.5918 (0.6581)  rmse_m_mask: 0.7591 (0.8413)  normalized_mse_mask: 0.0095 (0.0288)  rmse_m_all: 11.5914 (12.6741)  actual_mask_ratio: 0.0708 (0.0698)  actual_prediction_mask_ratio: 0.2350 (0.2245)  ignored_patch_ratio: 0.0176 (0.0234)  time: 0.1162  data: 0.0001  max mem: 1904
[17:28:39.276387] Epoch: [19]  [ 360/1004]  eta: 0:01:11  lr: 0.000009  loss: 0.0024 (0.0281)  mae_m_mask: 0.5416 (0.6584)  rmse_m_mask: 0.7336 (0.8425)  normalized_mse_mask: 0.0024 (0.0281)  rmse_m_all: 13.9584 (12.7046)  actual_mask_ratio: 0.0683 (0.0697)  actual_prediction_mask_ratio: 0.2294 (0.2244)  ignored_patch_ratio: 0.0221 (0.0236)  time: 0.1157  data: 0.0001  max mem: 1904
[17:28:41.609766] Epoch: [19]  [ 380/1004]  eta: 0:01:09  lr: 0.000009  loss: 0.0091 (0.0282)  mae_m_mask: 0.6140 (0.6574)  rmse_m_mask: 0.7603 (0.8415)  normalized_mse_mask: 0.0091 (0.0282)  rmse_m_all: 12.1321 (12.6536)  actual_mask_ratio: 0.0691 (0.0698)  actual_prediction_mask_ratio: 0.2228 (0.2246)  ignored_patch_ratio: 0.0238 (0.0237)  time: 0.1166  data: 0.0001  max mem: 1904
[17:28:43.918615] Epoch: [19]  [ 400/1004]  eta: 0:01:07  lr: 0.000009  loss: 0.0063 (0.0274)  mae_m_mask: 0.5953 (0.6555)  rmse_m_mask: 0.7116 (0.8384)  normalized_mse_mask: 0.0063 (0.0274)  rmse_m_all: 14.0053 (12.7041)  actual_mask_ratio: 0.0655 (0.0696)  actual_prediction_mask_ratio: 0.2173 (0.2242)  ignored_patch_ratio: 0.0300 (0.0239)  time: 0.1154  data: 0.0001  max mem: 1904
[17:28:46.716110] Epoch: [19]  [ 420/1004]  eta: 0:01:06  lr: 0.000009  loss: 0.0057 (0.0277)  mae_m_mask: 0.6402 (0.6568)  rmse_m_mask: 0.8504 (0.8392)  normalized_mse_mask: 0.0057 (0.0277)  rmse_m_all: 12.9213 (12.7315)  actual_mask_ratio: 0.0714 (0.0697)  actual_prediction_mask_ratio: 0.2257 (0.2243)  ignored_patch_ratio: 0.0232 (0.0239)  time: 0.1398  data: 0.0408  max mem: 1904
[17:28:50.995005] Epoch: [19]  [ 440/1004]  eta: 0:01:06  lr: 0.000009  loss: 0.0027 (0.0278)  mae_m_mask: 0.6377 (0.6575)  rmse_m_mask: 0.8061 (0.8406)  normalized_mse_mask: 0.0027 (0.0278)  rmse_m_all: 12.5490 (12.7132)  actual_mask_ratio: 0.0706 (0.0697)  actual_prediction_mask_ratio: 0.2159 (0.2241)  ignored_patch_ratio: 0.0272 (0.0241)  time: 0.2139  data: 0.1356  max mem: 1904
[17:28:53.734623] Epoch: [19]  [ 460/1004]  eta: 0:01:04  lr: 0.000009  loss: 0.0036 (0.0291)  mae_m_mask: 0.5829 (0.6576)  rmse_m_mask: 0.7178 (0.8410)  normalized_mse_mask: 0.0036 (0.0291)  rmse_m_all: 11.7334 (12.6782)  actual_mask_ratio: 0.0688 (0.0697)  actual_prediction_mask_ratio: 0.2233 (0.2242)  ignored_patch_ratio: 0.0238 (0.0242)  time: 0.1369  data: 0.0324  max mem: 1904
[17:28:56.067390] Epoch: [19]  [ 480/1004]  eta: 0:01:02  lr: 0.000009  loss: 0.0069 (0.0291)  mae_m_mask: 0.5784 (0.6553)  rmse_m_mask: 0.6964 (0.8388)  normalized_mse_mask: 0.0069 (0.0291)  rmse_m_all: 12.1951 (12.6614)  actual_mask_ratio: 0.0703 (0.0698)  actual_prediction_mask_ratio: 0.2349 (0.2246)  ignored_patch_ratio: 0.0193 (0.0240)  time: 0.1166  data: 0.0001  max mem: 1904
[17:28:58.378403] Epoch: [19]  [ 500/1004]  eta: 0:00:59  lr: 0.000009  loss: 0.0055 (0.0289)  mae_m_mask: 0.7085 (0.6562)  rmse_m_mask: 0.8051 (0.8405)  normalized_mse_mask: 0.0055 (0.0289)  rmse_m_all: 12.2039 (12.6195)  actual_mask_ratio: 0.0693 (0.0697)  actual_prediction_mask_ratio: 0.2232 (0.2247)  ignored_patch_ratio: 0.0238 (0.0241)  time: 0.1155  data: 0.0001  max mem: 1904
[17:29:00.691679] Epoch: [19]  [ 520/1004]  eta: 0:00:57  lr: 0.000009  loss: 0.0139 (0.0289)  mae_m_mask: 0.6676 (0.6561)  rmse_m_mask: 0.8329 (0.8407)  normalized_mse_mask: 0.0139 (0.0289)  rmse_m_all: 12.7290 (12.6223)  actual_mask_ratio: 0.0674 (0.0697)  actual_prediction_mask_ratio: 0.2209 (0.2246)  ignored_patch_ratio: 0.0261 (0.0243)  time: 0.1156  data: 0.0001  max mem: 1904
[17:29:03.026538] Epoch: [19]  [ 540/1004]  eta: 0:00:54  lr: 0.000009  loss: 0.0029 (0.0285)  mae_m_mask: 0.5750 (0.6545)  rmse_m_mask: 0.7106 (0.8385)  normalized_mse_mask: 0.0029 (0.0285)  rmse_m_all: 13.4273 (12.6620)  actual_mask_ratio: 0.0702 (0.0697)  actual_prediction_mask_ratio: 0.2251 (0.2246)  ignored_patch_ratio: 0.0255 (0.0243)  time: 0.1167  data: 0.0001  max mem: 1904
[17:29:05.335673] Epoch: [19]  [ 560/1004]  eta: 0:00:52  lr: 0.000009  loss: 0.0041 (0.0284)  mae_m_mask: 0.5508 (0.6526)  rmse_m_mask: 0.7247 (0.8354)  normalized_mse_mask: 0.0041 (0.0284)  rmse_m_all: 14.0887 (12.6968)  actual_mask_ratio: 0.0697 (0.0698)  actual_prediction_mask_ratio: 0.2282 (0.2248)  ignored_patch_ratio: 0.0221 (0.0243)  time: 0.1154  data: 0.0001  max mem: 1904
[17:29:07.657612] Epoch: [19]  [ 580/1004]  eta: 0:00:50  lr: 0.000009  loss: 0.0042 (0.0286)  mae_m_mask: 0.5215 (0.6486)  rmse_m_mask: 0.6558 (0.8316)  normalized_mse_mask: 0.0042 (0.0286)  rmse_m_all: 13.3876 (12.7001)  actual_mask_ratio: 0.0687 (0.0698)  actual_prediction_mask_ratio: 0.2261 (0.2248)  ignored_patch_ratio: 0.0283 (0.0244)  time: 0.1161  data: 0.0001  max mem: 1904
[17:29:09.992820] Epoch: [19]  [ 600/1004]  eta: 0:00:47  lr: 0.000009  loss: 0.0029 (0.0281)  mae_m_mask: 0.5238 (0.6460)  rmse_m_mask: 0.6857 (0.8272)  normalized_mse_mask: 0.0029 (0.0281)  rmse_m_all: 11.2813 (12.6600)  actual_mask_ratio: 0.0691 (0.0698)  actual_prediction_mask_ratio: 0.2160 (0.2247)  ignored_patch_ratio: 0.0255 (0.0244)  time: 0.1167  data: 0.0001  max mem: 1904
[17:29:12.279242] Epoch: [19]  [ 620/1004]  eta: 0:00:45  lr: 0.000009  loss: 0.0051 (0.0281)  mae_m_mask: 0.6456 (0.6483)  rmse_m_mask: 0.7595 (0.8297)  normalized_mse_mask: 0.0051 (0.0281)  rmse_m_all: 12.0097 (12.6153)  actual_mask_ratio: 0.0689 (0.0698)  actual_prediction_mask_ratio: 0.2321 (0.2248)  ignored_patch_ratio: 0.0164 (0.0243)  time: 0.1143  data: 0.0001  max mem: 1904
[17:29:14.613375] Epoch: [19]  [ 640/1004]  eta: 0:00:42  lr: 0.000009  loss: 0.0099 (0.0280)  mae_m_mask: 0.5848 (0.6477)  rmse_m_mask: 0.7999 (0.8308)  normalized_mse_mask: 0.0099 (0.0280)  rmse_m_all: 13.9361 (12.6394)  actual_mask_ratio: 0.0692 (0.0698)  actual_prediction_mask_ratio: 0.2249 (0.2248)  ignored_patch_ratio: 0.0266 (0.0245)  time: 0.1167  data: 0.0001  max mem: 1904
[17:29:16.946494] Epoch: [19]  [ 660/1004]  eta: 0:00:40  lr: 0.000009  loss: 0.0186 (0.0289)  mae_m_mask: 0.6436 (0.6468)  rmse_m_mask: 0.8211 (0.8294)  normalized_mse_mask: 0.0186 (0.0289)  rmse_m_all: 12.9051 (12.6675)  actual_mask_ratio: 0.0691 (0.0698)  actual_prediction_mask_ratio: 0.2235 (0.2247)  ignored_patch_ratio: 0.0317 (0.0247)  time: 0.1166  data: 0.0001  max mem: 1904
[17:29:19.277505] Epoch: [19]  [ 680/1004]  eta: 0:00:38  lr: 0.000009  loss: 0.0080 (0.0290)  mae_m_mask: 0.5274 (0.6462)  rmse_m_mask: 0.7257 (0.8281)  normalized_mse_mask: 0.0080 (0.0290)  rmse_m_all: 13.1510 (12.6663)  actual_mask_ratio: 0.0712 (0.0699)  actual_prediction_mask_ratio: 0.2284 (0.2248)  ignored_patch_ratio: 0.0244 (0.0247)  time: 0.1165  data: 0.0001  max mem: 1904
[17:29:21.615718] Epoch: [19]  [ 700/1004]  eta: 0:00:35  lr: 0.000009  loss: 0.0034 (0.0286)  mae_m_mask: 0.5171 (0.6448)  rmse_m_mask: 0.6296 (0.8258)  normalized_mse_mask: 0.0034 (0.0286)  rmse_m_all: 11.9398 (12.6571)  actual_mask_ratio: 0.0702 (0.0699)  actual_prediction_mask_ratio: 0.2238 (0.2247)  ignored_patch_ratio: 0.0181 (0.0246)  time: 0.1169  data: 0.0001  max mem: 1904
[17:29:23.952729] Epoch: [19]  [ 720/1004]  eta: 0:00:33  lr: 0.000009  loss: 0.0068 (0.0282)  mae_m_mask: 0.5502 (0.6439)  rmse_m_mask: 0.7261 (0.8256)  normalized_mse_mask: 0.0068 (0.0282)  rmse_m_all: 11.9622 (12.6401)  actual_mask_ratio: 0.0702 (0.0699)  actual_prediction_mask_ratio: 0.2255 (0.2248)  ignored_patch_ratio: 0.0227 (0.0246)  time: 0.1168  data: 0.0001  max mem: 1904
[17:29:26.286434] Epoch: [19]  [ 740/1004]  eta: 0:00:31  lr: 0.000009  loss: 0.0024 (0.0282)  mae_m_mask: 0.6100 (0.6434)  rmse_m_mask: 0.7995 (0.8254)  normalized_mse_mask: 0.0024 (0.0282)  rmse_m_all: 12.9374 (12.6406)  actual_mask_ratio: 0.0709 (0.0699)  actual_prediction_mask_ratio: 0.2225 (0.2247)  ignored_patch_ratio: 0.0221 (0.0246)  time: 0.1167  data: 0.0001  max mem: 1904
[17:29:28.618737] Epoch: [19]  [ 760/1004]  eta: 0:00:28  lr: 0.000009  loss: 0.0028 (0.0278)  mae_m_mask: 0.5207 (0.6410)  rmse_m_mask: 0.6246 (0.8227)  normalized_mse_mask: 0.0028 (0.0278)  rmse_m_all: 12.2748 (12.6420)  actual_mask_ratio: 0.0693 (0.0699)  actual_prediction_mask_ratio: 0.2250 (0.2247)  ignored_patch_ratio: 0.0176 (0.0246)  time: 0.1166  data: 0.0001  max mem: 1904
[17:29:30.949053] Epoch: [19]  [ 780/1004]  eta: 0:00:26  lr: 0.000009  loss: 0.0043 (0.0278)  mae_m_mask: 0.5710 (0.6400)  rmse_m_mask: 0.6985 (0.8216)  normalized_mse_mask: 0.0043 (0.0278)  rmse_m_all: 12.0889 (12.6447)  actual_mask_ratio: 0.0713 (0.0699)  actual_prediction_mask_ratio: 0.2340 (0.2248)  ignored_patch_ratio: 0.0238 (0.0246)  time: 0.1165  data: 0.0001  max mem: 1904
[17:29:33.277394] Epoch: [19]  [ 800/1004]  eta: 0:00:23  lr: 0.000009  loss: 0.0053 (0.0274)  mae_m_mask: 0.5638 (0.6396)  rmse_m_mask: 0.6920 (0.8211)  normalized_mse_mask: 0.0053 (0.0274)  rmse_m_all: 11.5144 (12.6308)  actual_mask_ratio: 0.0718 (0.0700)  actual_prediction_mask_ratio: 0.2317 (0.2249)  ignored_patch_ratio: 0.0176 (0.0245)  time: 0.1164  data: 0.0001  max mem: 1904
[17:29:35.609953] Epoch: [19]  [ 820/1004]  eta: 0:00:21  lr: 0.000009  loss: 0.0014 (0.0268)  mae_m_mask: 0.6478 (0.6405)  rmse_m_mask: 0.7878 (0.8216)  normalized_mse_mask: 0.0014 (0.0268)  rmse_m_all: 13.6347 (12.6518)  actual_mask_ratio: 0.0694 (0.0700)  actual_prediction_mask_ratio: 0.2254 (0.2249)  ignored_patch_ratio: 0.0363 (0.0247)  time: 0.1166  data: 0.0001  max mem: 1904
[17:29:37.940398] Epoch: [19]  [ 840/1004]  eta: 0:00:19  lr: 0.000009  loss: 0.0030 (0.0265)  mae_m_mask: 0.5890 (0.6392)  rmse_m_mask: 0.7881 (0.8204)  normalized_mse_mask: 0.0030 (0.0265)  rmse_m_all: 12.7225 (12.6539)  actual_mask_ratio: 0.0706 (0.0700)  actual_prediction_mask_ratio: 0.2304 (0.2250)  ignored_patch_ratio: 0.0255 (0.0247)  time: 0.1165  data: 0.0001  max mem: 1904
[17:29:40.274987] Epoch: [19]  [ 860/1004]  eta: 0:00:16  lr: 0.000009  loss: 0.0053 (0.0261)  mae_m_mask: 0.5655 (0.6380)  rmse_m_mask: 0.7194 (0.8189)  normalized_mse_mask: 0.0053 (0.0261)  rmse_m_all: 11.2298 (12.6355)  actual_mask_ratio: 0.0714 (0.0700)  actual_prediction_mask_ratio: 0.2272 (0.2251)  ignored_patch_ratio: 0.0147 (0.0246)  time: 0.1167  data: 0.0001  max mem: 1904
[17:29:42.610252] Epoch: [19]  [ 880/1004]  eta: 0:00:14  lr: 0.000009  loss: 0.0031 (0.0262)  mae_m_mask: 0.5664 (0.6388)  rmse_m_mask: 0.6820 (0.8192)  normalized_mse_mask: 0.0031 (0.0262)  rmse_m_all: 12.0636 (12.6311)  actual_mask_ratio: 0.0681 (0.0699)  actual_prediction_mask_ratio: 0.2250 (0.2250)  ignored_patch_ratio: 0.0232 (0.0246)  time: 0.1167  data: 0.0001  max mem: 1904
[17:29:44.944328] Epoch: [19]  [ 900/1004]  eta: 0:00:12  lr: 0.000009  loss: 0.0070 (0.0264)  mae_m_mask: 0.6660 (0.6390)  rmse_m_mask: 0.7923 (0.8192)  normalized_mse_mask: 0.0070 (0.0264)  rmse_m_all: 13.0500 (12.6338)  actual_mask_ratio: 0.0693 (0.0699)  actual_prediction_mask_ratio: 0.2254 (0.2250)  ignored_patch_ratio: 0.0187 (0.0246)  time: 0.1167  data: 0.0001  max mem: 1904
[17:29:47.281945] Epoch: [19]  [ 920/1004]  eta: 0:00:09  lr: 0.000009  loss: 0.0068 (0.0261)  mae_m_mask: 0.5750 (0.6388)  rmse_m_mask: 0.7755 (0.8185)  normalized_mse_mask: 0.0068 (0.0261)  rmse_m_all: 11.9872 (12.6208)  actual_mask_ratio: 0.0688 (0.0699)  actual_prediction_mask_ratio: 0.2182 (0.2249)  ignored_patch_ratio: 0.0176 (0.0245)  time: 0.1168  data: 0.0001  max mem: 1904
[17:29:49.614350] Epoch: [19]  [ 940/1004]  eta: 0:00:07  lr: 0.000009  loss: 0.0015 (0.0259)  mae_m_mask: 0.5873 (0.6383)  rmse_m_mask: 0.6995 (0.8176)  normalized_mse_mask: 0.0015 (0.0259)  rmse_m_all: 13.8156 (12.6408)  actual_mask_ratio: 0.0677 (0.0699)  actual_prediction_mask_ratio: 0.2206 (0.2248)  ignored_patch_ratio: 0.0210 (0.0246)  time: 0.1166  data: 0.0001  max mem: 1904
[17:29:51.944120] Epoch: [19]  [ 960/1004]  eta: 0:00:05  lr: 0.000009  loss: 0.0033 (0.0257)  mae_m_mask: 0.6366 (0.6392)  rmse_m_mask: 0.8343 (0.8187)  normalized_mse_mask: 0.0033 (0.0257)  rmse_m_all: 13.2429 (12.6613)  actual_mask_ratio: 0.0686 (0.0698)  actual_prediction_mask_ratio: 0.2164 (0.2247)  ignored_patch_ratio: 0.0255 (0.0247)  time: 0.1165  data: 0.0001  max mem: 1904
[17:29:54.277403] Epoch: [19]  [ 980/1004]  eta: 0:00:02  lr: 0.000009  loss: 0.0018 (0.0254)  mae_m_mask: 0.4993 (0.6380)  rmse_m_mask: 0.6238 (0.8173)  normalized_mse_mask: 0.0018 (0.0254)  rmse_m_all: 13.8168 (12.6728)  actual_mask_ratio: 0.0673 (0.0698)  actual_prediction_mask_ratio: 0.2230 (0.2247)  ignored_patch_ratio: 0.0204 (0.0247)  time: 0.1166  data: 0.0001  max mem: 1904
[17:29:56.612293] Epoch: [19]  [1000/1004]  eta: 0:00:00  lr: 0.000009  loss: 0.0049 (0.0252)  mae_m_mask: 0.5823 (0.6367)  rmse_m_mask: 0.7060 (0.8161)  normalized_mse_mask: 0.0049 (0.0252)  rmse_m_all: 10.8220 (12.6350)  actual_mask_ratio: 0.0680 (0.0698)  actual_prediction_mask_ratio: 0.2289 (0.2247)  ignored_patch_ratio: 0.0142 (0.0245)  time: 0.1167  data: 0.0001  max mem: 1904
[17:29:56.963143] Epoch: [19]  [1003/1004]  eta: 0:00:00  lr: 0.000009  loss: 0.0032 (0.0252)  mae_m_mask: 0.5823 (0.6363)  rmse_m_mask: 0.7060 (0.8155)  normalized_mse_mask: 0.0032 (0.0252)  rmse_m_all: 11.3307 (12.6337)  actual_mask_ratio: 0.0680 (0.0698)  actual_prediction_mask_ratio: 0.2256 (0.2248)  ignored_patch_ratio: 0.0142 (0.0245)  time: 0.1167  data: 0.0001  max mem: 1904
[17:29:56.989276] Epoch: [19] Total time: 0:01:57 (0.1175 s / it)
[17:29:56.990422] Averaged stats: {'lr': 9.368858028173118e-06, 'loss': 0.02513317719121613, 'mae_m_mask': 0.6363298249082302, 'rmse_m_mask': 0.8631135894057362, 'normalized_mse_mask': 0.02513317719121613, 'rmse_m_all': 12.633672167105503, 'actual_mask_ratio': 0.06984472888488456, 'actual_prediction_mask_ratio': 0.2247583302428048, 'ignored_patch_ratio': 0.024530548854653104, 'supervised_pixel_count': 19824973.0}
[17:29:57.151193] Val: [19]  [  0/288]  eta: 0:00:45  loss: 0.0296 (0.0296)  mae_m_mask: 0.3703 (0.3703)  rmse_m_mask: 0.4811 (0.4811)  normalized_mse_mask: 0.0296 (0.0296)  rmse_m_all: 5.6911 (5.6911)  actual_mask_ratio: 0.0607 (0.0607)  actual_prediction_mask_ratio: 0.2001 (0.2001)  ignored_patch_ratio: 0.0000 (0.0000)  time: 0.1581  data: 0.0798  max mem: 1904
[17:30:01.624713] Val: [19]  [ 50/288]  eta: 0:00:21  loss: 0.0509 (0.0907)  mae_m_mask: 0.2968 (0.3096)  rmse_m_mask: 0.3708 (0.3747)  normalized_mse_mask: 0.0509 (0.0907)  rmse_m_all: 1.0735 (3.8034)  actual_mask_ratio: 0.0663 (0.0715)  actual_prediction_mask_ratio: 0.2336 (0.2372)  ignored_patch_ratio: 0.0000 (0.0000)  time: 0.0892  data: 0.0001  max mem: 1904
[17:30:05.949135] Val: [19]  [100/288]  eta: 0:00:16  loss: 0.1559 (0.1633)  mae_m_mask: 0.3110 (0.3686)  rmse_m_mask: 0.3688 (0.4436)  normalized_mse_mask: 0.1559 (0.1633)  rmse_m_all: 0.7521 (3.3400)  actual_mask_ratio: 0.0714 (0.0723)  actual_prediction_mask_ratio: 0.2239 (0.2366)  ignored_patch_ratio: 0.0000 (0.0000)  time: 0.0857  data: 0.0001  max mem: 1904
[17:30:10.261137] Val: [19]  [150/288]  eta: 0:00:12  loss: 0.0257 (0.1611)  mae_m_mask: 0.3994 (0.3769)  rmse_m_mask: 0.4415 (0.4498)  normalized_mse_mask: 0.0257 (0.1611)  rmse_m_all: 2.3033 (2.9505)  actual_mask_ratio: 0.0743 (0.0723)  actual_prediction_mask_ratio: 0.2443 (0.2367)  ignored_patch_ratio: 0.0000 (0.0000)  time: 0.0860  data: 0.0001  max mem: 1904
[17:30:14.517351] Val: [19]  [200/288]  eta: 0:00:07  loss: 0.3964 (0.2042)  mae_m_mask: 0.2616 (0.3797)  rmse_m_mask: 0.3443 (0.4585)  normalized_mse_mask: 0.3964 (0.2042)  rmse_m_all: 0.4463 (2.5166)  actual_mask_ratio: 0.0743 (0.0732)  actual_prediction_mask_ratio: 0.2545 (0.2410)  ignored_patch_ratio: 0.0000 (0.0000)  time: 0.0856  data: 0.0001  max mem: 1904
[17:30:18.798346] Val: [19]  [250/288]  eta: 0:00:03  loss: 0.0505 (0.1841)  mae_m_mask: 0.3473 (0.3656)  rmse_m_mask: 0.4093 (0.4413)  normalized_mse_mask: 0.0505 (0.1841)  rmse_m_all: 1.3149 (2.4341)  actual_mask_ratio: 0.0822 (0.0748)  actual_prediction_mask_ratio: 0.2591 (0.2448)  ignored_patch_ratio: 0.0000 (0.0000)  time: 0.0856  data: 0.0001  max mem: 1904
[17:30:21.758755] Val: [19]  [287/288]  eta: 0:00:00  loss: 0.0226 (0.1693)  mae_m_mask: 0.2711 (0.3571)  rmse_m_mask: 0.3279 (0.4314)  normalized_mse_mask: 0.0226 (0.1693)  rmse_m_all: 1.0939 (2.5905)  actual_mask_ratio: 0.0760 (0.0749)  actual_prediction_mask_ratio: 0.2523 (0.2453)  ignored_patch_ratio: 0.0000 (0.0000)  time: 0.0831  data: 0.0001  max mem: 1904
[17:30:21.789528] Val: [19] Total time: 0:00:24 (0.0861 s / it)
[17:30:21.790431] val stats: {'loss': 0.16197579983425436, 'mae_m_mask': 0.36029751825252604, 'rmse_m_mask': 0.4869082710396226, 'normalized_mse_mask': 0.16197579983425436, 'rmse_m_all': 2.5905278060171337, 'actual_mask_ratio': 0.07494737871456891, 'actual_prediction_mask_ratio': 0.24532247381284833, 'ignored_patch_ratio': 0.0, 'supervised_pixel_count': 5936124.0}
[17:30:25.544611] log_dir: /tank/data/SFS/xinyis/data/bathymetry/MAE-Topography/Downstream_Task_Bathy/cross_validation_v5_Stage2NormMSE_MeterSelect/runs/holdout_CO_D004Stage2NormMSE_MeterSelect_D001NoDataSafe/train_stage2_normMSE_meterSelect_CO_UpperColorado_Topobathy_1_2020_fromStage1Best_e120_lr1e-5_b4_acc4/tb
[17:30:25.722389] Epoch: [20]  [   0/1004]  eta: 0:02:57  lr: 0.000009  loss: 0.0028 (0.0028)  mae_m_mask: 0.9144 (0.9144)  rmse_m_mask: 1.0203 (1.0203)  normalized_mse_mask: 0.0028 (0.0028)  rmse_m_all: 13.1835 (13.1835)  actual_mask_ratio: 0.0741 (0.0741)  actual_prediction_mask_ratio: 0.2430 (0.2430)  ignored_patch_ratio: 0.0130 (0.0130)  time: 0.1773  data: 0.0766  max mem: 1904
[17:30:27.881379] Epoch: [20]  [  20/1004]  eta: 0:01:49  lr: 0.000009  loss: 0.0074 (0.0287)  mae_m_mask: 0.6602 (0.6813)  rmse_m_mask: 0.7994 (0.8529)  normalized_mse_mask: 0.0074 (0.0287)  rmse_m_all: 12.0804 (12.9389)  actual_mask_ratio: 0.0659 (0.0667)  actual_prediction_mask_ratio: 0.2204 (0.2192)  ignored_patch_ratio: 0.0187 (0.0211)  time: 0.1079  data: 0.0001  max mem: 1904
[17:30:30.092833] Epoch: [20]  [  40/1004]  eta: 0:01:46  lr: 0.000009  loss: 0.0031 (0.0214)  mae_m_mask: 0.5499 (0.6548)  rmse_m_mask: 0.7128 (0.8284)  normalized_mse_mask: 0.0031 (0.0214)  rmse_m_all: 13.0036 (13.0638)  actual_mask_ratio: 0.0701 (0.0679)  actual_prediction_mask_ratio: 0.2211 (0.2195)  ignored_patch_ratio: 0.0221 (0.0241)  time: 0.1105  data: 0.0001  max mem: 1904
[17:30:32.279040] Epoch: [20]  [  60/1004]  eta: 0:01:44  lr: 0.000009  loss: 0.0011 (0.0178)  mae_m_mask: 0.5336 (0.6349)  rmse_m_mask: 0.6979 (0.8152)  normalized_mse_mask: 0.0011 (0.0178)  rmse_m_all: 13.9204 (13.3916)  actual_mask_ratio: 0.0712 (0.0690)  actual_prediction_mask_ratio: 0.2227 (0.2222)  ignored_patch_ratio: 0.0255 (0.0253)  time: 0.1093  data: 0.0001  max mem: 1904
[17:30:34.508367] Epoch: [20]  [  80/1004]  eta: 0:01:42  lr: 0.000009  loss: 0.0017 (0.0190)  mae_m_mask: 0.5753 (0.6236)  rmse_m_mask: 0.6725 (0.7966)  normalized_mse_mask: 0.0017 (0.0190)  rmse_m_all: 12.3874 (13.3005)  actual_mask_ratio: 0.0687 (0.0689)  actual_prediction_mask_ratio: 0.2259 (0.2223)  ignored_patch_ratio: 0.0238 (0.0251)  time: 0.1114  data: 0.0001  max mem: 1904
[17:30:36.302043] Epoch: [20]  [ 100/1004]  eta: 0:01:36  lr: 0.000009  loss: 0.0066 (0.0210)  mae_m_mask: 0.5276 (0.6155)  rmse_m_mask: 0.6464 (0.7922)  normalized_mse_mask: 0.0066 (0.0210)  rmse_m_all: 11.9880 (13.1909)  actual_mask_ratio: 0.0703 (0.0690)  actual_prediction_mask_ratio: 0.2222 (0.2221)  ignored_patch_ratio: 0.0221 (0.0249)  time: 0.0896  data: 0.0001  max mem: 1904
[17:30:39.416118] Epoch: [20]  [ 120/1004]  eta: 0:01:41  lr: 0.000009  loss: 0.0131 (0.0228)  mae_m_mask: 0.6643 (0.6271)  rmse_m_mask: 0.7767 (0.8058)  normalized_mse_mask: 0.0131 (0.0228)  rmse_m_all: 12.1971 (12.9831)  actual_mask_ratio: 0.0721 (0.0694)  actual_prediction_mask_ratio: 0.2366 (0.2237)  ignored_patch_ratio: 0.0153 (0.0241)  time: 0.1557  data: 0.0479  max mem: 1904
[17:30:41.357211] Epoch: [20]  [ 140/1004]  eta: 0:01:36  lr: 0.000009  loss: 0.0049 (0.0217)  mae_m_mask: 0.7353 (0.6614)  rmse_m_mask: 0.9544 (0.8460)  normalized_mse_mask: 0.0049 (0.0217)  rmse_m_all: 12.8749 (13.0499)  actual_mask_ratio: 0.0689 (0.0695)  actual_prediction_mask_ratio: 0.2197 (0.2235)  ignored_patch_ratio: 0.0295 (0.0250)  time: 0.0970  data: 0.0001  max mem: 1904
[17:30:43.621865] Epoch: [20]  [ 160/1004]  eta: 0:01:34  lr: 0.000009  loss: 0.0016 (0.0208)  mae_m_mask: 0.6140 (0.6648)  rmse_m_mask: 0.8153 (0.8466)  normalized_mse_mask: 0.0016 (0.0208)  rmse_m_all: 13.6542 (13.1152)  actual_mask_ratio: 0.0664 (0.0694)  actual_prediction_mask_ratio: 0.2224 (0.2231)  ignored_patch_ratio: 0.0306 (0.0256)  time: 0.1132  data: 0.0001  max mem: 1904
[17:30:45.869239] Epoch: [20]  [ 180/1004]  eta: 0:01:32  lr: 0.000009  loss: 0.0017 (0.0223)  mae_m_mask: 0.7475 (0.6656)  rmse_m_mask: 0.9867 (0.8493)  normalized_mse_mask: 0.0017 (0.0223)  rmse_m_all: 15.6304 (13.3171)  actual_mask_ratio: 0.0683 (0.0693)  actual_prediction_mask_ratio: 0.2192 (0.2227)  ignored_patch_ratio: 0.0306 (0.0260)  time: 0.1123  data: 0.0001  max mem: 1904
[17:30:47.471881] Epoch: [20]  [ 200/1004]  eta: 0:01:27  lr: 0.000009  loss: 0.0052 (0.0215)  mae_m_mask: 0.5658 (0.6563)  rmse_m_mask: 0.6898 (0.8388)  normalized_mse_mask: 0.0052 (0.0215)  rmse_m_all: 12.7775 (13.2557)  actual_mask_ratio: 0.0707 (0.0694)  actual_prediction_mask_ratio: 0.2264 (0.2229)  ignored_patch_ratio: 0.0170 (0.0256)  time: 0.0801  data: 0.0001  max mem: 1904
[17:30:49.045796] Epoch: [20]  [ 220/1004]  eta: 0:01:23  lr: 0.000009  loss: 0.0035 (0.0222)  mae_m_mask: 0.6552 (0.6610)  rmse_m_mask: 0.8067 (0.8437)  normalized_mse_mask: 0.0035 (0.0222)  rmse_m_all: 13.8371 (13.2930)  actual_mask_ratio: 0.0680 (0.0694)  actual_prediction_mask_ratio: 0.2242 (0.2231)  ignored_patch_ratio: 0.0244 (0.0255)  time: 0.0787  data: 0.0001  max mem: 1904
[17:30:50.612697] Epoch: [20]  [ 240/1004]  eta: 0:01:19  lr: 0.000009  loss: 0.0037 (0.0215)  mae_m_mask: 0.5878 (0.6585)  rmse_m_mask: 0.7308 (0.8385)  normalized_mse_mask: 0.0037 (0.0215)  rmse_m_all: 14.2848 (13.3081)  actual_mask_ratio: 0.0681 (0.0694)  actual_prediction_mask_ratio: 0.2162 (0.2229)  ignored_patch_ratio: 0.0266 (0.0258)  time: 0.0783  data: 0.0001  max mem: 1904
[17:30:52.182977] Epoch: [20]  [ 260/1004]  eta: 0:01:15  lr: 0.000009  loss: 0.0067 (0.0215)  mae_m_mask: 0.5646 (0.6531)  rmse_m_mask: 0.7381 (0.8323)  normalized_mse_mask: 0.0067 (0.0215)  rmse_m_all: 12.0018 (13.1848)  actual_mask_ratio: 0.0696 (0.0694)  actual_prediction_mask_ratio: 0.2234 (0.2231)  ignored_patch_ratio: 0.0159 (0.0254)  time: 0.0785  data: 0.0001  max mem: 1904
[17:30:53.754730] Epoch: [20]  [ 280/1004]  eta: 0:01:12  lr: 0.000009  loss: 0.0066 (0.0215)  mae_m_mask: 0.5469 (0.6547)  rmse_m_mask: 0.7411 (0.8367)  normalized_mse_mask: 0.0066 (0.0215)  rmse_m_all: 12.5338 (13.1491)  actual_mask_ratio: 0.0704 (0.0694)  actual_prediction_mask_ratio: 0.2256 (0.2233)  ignored_patch_ratio: 0.0170 (0.0248)  time: 0.0786  data: 0.0001  max mem: 1904
[17:30:55.325643] Epoch: [20]  [ 300/1004]  eta: 0:01:09  lr: 0.000009  loss: 0.0027 (0.0227)  mae_m_mask: 0.5473 (0.6517)  rmse_m_mask: 0.7213 (0.8322)  normalized_mse_mask: 0.0027 (0.0227)  rmse_m_all: 11.7792 (13.1105)  actual_mask_ratio: 0.0695 (0.0695)  actual_prediction_mask_ratio: 0.2271 (0.2240)  ignored_patch_ratio: 0.0261 (0.0248)  time: 0.0785  data: 0.0001  max mem: 1904
[17:30:56.903313] Epoch: [20]  [ 320/1004]  eta: 0:01:06  lr: 0.000009  loss: 0.0091 (0.0231)  mae_m_mask: 0.5373 (0.6518)  rmse_m_mask: 0.7577 (0.8336)  normalized_mse_mask: 0.0091 (0.0231)  rmse_m_all: 12.3348 (13.0445)  actual_mask_ratio: 0.0736 (0.0696)  actual_prediction_mask_ratio: 0.2318 (0.2243)  ignored_patch_ratio: 0.0170 (0.0246)  time: 0.0789  data: 0.0001  max mem: 1904
[17:30:58.478121] Epoch: [20]  [ 340/1004]  eta: 0:01:04  lr: 0.000009  loss: 0.0154 (0.0229)  mae_m_mask: 0.6504 (0.6511)  rmse_m_mask: 0.8014 (0.8326)  normalized_mse_mask: 0.0154 (0.0229)  rmse_m_all: 13.3426 (13.0759)  actual_mask_ratio: 0.0658 (0.0695)  actual_prediction_mask_ratio: 0.2196 (0.2239)  ignored_patch_ratio: 0.0176 (0.0245)  time: 0.0787  data: 0.0001  max mem: 1904
[17:31:00.025489] Epoch: [20]  [ 360/1004]  eta: 0:01:01  lr: 0.000009  loss: 0.0029 (0.0242)  mae_m_mask: 0.6987 (0.6555)  rmse_m_mask: 0.9089 (0.8381)  normalized_mse_mask: 0.0029 (0.0242)  rmse_m_all: 12.3030 (13.0436)  actual_mask_ratio: 0.0721 (0.0697)  actual_prediction_mask_ratio: 0.2321 (0.2244)  ignored_patch_ratio: 0.0210 (0.0246)  time: 0.0773  data: 0.0001  max mem: 1904
[17:31:01.582647] Epoch: [20]  [ 380/1004]  eta: 0:00:59  lr: 0.000009  loss: 0.0119 (0.0245)  mae_m_mask: 0.5401 (0.6538)  rmse_m_mask: 0.7279 (0.8352)  normalized_mse_mask: 0.0119 (0.0245)  rmse_m_all: 14.4560 (13.1127)  actual_mask_ratio: 0.0692 (0.0696)  actual_prediction_mask_ratio: 0.2220 (0.2243)  ignored_patch_ratio: 0.0238 (0.0247)  time: 0.0778  data: 0.0001  max mem: 1904
[17:31:03.132290] Epoch: [20]  [ 400/1004]  eta: 0:00:56  lr: 0.000009  loss: 0.0109 (0.0242)  mae_m_mask: 0.4482 (0.6470)  rmse_m_mask: 0.5867 (0.8298)  normalized_mse_mask: 0.0109 (0.0242)  rmse_m_all: 12.5943 (13.0602)  actual_mask_ratio: 0.0689 (0.0696)  actual_prediction_mask_ratio: 0.2193 (0.2238)  ignored_patch_ratio: 0.0249 (0.0247)  time: 0.0775  data: 0.0001  max mem: 1904
[17:31:04.680941] Epoch: [20]  [ 420/1004]  eta: 0:00:54  lr: 0.000009  loss: 0.0021 (0.0236)  mae_m_mask: 0.5154 (0.6449)  rmse_m_mask: 0.6802 (0.8266)  normalized_mse_mask: 0.0021 (0.0236)  rmse_m_all: 13.3794 (13.0695)  actual_mask_ratio: 0.0696 (0.0696)  actual_prediction_mask_ratio: 0.2168 (0.2237)  ignored_patch_ratio: 0.0187 (0.0245)  time: 0.0774  data: 0.0001  max mem: 1904
[17:31:06.227722] Epoch: [20]  [ 440/1004]  eta: 0:00:52  lr: 0.000009  loss: 0.0063 (0.0230)  mae_m_mask: 0.5707 (0.6438)  rmse_m_mask: 0.7249 (0.8247)  normalized_mse_mask: 0.0063 (0.0230)  rmse_m_all: 14.0520 (13.1146)  actual_mask_ratio: 0.0672 (0.0695)  actual_prediction_mask_ratio: 0.2120 (0.2232)  ignored_patch_ratio: 0.0278 (0.0248)  time: 0.0773  data: 0.0001  max mem: 1904
[17:31:07.784125] Epoch: [20]  [ 460/1004]  eta: 0:00:49  lr: 0.000009  loss: 0.0011 (0.0222)  mae_m_mask: 0.6223 (0.6442)  rmse_m_mask: 0.7703 (0.8252)  normalized_mse_mask: 0.0011 (0.0222)  rmse_m_all: 13.7573 (13.1570)  actual_mask_ratio: 0.0712 (0.0695)  actual_prediction_mask_ratio: 0.2260 (0.2233)  ignored_patch_ratio: 0.0238 (0.0250)  time: 0.0778  data: 0.0001  max mem: 1904
[17:31:09.329000] Epoch: [20]  [ 480/1004]  eta: 0:00:47  lr: 0.000009  loss: 0.0062 (0.0224)  mae_m_mask: 0.6885 (0.6479)  rmse_m_mask: 0.8585 (0.8285)  normalized_mse_mask: 0.0062 (0.0224)  rmse_m_all: 12.4088 (13.1528)  actual_mask_ratio: 0.0718 (0.0696)  actual_prediction_mask_ratio: 0.2365 (0.2238)  ignored_patch_ratio: 0.0204 (0.0248)  time: 0.0772  data: 0.0001  max mem: 1904
[17:31:10.875511] Epoch: [20]  [ 500/1004]  eta: 0:00:45  lr: 0.000009  loss: 0.0021 (0.0228)  mae_m_mask: 0.8665 (0.6561)  rmse_m_mask: 1.0179 (0.8376)  normalized_mse_mask: 0.0021 (0.0228)  rmse_m_all: 14.0643 (13.1854)  actual_mask_ratio: 0.0701 (0.0697)  actual_prediction_mask_ratio: 0.2246 (0.2239)  ignored_patch_ratio: 0.0261 (0.0249)  time: 0.0773  data: 0.0001  max mem: 1904
[17:31:12.422063] Epoch: [20]  [ 520/1004]  eta: 0:00:43  lr: 0.000009  loss: 0.0271 (0.0239)  mae_m_mask: 0.5769 (0.6566)  rmse_m_mask: 0.8230 (0.8383)  normalized_mse_mask: 0.0271 (0.0239)  rmse_m_all: 11.1978 (13.1344)  actual_mask_ratio: 0.0692 (0.0697)  actual_prediction_mask_ratio: 0.2251 (0.2241)  ignored_patch_ratio: 0.0108 (0.0246)  time: 0.0773  data: 0.0001  max mem: 1904
[17:31:15.460645] Epoch: [20]  [ 540/1004]  eta: 0:00:42  lr: 0.000009  loss: 0.0063 (0.0246)  mae_m_mask: 0.7066 (0.6595)  rmse_m_mask: 0.8720 (0.8436)  normalized_mse_mask: 0.0063 (0.0246)  rmse_m_all: 11.7149 (13.0983)  actual_mask_ratio: 0.0684 (0.0696)  actual_prediction_mask_ratio: 0.2263 (0.2241)  ignored_patch_ratio: 0.0193 (0.0246)  time: 0.1519  data: 0.0526  max mem: 1904
[17:31:17.464155] Epoch: [20]  [ 560/1004]  eta: 0:00:41  lr: 0.000009  loss: 0.0009 (0.0242)  mae_m_mask: 0.6122 (0.6585)  rmse_m_mask: 0.8039 (0.8419)  normalized_mse_mask: 0.0009 (0.0242)  rmse_m_all: 13.8491 (13.1103)  actual_mask_ratio: 0.0673 (0.0696)  actual_prediction_mask_ratio: 0.2200 (0.2238)  ignored_patch_ratio: 0.0198 (0.0248)  time: 0.1001  data: 0.0001  max mem: 1904
[17:31:19.774826] Epoch: [20]  [ 580/1004]  eta: 0:00:39  lr: 0.000009  loss: 0.0027 (0.0238)  mae_m_mask: 0.6224 (0.6593)  rmse_m_mask: 0.7986 (0.8423)  normalized_mse_mask: 0.0027 (0.0238)  rmse_m_all: 13.0487 (13.0927)  actual_mask_ratio: 0.0714 (0.0697)  actual_prediction_mask_ratio: 0.2238 (0.2239)  ignored_patch_ratio: 0.0210 (0.0248)  time: 0.1155  data: 0.0001  max mem: 1904
[17:31:22.084286] Epoch: [20]  [ 600/1004]  eta: 0:00:37  lr: 0.000009  loss: 0.0046 (0.0242)  mae_m_mask: 0.5220 (0.6568)  rmse_m_mask: 0.7269 (0.8403)  normalized_mse_mask: 0.0046 (0.0242)  rmse_m_all: 13.3580 (13.0975)  actual_mask_ratio: 0.0696 (0.0697)  actual_prediction_mask_ratio: 0.2256 (0.2239)  ignored_patch_ratio: 0.0176 (0.0246)  time: 0.1154  data: 0.0001  max mem: 1904
[17:31:24.390961] Epoch: [20]  [ 620/1004]  eta: 0:00:36  lr: 0.000009  loss: 0.0042 (0.0242)  mae_m_mask: 0.6932 (0.6583)  rmse_m_mask: 0.9366 (0.8426)  normalized_mse_mask: 0.0042 (0.0242)  rmse_m_all: 11.9605 (13.0690)  actual_mask_ratio: 0.0691 (0.0697)  actual_prediction_mask_ratio: 0.2273 (0.2241)  ignored_patch_ratio: 0.0261 (0.0246)  time: 0.1153  data: 0.0001  max mem: 1904
[17:31:26.691986] Epoch: [20]  [ 640/1004]  eta: 0:00:34  lr: 0.000009  loss: 0.0028 (0.0238)  mae_m_mask: 0.6198 (0.6585)  rmse_m_mask: 0.7618 (0.8435)  normalized_mse_mask: 0.0028 (0.0238)  rmse_m_all: 14.0791 (13.0903)  actual_mask_ratio: 0.0721 (0.0698)  actual_prediction_mask_ratio: 0.2313 (0.2243)  ignored_patch_ratio: 0.0249 (0.0246)  time: 0.1150  data: 0.0001  max mem: 1904
[17:31:29.013014] Epoch: [20]  [ 660/1004]  eta: 0:00:33  lr: 0.000009  loss: 0.0034 (0.0235)  mae_m_mask: 0.4860 (0.6562)  rmse_m_mask: 0.6173 (0.8398)  normalized_mse_mask: 0.0034 (0.0235)  rmse_m_all: 10.6024 (13.0241)  actual_mask_ratio: 0.0716 (0.0698)  actual_prediction_mask_ratio: 0.2276 (0.2243)  ignored_patch_ratio: 0.0232 (0.0246)  time: 0.1160  data: 0.0001  max mem: 1904
[17:31:31.320253] Epoch: [20]  [ 680/1004]  eta: 0:00:31  lr: 0.000009  loss: 0.0032 (0.0232)  mae_m_mask: 0.5451 (0.6544)  rmse_m_mask: 0.6815 (0.8375)  normalized_mse_mask: 0.0032 (0.0232)  rmse_m_all: 11.6066 (13.0070)  actual_mask_ratio: 0.0702 (0.0698)  actual_prediction_mask_ratio: 0.2183 (0.2241)  ignored_patch_ratio: 0.0215 (0.0246)  time: 0.1153  data: 0.0001  max mem: 1904
[17:31:33.632945] Epoch: [20]  [ 700/1004]  eta: 0:00:29  lr: 0.000009  loss: 0.0048 (0.0240)  mae_m_mask: 0.6080 (0.6547)  rmse_m_mask: 0.8585 (0.8375)  normalized_mse_mask: 0.0048 (0.0240)  rmse_m_all: 9.8103 (12.9659)  actual_mask_ratio: 0.0730 (0.0698)  actual_prediction_mask_ratio: 0.2326 (0.2244)  ignored_patch_ratio: 0.0210 (0.0245)  time: 0.1156  data: 0.0001  max mem: 1904
[17:31:35.952875] Epoch: [20]  [ 720/1004]  eta: 0:00:27  lr: 0.000009  loss: 0.0046 (0.0243)  mae_m_mask: 0.5189 (0.6518)  rmse_m_mask: 0.6706 (0.8340)  normalized_mse_mask: 0.0046 (0.0243)  rmse_m_all: 11.7233 (12.9403)  actual_mask_ratio: 0.0671 (0.0699)  actual_prediction_mask_ratio: 0.2278 (0.2245)  ignored_patch_ratio: 0.0187 (0.0243)  time: 0.1160  data: 0.0001  max mem: 1904
[17:31:38.277269] Epoch: [20]  [ 740/1004]  eta: 0:00:25  lr: 0.000009  loss: 0.0130 (0.0242)  mae_m_mask: 0.4935 (0.6483)  rmse_m_mask: 0.6142 (0.8303)  normalized_mse_mask: 0.0130 (0.0242)  rmse_m_all: 12.8514 (12.9213)  actual_mask_ratio: 0.0686 (0.0698)  actual_prediction_mask_ratio: 0.2226 (0.2244)  ignored_patch_ratio: 0.0153 (0.0243)  time: 0.1162  data: 0.0001  max mem: 1904
[17:31:40.587057] Epoch: [20]  [ 760/1004]  eta: 0:00:24  lr: 0.000009  loss: 0.0023 (0.0243)  mae_m_mask: 0.6167 (0.6489)  rmse_m_mask: 0.7490 (0.8319)  normalized_mse_mask: 0.0023 (0.0243)  rmse_m_all: 12.8127 (12.9252)  actual_mask_ratio: 0.0704 (0.0698)  actual_prediction_mask_ratio: 0.2298 (0.2246)  ignored_patch_ratio: 0.0227 (0.0243)  time: 0.1155  data: 0.0001  max mem: 1904
[17:31:42.890905] Epoch: [20]  [ 780/1004]  eta: 0:00:22  lr: 0.000009  loss: 0.0137 (0.0243)  mae_m_mask: 0.4734 (0.6470)  rmse_m_mask: 0.6371 (0.8298)  normalized_mse_mask: 0.0137 (0.0243)  rmse_m_all: 11.2200 (12.8860)  actual_mask_ratio: 0.0712 (0.0699)  actual_prediction_mask_ratio: 0.2287 (0.2247)  ignored_patch_ratio: 0.0204 (0.0242)  time: 0.1152  data: 0.0001  max mem: 1904
[17:31:45.208438] Epoch: [20]  [ 800/1004]  eta: 0:00:20  lr: 0.000009  loss: 0.0159 (0.0247)  mae_m_mask: 0.5752 (0.6461)  rmse_m_mask: 0.6981 (0.8289)  normalized_mse_mask: 0.0159 (0.0247)  rmse_m_all: 12.6110 (12.8602)  actual_mask_ratio: 0.0675 (0.0698)  actual_prediction_mask_ratio: 0.2204 (0.2245)  ignored_patch_ratio: 0.0238 (0.0242)  time: 0.1158  data: 0.0001  max mem: 1904
[17:31:47.522297] Epoch: [20]  [ 820/1004]  eta: 0:00:18  lr: 0.000009  loss: 0.0040 (0.0247)  mae_m_mask: 0.5791 (0.6443)  rmse_m_mask: 0.6697 (0.8262)  normalized_mse_mask: 0.0040 (0.0247)  rmse_m_all: 11.6451 (12.8332)  actual_mask_ratio: 0.0740 (0.0699)  actual_prediction_mask_ratio: 0.2386 (0.2247)  ignored_patch_ratio: 0.0181 (0.0241)  time: 0.1157  data: 0.0001  max mem: 1904
[17:31:49.840046] Epoch: [20]  [ 840/1004]  eta: 0:00:16  lr: 0.000009  loss: 0.0019 (0.0245)  mae_m_mask: 0.5222 (0.6435)  rmse_m_mask: 0.6687 (0.8252)  normalized_mse_mask: 0.0019 (0.0245)  rmse_m_all: 12.8330 (12.8369)  actual_mask_ratio: 0.0703 (0.0699)  actual_prediction_mask_ratio: 0.2288 (0.2246)  ignored_patch_ratio: 0.0244 (0.0243)  time: 0.1159  data: 0.0001  max mem: 1904
[17:31:52.155416] Epoch: [20]  [ 860/1004]  eta: 0:00:14  lr: 0.000009  loss: 0.0099 (0.0245)  mae_m_mask: 0.5297 (0.6413)  rmse_m_mask: 0.6539 (0.8222)  normalized_mse_mask: 0.0099 (0.0245)  rmse_m_all: 13.0432 (12.8401)  actual_mask_ratio: 0.0714 (0.0699)  actual_prediction_mask_ratio: 0.2268 (0.2247)  ignored_patch_ratio: 0.0215 (0.0243)  time: 0.1157  data: 0.0001  max mem: 1904
[17:31:54.471540] Epoch: [20]  [ 880/1004]  eta: 0:00:12  lr: 0.000009  loss: 0.0078 (0.0247)  mae_m_mask: 0.6732 (0.6425)  rmse_m_mask: 0.8561 (0.8239)  normalized_mse_mask: 0.0078 (0.0247)  rmse_m_all: 11.4415 (12.8314)  actual_mask_ratio: 0.0684 (0.0699)  actual_prediction_mask_ratio: 0.2145 (0.2246)  ignored_patch_ratio: 0.0181 (0.0242)  time: 0.1158  data: 0.0001  max mem: 1904
[17:31:56.786644] Epoch: [20]  [ 900/1004]  eta: 0:00:10  lr: 0.000009  loss: 0.0036 (0.0244)  mae_m_mask: 0.5695 (0.6425)  rmse_m_mask: 0.7847 (0.8237)  normalized_mse_mask: 0.0036 (0.0244)  rmse_m_all: 12.7025 (12.8319)  actual_mask_ratio: 0.0695 (0.0698)  actual_prediction_mask_ratio: 0.2253 (0.2245)  ignored_patch_ratio: 0.0238 (0.0242)  time: 0.1157  data: 0.0001  max mem: 1904
[17:31:59.091487] Epoch: [20]  [ 920/1004]  eta: 0:00:08  lr: 0.000009  loss: 0.0094 (0.0242)  mae_m_mask: 0.5576 (0.6425)  rmse_m_mask: 0.7011 (0.8232)  normalized_mse_mask: 0.0094 (0.0242)  rmse_m_all: 11.3185 (12.8149)  actual_mask_ratio: 0.0721 (0.0699)  actual_prediction_mask_ratio: 0.2303 (0.2247)  ignored_patch_ratio: 0.0227 (0.0242)  time: 0.1152  data: 0.0001  max mem: 1904
[17:32:01.399752] Epoch: [20]  [ 940/1004]  eta: 0:00:06  lr: 0.000009  loss: 0.0092 (0.0242)  mae_m_mask: 0.6098 (0.6433)  rmse_m_mask: 0.7799 (0.8240)  normalized_mse_mask: 0.0092 (0.0242)  rmse_m_all: 11.9063 (12.7906)  actual_mask_ratio: 0.0702 (0.0699)  actual_prediction_mask_ratio: 0.2240 (0.2247)  ignored_patch_ratio: 0.0261 (0.0242)  time: 0.1154  data: 0.0001  max mem: 1904
[17:32:03.709297] Epoch: [20]  [ 960/1004]  eta: 0:00:04  lr: 0.000009  loss: 0.0091 (0.0245)  mae_m_mask: 0.5775 (0.6425)  rmse_m_mask: 0.7047 (0.8227)  normalized_mse_mask: 0.0091 (0.0245)  rmse_m_all: 10.9744 (12.7678)  actual_mask_ratio: 0.0698 (0.0699)  actual_prediction_mask_ratio: 0.2298 (0.2247)  ignored_patch_ratio: 0.0289 (0.0243)  time: 0.1154  data: 0.0001  max mem: 1904
[17:32:06.014637] Epoch: [20]  [ 980/1004]  eta: 0:00:02  lr: 0.000009  loss: 0.0033 (0.0243)  mae_m_mask: 0.5622 (0.6429)  rmse_m_mask: 0.7315 (0.8232)  normalized_mse_mask: 0.0033 (0.0243)  rmse_m_all: 12.8899 (12.7772)  actual_mask_ratio: 0.0649 (0.0699)  actual_prediction_mask_ratio: 0.2244 (0.2247)  ignored_patch_ratio: 0.0249 (0.0244)  time: 0.1152  data: 0.0001  max mem: 1904
[17:32:08.328522] Epoch: [20]  [1000/1004]  eta: 0:00:00  lr: 0.000009  loss: 0.0023 (0.0242)  mae_m_mask: 0.6169 (0.6437)  rmse_m_mask: 0.7221 (0.8248)  normalized_mse_mask: 0.0023 (0.0242)  rmse_m_all: 14.7044 (12.7934)  actual_mask_ratio: 0.0663 (0.0698)  actual_prediction_mask_ratio: 0.2196 (0.2247)  ignored_patch_ratio: 0.0266 (0.0245)  time: 0.1157  data: 0.0001  max mem: 1904
[17:32:08.674281] Epoch: [20]  [1003/1004]  eta: 0:00:00  lr: 0.000009  loss: 0.0021 (0.0242)  mae_m_mask: 0.6016 (0.6442)  rmse_m_mask: 0.7137 (0.8255)  normalized_mse_mask: 0.0021 (0.0242)  rmse_m_all: 14.7044 (12.7959)  actual_mask_ratio: 0.0675 (0.0698)  actual_prediction_mask_ratio: 0.2196 (0.2248)  ignored_patch_ratio: 0.0266 (0.0245)  time: 0.1155  data: 0.0002  max mem: 1904
[17:32:08.714539] Epoch: [20] Total time: 0:01:43 (0.1028 s / it)
[17:32:08.716432] Averaged stats: {'lr': 9.304072233045311e-06, 'loss': 0.023808317661341852, 'mae_m_mask': 0.6402213917722966, 'rmse_m_mask': 0.8716887029511362, 'normalized_mse_mask': 0.023808317661341852, 'rmse_m_all': 12.795888019985412, 'actual_mask_ratio': 0.06984492588372701, 'actual_prediction_mask_ratio': 0.22475355168975206, 'ignored_patch_ratio': 0.024530550220098153, 'supervised_pixel_count': 19824973.0}
[17:32:08.886258] Val: [20]  [  0/288]  eta: 0:00:48  loss: 0.0249 (0.0249)  mae_m_mask: 0.3636 (0.3636)  rmse_m_mask: 0.4618 (0.4618)  normalized_mse_mask: 0.0249 (0.0249)  rmse_m_all: 5.8348 (5.8348)  actual_mask_ratio: 0.0607 (0.0607)  actual_prediction_mask_ratio: 0.2001 (0.2001)  ignored_patch_ratio: 0.0000 (0.0000)  time: 0.1672  data: 0.0907  max mem: 1904
[17:32:13.497148] Val: [20]  [ 50/288]  eta: 0:00:22  loss: 0.0412 (0.0819)  mae_m_mask: 0.2898 (0.3243)  rmse_m_mask: 0.3630 (0.3911)  normalized_mse_mask: 0.0412 (0.0819)  rmse_m_all: 1.0889 (3.8921)  actual_mask_ratio: 0.0663 (0.0715)  actual_prediction_mask_ratio: 0.2336 (0.2372)  ignored_patch_ratio: 0.0000 (0.0000)  time: 0.0953  data: 0.0001  max mem: 1904
[17:32:18.035965] Val: [20]  [100/288]  eta: 0:00:17  loss: 0.1365 (0.1479)  mae_m_mask: 0.3369 (0.3860)  rmse_m_mask: 0.4016 (0.4609)  normalized_mse_mask: 0.1365 (0.1479)  rmse_m_all: 0.7548 (3.4128)  actual_mask_ratio: 0.0714 (0.0723)  actual_prediction_mask_ratio: 0.2239 (0.2366)  ignored_patch_ratio: 0.0000 (0.0000)  time: 0.0886  data: 0.0001  max mem: 1904
[17:32:22.503002] Val: [20]  [150/288]  eta: 0:00:12  loss: 0.0221 (0.1455)  mae_m_mask: 0.4681 (0.3957)  rmse_m_mask: 0.5287 (0.4680)  normalized_mse_mask: 0.0221 (0.1455)  rmse_m_all: 2.3553 (3.0121)  actual_mask_ratio: 0.0743 (0.0723)  actual_prediction_mask_ratio: 0.2443 (0.2367)  ignored_patch_ratio: 0.0000 (0.0000)  time: 0.0885  data: 0.0001  max mem: 1904
[17:32:26.903997] Val: [20]  [200/288]  eta: 0:00:07  loss: 0.3598 (0.1953)  mae_m_mask: 0.2717 (0.3938)  rmse_m_mask: 0.3325 (0.4723)  normalized_mse_mask: 0.3598 (0.1953)  rmse_m_all: 0.4478 (2.5672)  actual_mask_ratio: 0.0743 (0.0732)  actual_prediction_mask_ratio: 0.2545 (0.2410)  ignored_patch_ratio: 0.0000 (0.0000)  time: 0.0878  data: 0.0001  max mem: 1904
[17:32:31.431071] Val: [20]  [250/288]  eta: 0:00:03  loss: 0.0355 (0.1749)  mae_m_mask: 0.3310 (0.3738)  rmse_m_mask: 0.3803 (0.4489)  normalized_mse_mask: 0.0355 (0.1749)  rmse_m_all: 1.3366 (2.4836)  actual_mask_ratio: 0.0822 (0.0748)  actual_prediction_mask_ratio: 0.2591 (0.2448)  ignored_patch_ratio: 0.0000 (0.0000)  time: 0.0895  data: 0.0001  max mem: 1904
[17:32:34.604435] Val: [20]  [287/288]  eta: 0:00:00  loss: 0.0198 (0.1596)  mae_m_mask: 0.2422 (0.3659)  rmse_m_mask: 0.3025 (0.4397)  normalized_mse_mask: 0.0198 (0.1596)  rmse_m_all: 1.1089 (2.6437)  actual_mask_ratio: 0.0760 (0.0749)  actual_prediction_mask_ratio: 0.2523 (0.2453)  ignored_patch_ratio: 0.0000 (0.0000)  time: 0.0816  data: 0.0001  max mem: 1904
[17:32:34.636370] Val: [20] Total time: 0:00:25 (0.0900 s / it)
[17:32:34.640063] val stats: {'loss': 0.15237756977692396, 'mae_m_mask': 0.37262657990034825, 'rmse_m_mask': 0.5240587090488089, 'normalized_mse_mask': 0.15237756977692396, 'rmse_m_all': 2.64370934634159, 'actual_mask_ratio': 0.07494737871456891, 'actual_prediction_mask_ratio': 0.24532247381284833, 'ignored_patch_ratio': 0.0, 'supervised_pixel_count': 5936124.0}
[17:33:06.908514] log_dir: /tank/data/SFS/xinyis/data/bathymetry/MAE-Topography/Downstream_Task_Bathy/cross_validation_v5_Stage2NormMSE_MeterSelect/runs/holdout_CO_D004Stage2NormMSE_MeterSelect_D001NoDataSafe/train_stage2_normMSE_meterSelect_CO_UpperColorado_Topobathy_1_2020_fromStage1Best_e120_lr1e-5_b4_acc4/tb
[17:33:07.128595] Epoch: [21]  [   0/1004]  eta: 0:03:40  lr: 0.000009  loss: 0.0385 (0.0385)  mae_m_mask: 0.9872 (0.9872)  rmse_m_mask: 1.6045 (1.6045)  normalized_mse_mask: 0.0385 (0.0385)  rmse_m_all: 10.4521 (10.4521)  actual_mask_ratio: 0.0646 (0.0646)  actual_prediction_mask_ratio: 0.2137 (0.2137)  ignored_patch_ratio: 0.0000 (0.0000)  time: 0.2196  data: 0.1424  max mem: 1904
[17:33:08.689591] Epoch: [21]  [  20/1004]  eta: 0:01:23  lr: 0.000009  loss: 0.0036 (0.0107)  mae_m_mask: 0.5136 (0.6051)  rmse_m_mask: 0.7396 (0.8142)  normalized_mse_mask: 0.0036 (0.0107)  rmse_m_all: 11.6654 (12.7212)  actual_mask_ratio: 0.0671 (0.0687)  actual_prediction_mask_ratio: 0.2226 (0.2206)  ignored_patch_ratio: 0.0306 (0.0264)  time: 0.0780  data: 0.0001  max mem: 1904
[17:33:10.250109] Epoch: [21]  [  40/1004]  eta: 0:01:18  lr: 0.000009  loss: 0.0146 (0.0268)  mae_m_mask: 0.6196 (0.6356)  rmse_m_mask: 0.7563 (0.8460)  normalized_mse_mask: 0.0146 (0.0268)  rmse_m_all: 11.4606 (12.2013)  actual_mask_ratio: 0.0682 (0.0692)  actual_prediction_mask_ratio: 0.2270 (0.2233)  ignored_patch_ratio: 0.0193 (0.0244)  time: 0.0780  data: 0.0001  max mem: 1904
[17:33:11.798676] Epoch: [21]  [  60/1004]  eta: 0:01:15  lr: 0.000009  loss: 0.0071 (0.0309)  mae_m_mask: 0.6200 (0.6277)  rmse_m_mask: 0.8612 (0.8317)  normalized_mse_mask: 0.0071 (0.0309)  rmse_m_all: 12.7720 (12.2956)  actual_mask_ratio: 0.0685 (0.0697)  actual_prediction_mask_ratio: 0.2310 (0.2255)  ignored_patch_ratio: 0.0255 (0.0244)  time: 0.0774  data: 0.0001  max mem: 1904
[17:33:13.348379] Epoch: [21]  [  80/1004]  eta: 0:01:13  lr: 0.000009  loss: 0.0051 (0.0321)  mae_m_mask: 0.6532 (0.6355)  rmse_m_mask: 0.8136 (0.8305)  normalized_mse_mask: 0.0051 (0.0321)  rmse_m_all: 12.9470 (12.2525)  actual_mask_ratio: 0.0725 (0.0699)  actual_prediction_mask_ratio: 0.2242 (0.2260)  ignored_patch_ratio: 0.0261 (0.0250)  time: 0.0774  data: 0.0001  max mem: 1904
[17:33:14.905693] Epoch: [21]  [ 100/1004]  eta: 0:01:11  lr: 0.000009  loss: 0.0022 (0.0285)  mae_m_mask: 0.5728 (0.6389)  rmse_m_mask: 0.7522 (0.8292)  normalized_mse_mask: 0.0022 (0.0285)  rmse_m_all: 12.4506 (12.3296)  actual_mask_ratio: 0.0729 (0.0702)  actual_prediction_mask_ratio: 0.2355 (0.2267)  ignored_patch_ratio: 0.0210 (0.0248)  time: 0.0778  data: 0.0001  max mem: 1904
[17:33:17.342273] Epoch: [21]  [ 120/1004]  eta: 0:01:16  lr: 0.000009  loss: 0.0115 (0.0270)  mae_m_mask: 0.6341 (0.6387)  rmse_m_mask: 0.7494 (0.8246)  normalized_mse_mask: 0.0115 (0.0270)  rmse_m_all: 11.3272 (12.2546)  actual_mask_ratio: 0.0694 (0.0700)  actual_prediction_mask_ratio: 0.2214 (0.2260)  ignored_patch_ratio: 0.0289 (0.0252)  time: 0.1218  data: 0.0503  max mem: 1904
[17:33:19.224596] Epoch: [21]  [ 140/1004]  eta: 0:01:15  lr: 0.000009  loss: 0.0085 (0.0281)  mae_m_mask: 0.7362 (0.6499)  rmse_m_mask: 0.8517 (0.8377)  normalized_mse_mask: 0.0085 (0.0281)  rmse_m_all: 11.5167 (12.2705)  actual_mask_ratio: 0.0709 (0.0701)  actual_prediction_mask_ratio: 0.2257 (0.2258)  ignored_patch_ratio: 0.0164 (0.0247)  time: 0.0941  data: 0.0001  max mem: 1904
[17:33:21.545390] Epoch: [21]  [ 160/1004]  eta: 0:01:16  lr: 0.000009  loss: 0.0065 (0.0262)  mae_m_mask: 0.5227 (0.6441)  rmse_m_mask: 0.7108 (0.8292)  normalized_mse_mask: 0.0065 (0.0262)  rmse_m_all: 12.5176 (12.3757)  actual_mask_ratio: 0.0693 (0.0702)  actual_prediction_mask_ratio: 0.2222 (0.2255)  ignored_patch_ratio: 0.0227 (0.0251)  time: 0.1160  data: 0.0001  max mem: 1904
[17:33:23.840500] Epoch: [21]  [ 180/1004]  eta: 0:01:17  lr: 0.000009  loss: 0.0040 (0.0242)  mae_m_mask: 0.4905 (0.6317)  rmse_m_mask: 0.6286 (0.8134)  normalized_mse_mask: 0.0040 (0.0242)  rmse_m_all: 11.4023 (12.3585)  actual_mask_ratio: 0.0724 (0.0703)  actual_prediction_mask_ratio: 0.2270 (0.2255)  ignored_patch_ratio: 0.0227 (0.0253)  time: 0.1147  data: 0.0001  max mem: 1904
[17:33:26.155304] Epoch: [21]  [ 200/1004]  eta: 0:01:16  lr: 0.000009  loss: 0.0029 (0.0236)  mae_m_mask: 0.5557 (0.6267)  rmse_m_mask: 0.7687 (0.8081)  normalized_mse_mask: 0.0029 (0.0236)  rmse_m_all: 13.2420 (12.3870)  actual_mask_ratio: 0.0681 (0.0702)  actual_prediction_mask_ratio: 0.2273 (0.2256)  ignored_patch_ratio: 0.0210 (0.0247)  time: 0.1157  data: 0.0001  max mem: 1904
[17:33:28.470966] Epoch: [21]  [ 220/1004]  eta: 0:01:16  lr: 0.000009  loss: 0.0014 (0.0225)  mae_m_mask: 0.5970 (0.6299)  rmse_m_mask: 0.7972 (0.8138)  normalized_mse_mask: 0.0014 (0.0225)  rmse_m_all: 13.7019 (12.5730)  actual_mask_ratio: 0.0675 (0.0700)  actual_prediction_mask_ratio: 0.2173 (0.2252)  ignored_patch_ratio: 0.0210 (0.0246)  time: 0.1157  data: 0.0001  max mem: 1904
[17:33:30.780469] Epoch: [21]  [ 240/1004]  eta: 0:01:15  lr: 0.000009  loss: 0.0025 (0.0234)  mae_m_mask: 0.5823 (0.6265)  rmse_m_mask: 0.7289 (0.8089)  normalized_mse_mask: 0.0025 (0.0234)  rmse_m_all: 14.4772 (12.6965)  actual_mask_ratio: 0.0640 (0.0696)  actual_prediction_mask_ratio: 0.2172 (0.2244)  ignored_patch_ratio: 0.0249 (0.0251)  time: 0.1154  data: 0.0001  max mem: 1904
[17:33:33.095694] Epoch: [21]  [ 260/1004]  eta: 0:01:14  lr: 0.000009  loss: 0.0040 (0.0222)  mae_m_mask: 0.6086 (0.6274)  rmse_m_mask: 0.7842 (0.8122)  normalized_mse_mask: 0.0040 (0.0222)  rmse_m_all: 13.6964 (12.7302)  actual_mask_ratio: 0.0731 (0.0699)  actual_prediction_mask_ratio: 0.2320 (0.2249)  ignored_patch_ratio: 0.0215 (0.0249)  time: 0.1157  data: 0.0001  max mem: 1904
[17:33:35.412953] Epoch: [21]  [ 280/1004]  eta: 0:01:13  lr: 0.000009  loss: 0.0065 (0.0234)  mae_m_mask: 0.5715 (0.6275)  rmse_m_mask: 0.7353 (0.8111)  normalized_mse_mask: 0.0065 (0.0234)  rmse_m_all: 11.6862 (12.7155)  actual_mask_ratio: 0.0709 (0.0698)  actual_prediction_mask_ratio: 0.2244 (0.2249)  ignored_patch_ratio: 0.0210 (0.0250)  time: 0.1158  data: 0.0001  max mem: 1904
[17:33:37.755562] Epoch: [21]  [ 300/1004]  eta: 0:01:12  lr: 0.000009  loss: 0.0029 (0.0224)  mae_m_mask: 0.5632 (0.6244)  rmse_m_mask: 0.6971 (0.8109)  normalized_mse_mask: 0.0029 (0.0224)  rmse_m_all: 13.2139 (12.7466)  actual_mask_ratio: 0.0715 (0.0700)  actual_prediction_mask_ratio: 0.2280 (0.2252)  ignored_patch_ratio: 0.0244 (0.0250)  time: 0.1171  data: 0.0001  max mem: 1904
[17:33:40.075242] Epoch: [21]  [ 320/1004]  eta: 0:01:10  lr: 0.000009  loss: 0.0114 (0.0232)  mae_m_mask: 0.5745 (0.6247)  rmse_m_mask: 0.7574 (0.8094)  normalized_mse_mask: 0.0114 (0.0232)  rmse_m_all: 10.6251 (12.6899)  actual_mask_ratio: 0.0675 (0.0699)  actual_prediction_mask_ratio: 0.2199 (0.2251)  ignored_patch_ratio: 0.0221 (0.0250)  time: 0.1159  data: 0.0001  max mem: 1904
[17:33:42.400771] Epoch: [21]  [ 340/1004]  eta: 0:01:09  lr: 0.000009  loss: 0.0013 (0.0229)  mae_m_mask: 0.5521 (0.6235)  rmse_m_mask: 0.6977 (0.8088)  normalized_mse_mask: 0.0013 (0.0229)  rmse_m_all: 13.0371 (12.7106)  actual_mask_ratio: 0.0702 (0.0698)  actual_prediction_mask_ratio: 0.2187 (0.2248)  ignored_patch_ratio: 0.0232 (0.0249)  time: 0.1162  data: 0.0001  max mem: 1904
[17:33:44.702386] Epoch: [21]  [ 360/1004]  eta: 0:01:07  lr: 0.000009  loss: 0.0022 (0.0221)  mae_m_mask: 0.5326 (0.6193)  rmse_m_mask: 0.6402 (0.8024)  normalized_mse_mask: 0.0022 (0.0221)  rmse_m_all: 13.0786 (12.7292)  actual_mask_ratio: 0.0694 (0.0699)  actual_prediction_mask_ratio: 0.2278 (0.2249)  ignored_patch_ratio: 0.0221 (0.0250)  time: 0.1150  data: 0.0001  max mem: 1904
[17:33:47.016717] Epoch: [21]  [ 380/1004]  eta: 0:01:05  lr: 0.000009  loss: 0.0073 (0.0217)  mae_m_mask: 0.5189 (0.6146)  rmse_m_mask: 0.6228 (0.7983)  normalized_mse_mask: 0.0073 (0.0217)  rmse_m_all: 10.4903 (12.6497)  actual_mask_ratio: 0.0673 (0.0698)  actual_prediction_mask_ratio: 0.2159 (0.2248)  ignored_patch_ratio: 0.0210 (0.0249)  time: 0.1157  data: 0.0001  max mem: 1904
[17:33:49.331568] Epoch: [21]  [ 400/1004]  eta: 0:01:03  lr: 0.000009  loss: 0.0065 (0.0222)  mae_m_mask: 0.6648 (0.6177)  rmse_m_mask: 0.8519 (0.8016)  normalized_mse_mask: 0.0065 (0.0222)  rmse_m_all: 10.2854 (12.5788)  actual_mask_ratio: 0.0714 (0.0698)  actual_prediction_mask_ratio: 0.2221 (0.2246)  ignored_patch_ratio: 0.0181 (0.0247)  time: 0.1157  data: 0.0001  max mem: 1904
[17:33:51.647837] Epoch: [21]  [ 420/1004]  eta: 0:01:02  lr: 0.000009  loss: 0.0042 (0.0238)  mae_m_mask: 0.6721 (0.6223)  rmse_m_mask: 0.8648 (0.8077)  normalized_mse_mask: 0.0042 (0.0238)  rmse_m_all: 14.8207 (12.6355)  actual_mask_ratio: 0.0685 (0.0698)  actual_prediction_mask_ratio: 0.2179 (0.2246)  ignored_patch_ratio: 0.0244 (0.0248)  time: 0.1158  data: 0.0001  max mem: 1904
[17:33:53.960155] Epoch: [21]  [ 440/1004]  eta: 0:01:00  lr: 0.000009  loss: 0.0016 (0.0243)  mae_m_mask: 0.6045 (0.6219)  rmse_m_mask: 0.7380 (0.8061)  normalized_mse_mask: 0.0016 (0.0243)  rmse_m_all: 13.1774 (12.6604)  actual_mask_ratio: 0.0704 (0.0698)  actual_prediction_mask_ratio: 0.2164 (0.2243)  ignored_patch_ratio: 0.0329 (0.0251)  time: 0.1156  data: 0.0001  max mem: 1904
[17:33:56.295550] Epoch: [21]  [ 460/1004]  eta: 0:00:58  lr: 0.000009  loss: 0.0062 (0.0242)  mae_m_mask: 0.6505 (0.6268)  rmse_m_mask: 0.8729 (0.8123)  normalized_mse_mask: 0.0062 (0.0242)  rmse_m_all: 12.3547 (12.6672)  actual_mask_ratio: 0.0703 (0.0698)  actual_prediction_mask_ratio: 0.2203 (0.2243)  ignored_patch_ratio: 0.0193 (0.0249)  time: 0.1167  data: 0.0001  max mem: 1904
[17:33:58.632120] Epoch: [21]  [ 480/1004]  eta: 0:00:56  lr: 0.000009  loss: 0.0022 (0.0237)  mae_m_mask: 0.7250 (0.6313)  rmse_m_mask: 0.9377 (0.8174)  normalized_mse_mask: 0.0022 (0.0237)  rmse_m_all: 12.0731 (12.6456)  actual_mask_ratio: 0.0693 (0.0697)  actual_prediction_mask_ratio: 0.2201 (0.2240)  ignored_patch_ratio: 0.0153 (0.0247)  time: 0.1168  data: 0.0001  max mem: 1904
[17:34:00.962105] Epoch: [21]  [ 500/1004]  eta: 0:00:54  lr: 0.000009  loss: 0.0027 (0.0238)  mae_m_mask: 0.7343 (0.6369)  rmse_m_mask: 0.9051 (0.8237)  normalized_mse_mask: 0.0027 (0.0238)  rmse_m_all: 12.1500 (12.6948)  actual_mask_ratio: 0.0681 (0.0697)  actual_prediction_mask_ratio: 0.2324 (0.2242)  ignored_patch_ratio: 0.0204 (0.0247)  time: 0.1165  data: 0.0001  max mem: 1904
[17:34:03.296928] Epoch: [21]  [ 520/1004]  eta: 0:00:52  lr: 0.000009  loss: 0.0050 (0.0238)  mae_m_mask: 0.5361 (0.6376)  rmse_m_mask: 0.7579 (0.8260)  normalized_mse_mask: 0.0050 (0.0238)  rmse_m_all: 11.6753 (12.6780)  actual_mask_ratio: 0.0709 (0.0697)  actual_prediction_mask_ratio: 0.2364 (0.2243)  ignored_patch_ratio: 0.0204 (0.0245)  time: 0.1167  data: 0.0001  max mem: 1904
[17:34:05.626199] Epoch: [21]  [ 540/1004]  eta: 0:00:50  lr: 0.000009  loss: 0.0049 (0.0240)  mae_m_mask: 0.7274 (0.6441)  rmse_m_mask: 0.8956 (0.8324)  normalized_mse_mask: 0.0049 (0.0240)  rmse_m_all: 12.4092 (12.7122)  actual_mask_ratio: 0.0714 (0.0698)  actual_prediction_mask_ratio: 0.2271 (0.2244)  ignored_patch_ratio: 0.0204 (0.0245)  time: 0.1164  data: 0.0001  max mem: 1904
[17:34:07.959540] Epoch: [21]  [ 560/1004]  eta: 0:00:48  lr: 0.000009  loss: 0.0063 (0.0240)  mae_m_mask: 0.6555 (0.6451)  rmse_m_mask: 0.8175 (0.8327)  normalized_mse_mask: 0.0063 (0.0240)  rmse_m_all: 13.5703 (12.7122)  actual_mask_ratio: 0.0692 (0.0697)  actual_prediction_mask_ratio: 0.2285 (0.2244)  ignored_patch_ratio: 0.0164 (0.0243)  time: 0.1166  data: 0.0001  max mem: 1904
[17:34:10.287595] Epoch: [21]  [ 580/1004]  eta: 0:00:46  lr: 0.000009  loss: 0.0107 (0.0240)  mae_m_mask: 0.5695 (0.6453)  rmse_m_mask: 0.7690 (0.8334)  normalized_mse_mask: 0.0107 (0.0240)  rmse_m_all: 12.3007 (12.7100)  actual_mask_ratio: 0.0709 (0.0698)  actual_prediction_mask_ratio: 0.2352 (0.2246)  ignored_patch_ratio: 0.0238 (0.0243)  time: 0.1164  data: 0.0001  max mem: 1904
[17:34:12.620938] Epoch: [21]  [ 600/1004]  eta: 0:00:44  lr: 0.000009  loss: 0.0038 (0.0237)  mae_m_mask: 0.5703 (0.6432)  rmse_m_mask: 0.7580 (0.8315)  normalized_mse_mask: 0.0038 (0.0237)  rmse_m_all: 11.0726 (12.6617)  actual_mask_ratio: 0.0697 (0.0697)  actual_prediction_mask_ratio: 0.2213 (0.2244)  ignored_patch_ratio: 0.0272 (0.0244)  time: 0.1166  data: 0.0001  max mem: 1904
[17:34:14.955416] Epoch: [21]  [ 620/1004]  eta: 0:00:42  lr: 0.000009  loss: 0.0015 (0.0233)  mae_m_mask: 0.5424 (0.6429)  rmse_m_mask: 0.6822 (0.8306)  normalized_mse_mask: 0.0015 (0.0233)  rmse_m_all: 13.1698 (12.6854)  actual_mask_ratio: 0.0679 (0.0696)  actual_prediction_mask_ratio: 0.2172 (0.2242)  ignored_patch_ratio: 0.0255 (0.0247)  time: 0.1167  data: 0.0001  max mem: 1904
[17:34:17.288250] Epoch: [21]  [ 640/1004]  eta: 0:00:39  lr: 0.000009  loss: 0.0057 (0.0234)  mae_m_mask: 0.5445 (0.6401)  rmse_m_mask: 0.7184 (0.8266)  normalized_mse_mask: 0.0057 (0.0234)  rmse_m_all: 13.2220 (12.6848)  actual_mask_ratio: 0.0688 (0.0696)  actual_prediction_mask_ratio: 0.2232 (0.2241)  ignored_patch_ratio: 0.0210 (0.0246)  time: 0.1166  data: 0.0001  max mem: 1904
[17:34:19.623191] Epoch: [21]  [ 660/1004]  eta: 0:00:37  lr: 0.000009  loss: 0.0028 (0.0235)  mae_m_mask: 0.5669 (0.6385)  rmse_m_mask: 0.7269 (0.8241)  normalized_mse_mask: 0.0028 (0.0235)  rmse_m_all: 12.4850 (12.6941)  actual_mask_ratio: 0.0690 (0.0696)  actual_prediction_mask_ratio: 0.2180 (0.2240)  ignored_patch_ratio: 0.0227 (0.0246)  time: 0.1167  data: 0.0001  max mem: 1904
[17:34:21.958413] Epoch: [21]  [ 680/1004]  eta: 0:00:35  lr: 0.000009  loss: 0.0135 (0.0236)  mae_m_mask: 0.5894 (0.6377)  rmse_m_mask: 0.7347 (0.8227)  normalized_mse_mask: 0.0135 (0.0236)  rmse_m_all: 12.0933 (12.6875)  actual_mask_ratio: 0.0687 (0.0695)  actual_prediction_mask_ratio: 0.2234 (0.2239)  ignored_patch_ratio: 0.0215 (0.0247)  time: 0.1167  data: 0.0001  max mem: 1904
[17:34:24.245316] Epoch: [21]  [ 700/1004]  eta: 0:00:33  lr: 0.000009  loss: 0.0069 (0.0235)  mae_m_mask: 0.5455 (0.6364)  rmse_m_mask: 0.7071 (0.8214)  normalized_mse_mask: 0.0069 (0.0235)  rmse_m_all: 12.1281 (12.6805)  actual_mask_ratio: 0.0707 (0.0695)  actual_prediction_mask_ratio: 0.2255 (0.2239)  ignored_patch_ratio: 0.0227 (0.0247)  time: 0.1143  data: 0.0001  max mem: 1904
[17:34:26.514342] Epoch: [21]  [ 720/1004]  eta: 0:00:31  lr: 0.000009  loss: 0.0033 (0.0235)  mae_m_mask: 0.5036 (0.6341)  rmse_m_mask: 0.6331 (0.8181)  normalized_mse_mask: 0.0033 (0.0235)  rmse_m_all: 12.5770 (12.6715)  actual_mask_ratio: 0.0712 (0.0695)  actual_prediction_mask_ratio: 0.2327 (0.2240)  ignored_patch_ratio: 0.0232 (0.0248)  time: 0.1134  data: 0.0001  max mem: 1904
[17:34:28.771804] Epoch: [21]  [ 740/1004]  eta: 0:00:29  lr: 0.000009  loss: 0.0061 (0.0238)  mae_m_mask: 0.5519 (0.6322)  rmse_m_mask: 0.7373 (0.8164)  normalized_mse_mask: 0.0061 (0.0238)  rmse_m_all: 12.5524 (12.6670)  actual_mask_ratio: 0.0719 (0.0696)  actual_prediction_mask_ratio: 0.2330 (0.2243)  ignored_patch_ratio: 0.0193 (0.0247)  time: 0.1128  data: 0.0001  max mem: 1904
[17:34:31.027631] Epoch: [21]  [ 760/1004]  eta: 0:00:26  lr: 0.000009  loss: 0.0040 (0.0239)  mae_m_mask: 0.6303 (0.6325)  rmse_m_mask: 0.8231 (0.8181)  normalized_mse_mask: 0.0040 (0.0239)  rmse_m_all: 12.7957 (12.6731)  actual_mask_ratio: 0.0687 (0.0696)  actual_prediction_mask_ratio: 0.2226 (0.2243)  ignored_patch_ratio: 0.0210 (0.0246)  time: 0.1128  data: 0.0001  max mem: 1904
[17:34:33.294818] Epoch: [21]  [ 780/1004]  eta: 0:00:24  lr: 0.000009  loss: 0.0042 (0.0236)  mae_m_mask: 0.6401 (0.6328)  rmse_m_mask: 0.8077 (0.8182)  normalized_mse_mask: 0.0042 (0.0236)  rmse_m_all: 12.4608 (12.6632)  actual_mask_ratio: 0.0707 (0.0697)  actual_prediction_mask_ratio: 0.2231 (0.2244)  ignored_patch_ratio: 0.0221 (0.0246)  time: 0.1133  data: 0.0001  max mem: 1904
[17:34:35.555496] Epoch: [21]  [ 800/1004]  eta: 0:00:22  lr: 0.000009  loss: 0.0116 (0.0236)  mae_m_mask: 0.6213 (0.6328)  rmse_m_mask: 0.7682 (0.8182)  normalized_mse_mask: 0.0116 (0.0236)  rmse_m_all: 11.2871 (12.6426)  actual_mask_ratio: 0.0712 (0.0697)  actual_prediction_mask_ratio: 0.2333 (0.2245)  ignored_patch_ratio: 0.0278 (0.0247)  time: 0.1130  data: 0.0001  max mem: 1904
[17:34:37.828414] Epoch: [21]  [ 820/1004]  eta: 0:00:20  lr: 0.000009  loss: 0.0112 (0.0242)  mae_m_mask: 0.4961 (0.6324)  rmse_m_mask: 0.6923 (0.8180)  normalized_mse_mask: 0.0112 (0.0242)  rmse_m_all: 10.7944 (12.6174)  actual_mask_ratio: 0.0710 (0.0698)  actual_prediction_mask_ratio: 0.2292 (0.2246)  ignored_patch_ratio: 0.0261 (0.0248)  time: 0.1136  data: 0.0001  max mem: 1904
[17:34:40.089255] Epoch: [21]  [ 840/1004]  eta: 0:00:18  lr: 0.000009  loss: 0.0019 (0.0238)  mae_m_mask: 0.5004 (0.6311)  rmse_m_mask: 0.6240 (0.8161)  normalized_mse_mask: 0.0019 (0.0238)  rmse_m_all: 13.2650 (12.6274)  actual_mask_ratio: 0.0684 (0.0697)  actual_prediction_mask_ratio: 0.2152 (0.2245)  ignored_patch_ratio: 0.0227 (0.0247)  time: 0.1130  data: 0.0001  max mem: 1904
[17:34:42.351311] Epoch: [21]  [ 860/1004]  eta: 0:00:15  lr: 0.000009  loss: 0.0059 (0.0236)  mae_m_mask: 0.4658 (0.6278)  rmse_m_mask: 0.6650 (0.8125)  normalized_mse_mask: 0.0059 (0.0236)  rmse_m_all: 11.4722 (12.6066)  actual_mask_ratio: 0.0711 (0.0698)  actual_prediction_mask_ratio: 0.2262 (0.2246)  ignored_patch_ratio: 0.0221 (0.0246)  time: 0.1131  data: 0.0001  max mem: 1904
[17:34:44.617024] Epoch: [21]  [ 880/1004]  eta: 0:00:13  lr: 0.000009  loss: 0.0017 (0.0233)  mae_m_mask: 0.6359 (0.6290)  rmse_m_mask: 0.7860 (0.8137)  normalized_mse_mask: 0.0017 (0.0233)  rmse_m_all: 13.1068 (12.6281)  actual_mask_ratio: 0.0709 (0.0698)  actual_prediction_mask_ratio: 0.2229 (0.2245)  ignored_patch_ratio: 0.0232 (0.0247)  time: 0.1133  data: 0.0001  max mem: 1904
[17:34:46.878581] Epoch: [21]  [ 900/1004]  eta: 0:00:11  lr: 0.000009  loss: 0.0013 (0.0232)  mae_m_mask: 0.5531 (0.6278)  rmse_m_mask: 0.6566 (0.8115)  normalized_mse_mask: 0.0013 (0.0232)  rmse_m_all: 13.7293 (12.6415)  actual_mask_ratio: 0.0716 (0.0698)  actual_prediction_mask_ratio: 0.2281 (0.2246)  ignored_patch_ratio: 0.0278 (0.0248)  time: 0.1130  data: 0.0001  max mem: 1904
[17:34:49.126038] Epoch: [21]  [ 920/1004]  eta: 0:00:09  lr: 0.000009  loss: 0.0097 (0.0235)  mae_m_mask: 0.5359 (0.6266)  rmse_m_mask: 0.7301 (0.8111)  normalized_mse_mask: 0.0097 (0.0235)  rmse_m_all: 11.9106 (12.6276)  actual_mask_ratio: 0.0727 (0.0699)  actual_prediction_mask_ratio: 0.2323 (0.2248)  ignored_patch_ratio: 0.0187 (0.0247)  time: 0.1123  data: 0.0001  max mem: 1904
[17:34:51.381244] Epoch: [21]  [ 940/1004]  eta: 0:00:07  lr: 0.000009  loss: 0.0036 (0.0234)  mae_m_mask: 0.7049 (0.6286)  rmse_m_mask: 0.9121 (0.8136)  normalized_mse_mask: 0.0036 (0.0234)  rmse_m_all: 13.2782 (12.6329)  actual_mask_ratio: 0.0703 (0.0699)  actual_prediction_mask_ratio: 0.2216 (0.2248)  ignored_patch_ratio: 0.0215 (0.0247)  time: 0.1127  data: 0.0001  max mem: 1904
[17:34:53.629050] Epoch: [21]  [ 960/1004]  eta: 0:00:04  lr: 0.000009  loss: 0.0018 (0.0233)  mae_m_mask: 0.6370 (0.6283)  rmse_m_mask: 0.7540 (0.8128)  normalized_mse_mask: 0.0018 (0.0233)  rmse_m_all: 13.2485 (12.6559)  actual_mask_ratio: 0.0691 (0.0699)  actual_prediction_mask_ratio: 0.2237 (0.2248)  ignored_patch_ratio: 0.0170 (0.0247)  time: 0.1124  data: 0.0001  max mem: 1904
[17:34:55.886432] Epoch: [21]  [ 980/1004]  eta: 0:00:02  lr: 0.000009  loss: 0.0092 (0.0233)  mae_m_mask: 0.5022 (0.6268)  rmse_m_mask: 0.6675 (0.8109)  normalized_mse_mask: 0.0092 (0.0233)  rmse_m_all: 10.9890 (12.6303)  actual_mask_ratio: 0.0697 (0.0699)  actual_prediction_mask_ratio: 0.2285 (0.2249)  ignored_patch_ratio: 0.0176 (0.0246)  time: 0.1128  data: 0.0001  max mem: 1904
[17:34:58.145988] Epoch: [21]  [1000/1004]  eta: 0:00:00  lr: 0.000009  loss: 0.0052 (0.0233)  mae_m_mask: 0.5101 (0.6247)  rmse_m_mask: 0.6477 (0.8081)  normalized_mse_mask: 0.0052 (0.0233)  rmse_m_all: 14.5394 (12.6573)  actual_mask_ratio: 0.0661 (0.0698)  actual_prediction_mask_ratio: 0.2171 (0.2248)  ignored_patch_ratio: 0.0187 (0.0246)  time: 0.1129  data: 0.0001  max mem: 1904
[17:34:58.486101] Epoch: [21]  [1003/1004]  eta: 0:00:00  lr: 0.000009  loss: 0.0019 (0.0232)  mae_m_mask: 0.5104 (0.6249)  rmse_m_mask: 0.6477 (0.8084)  normalized_mse_mask: 0.0019 (0.0232)  rmse_m_all: 14.7239 (12.6620)  actual_mask_ratio: 0.0661 (0.0698)  actual_prediction_mask_ratio: 0.2143 (0.2247)  ignored_patch_ratio: 0.0187 (0.0245)  time: 0.1128  data: 0.0001  max mem: 1904
[17:34:58.646691] Epoch: [21] Total time: 0:01:51 (0.1113 s / it)
[17:34:58.648528] Averaged stats: {'lr': 9.236370909304595e-06, 'loss': 0.023185673982608915, 'mae_m_mask': 0.6226355333965768, 'rmse_m_mask': 0.8529823232168637, 'normalized_mse_mask': 0.023185673982608915, 'rmse_m_all': 12.661954948626667, 'actual_mask_ratio': 0.0698451447185589, 'actual_prediction_mask_ratio': 0.22474508668737583, 'ignored_patch_ratio': 0.02453055099187144, 'supervised_pixel_count': 19824973.0}
[17:34:58.817424] Val: [21]  [  0/288]  eta: 0:00:47  loss: 0.0258 (0.0258)  mae_m_mask: 0.3757 (0.3757)  rmse_m_mask: 0.4779 (0.4779)  normalized_mse_mask: 0.0258 (0.0258)  rmse_m_all: 5.8409 (5.8409)  actual_mask_ratio: 0.0607 (0.0607)  actual_prediction_mask_ratio: 0.2001 (0.2001)  ignored_patch_ratio: 0.0000 (0.0000)  time: 0.1663  data: 0.0811  max mem: 1904
[17:35:03.168359] Val: [21]  [ 50/288]  eta: 0:00:21  loss: 0.0446 (0.0829)  mae_m_mask: 0.3143 (0.3423)  rmse_m_mask: 0.3765 (0.4142)  normalized_mse_mask: 0.0446 (0.0829)  rmse_m_all: 1.0951 (3.8981)  actual_mask_ratio: 0.0663 (0.0715)  actual_prediction_mask_ratio: 0.2336 (0.2372)  ignored_patch_ratio: 0.0000 (0.0000)  time: 0.0878  data: 0.0001  max mem: 1904
[17:35:07.551559] Val: [21]  [100/288]  eta: 0:00:16  loss: 0.1476 (0.1565)  mae_m_mask: 0.3412 (0.4071)  rmse_m_mask: 0.4011 (0.4852)  normalized_mse_mask: 0.1476 (0.1565)  rmse_m_all: 0.7642 (3.4225)  actual_mask_ratio: 0.0714 (0.0723)  actual_prediction_mask_ratio: 0.2239 (0.2366)  ignored_patch_ratio: 0.0000 (0.0000)  time: 0.0855  data: 0.0001  max mem: 1904
[17:35:10.992458] Val: [21]  [150/288]  eta: 0:00:11  loss: 0.0171 (0.1528)  mae_m_mask: 0.5098 (0.4129)  rmse_m_mask: 0.5874 (0.4880)  normalized_mse_mask: 0.0171 (0.1528)  rmse_m_all: 2.3496 (3.0210)  actual_mask_ratio: 0.0743 (0.0723)  actual_prediction_mask_ratio: 0.2443 (0.2367)  ignored_patch_ratio: 0.0000 (0.0000)  time: 0.0546  data: 0.0001  max mem: 1904
[17:35:14.781316] Val: [21]  [200/288]  eta: 0:00:07  loss: 0.3817 (0.2007)  mae_m_mask: 0.2672 (0.4072)  rmse_m_mask: 0.3373 (0.4878)  normalized_mse_mask: 0.3817 (0.2007)  rmse_m_all: 0.4501 (2.5760)  actual_mask_ratio: 0.0743 (0.0732)  actual_prediction_mask_ratio: 0.2545 (0.2410)  ignored_patch_ratio: 0.0000 (0.0000)  time: 0.0718  data: 0.0001  max mem: 1904
[17:35:19.259526] Val: [21]  [250/288]  eta: 0:00:03  loss: 0.0393 (0.1801)  mae_m_mask: 0.3298 (0.3861)  rmse_m_mask: 0.3808 (0.4632)  normalized_mse_mask: 0.0393 (0.1801)  rmse_m_all: 1.3340 (2.4909)  actual_mask_ratio: 0.0822 (0.0748)  actual_prediction_mask_ratio: 0.2591 (0.2448)  ignored_patch_ratio: 0.0000 (0.0000)  time: 0.0889  data: 0.0001  max mem: 1904
[17:35:22.520622] Val: [21]  [287/288]  eta: 0:00:00  loss: 0.0223 (0.1656)  mae_m_mask: 0.2555 (0.3785)  rmse_m_mask: 0.3159 (0.4540)  normalized_mse_mask: 0.0223 (0.1656)  rmse_m_all: 1.1140 (2.6510)  actual_mask_ratio: 0.0760 (0.0749)  actual_prediction_mask_ratio: 0.2523 (0.2453)  ignored_patch_ratio: 0.0000 (0.0000)  time: 0.0865  data: 0.0001  max mem: 1904
[17:35:22.548969] Val: [21] Total time: 0:00:23 (0.0830 s / it)
[17:35:22.551068] val stats: {'loss': 0.1587248261854696, 'mae_m_mask': 0.3865277481289111, 'rmse_m_mask': 0.5456315536722931, 'normalized_mse_mask': 0.1587248261854696, 'rmse_m_all': 2.651045386886431, 'actual_mask_ratio': 0.07494737871456891, 'actual_prediction_mask_ratio': 0.24532247381284833, 'ignored_patch_ratio': 0.0, 'supervised_pixel_count': 5936124.0}
[17:35:26.104507] log_dir: /tank/data/SFS/xinyis/data/bathymetry/MAE-Topography/Downstream_Task_Bathy/cross_validation_v5_Stage2NormMSE_MeterSelect/runs/holdout_CO_D004Stage2NormMSE_MeterSelect_D001NoDataSafe/train_stage2_normMSE_meterSelect_CO_UpperColorado_Topobathy_1_2020_fromStage1Best_e120_lr1e-5_b4_acc4/tb
[17:35:26.299075] Epoch: [22]  [   0/1004]  eta: 0:03:14  lr: 0.000009  loss: 0.0814 (0.0814)  mae_m_mask: 0.8195 (0.8195)  rmse_m_mask: 0.9529 (0.9529)  normalized_mse_mask: 0.0814 (0.0814)  rmse_m_all: 15.8392 (15.8392)  actual_mask_ratio: 0.0774 (0.0774)  actual_prediction_mask_ratio: 0.2523 (0.2523)  ignored_patch_ratio: 0.0181 (0.0181)  time: 0.1940  data: 0.0787  max mem: 1904
[17:35:28.491933] Epoch: [22]  [  20/1004]  eta: 0:01:51  lr: 0.000009  loss: 0.0047 (0.0174)  mae_m_mask: 0.6120 (0.6676)  rmse_m_mask: 0.7925 (0.8706)  normalized_mse_mask: 0.0047 (0.0174)  rmse_m_all: 11.7653 (12.3974)  actual_mask_ratio: 0.0704 (0.0694)  actual_prediction_mask_ratio: 0.2320 (0.2276)  ignored_patch_ratio: 0.0227 (0.0265)  time: 0.1096  data: 0.0001  max mem: 1904
[17:35:30.726400] Epoch: [22]  [  40/1004]  eta: 0:01:48  lr: 0.000009  loss: 0.0019 (0.0191)  mae_m_mask: 0.6584 (0.6862)  rmse_m_mask: 0.8370 (0.8888)  normalized_mse_mask: 0.0019 (0.0191)  rmse_m_all: 13.0556 (12.7145)  actual_mask_ratio: 0.0698 (0.0694)  actual_prediction_mask_ratio: 0.2233 (0.2249)  ignored_patch_ratio: 0.0210 (0.0259)  time: 0.1117  data: 0.0001  max mem: 1904
[17:35:32.927043] Epoch: [22]  [  60/1004]  eta: 0:01:45  lr: 0.000009  loss: 0.0044 (0.0162)  mae_m_mask: 0.6683 (0.6934)  rmse_m_mask: 0.8675 (0.8951)  normalized_mse_mask: 0.0044 (0.0162)  rmse_m_all: 11.8261 (12.6241)  actual_mask_ratio: 0.0697 (0.0694)  actual_prediction_mask_ratio: 0.2257 (0.2244)  ignored_patch_ratio: 0.0159 (0.0262)  time: 0.1100  data: 0.0001  max mem: 1904
[17:35:35.177703] Epoch: [22]  [  80/1004]  eta: 0:01:43  lr: 0.000009  loss: 0.0040 (0.0169)  mae_m_mask: 0.6302 (0.6913)  rmse_m_mask: 0.8700 (0.8887)  normalized_mse_mask: 0.0040 (0.0169)  rmse_m_all: 10.4381 (12.2502)  actual_mask_ratio: 0.0697 (0.0694)  actual_prediction_mask_ratio: 0.2288 (0.2258)  ignored_patch_ratio: 0.0153 (0.0253)  time: 0.1125  data: 0.0001  max mem: 1904
[17:35:37.427981] Epoch: [22]  [ 100/1004]  eta: 0:01:41  lr: 0.000009  loss: 0.0054 (0.0213)  mae_m_mask: 0.5365 (0.6702)  rmse_m_mask: 0.6736 (0.8600)  normalized_mse_mask: 0.0054 (0.0213)  rmse_m_all: 11.7688 (12.1608)  actual_mask_ratio: 0.0686 (0.0691)  actual_prediction_mask_ratio: 0.2235 (0.2248)  ignored_patch_ratio: 0.0295 (0.0263)  time: 0.1125  data: 0.0001  max mem: 1904
[17:35:39.664401] Epoch: [22]  [ 120/1004]  eta: 0:01:39  lr: 0.000009  loss: 0.0035 (0.0223)  mae_m_mask: 0.6049 (0.6681)  rmse_m_mask: 0.7500 (0.8552)  normalized_mse_mask: 0.0035 (0.0223)  rmse_m_all: 11.5515 (12.0217)  actual_mask_ratio: 0.0697 (0.0693)  actual_prediction_mask_ratio: 0.2302 (0.2254)  ignored_patch_ratio: 0.0176 (0.0261)  time: 0.1118  data: 0.0001  max mem: 1904
[17:35:41.496067] Epoch: [22]  [ 140/1004]  eta: 0:01:34  lr: 0.000009  loss: 0.0108 (0.0219)  mae_m_mask: 0.5755 (0.6572)  rmse_m_mask: 0.7139 (0.8451)  normalized_mse_mask: 0.0108 (0.0219)  rmse_m_all: 13.7838 (12.2144)  actual_mask_ratio: 0.0694 (0.0694)  actual_prediction_mask_ratio: 0.2241 (0.2254)  ignored_patch_ratio: 0.0295 (0.0260)  time: 0.0915  data: 0.0001  max mem: 1904
[17:35:44.071559] Epoch: [22]  [ 160/1004]  eta: 0:01:34  lr: 0.000009  loss: 0.0040 (0.0209)  mae_m_mask: 0.6319 (0.6639)  rmse_m_mask: 0.8028 (0.8527)  normalized_mse_mask: 0.0040 (0.0209)  rmse_m_all: 12.1161 (12.3046)  actual_mask_ratio: 0.0714 (0.0697)  actual_prediction_mask_ratio: 0.2240 (0.2253)  ignored_patch_ratio: 0.0204 (0.0252)  time: 0.1287  data: 0.0516  max mem: 1904
[17:35:46.073889] Epoch: [22]  [ 180/1004]  eta: 0:01:30  lr: 0.000009  loss: 0.0123 (0.0209)  mae_m_mask: 0.5970 (0.6627)  rmse_m_mask: 0.8244 (0.8566)  normalized_mse_mask: 0.0123 (0.0209)  rmse_m_all: 12.0414 (12.3501)  actual_mask_ratio: 0.0722 (0.0699)  actual_prediction_mask_ratio: 0.2285 (0.2261)  ignored_patch_ratio: 0.0210 (0.0250)  time: 0.1001  data: 0.0001  max mem: 1904
[17:35:48.398193] Epoch: [22]  [ 200/1004]  eta: 0:01:29  lr: 0.000009  loss: 0.0071 (0.0205)  mae_m_mask: 0.6264 (0.6583)  rmse_m_mask: 0.7805 (0.8482)  normalized_mse_mask: 0.0071 (0.0205)  rmse_m_all: 12.0833 (12.3501)  actual_mask_ratio: 0.0702 (0.0700)  actual_prediction_mask_ratio: 0.2339 (0.2269)  ignored_patch_ratio: 0.0193 (0.0245)  time: 0.1162  data: 0.0001  max mem: 1904
[17:35:50.767188] Epoch: [22]  [ 220/1004]  eta: 0:01:27  lr: 0.000009  loss: 0.0047 (0.0199)  mae_m_mask: 0.5771 (0.6528)  rmse_m_mask: 0.7373 (0.8420)  normalized_mse_mask: 0.0047 (0.0199)  rmse_m_all: 13.3105 (12.4359)  actual_mask_ratio: 0.0681 (0.0699)  actual_prediction_mask_ratio: 0.2184 (0.2264)  ignored_patch_ratio: 0.0153 (0.0239)  time: 0.1184  data: 0.0001  max mem: 1904
[17:35:53.105270] Epoch: [22]  [ 240/1004]  eta: 0:01:25  lr: 0.000009  loss: 0.0051 (0.0202)  mae_m_mask: 0.6016 (0.6518)  rmse_m_mask: 0.7722 (0.8392)  normalized_mse_mask: 0.0051 (0.0202)  rmse_m_all: 13.6547 (12.5061)  actual_mask_ratio: 0.0698 (0.0699)  actual_prediction_mask_ratio: 0.2313 (0.2266)  ignored_patch_ratio: 0.0193 (0.0240)  time: 0.1169  data: 0.0001  max mem: 1904
[17:35:55.430124] Epoch: [22]  [ 260/1004]  eta: 0:01:23  lr: 0.000009  loss: 0.0048 (0.0198)  mae_m_mask: 0.6400 (0.6488)  rmse_m_mask: 0.7442 (0.8350)  normalized_mse_mask: 0.0048 (0.0198)  rmse_m_all: 12.3246 (12.5454)  actual_mask_ratio: 0.0684 (0.0698)  actual_prediction_mask_ratio: 0.2200 (0.2264)  ignored_patch_ratio: 0.0210 (0.0239)  time: 0.1162  data: 0.0001  max mem: 1904
[17:35:57.739221] Epoch: [22]  [ 280/1004]  eta: 0:01:21  lr: 0.000009  loss: 0.0029 (0.0192)  mae_m_mask: 0.5861 (0.6443)  rmse_m_mask: 0.7162 (0.8278)  normalized_mse_mask: 0.0029 (0.0192)  rmse_m_all: 12.6918 (12.5260)  actual_mask_ratio: 0.0720 (0.0699)  actual_prediction_mask_ratio: 0.2271 (0.2265)  ignored_patch_ratio: 0.0232 (0.0238)  time: 0.1154  data: 0.0001  max mem: 1904
[17:36:00.057519] Epoch: [22]  [ 300/1004]  eta: 0:01:19  lr: 0.000009  loss: 0.0084 (0.0199)  mae_m_mask: 0.6058 (0.6431)  rmse_m_mask: 0.7617 (0.8269)  normalized_mse_mask: 0.0084 (0.0199)  rmse_m_all: 12.9405 (12.5526)  actual_mask_ratio: 0.0706 (0.0699)  actual_prediction_mask_ratio: 0.2238 (0.2265)  ignored_patch_ratio: 0.0181 (0.0236)  time: 0.1159  data: 0.0001  max mem: 1904
[17:36:02.359879] Epoch: [22]  [ 320/1004]  eta: 0:01:17  lr: 0.000009  loss: 0.0025 (0.0203)  mae_m_mask: 0.6461 (0.6446)  rmse_m_mask: 0.8405 (0.8301)  normalized_mse_mask: 0.0025 (0.0203)  rmse_m_all: 13.0635 (12.6177)  actual_mask_ratio: 0.0679 (0.0698)  actual_prediction_mask_ratio: 0.2150 (0.2260)  ignored_patch_ratio: 0.0227 (0.0237)  time: 0.1151  data: 0.0001  max mem: 1904
[17:36:04.696802] Epoch: [22]  [ 340/1004]  eta: 0:01:15  lr: 0.000009  loss: 0.0056 (0.0204)  mae_m_mask: 0.5683 (0.6412)  rmse_m_mask: 0.7463 (0.8277)  normalized_mse_mask: 0.0056 (0.0204)  rmse_m_all: 12.7891 (12.5802)  actual_mask_ratio: 0.0709 (0.0698)  actual_prediction_mask_ratio: 0.2284 (0.2261)  ignored_patch_ratio: 0.0181 (0.0235)  time: 0.1168  data: 0.0001  max mem: 1904
[17:36:07.033600] Epoch: [22]  [ 360/1004]  eta: 0:01:12  lr: 0.000009  loss: 0.0041 (0.0201)  mae_m_mask: 0.5828 (0.6410)  rmse_m_mask: 0.8297 (0.8284)  normalized_mse_mask: 0.0041 (0.0201)  rmse_m_all: 13.4157 (12.6232)  actual_mask_ratio: 0.0695 (0.0698)  actual_prediction_mask_ratio: 0.2150 (0.2257)  ignored_patch_ratio: 0.0306 (0.0239)  time: 0.1168  data: 0.0002  max mem: 1904
[17:36:09.374849] Epoch: [22]  [ 380/1004]  eta: 0:01:10  lr: 0.000009  loss: 0.0142 (0.0201)  mae_m_mask: 0.6717 (0.6466)  rmse_m_mask: 0.8447 (0.8361)  normalized_mse_mask: 0.0142 (0.0201)  rmse_m_all: 13.3463 (12.6426)  actual_mask_ratio: 0.0710 (0.0699)  actual_prediction_mask_ratio: 0.2287 (0.2259)  ignored_patch_ratio: 0.0289 (0.0239)  time: 0.1170  data: 0.0002  max mem: 1904
[17:36:11.718720] Epoch: [22]  [ 400/1004]  eta: 0:01:08  lr: 0.000009  loss: 0.0024 (0.0201)  mae_m_mask: 0.6857 (0.6473)  rmse_m_mask: 0.8180 (0.8378)  normalized_mse_mask: 0.0024 (0.0201)  rmse_m_all: 13.4089 (12.6870)  actual_mask_ratio: 0.0673 (0.0698)  actual_prediction_mask_ratio: 0.2205 (0.2256)  ignored_patch_ratio: 0.0227 (0.0240)  time: 0.1172  data: 0.0001  max mem: 1904
[17:36:14.023930] Epoch: [22]  [ 420/1004]  eta: 0:01:06  lr: 0.000009  loss: 0.0065 (0.0201)  mae_m_mask: 0.5697 (0.6460)  rmse_m_mask: 0.8035 (0.8376)  normalized_mse_mask: 0.0065 (0.0201)  rmse_m_all: 12.7212 (12.7048)  actual_mask_ratio: 0.0686 (0.0697)  actual_prediction_mask_ratio: 0.2213 (0.2251)  ignored_patch_ratio: 0.0244 (0.0242)  time: 0.1152  data: 0.0001  max mem: 1904
[17:36:16.356336] Epoch: [22]  [ 440/1004]  eta: 0:01:04  lr: 0.000009  loss: 0.0023 (0.0198)  mae_m_mask: 0.5473 (0.6440)  rmse_m_mask: 0.7170 (0.8347)  normalized_mse_mask: 0.0023 (0.0198)  rmse_m_all: 12.8270 (12.6999)  actual_mask_ratio: 0.0686 (0.0697)  actual_prediction_mask_ratio: 0.2158 (0.2249)  ignored_patch_ratio: 0.0204 (0.0242)  time: 0.1166  data: 0.0001  max mem: 1904
[17:36:18.702640] Epoch: [22]  [ 460/1004]  eta: 0:01:02  lr: 0.000009  loss: 0.0070 (0.0208)  mae_m_mask: 0.5359 (0.6425)  rmse_m_mask: 0.7023 (0.8325)  normalized_mse_mask: 0.0070 (0.0208)  rmse_m_all: 12.3984 (12.6888)  actual_mask_ratio: 0.0707 (0.0698)  actual_prediction_mask_ratio: 0.2299 (0.2251)  ignored_patch_ratio: 0.0261 (0.0242)  time: 0.1173  data: 0.0001  max mem: 1904
[17:36:21.053782] Epoch: [22]  [ 480/1004]  eta: 0:00:59  lr: 0.000009  loss: 0.0059 (0.0221)  mae_m_mask: 0.5526 (0.6395)  rmse_m_mask: 0.7074 (0.8282)  normalized_mse_mask: 0.0059 (0.0221)  rmse_m_all: 11.8994 (12.6859)  actual_mask_ratio: 0.0684 (0.0697)  actual_prediction_mask_ratio: 0.2214 (0.2249)  ignored_patch_ratio: 0.0244 (0.0244)  time: 0.1175  data: 0.0001  max mem: 1904
[17:36:23.399037] Epoch: [22]  [ 500/1004]  eta: 0:00:57  lr: 0.000009  loss: 0.0037 (0.0216)  mae_m_mask: 0.6135 (0.6403)  rmse_m_mask: 0.7547 (0.8276)  normalized_mse_mask: 0.0037 (0.0216)  rmse_m_all: 13.5804 (12.7213)  actual_mask_ratio: 0.0715 (0.0698)  actual_prediction_mask_ratio: 0.2278 (0.2250)  ignored_patch_ratio: 0.0198 (0.0244)  time: 0.1172  data: 0.0001  max mem: 1904
[17:36:25.751765] Epoch: [22]  [ 520/1004]  eta: 0:00:55  lr: 0.000009  loss: 0.0071 (0.0216)  mae_m_mask: 0.6215 (0.6441)  rmse_m_mask: 0.8546 (0.8311)  normalized_mse_mask: 0.0071 (0.0216)  rmse_m_all: 12.4110 (12.7421)  actual_mask_ratio: 0.0690 (0.0698)  actual_prediction_mask_ratio: 0.2243 (0.2251)  ignored_patch_ratio: 0.0193 (0.0243)  time: 0.1176  data: 0.0001  max mem: 1904
[17:36:28.103361] Epoch: [22]  [ 540/1004]  eta: 0:00:53  lr: 0.000009  loss: 0.0054 (0.0214)  mae_m_mask: 0.5504 (0.6427)  rmse_m_mask: 0.7627 (0.8295)  normalized_mse_mask: 0.0054 (0.0214)  rmse_m_all: 14.3518 (12.7704)  actual_mask_ratio: 0.0704 (0.0698)  actual_prediction_mask_ratio: 0.2219 (0.2251)  ignored_patch_ratio: 0.0193 (0.0242)  time: 0.1175  data: 0.0001  max mem: 1904
[17:36:30.449391] Epoch: [22]  [ 560/1004]  eta: 0:00:50  lr: 0.000009  loss: 0.0027 (0.0213)  mae_m_mask: 0.5074 (0.6388)  rmse_m_mask: 0.6283 (0.8245)  normalized_mse_mask: 0.0027 (0.0213)  rmse_m_all: 12.3140 (12.7653)  actual_mask_ratio: 0.0695 (0.0698)  actual_prediction_mask_ratio: 0.2189 (0.2249)  ignored_patch_ratio: 0.0210 (0.0241)  time: 0.1173  data: 0.0001  max mem: 1904
[17:36:32.796134] Epoch: [22]  [ 580/1004]  eta: 0:00:48  lr: 0.000009  loss: 0.0047 (0.0219)  mae_m_mask: 0.5313 (0.6385)  rmse_m_mask: 0.7432 (0.8240)  normalized_mse_mask: 0.0047 (0.0219)  rmse_m_all: 15.0546 (12.8265)  actual_mask_ratio: 0.0688 (0.0698)  actual_prediction_mask_ratio: 0.2252 (0.2250)  ignored_patch_ratio: 0.0187 (0.0241)  time: 0.1173  data: 0.0001  max mem: 1904
[17:36:35.137550] Epoch: [22]  [ 600/1004]  eta: 0:00:46  lr: 0.000009  loss: 0.0055 (0.0218)  mae_m_mask: 0.4869 (0.6360)  rmse_m_mask: 0.7302 (0.8211)  normalized_mse_mask: 0.0055 (0.0218)  rmse_m_all: 12.7740 (12.8219)  actual_mask_ratio: 0.0707 (0.0698)  actual_prediction_mask_ratio: 0.2239 (0.2248)  ignored_patch_ratio: 0.0255 (0.0242)  time: 0.1170  data: 0.0001  max mem: 1904
[17:36:37.477027] Epoch: [22]  [ 620/1004]  eta: 0:00:44  lr: 0.000009  loss: 0.0044 (0.0215)  mae_m_mask: 0.6048 (0.6374)  rmse_m_mask: 0.7959 (0.8232)  normalized_mse_mask: 0.0044 (0.0215)  rmse_m_all: 13.4312 (12.8270)  actual_mask_ratio: 0.0700 (0.0698)  actual_prediction_mask_ratio: 0.2157 (0.2247)  ignored_patch_ratio: 0.0193 (0.0241)  time: 0.1169  data: 0.0001  max mem: 1904
[17:36:39.817566] Epoch: [22]  [ 640/1004]  eta: 0:00:41  lr: 0.000009  loss: 0.0033 (0.0213)  mae_m_mask: 0.5156 (0.6365)  rmse_m_mask: 0.6540 (0.8213)  normalized_mse_mask: 0.0033 (0.0213)  rmse_m_all: 13.3470 (12.8273)  actual_mask_ratio: 0.0692 (0.0697)  actual_prediction_mask_ratio: 0.2193 (0.2246)  ignored_patch_ratio: 0.0334 (0.0243)  time: 0.1170  data: 0.0001  max mem: 1904
[17:36:42.074880] Epoch: [22]  [ 660/1004]  eta: 0:00:39  lr: 0.000009  loss: 0.0105 (0.0219)  mae_m_mask: 0.5793 (0.6370)  rmse_m_mask: 0.6995 (0.8217)  normalized_mse_mask: 0.0105 (0.0219)  rmse_m_all: 13.7824 (12.8492)  actual_mask_ratio: 0.0666 (0.0697)  actual_prediction_mask_ratio: 0.2149 (0.2245)  ignored_patch_ratio: 0.0164 (0.0242)  time: 0.1128  data: 0.0001  max mem: 1904
[17:36:44.328255] Epoch: [22]  [ 680/1004]  eta: 0:00:37  lr: 0.000009  loss: 0.0068 (0.0221)  mae_m_mask: 0.5138 (0.6343)  rmse_m_mask: 0.6792 (0.8182)  normalized_mse_mask: 0.0068 (0.0221)  rmse_m_all: 13.5445 (12.8451)  actual_mask_ratio: 0.0714 (0.0697)  actual_prediction_mask_ratio: 0.2270 (0.2246)  ignored_patch_ratio: 0.0249 (0.0242)  time: 0.1126  data: 0.0001  max mem: 1904
[17:36:46.605607] Epoch: [22]  [ 700/1004]  eta: 0:00:34  lr: 0.000009  loss: 0.0077 (0.0225)  mae_m_mask: 0.5928 (0.6339)  rmse_m_mask: 0.8651 (0.8182)  normalized_mse_mask: 0.0077 (0.0225)  rmse_m_all: 11.3402 (12.8238)  actual_mask_ratio: 0.0730 (0.0697)  actual_prediction_mask_ratio: 0.2240 (0.2246)  ignored_patch_ratio: 0.0164 (0.0241)  time: 0.1138  data: 0.0001  max mem: 1904
[17:36:48.851610] Epoch: [22]  [ 720/1004]  eta: 0:00:32  lr: 0.000009  loss: 0.0054 (0.0231)  mae_m_mask: 0.6102 (0.6339)  rmse_m_mask: 0.7496 (0.8187)  normalized_mse_mask: 0.0054 (0.0231)  rmse_m_all: 11.6434 (12.8131)  actual_mask_ratio: 0.0710 (0.0698)  actual_prediction_mask_ratio: 0.2287 (0.2246)  ignored_patch_ratio: 0.0227 (0.0241)  time: 0.1123  data: 0.0001  max mem: 1904
[17:36:51.147323] Epoch: [22]  [ 740/1004]  eta: 0:00:30  lr: 0.000009  loss: 0.0049 (0.0230)  mae_m_mask: 0.6238 (0.6357)  rmse_m_mask: 0.9181 (0.8215)  normalized_mse_mask: 0.0049 (0.0230)  rmse_m_all: 12.7706 (12.8346)  actual_mask_ratio: 0.0670 (0.0697)  actual_prediction_mask_ratio: 0.2186 (0.2244)  ignored_patch_ratio: 0.0198 (0.0241)  time: 0.1148  data: 0.0001  max mem: 1904
[17:36:53.413271] Epoch: [22]  [ 760/1004]  eta: 0:00:27  lr: 0.000009  loss: 0.0183 (0.0236)  mae_m_mask: 0.5535 (0.6347)  rmse_m_mask: 0.7416 (0.8207)  normalized_mse_mask: 0.0183 (0.0236)  rmse_m_all: 12.5407 (12.8232)  actual_mask_ratio: 0.0698 (0.0697)  actual_prediction_mask_ratio: 0.2237 (0.2244)  ignored_patch_ratio: 0.0198 (0.0240)  time: 0.1133  data: 0.0054  max mem: 1904
[17:36:55.665749] Epoch: [22]  [ 780/1004]  eta: 0:00:25  lr: 0.000009  loss: 0.0043 (0.0235)  mae_m_mask: 0.5645 (0.6326)  rmse_m_mask: 0.6712 (0.8182)  normalized_mse_mask: 0.0043 (0.0235)  rmse_m_all: 10.9571 (12.8059)  actual_mask_ratio: 0.0683 (0.0697)  actual_prediction_mask_ratio: 0.2242 (0.2243)  ignored_patch_ratio: 0.0193 (0.0240)  time: 0.1126  data: 0.0001  max mem: 1904
[17:36:57.895091] Epoch: [22]  [ 800/1004]  eta: 0:00:23  lr: 0.000009  loss: 0.0022 (0.0233)  mae_m_mask: 0.5681 (0.6330)  rmse_m_mask: 0.7312 (0.8181)  normalized_mse_mask: 0.0022 (0.0233)  rmse_m_all: 12.8554 (12.8094)  actual_mask_ratio: 0.0707 (0.0697)  actual_prediction_mask_ratio: 0.2256 (0.2245)  ignored_patch_ratio: 0.0255 (0.0241)  time: 0.1114  data: 0.0001  max mem: 1904
[17:37:00.181583] Epoch: [22]  [ 820/1004]  eta: 0:00:21  lr: 0.000009  loss: 0.0087 (0.0234)  mae_m_mask: 0.4800 (0.6311)  rmse_m_mask: 0.6104 (0.8153)  normalized_mse_mask: 0.0087 (0.0234)  rmse_m_all: 12.6948 (12.7977)  actual_mask_ratio: 0.0719 (0.0697)  actual_prediction_mask_ratio: 0.2363 (0.2247)  ignored_patch_ratio: 0.0204 (0.0241)  time: 0.1143  data: 0.0001  max mem: 1904
[17:37:02.438358] Epoch: [22]  [ 840/1004]  eta: 0:00:18  lr: 0.000009  loss: 0.0026 (0.0232)  mae_m_mask: 0.6710 (0.6322)  rmse_m_mask: 0.8343 (0.8168)  normalized_mse_mask: 0.0026 (0.0232)  rmse_m_all: 12.0502 (12.7902)  actual_mask_ratio: 0.0730 (0.0698)  actual_prediction_mask_ratio: 0.2211 (0.2247)  ignored_patch_ratio: 0.0266 (0.0242)  time: 0.1128  data: 0.0001  max mem: 1904
[17:37:04.684400] Epoch: [22]  [ 860/1004]  eta: 0:00:16  lr: 0.000009  loss: 0.0033 (0.0229)  mae_m_mask: 0.6011 (0.6321)  rmse_m_mask: 0.7050 (0.8162)  normalized_mse_mask: 0.0033 (0.0229)  rmse_m_all: 12.1909 (12.7780)  actual_mask_ratio: 0.0717 (0.0698)  actual_prediction_mask_ratio: 0.2235 (0.2246)  ignored_patch_ratio: 0.0193 (0.0242)  time: 0.1123  data: 0.0001  max mem: 1904
[17:37:06.891294] Epoch: [22]  [ 880/1004]  eta: 0:00:14  lr: 0.000009  loss: 0.0070 (0.0230)  mae_m_mask: 0.5312 (0.6316)  rmse_m_mask: 0.6692 (0.8152)  normalized_mse_mask: 0.0070 (0.0230)  rmse_m_all: 12.1480 (12.7716)  actual_mask_ratio: 0.0694 (0.0699)  actual_prediction_mask_ratio: 0.2313 (0.2248)  ignored_patch_ratio: 0.0176 (0.0241)  time: 0.1103  data: 0.0001  max mem: 1904
[17:37:09.125782] Epoch: [22]  [ 900/1004]  eta: 0:00:11  lr: 0.000009  loss: 0.0053 (0.0232)  mae_m_mask: 0.6435 (0.6324)  rmse_m_mask: 0.7825 (0.8159)  normalized_mse_mask: 0.0053 (0.0232)  rmse_m_all: 12.0272 (12.7540)  actual_mask_ratio: 0.0709 (0.0699)  actual_prediction_mask_ratio: 0.2275 (0.2249)  ignored_patch_ratio: 0.0170 (0.0240)  time: 0.1117  data: 0.0001  max mem: 1904
[17:37:11.381278] Epoch: [22]  [ 920/1004]  eta: 0:00:09  lr: 0.000009  loss: 0.0020 (0.0228)  mae_m_mask: 0.7510 (0.6338)  rmse_m_mask: 0.8864 (0.8175)  normalized_mse_mask: 0.0020 (0.0228)  rmse_m_all: 14.1201 (12.7822)  actual_mask_ratio: 0.0701 (0.0699)  actual_prediction_mask_ratio: 0.2258 (0.2248)  ignored_patch_ratio: 0.0289 (0.0241)  time: 0.1127  data: 0.0001  max mem: 1904
[17:37:13.649208] Epoch: [22]  [ 940/1004]  eta: 0:00:07  lr: 0.000009  loss: 0.0045 (0.0233)  mae_m_mask: 0.6837 (0.6356)  rmse_m_mask: 0.8539 (0.8191)  normalized_mse_mask: 0.0045 (0.0233)  rmse_m_all: 12.5776 (12.7793)  actual_mask_ratio: 0.0690 (0.0699)  actual_prediction_mask_ratio: 0.2232 (0.2248)  ignored_patch_ratio: 0.0312 (0.0242)  time: 0.1134  data: 0.0001  max mem: 1904
[17:37:15.893981] Epoch: [22]  [ 960/1004]  eta: 0:00:05  lr: 0.000009  loss: 0.0060 (0.0233)  mae_m_mask: 0.5737 (0.6351)  rmse_m_mask: 0.7260 (0.8181)  normalized_mse_mask: 0.0060 (0.0233)  rmse_m_all: 13.4037 (12.7892)  actual_mask_ratio: 0.0698 (0.0699)  actual_prediction_mask_ratio: 0.2272 (0.2248)  ignored_patch_ratio: 0.0244 (0.0243)  time: 0.1122  data: 0.0001  max mem: 1904
[17:37:18.135524] Epoch: [22]  [ 980/1004]  eta: 0:00:02  lr: 0.000009  loss: 0.0033 (0.0232)  mae_m_mask: 0.5350 (0.6347)  rmse_m_mask: 0.7453 (0.8176)  normalized_mse_mask: 0.0033 (0.0232)  rmse_m_all: 12.8973 (12.7974)  actual_mask_ratio: 0.0666 (0.0698)  actual_prediction_mask_ratio: 0.2198 (0.2247)  ignored_patch_ratio: 0.0249 (0.0244)  time: 0.1120  data: 0.0001  max mem: 1904
[17:37:20.372309] Epoch: [22]  [1000/1004]  eta: 0:00:00  lr: 0.000009  loss: 0.0023 (0.0231)  mae_m_mask: 0.5649 (0.6345)  rmse_m_mask: 0.6630 (0.8171)  normalized_mse_mask: 0.0023 (0.0231)  rmse_m_all: 13.4531 (12.8031)  actual_mask_ratio: 0.0687 (0.0698)  actual_prediction_mask_ratio: 0.2218 (0.2247)  ignored_patch_ratio: 0.0283 (0.0245)  time: 0.1118  data: 0.0001  max mem: 1904
[17:37:20.714339] Epoch: [22]  [1003/1004]  eta: 0:00:00  lr: 0.000009  loss: 0.0044 (0.0231)  mae_m_mask: 0.5651 (0.6348)  rmse_m_mask: 0.6630 (0.8173)  normalized_mse_mask: 0.0044 (0.0231)  rmse_m_all: 13.7420 (12.8116)  actual_mask_ratio: 0.0695 (0.0698)  actual_prediction_mask_ratio: 0.2274 (0.2248)  ignored_patch_ratio: 0.0283 (0.0245)  time: 0.1126  data: 0.0001  max mem: 1904
[17:37:20.744838] Epoch: [22] Total time: 0:01:54 (0.1142 s / it)
[17:37:20.747297] Averaged stats: {'lr': 9.165800456056545e-06, 'loss': 0.022639301766502324, 'mae_m_mask': 0.632707480128685, 'rmse_m_mask': 0.8615733837104051, 'normalized_mse_mask': 0.022639301766502324, 'rmse_m_all': 12.811640297808495, 'actual_mask_ratio': 0.069848977719467, 'actual_prediction_mask_ratio': 0.22477193702145876, 'ignored_patch_ratio': 0.024530550220098153, 'supervised_pixel_count': 19824973.0}
[17:37:20.941784] Val: [22]  [  0/288]  eta: 0:00:55  loss: 0.0307 (0.0307)  mae_m_mask: 0.3415 (0.3415)  rmse_m_mask: 0.4338 (0.4338)  normalized_mse_mask: 0.0307 (0.0307)  rmse_m_all: 5.8984 (5.8984)  actual_mask_ratio: 0.0607 (0.0607)  actual_prediction_mask_ratio: 0.2001 (0.2001)  ignored_patch_ratio: 0.0000 (0.0000)  time: 0.1917  data: 0.0839  max mem: 1904
[17:37:25.291500] Val: [22]  [ 50/288]  eta: 0:00:21  loss: 0.0399 (0.0926)  mae_m_mask: 0.3178 (0.3354)  rmse_m_mask: 0.3853 (0.4043)  normalized_mse_mask: 0.0399 (0.0926)  rmse_m_all: 1.1008 (3.9358)  actual_mask_ratio: 0.0663 (0.0715)  actual_prediction_mask_ratio: 0.2336 (0.2372)  ignored_patch_ratio: 0.0000 (0.0000)  time: 0.0888  data: 0.0001  max mem: 1904
[17:37:29.755135] Val: [22]  [100/288]  eta: 0:00:16  loss: 0.1518 (0.1673)  mae_m_mask: 0.3389 (0.4059)  rmse_m_mask: 0.4009 (0.4819)  normalized_mse_mask: 0.1518 (0.1673)  rmse_m_all: 0.7601 (3.4498)  actual_mask_ratio: 0.0714 (0.0723)  actual_prediction_mask_ratio: 0.2239 (0.2366)  ignored_patch_ratio: 0.0000 (0.0000)  time: 0.1083  data: 0.0568  max mem: 1904
[17:37:33.484807] Val: [22]  [150/288]  eta: 0:00:11  loss: 0.0248 (0.1638)  mae_m_mask: 0.5026 (0.4155)  rmse_m_mask: 0.5528 (0.4890)  normalized_mse_mask: 0.0248 (0.1638)  rmse_m_all: 2.3524 (3.0426)  actual_mask_ratio: 0.0743 (0.0723)  actual_prediction_mask_ratio: 0.2443 (0.2367)  ignored_patch_ratio: 0.0000 (0.0000)  time: 0.0906  data: 0.0001  max mem: 1904
[17:37:37.990431] Val: [22]  [200/288]  eta: 0:00:07  loss: 0.4077 (0.2033)  mae_m_mask: 0.2931 (0.4093)  rmse_m_mask: 0.3497 (0.4880)  normalized_mse_mask: 0.4077 (0.2033)  rmse_m_all: 0.4528 (2.5920)  actual_mask_ratio: 0.0743 (0.0732)  actual_prediction_mask_ratio: 0.2545 (0.2410)  ignored_patch_ratio: 0.0000 (0.0000)  time: 0.0911  data: 0.0001  max mem: 1904
[17:37:42.462194] Val: [22]  [250/288]  eta: 0:00:03  loss: 0.0448 (0.1834)  mae_m_mask: 0.3094 (0.3894)  rmse_m_mask: 0.3818 (0.4647)  normalized_mse_mask: 0.0448 (0.1834)  rmse_m_all: 1.3435 (2.5066)  actual_mask_ratio: 0.0822 (0.0748)  actual_prediction_mask_ratio: 0.2591 (0.2448)  ignored_patch_ratio: 0.0000 (0.0000)  time: 0.0889  data: 0.0001  max mem: 1904
[17:37:45.705451] Val: [22]  [287/288]  eta: 0:00:00  loss: 0.0256 (0.1683)  mae_m_mask: 0.2770 (0.3812)  rmse_m_mask: 0.3245 (0.4551)  normalized_mse_mask: 0.0256 (0.1683)  rmse_m_all: 1.1246 (2.6683)  actual_mask_ratio: 0.0760 (0.0749)  actual_prediction_mask_ratio: 0.2523 (0.2453)  ignored_patch_ratio: 0.0000 (0.0000)  time: 0.0880  data: 0.0001  max mem: 1904
[17:37:45.736281] Val: [22] Total time: 0:00:24 (0.0868 s / it)
[17:37:45.737592] val stats: {'loss': 0.16168252573588512, 'mae_m_mask': 0.3891680986333896, 'rmse_m_mask': 0.5465758964783237, 'normalized_mse_mask': 0.16168252573588512, 'rmse_m_all': 2.6682769974900618, 'actual_mask_ratio': 0.07494737871456891, 'actual_prediction_mask_ratio': 0.24532247381284833, 'ignored_patch_ratio': 0.0, 'supervised_pixel_count': 5936124.0}
[17:37:50.123912] log_dir: /tank/data/SFS/xinyis/data/bathymetry/MAE-Topography/Downstream_Task_Bathy/cross_validation_v5_Stage2NormMSE_MeterSelect/runs/holdout_CO_D004Stage2NormMSE_MeterSelect_D001NoDataSafe/train_stage2_normMSE_meterSelect_CO_UpperColorado_Topobathy_1_2020_fromStage1Best_e120_lr1e-5_b4_acc4/tb
[17:37:50.298445] Epoch: [23]  [   0/1004]  eta: 0:02:54  lr: 0.000009  loss: 0.0066 (0.0066)  mae_m_mask: 0.3018 (0.3018)  rmse_m_mask: 0.3913 (0.3913)  normalized_mse_mask: 0.0066 (0.0066)  rmse_m_all: 11.8501 (11.8501)  actual_mask_ratio: 0.0744 (0.0744)  actual_prediction_mask_ratio: 0.2197 (0.2197)  ignored_patch_ratio: 0.0170 (0.0170)  time: 0.1739  data: 0.0856  max mem: 1904
[17:37:52.532570] Epoch: [23]  [  20/1004]  eta: 0:01:52  lr: 0.000009  loss: 0.0052 (0.0175)  mae_m_mask: 0.6905 (0.6716)  rmse_m_mask: 0.9238 (0.8502)  normalized_mse_mask: 0.0052 (0.0175)  rmse_m_all: 13.8931 (13.7240)  actual_mask_ratio: 0.0696 (0.0710)  actual_prediction_mask_ratio: 0.2258 (0.2253)  ignored_patch_ratio: 0.0227 (0.0250)  time: 0.1117  data: 0.0001  max mem: 1904
[17:37:54.834771] Epoch: [23]  [  40/1004]  eta: 0:01:50  lr: 0.000009  loss: 0.0092 (0.0303)  mae_m_mask: 0.5872 (0.6652)  rmse_m_mask: 0.7711 (0.8406)  normalized_mse_mask: 0.0092 (0.0303)  rmse_m_all: 12.9012 (13.2614)  actual_mask_ratio: 0.0722 (0.0714)  actual_prediction_mask_ratio: 0.2264 (0.2271)  ignored_patch_ratio: 0.0159 (0.0230)  time: 0.1151  data: 0.0001  max mem: 1904
[17:37:57.103549] Epoch: [23]  [  60/1004]  eta: 0:01:47  lr: 0.000009  loss: 0.0080 (0.0292)  mae_m_mask: 0.5404 (0.6510)  rmse_m_mask: 0.6927 (0.8265)  normalized_mse_mask: 0.0080 (0.0292)  rmse_m_all: 12.0717 (13.2679)  actual_mask_ratio: 0.0693 (0.0710)  actual_prediction_mask_ratio: 0.2275 (0.2275)  ignored_patch_ratio: 0.0227 (0.0229)  time: 0.1134  data: 0.0001  max mem: 1904
[17:37:59.363912] Epoch: [23]  [  80/1004]  eta: 0:01:45  lr: 0.000009  loss: 0.0056 (0.0296)  mae_m_mask: 0.6781 (0.6658)  rmse_m_mask: 0.8109 (0.8534)  normalized_mse_mask: 0.0056 (0.0296)  rmse_m_all: 12.7676 (13.0351)  actual_mask_ratio: 0.0706 (0.0708)  actual_prediction_mask_ratio: 0.2280 (0.2281)  ignored_patch_ratio: 0.0130 (0.0216)  time: 0.1130  data: 0.0001  max mem: 1904
[17:38:01.662595] Epoch: [23]  [ 100/1004]  eta: 0:01:43  lr: 0.000009  loss: 0.0039 (0.0259)  mae_m_mask: 0.6100 (0.6649)  rmse_m_mask: 0.7872 (0.8482)  normalized_mse_mask: 0.0039 (0.0259)  rmse_m_all: 12.1746 (12.9665)  actual_mask_ratio: 0.0713 (0.0708)  actual_prediction_mask_ratio: 0.2254 (0.2282)  ignored_patch_ratio: 0.0227 (0.0219)  time: 0.1149  data: 0.0001  max mem: 1904
[17:38:03.933155] Epoch: [23]  [ 120/1004]  eta: 0:01:40  lr: 0.000009  loss: 0.0023 (0.0251)  mae_m_mask: 0.5171 (0.6648)  rmse_m_mask: 0.7292 (0.8471)  normalized_mse_mask: 0.0023 (0.0251)  rmse_m_all: 14.0275 (13.1571)  actual_mask_ratio: 0.0683 (0.0703)  actual_prediction_mask_ratio: 0.2170 (0.2273)  ignored_patch_ratio: 0.0295 (0.0231)  time: 0.1135  data: 0.0001  max mem: 1904
[17:38:06.200937] Epoch: [23]  [ 140/1004]  eta: 0:01:38  lr: 0.000009  loss: 0.0076 (0.0256)  mae_m_mask: 0.5406 (0.6743)  rmse_m_mask: 0.6938 (0.8563)  normalized_mse_mask: 0.0076 (0.0256)  rmse_m_all: 11.5978 (13.0377)  actual_mask_ratio: 0.0714 (0.0703)  actual_prediction_mask_ratio: 0.2184 (0.2268)  ignored_patch_ratio: 0.0153 (0.0223)  time: 0.1133  data: 0.0001  max mem: 1904
[17:38:08.158294] Epoch: [23]  [ 160/1004]  eta: 0:01:34  lr: 0.000009  loss: 0.0052 (0.0244)  mae_m_mask: 0.5614 (0.6623)  rmse_m_mask: 0.7097 (0.8409)  normalized_mse_mask: 0.0052 (0.0244)  rmse_m_all: 10.3361 (12.8774)  actual_mask_ratio: 0.0645 (0.0698)  actual_prediction_mask_ratio: 0.2251 (0.2259)  ignored_patch_ratio: 0.0170 (0.0225)  time: 0.0978  data: 0.0001  max mem: 1904
[17:38:11.123833] Epoch: [23]  [ 180/1004]  eta: 0:01:35  lr: 0.000009  loss: 0.0072 (0.0244)  mae_m_mask: 0.6031 (0.6569)  rmse_m_mask: 0.8525 (0.8377)  normalized_mse_mask: 0.0072 (0.0244)  rmse_m_all: 13.9217 (12.9367)  actual_mask_ratio: 0.0681 (0.0698)  actual_prediction_mask_ratio: 0.2320 (0.2261)  ignored_patch_ratio: 0.0227 (0.0225)  time: 0.1482  data: 0.0755  max mem: 1904
[17:38:13.105288] Epoch: [23]  [ 200/1004]  eta: 0:01:31  lr: 0.000009  loss: 0.0037 (0.0237)  mae_m_mask: 0.6185 (0.6571)  rmse_m_mask: 0.8379 (0.8373)  normalized_mse_mask: 0.0037 (0.0237)  rmse_m_all: 13.2446 (12.9895)  actual_mask_ratio: 0.0701 (0.0697)  actual_prediction_mask_ratio: 0.2188 (0.2253)  ignored_patch_ratio: 0.0153 (0.0226)  time: 0.0990  data: 0.0001  max mem: 1904
[17:38:15.418796] Epoch: [23]  [ 220/1004]  eta: 0:01:29  lr: 0.000009  loss: 0.0021 (0.0228)  mae_m_mask: 0.5837 (0.6541)  rmse_m_mask: 0.7459 (0.8346)  normalized_mse_mask: 0.0021 (0.0228)  rmse_m_all: 13.0604 (13.0154)  actual_mask_ratio: 0.0695 (0.0697)  actual_prediction_mask_ratio: 0.2209 (0.2249)  ignored_patch_ratio: 0.0193 (0.0227)  time: 0.1156  data: 0.0001  max mem: 1904
[17:38:17.796821] Epoch: [23]  [ 240/1004]  eta: 0:01:27  lr: 0.000009  loss: 0.0064 (0.0222)  mae_m_mask: 0.6248 (0.6504)  rmse_m_mask: 0.8010 (0.8301)  normalized_mse_mask: 0.0064 (0.0222)  rmse_m_all: 14.4450 (13.1336)  actual_mask_ratio: 0.0680 (0.0695)  actual_prediction_mask_ratio: 0.2143 (0.2241)  ignored_patch_ratio: 0.0244 (0.0231)  time: 0.1189  data: 0.0001  max mem: 1904
[17:38:20.130279] Epoch: [23]  [ 260/1004]  eta: 0:01:25  lr: 0.000009  loss: 0.0028 (0.0212)  mae_m_mask: 0.6133 (0.6506)  rmse_m_mask: 0.7683 (0.8294)  normalized_mse_mask: 0.0028 (0.0212)  rmse_m_all: 13.7119 (13.1716)  actual_mask_ratio: 0.0716 (0.0696)  actual_prediction_mask_ratio: 0.2300 (0.2244)  ignored_patch_ratio: 0.0204 (0.0232)  time: 0.1166  data: 0.0001  max mem: 1904
[17:38:22.467099] Epoch: [23]  [ 280/1004]  eta: 0:01:23  lr: 0.000009  loss: 0.0065 (0.0212)  mae_m_mask: 0.5781 (0.6487)  rmse_m_mask: 0.7333 (0.8272)  normalized_mse_mask: 0.0065 (0.0212)  rmse_m_all: 13.1324 (13.1363)  actual_mask_ratio: 0.0745 (0.0697)  actual_prediction_mask_ratio: 0.2305 (0.2248)  ignored_patch_ratio: 0.0227 (0.0236)  time: 0.1168  data: 0.0001  max mem: 1904
[17:38:24.809049] Epoch: [23]  [ 300/1004]  eta: 0:01:21  lr: 0.000009  loss: 0.0019 (0.0209)  mae_m_mask: 0.5465 (0.6498)  rmse_m_mask: 0.7700 (0.8285)  normalized_mse_mask: 0.0019 (0.0209)  rmse_m_all: 12.8892 (13.1157)  actual_mask_ratio: 0.0681 (0.0695)  actual_prediction_mask_ratio: 0.2199 (0.2244)  ignored_patch_ratio: 0.0249 (0.0237)  time: 0.1170  data: 0.0001  max mem: 1904
[17:38:27.149049] Epoch: [23]  [ 320/1004]  eta: 0:01:18  lr: 0.000009  loss: 0.0082 (0.0211)  mae_m_mask: 0.4986 (0.6434)  rmse_m_mask: 0.6367 (0.8225)  normalized_mse_mask: 0.0082 (0.0211)  rmse_m_all: 12.5630 (13.0887)  actual_mask_ratio: 0.0708 (0.0696)  actual_prediction_mask_ratio: 0.2288 (0.2246)  ignored_patch_ratio: 0.0261 (0.0241)  time: 0.1170  data: 0.0001  max mem: 1904
[17:38:29.489672] Epoch: [23]  [ 340/1004]  eta: 0:01:16  lr: 0.000009  loss: 0.0079 (0.0212)  mae_m_mask: 0.5338 (0.6403)  rmse_m_mask: 0.6830 (0.8188)  normalized_mse_mask: 0.0079 (0.0212)  rmse_m_all: 13.1910 (13.0378)  actual_mask_ratio: 0.0684 (0.0696)  actual_prediction_mask_ratio: 0.2259 (0.2244)  ignored_patch_ratio: 0.0187 (0.0240)  time: 0.1170  data: 0.0001  max mem: 1904
[17:38:31.833988] Epoch: [23]  [ 360/1004]  eta: 0:01:14  lr: 0.000009  loss: 0.0035 (0.0209)  mae_m_mask: 0.6009 (0.6410)  rmse_m_mask: 0.7348 (0.8210)  normalized_mse_mask: 0.0035 (0.0209)  rmse_m_all: 12.2897 (13.0352)  actual_mask_ratio: 0.0719 (0.0697)  actual_prediction_mask_ratio: 0.2257 (0.2248)  ignored_patch_ratio: 0.0176 (0.0240)  time: 0.1172  data: 0.0001  max mem: 1904
[17:38:34.173345] Epoch: [23]  [ 380/1004]  eta: 0:01:12  lr: 0.000009  loss: 0.0047 (0.0206)  mae_m_mask: 0.5738 (0.6418)  rmse_m_mask: 0.7836 (0.8215)  normalized_mse_mask: 0.0047 (0.0206)  rmse_m_all: 11.5408 (13.0060)  actual_mask_ratio: 0.0662 (0.0696)  actual_prediction_mask_ratio: 0.2126 (0.2243)  ignored_patch_ratio: 0.0227 (0.0242)  time: 0.1169  data: 0.0001  max mem: 1904
[17:38:36.509802] Epoch: [23]  [ 400/1004]  eta: 0:01:09  lr: 0.000009  loss: 0.0040 (0.0211)  mae_m_mask: 0.6431 (0.6445)  rmse_m_mask: 0.8488 (0.8256)  normalized_mse_mask: 0.0040 (0.0211)  rmse_m_all: 13.0083 (12.9940)  actual_mask_ratio: 0.0731 (0.0698)  actual_prediction_mask_ratio: 0.2287 (0.2247)  ignored_patch_ratio: 0.0193 (0.0240)  time: 0.1168  data: 0.0001  max mem: 1904
[17:38:38.852116] Epoch: [23]  [ 420/1004]  eta: 0:01:07  lr: 0.000009  loss: 0.0046 (0.0209)  mae_m_mask: 0.5939 (0.6446)  rmse_m_mask: 0.7551 (0.8260)  normalized_mse_mask: 0.0046 (0.0209)  rmse_m_all: 12.6651 (12.9966)  actual_mask_ratio: 0.0704 (0.0698)  actual_prediction_mask_ratio: 0.2207 (0.2245)  ignored_patch_ratio: 0.0187 (0.0238)  time: 0.1171  data: 0.0001  max mem: 1904
[17:38:41.191285] Epoch: [23]  [ 440/1004]  eta: 0:01:05  lr: 0.000009  loss: 0.0108 (0.0208)  mae_m_mask: 0.7044 (0.6524)  rmse_m_mask: 0.8901 (0.8362)  normalized_mse_mask: 0.0108 (0.0208)  rmse_m_all: 11.8074 (12.9473)  actual_mask_ratio: 0.0721 (0.0698)  actual_prediction_mask_ratio: 0.2267 (0.2247)  ignored_patch_ratio: 0.0181 (0.0237)  time: 0.1169  data: 0.0001  max mem: 1904
[17:38:43.511474] Epoch: [23]  [ 460/1004]  eta: 0:01:02  lr: 0.000009  loss: 0.0042 (0.0211)  mae_m_mask: 0.6124 (0.6541)  rmse_m_mask: 0.7753 (0.8390)  normalized_mse_mask: 0.0042 (0.0211)  rmse_m_all: 12.8055 (12.9178)  actual_mask_ratio: 0.0706 (0.0698)  actual_prediction_mask_ratio: 0.2177 (0.2246)  ignored_patch_ratio: 0.0255 (0.0237)  time: 0.1160  data: 0.0001  max mem: 1904
[17:38:45.822679] Epoch: [23]  [ 480/1004]  eta: 0:01:00  lr: 0.000009  loss: 0.0036 (0.0213)  mae_m_mask: 0.6123 (0.6550)  rmse_m_mask: 0.7958 (0.8400)  normalized_mse_mask: 0.0036 (0.0213)  rmse_m_all: 13.7161 (12.9386)  actual_mask_ratio: 0.0714 (0.0699)  actual_prediction_mask_ratio: 0.2316 (0.2249)  ignored_patch_ratio: 0.0266 (0.0239)  time: 0.1155  data: 0.0001  max mem: 1904
[17:38:48.150454] Epoch: [23]  [ 500/1004]  eta: 0:00:58  lr: 0.000009  loss: 0.0025 (0.0210)  mae_m_mask: 0.5313 (0.6522)  rmse_m_mask: 0.6460 (0.8366)  normalized_mse_mask: 0.0025 (0.0210)  rmse_m_all: 12.7080 (12.9374)  actual_mask_ratio: 0.0669 (0.0698)  actual_prediction_mask_ratio: 0.2158 (0.2247)  ignored_patch_ratio: 0.0176 (0.0237)  time: 0.1163  data: 0.0001  max mem: 1904
[17:38:50.462390] Epoch: [23]  [ 520/1004]  eta: 0:00:56  lr: 0.000009  loss: 0.0053 (0.0210)  mae_m_mask: 0.5279 (0.6484)  rmse_m_mask: 0.6345 (0.8311)  normalized_mse_mask: 0.0053 (0.0210)  rmse_m_all: 12.8458 (12.9318)  actual_mask_ratio: 0.0689 (0.0698)  actual_prediction_mask_ratio: 0.2171 (0.2245)  ignored_patch_ratio: 0.0227 (0.0238)  time: 0.1156  data: 0.0001  max mem: 1904
[17:38:52.791279] Epoch: [23]  [ 540/1004]  eta: 0:00:53  lr: 0.000009  loss: 0.0014 (0.0206)  mae_m_mask: 0.6363 (0.6485)  rmse_m_mask: 0.7802 (0.8299)  normalized_mse_mask: 0.0014 (0.0206)  rmse_m_all: 12.8748 (12.9297)  actual_mask_ratio: 0.0702 (0.0698)  actual_prediction_mask_ratio: 0.2240 (0.2246)  ignored_patch_ratio: 0.0323 (0.0240)  time: 0.1164  data: 0.0001  max mem: 1904
[17:38:55.113509] Epoch: [23]  [ 560/1004]  eta: 0:00:51  lr: 0.000009  loss: 0.0061 (0.0206)  mae_m_mask: 0.8473 (0.6553)  rmse_m_mask: 1.0112 (0.8367)  normalized_mse_mask: 0.0061 (0.0206)  rmse_m_all: 13.4931 (12.9325)  actual_mask_ratio: 0.0659 (0.0697)  actual_prediction_mask_ratio: 0.2186 (0.2245)  ignored_patch_ratio: 0.0278 (0.0242)  time: 0.1161  data: 0.0001  max mem: 1904
[17:38:57.414523] Epoch: [23]  [ 580/1004]  eta: 0:00:49  lr: 0.000009  loss: 0.0042 (0.0203)  mae_m_mask: 0.6525 (0.6560)  rmse_m_mask: 0.8904 (0.8376)  normalized_mse_mask: 0.0042 (0.0203)  rmse_m_all: 13.1303 (12.9381)  actual_mask_ratio: 0.0725 (0.0697)  actual_prediction_mask_ratio: 0.2281 (0.2246)  ignored_patch_ratio: 0.0244 (0.0243)  time: 0.1150  data: 0.0001  max mem: 1904
[17:38:59.670015] Epoch: [23]  [ 600/1004]  eta: 0:00:46  lr: 0.000009  loss: 0.0091 (0.0203)  mae_m_mask: 0.5911 (0.6552)  rmse_m_mask: 0.7840 (0.8368)  normalized_mse_mask: 0.0091 (0.0203)  rmse_m_all: 12.0267 (12.9122)  actual_mask_ratio: 0.0660 (0.0696)  actual_prediction_mask_ratio: 0.2154 (0.2242)  ignored_patch_ratio: 0.0249 (0.0243)  time: 0.1127  data: 0.0001  max mem: 1904
[17:39:01.941928] Epoch: [23]  [ 620/1004]  eta: 0:00:44  lr: 0.000009  loss: 0.0063 (0.0202)  mae_m_mask: 0.5266 (0.6541)  rmse_m_mask: 0.7208 (0.8352)  normalized_mse_mask: 0.0063 (0.0202)  rmse_m_all: 12.4842 (12.8974)  actual_mask_ratio: 0.0719 (0.0697)  actual_prediction_mask_ratio: 0.2312 (0.2243)  ignored_patch_ratio: 0.0255 (0.0244)  time: 0.1136  data: 0.0001  max mem: 1904
[17:39:04.211537] Epoch: [23]  [ 640/1004]  eta: 0:00:42  lr: 0.000009  loss: 0.0017 (0.0199)  mae_m_mask: 0.6892 (0.6546)  rmse_m_mask: 0.8282 (0.8351)  normalized_mse_mask: 0.0017 (0.0199)  rmse_m_all: 15.5071 (12.9730)  actual_mask_ratio: 0.0670 (0.0696)  actual_prediction_mask_ratio: 0.2211 (0.2242)  ignored_patch_ratio: 0.0255 (0.0245)  time: 0.1134  data: 0.0001  max mem: 1904
[17:39:06.479983] Epoch: [23]  [ 660/1004]  eta: 0:00:39  lr: 0.000009  loss: 0.0076 (0.0202)  mae_m_mask: 0.5255 (0.6522)  rmse_m_mask: 0.7001 (0.8331)  normalized_mse_mask: 0.0076 (0.0202)  rmse_m_all: 12.6712 (12.9422)  actual_mask_ratio: 0.0663 (0.0696)  actual_prediction_mask_ratio: 0.2169 (0.2240)  ignored_patch_ratio: 0.0232 (0.0245)  time: 0.1134  data: 0.0001  max mem: 1904
[17:39:08.735861] Epoch: [23]  [ 680/1004]  eta: 0:00:37  lr: 0.000009  loss: 0.0113 (0.0206)  mae_m_mask: 0.5806 (0.6518)  rmse_m_mask: 0.7191 (0.8325)  normalized_mse_mask: 0.0113 (0.0206)  rmse_m_all: 12.2319 (12.9387)  actual_mask_ratio: 0.0685 (0.0696)  actual_prediction_mask_ratio: 0.2245 (0.2241)  ignored_patch_ratio: 0.0278 (0.0246)  time: 0.1127  data: 0.0001  max mem: 1904
[17:39:11.031483] Epoch: [23]  [ 700/1004]  eta: 0:00:35  lr: 0.000009  loss: 0.0012 (0.0203)  mae_m_mask: 0.5635 (0.6504)  rmse_m_mask: 0.7401 (0.8308)  normalized_mse_mask: 0.0012 (0.0203)  rmse_m_all: 12.3261 (12.9491)  actual_mask_ratio: 0.0689 (0.0696)  actual_prediction_mask_ratio: 0.2161 (0.2239)  ignored_patch_ratio: 0.0346 (0.0247)  time: 0.1147  data: 0.0001  max mem: 1904
[17:39:13.300644] Epoch: [23]  [ 720/1004]  eta: 0:00:32  lr: 0.000009  loss: 0.0059 (0.0204)  mae_m_mask: 0.5059 (0.6486)  rmse_m_mask: 0.6905 (0.8287)  normalized_mse_mask: 0.0059 (0.0204)  rmse_m_all: 12.2904 (12.9096)  actual_mask_ratio: 0.0700 (0.0696)  actual_prediction_mask_ratio: 0.2230 (0.2240)  ignored_patch_ratio: 0.0181 (0.0247)  time: 0.1134  data: 0.0001  max mem: 1904
[17:39:15.572857] Epoch: [23]  [ 740/1004]  eta: 0:00:30  lr: 0.000009  loss: 0.0036 (0.0205)  mae_m_mask: 0.6412 (0.6492)  rmse_m_mask: 0.7369 (0.8286)  normalized_mse_mask: 0.0036 (0.0205)  rmse_m_all: 12.8950 (12.9112)  actual_mask_ratio: 0.0702 (0.0696)  actual_prediction_mask_ratio: 0.2295 (0.2241)  ignored_patch_ratio: 0.0210 (0.0247)  time: 0.1136  data: 0.0001  max mem: 1904
[17:39:17.830479] Epoch: [23]  [ 760/1004]  eta: 0:00:28  lr: 0.000009  loss: 0.0060 (0.0210)  mae_m_mask: 0.5125 (0.6468)  rmse_m_mask: 0.6429 (0.8259)  normalized_mse_mask: 0.0060 (0.0210)  rmse_m_all: 11.3425 (12.8712)  actual_mask_ratio: 0.0698 (0.0696)  actual_prediction_mask_ratio: 0.2294 (0.2243)  ignored_patch_ratio: 0.0232 (0.0247)  time: 0.1128  data: 0.0001  max mem: 1904
[17:39:20.083404] Epoch: [23]  [ 780/1004]  eta: 0:00:25  lr: 0.000009  loss: 0.0035 (0.0214)  mae_m_mask: 0.6860 (0.6487)  rmse_m_mask: 0.8649 (0.8294)  normalized_mse_mask: 0.0035 (0.0214)  rmse_m_all: 14.5540 (12.8989)  actual_mask_ratio: 0.0685 (0.0697)  actual_prediction_mask_ratio: 0.2287 (0.2243)  ignored_patch_ratio: 0.0210 (0.0246)  time: 0.1126  data: 0.0001  max mem: 1904
[17:39:22.352420] Epoch: [23]  [ 800/1004]  eta: 0:00:23  lr: 0.000009  loss: 0.0057 (0.0213)  mae_m_mask: 0.5291 (0.6490)  rmse_m_mask: 0.7049 (0.8293)  normalized_mse_mask: 0.0057 (0.0213)  rmse_m_all: 11.1557 (12.8645)  actual_mask_ratio: 0.0732 (0.0697)  actual_prediction_mask_ratio: 0.2330 (0.2244)  ignored_patch_ratio: 0.0221 (0.0246)  time: 0.1134  data: 0.0001  max mem: 1904
[17:39:24.599832] Epoch: [23]  [ 820/1004]  eta: 0:00:21  lr: 0.000009  loss: 0.0064 (0.0212)  mae_m_mask: 0.5642 (0.6464)  rmse_m_mask: 0.7031 (0.8262)  normalized_mse_mask: 0.0064 (0.0212)  rmse_m_all: 12.3852 (12.8566)  actual_mask_ratio: 0.0682 (0.0697)  actual_prediction_mask_ratio: 0.2211 (0.2244)  ignored_patch_ratio: 0.0221 (0.0247)  time: 0.1123  data: 0.0001  max mem: 1904
[17:39:26.804553] Epoch: [23]  [ 840/1004]  eta: 0:00:18  lr: 0.000009  loss: 0.0045 (0.0211)  mae_m_mask: 0.6465 (0.6464)  rmse_m_mask: 0.7189 (0.8265)  normalized_mse_mask: 0.0045 (0.0211)  rmse_m_all: 11.6376 (12.8537)  actual_mask_ratio: 0.0687 (0.0698)  actual_prediction_mask_ratio: 0.2309 (0.2245)  ignored_patch_ratio: 0.0221 (0.0247)  time: 0.1102  data: 0.0001  max mem: 1904
[17:39:29.027745] Epoch: [23]  [ 860/1004]  eta: 0:00:16  lr: 0.000009  loss: 0.0022 (0.0212)  mae_m_mask: 0.6391 (0.6478)  rmse_m_mask: 0.8640 (0.8284)  normalized_mse_mask: 0.0022 (0.0212)  rmse_m_all: 13.6506 (12.8581)  actual_mask_ratio: 0.0703 (0.0698)  actual_prediction_mask_ratio: 0.2275 (0.2246)  ignored_patch_ratio: 0.0204 (0.0246)  time: 0.1111  data: 0.0001  max mem: 1904
[17:39:31.224032] Epoch: [23]  [ 880/1004]  eta: 0:00:14  lr: 0.000009  loss: 0.0024 (0.0212)  mae_m_mask: 0.6705 (0.6488)  rmse_m_mask: 0.8012 (0.8288)  normalized_mse_mask: 0.0024 (0.0212)  rmse_m_all: 11.4924 (12.8583)  actual_mask_ratio: 0.0719 (0.0698)  actual_prediction_mask_ratio: 0.2266 (0.2246)  ignored_patch_ratio: 0.0193 (0.0246)  time: 0.1098  data: 0.0001  max mem: 1904
[17:39:33.445824] Epoch: [23]  [ 900/1004]  eta: 0:00:11  lr: 0.000009  loss: 0.0042 (0.0220)  mae_m_mask: 0.7118 (0.6499)  rmse_m_mask: 0.9163 (0.8303)  normalized_mse_mask: 0.0042 (0.0220)  rmse_m_all: 11.6878 (12.8568)  actual_mask_ratio: 0.0700 (0.0698)  actual_prediction_mask_ratio: 0.2285 (0.2247)  ignored_patch_ratio: 0.0232 (0.0246)  time: 0.1111  data: 0.0001  max mem: 1904
[17:39:35.717038] Epoch: [23]  [ 920/1004]  eta: 0:00:09  lr: 0.000009  loss: 0.0058 (0.0218)  mae_m_mask: 0.6721 (0.6506)  rmse_m_mask: 0.8300 (0.8305)  normalized_mse_mask: 0.0058 (0.0218)  rmse_m_all: 13.5119 (12.8841)  actual_mask_ratio: 0.0682 (0.0698)  actual_prediction_mask_ratio: 0.2125 (0.2246)  ignored_patch_ratio: 0.0164 (0.0246)  time: 0.1135  data: 0.0001  max mem: 1904
[17:39:38.000203] Epoch: [23]  [ 940/1004]  eta: 0:00:07  lr: 0.000009  loss: 0.0068 (0.0216)  mae_m_mask: 0.5651 (0.6491)  rmse_m_mask: 0.7709 (0.8289)  normalized_mse_mask: 0.0068 (0.0216)  rmse_m_all: 11.4388 (12.8775)  actual_mask_ratio: 0.0696 (0.0698)  actual_prediction_mask_ratio: 0.2234 (0.2247)  ignored_patch_ratio: 0.0193 (0.0246)  time: 0.1141  data: 0.0001  max mem: 1904
[17:39:40.255750] Epoch: [23]  [ 960/1004]  eta: 0:00:05  lr: 0.000009  loss: 0.0047 (0.0217)  mae_m_mask: 0.6184 (0.6488)  rmse_m_mask: 0.7565 (0.8289)  normalized_mse_mask: 0.0047 (0.0217)  rmse_m_all: 12.4379 (12.8743)  actual_mask_ratio: 0.0694 (0.0698)  actual_prediction_mask_ratio: 0.2285 (0.2247)  ignored_patch_ratio: 0.0266 (0.0246)  time: 0.1127  data: 0.0001  max mem: 1904
[17:39:42.524360] Epoch: [23]  [ 980/1004]  eta: 0:00:02  lr: 0.000009  loss: 0.0239 (0.0222)  mae_m_mask: 0.6353 (0.6486)  rmse_m_mask: 0.8512 (0.8291)  normalized_mse_mask: 0.0239 (0.0222)  rmse_m_all: 11.2325 (12.8421)  actual_mask_ratio: 0.0715 (0.0699)  actual_prediction_mask_ratio: 0.2204 (0.2248)  ignored_patch_ratio: 0.0249 (0.0246)  time: 0.1134  data: 0.0001  max mem: 1904
[17:39:44.803972] Epoch: [23]  [1000/1004]  eta: 0:00:00  lr: 0.000009  loss: 0.0120 (0.0222)  mae_m_mask: 0.5681 (0.6494)  rmse_m_mask: 0.7604 (0.8301)  normalized_mse_mask: 0.0120 (0.0222)  rmse_m_all: 13.4085 (12.8634)  actual_mask_ratio: 0.0669 (0.0698)  actual_prediction_mask_ratio: 0.2137 (0.2247)  ignored_patch_ratio: 0.0215 (0.0246)  time: 0.1139  data: 0.0001  max mem: 1904
[17:39:45.137764] Epoch: [23]  [1003/1004]  eta: 0:00:00  lr: 0.000009  loss: 0.0120 (0.0222)  mae_m_mask: 0.5655 (0.6493)  rmse_m_mask: 0.7604 (0.8301)  normalized_mse_mask: 0.0120 (0.0222)  rmse_m_all: 13.6405 (12.8633)  actual_mask_ratio: 0.0704 (0.0698)  actual_prediction_mask_ratio: 0.2234 (0.2247)  ignored_patch_ratio: 0.0181 (0.0245)  time: 0.1134  data: 0.0006  max mem: 1904
[17:39:45.166652] Epoch: [23] Total time: 0:01:55 (0.1146 s / it)
[17:39:45.168325] Averaged stats: {'lr': 9.092409238764736e-06, 'loss': 0.021988873209316032, 'mae_m_mask': 0.647028920279279, 'rmse_m_mask': 0.8752058765561588, 'normalized_mse_mask': 0.021988873209316032, 'rmse_m_all': 12.863320258984054, 'actual_mask_ratio': 0.06984305906432321, 'actual_prediction_mask_ratio': 0.22474730259690626, 'ignored_patch_ratio': 0.02453055075440274, 'supervised_pixel_count': 19824973.0}
[17:39:45.326298] Val: [23]  [  0/288]  eta: 0:00:44  loss: 0.0292 (0.0292)  mae_m_mask: 0.3533 (0.3533)  rmse_m_mask: 0.4666 (0.4666)  normalized_mse_mask: 0.0292 (0.0292)  rmse_m_all: 5.8038 (5.8038)  actual_mask_ratio: 0.0607 (0.0607)  actual_prediction_mask_ratio: 0.2001 (0.2001)  ignored_patch_ratio: 0.0000 (0.0000)  time: 0.1555  data: 0.0804  max mem: 1904
[17:39:48.921489] Val: [23]  [ 50/288]  eta: 0:00:17  loss: 0.0382 (0.0853)  mae_m_mask: 0.2933 (0.3037)  rmse_m_mask: 0.3750 (0.3714)  normalized_mse_mask: 0.0382 (0.0853)  rmse_m_all: 1.0968 (3.8917)  actual_mask_ratio: 0.0663 (0.0715)  actual_prediction_mask_ratio: 0.2336 (0.2372)  ignored_patch_ratio: 0.0000 (0.0000)  time: 0.0444  data: 0.0001  max mem: 1904
[17:39:53.133297] Val: [23]  [100/288]  eta: 0:00:14  loss: 0.1302 (0.1655)  mae_m_mask: 0.2935 (0.3670)  rmse_m_mask: 0.3568 (0.4433)  normalized_mse_mask: 0.1302 (0.1655)  rmse_m_all: 0.7691 (3.4120)  actual_mask_ratio: 0.0714 (0.0723)  actual_prediction_mask_ratio: 0.2239 (0.2366)  ignored_patch_ratio: 0.0000 (0.0000)  time: 0.0899  data: 0.0001  max mem: 1904
[17:39:57.616260] Val: [23]  [150/288]  eta: 0:00:11  loss: 0.0192 (0.1550)  mae_m_mask: 0.3448 (0.3695)  rmse_m_mask: 0.4046 (0.4428)  normalized_mse_mask: 0.0192 (0.1550)  rmse_m_all: 2.3358 (3.0141)  actual_mask_ratio: 0.0743 (0.0723)  actual_prediction_mask_ratio: 0.2443 (0.2367)  ignored_patch_ratio: 0.0000 (0.0000)  time: 0.0889  data: 0.0001  max mem: 1904
[17:40:02.043092] Val: [23]  [200/288]  eta: 0:00:07  loss: 0.4265 (0.2054)  mae_m_mask: 0.2756 (0.3755)  rmse_m_mask: 0.3479 (0.4550)  normalized_mse_mask: 0.4265 (0.2054)  rmse_m_all: 0.4595 (2.5708)  actual_mask_ratio: 0.0743 (0.0732)  actual_prediction_mask_ratio: 0.2545 (0.2410)  ignored_patch_ratio: 0.0000 (0.0000)  time: 0.0869  data: 0.0001  max mem: 1904
[17:40:06.416405] Val: [23]  [250/288]  eta: 0:00:03  loss: 0.0409 (0.1840)  mae_m_mask: 0.3042 (0.3606)  rmse_m_mask: 0.3721 (0.4366)  normalized_mse_mask: 0.0409 (0.1840)  rmse_m_all: 1.3459 (2.4859)  actual_mask_ratio: 0.0822 (0.0748)  actual_prediction_mask_ratio: 0.2591 (0.2448)  ignored_patch_ratio: 0.0000 (0.0000)  time: 0.0870  data: 0.0001  max mem: 1904
[17:40:09.658690] Val: [23]  [287/288]  eta: 0:00:00  loss: 0.0223 (0.1688)  mae_m_mask: 0.2700 (0.3524)  rmse_m_mask: 0.3259 (0.4271)  normalized_mse_mask: 0.0223 (0.1688)  rmse_m_all: 1.1150 (2.6450)  actual_mask_ratio: 0.0760 (0.0749)  actual_prediction_mask_ratio: 0.2523 (0.2453)  ignored_patch_ratio: 0.0000 (0.0000)  time: 0.0872  data: 0.0001  max mem: 1904
[17:40:09.688530] Val: [23] Total time: 0:00:24 (0.0851 s / it)
[17:40:09.691451] val stats: {'loss': 0.16185824709407887, 'mae_m_mask': 0.35617056017555604, 'rmse_m_mask': 0.4897678946953272, 'normalized_mse_mask': 0.16185824709407887, 'rmse_m_all': 2.644969903967447, 'actual_mask_ratio': 0.07494737871456891, 'actual_prediction_mask_ratio': 0.24532247381284833, 'ignored_patch_ratio': 0.0, 'supervised_pixel_count': 5936124.0}
[17:40:13.681879] log_dir: /tank/data/SFS/xinyis/data/bathymetry/MAE-Topography/Downstream_Task_Bathy/cross_validation_v5_Stage2NormMSE_MeterSelect/runs/holdout_CO_D004Stage2NormMSE_MeterSelect_D001NoDataSafe/train_stage2_normMSE_meterSelect_CO_UpperColorado_Topobathy_1_2020_fromStage1Best_e120_lr1e-5_b4_acc4/tb
[17:40:13.884809] Epoch: [24]  [   0/1004]  eta: 0:03:23  lr: 0.000009  loss: 0.0183 (0.0183)  mae_m_mask: 0.4865 (0.4865)  rmse_m_mask: 0.6486 (0.6486)  normalized_mse_mask: 0.0183 (0.0183)  rmse_m_all: 13.3316 (13.3316)  actual_mask_ratio: 0.0805 (0.0805)  actual_prediction_mask_ratio: 0.2642 (0.2642)  ignored_patch_ratio: 0.0000 (0.0000)  time: 0.2023  data: 0.0839  max mem: 1904
[17:40:16.223164] Epoch: [24]  [  20/1004]  eta: 0:01:59  lr: 0.000009  loss: 0.0027 (0.0098)  mae_m_mask: 0.6350 (0.7049)  rmse_m_mask: 0.7141 (0.8762)  normalized_mse_mask: 0.0027 (0.0098)  rmse_m_all: 13.5228 (13.4683)  actual_mask_ratio: 0.0697 (0.0688)  actual_prediction_mask_ratio: 0.2231 (0.2241)  ignored_patch_ratio: 0.0272 (0.0242)  time: 0.1169  data: 0.0001  max mem: 1904
[17:40:18.477251] Epoch: [24]  [  40/1004]  eta: 0:01:52  lr: 0.000009  loss: 0.0234 (0.0251)  mae_m_mask: 0.5810 (0.6665)  rmse_m_mask: 0.7192 (0.8464)  normalized_mse_mask: 0.0234 (0.0251)  rmse_m_all: 12.5160 (13.4568)  actual_mask_ratio: 0.0695 (0.0689)  actual_prediction_mask_ratio: 0.2147 (0.2209)  ignored_patch_ratio: 0.0227 (0.0259)  time: 0.1127  data: 0.0001  max mem: 1904
[17:40:20.761577] Epoch: [24]  [  60/1004]  eta: 0:01:49  lr: 0.000009  loss: 0.0043 (0.0198)  mae_m_mask: 0.5217 (0.6487)  rmse_m_mask: 0.6833 (0.8193)  normalized_mse_mask: 0.0043 (0.0198)  rmse_m_all: 12.2747 (13.1327)  actual_mask_ratio: 0.0675 (0.0682)  actual_prediction_mask_ratio: 0.2157 (0.2189)  ignored_patch_ratio: 0.0232 (0.0255)  time: 0.1142  data: 0.0001  max mem: 1904
[17:40:23.078834] Epoch: [24]  [  80/1004]  eta: 0:01:47  lr: 0.000009  loss: 0.0013 (0.0177)  mae_m_mask: 0.5930 (0.6638)  rmse_m_mask: 0.7680 (0.8333)  normalized_mse_mask: 0.0013 (0.0177)  rmse_m_all: 14.4245 (13.2336)  actual_mask_ratio: 0.0708 (0.0687)  actual_prediction_mask_ratio: 0.2257 (0.2203)  ignored_patch_ratio: 0.0312 (0.0271)  time: 0.1158  data: 0.0001  max mem: 1904
[17:40:25.341793] Epoch: [24]  [ 100/1004]  eta: 0:01:44  lr: 0.000009  loss: 0.0060 (0.0197)  mae_m_mask: 0.6476 (0.6615)  rmse_m_mask: 0.8122 (0.8280)  normalized_mse_mask: 0.0060 (0.0197)  rmse_m_all: 13.2600 (13.2256)  actual_mask_ratio: 0.0704 (0.0689)  actual_prediction_mask_ratio: 0.2200 (0.2201)  ignored_patch_ratio: 0.0255 (0.0272)  time: 0.1131  data: 0.0001  max mem: 1904
[17:40:27.566554] Epoch: [24]  [ 120/1004]  eta: 0:01:41  lr: 0.000009  loss: 0.0046 (0.0200)  mae_m_mask: 0.5895 (0.6509)  rmse_m_mask: 0.7749 (0.8184)  normalized_mse_mask: 0.0046 (0.0200)  rmse_m_all: 11.2628 (13.0545)  actual_mask_ratio: 0.0702 (0.0691)  actual_prediction_mask_ratio: 0.2284 (0.2210)  ignored_patch_ratio: 0.0221 (0.0270)  time: 0.1112  data: 0.0001  max mem: 1904
[17:40:29.814954] Epoch: [24]  [ 140/1004]  eta: 0:01:38  lr: 0.000009  loss: 0.0044 (0.0205)  mae_m_mask: 0.7490 (0.6705)  rmse_m_mask: 0.9340 (0.8440)  normalized_mse_mask: 0.0044 (0.0205)  rmse_m_all: 10.2310 (12.7178)  actual_mask_ratio: 0.0663 (0.0690)  actual_prediction_mask_ratio: 0.2192 (0.2211)  ignored_patch_ratio: 0.0153 (0.0264)  time: 0.1124  data: 0.0017  max mem: 1904
[17:40:32.065496] Epoch: [24]  [ 160/1004]  eta: 0:01:36  lr: 0.000009  loss: 0.0062 (0.0201)  mae_m_mask: 0.7416 (0.6772)  rmse_m_mask: 0.8353 (0.8535)  normalized_mse_mask: 0.0062 (0.0201)  rmse_m_all: 14.5477 (12.8248)  actual_mask_ratio: 0.0690 (0.0690)  actual_prediction_mask_ratio: 0.2178 (0.2207)  ignored_patch_ratio: 0.0261 (0.0264)  time: 0.1125  data: 0.0001  max mem: 1904
[17:40:34.345241] Epoch: [24]  [ 180/1004]  eta: 0:01:34  lr: 0.000009  loss: 0.0085 (0.0198)  mae_m_mask: 0.5344 (0.6615)  rmse_m_mask: 0.6852 (0.8391)  normalized_mse_mask: 0.0085 (0.0198)  rmse_m_all: 13.2242 (12.8860)  actual_mask_ratio: 0.0686 (0.0689)  actual_prediction_mask_ratio: 0.2213 (0.2204)  ignored_patch_ratio: 0.0142 (0.0255)  time: 0.1140  data: 0.0001  max mem: 1904
[17:40:36.022865] Epoch: [24]  [ 200/1004]  eta: 0:01:29  lr: 0.000009  loss: 0.0045 (0.0205)  mae_m_mask: 0.6474 (0.6656)  rmse_m_mask: 0.7596 (0.8439)  normalized_mse_mask: 0.0045 (0.0205)  rmse_m_all: 11.9096 (12.9096)  actual_mask_ratio: 0.0708 (0.0690)  actual_prediction_mask_ratio: 0.2305 (0.2213)  ignored_patch_ratio: 0.0198 (0.0253)  time: 0.0838  data: 0.0001  max mem: 1904
[17:40:38.906963] Epoch: [24]  [ 220/1004]  eta: 0:01:29  lr: 0.000009  loss: 0.0037 (0.0200)  mae_m_mask: 0.7562 (0.6883)  rmse_m_mask: 1.0109 (0.8700)  normalized_mse_mask: 0.0037 (0.0200)  rmse_m_all: 13.2905 (13.0042)  actual_mask_ratio: 0.0695 (0.0691)  actual_prediction_mask_ratio: 0.2245 (0.2214)  ignored_patch_ratio: 0.0193 (0.0251)  time: 0.1442  data: 0.0500  max mem: 1904
[17:40:41.076657] Epoch: [24]  [ 240/1004]  eta: 0:01:26  lr: 0.000009  loss: 0.0039 (0.0196)  mae_m_mask: 0.6366 (0.6870)  rmse_m_mask: 0.7824 (0.8688)  normalized_mse_mask: 0.0039 (0.0196)  rmse_m_all: 12.0428 (13.0078)  actual_mask_ratio: 0.0726 (0.0693)  actual_prediction_mask_ratio: 0.2332 (0.2223)  ignored_patch_ratio: 0.0221 (0.0252)  time: 0.1084  data: 0.0001  max mem: 1904
[17:40:43.372037] Epoch: [24]  [ 260/1004]  eta: 0:01:24  lr: 0.000009  loss: 0.0011 (0.0201)  mae_m_mask: 0.5969 (0.6860)  rmse_m_mask: 0.7696 (0.8670)  normalized_mse_mask: 0.0011 (0.0201)  rmse_m_all: 15.3868 (13.1276)  actual_mask_ratio: 0.0697 (0.0694)  actual_prediction_mask_ratio: 0.2251 (0.2228)  ignored_patch_ratio: 0.0244 (0.0252)  time: 0.1147  data: 0.0001  max mem: 1904
[17:40:48.332338] Epoch: [24]  [ 280/1004]  eta: 0:01:29  lr: 0.000009  loss: 0.0040 (0.0199)  mae_m_mask: 0.6538 (0.6832)  rmse_m_mask: 0.8638 (0.8645)  normalized_mse_mask: 0.0040 (0.0199)  rmse_m_all: 11.3116 (13.0403)  actual_mask_ratio: 0.0699 (0.0695)  actual_prediction_mask_ratio: 0.2183 (0.2228)  ignored_patch_ratio: 0.0198 (0.0249)  time: 0.2480  data: 0.1745  max mem: 1904
[17:40:50.880883] Epoch: [24]  [ 300/1004]  eta: 0:01:26  lr: 0.000009  loss: 0.0029 (0.0198)  mae_m_mask: 0.5780 (0.6805)  rmse_m_mask: 0.8014 (0.8618)  normalized_mse_mask: 0.0029 (0.0198)  rmse_m_all: 13.2957 (13.0438)  actual_mask_ratio: 0.0708 (0.0696)  actual_prediction_mask_ratio: 0.2345 (0.2234)  ignored_patch_ratio: 0.0176 (0.0248)  time: 0.1274  data: 0.0139  max mem: 1904
[17:40:53.193913] Epoch: [24]  [ 320/1004]  eta: 0:01:24  lr: 0.000009  loss: 0.0048 (0.0201)  mae_m_mask: 0.6869 (0.6811)  rmse_m_mask: 0.8986 (0.8639)  normalized_mse_mask: 0.0048 (0.0201)  rmse_m_all: 12.5605 (13.0582)  actual_mask_ratio: 0.0676 (0.0695)  actual_prediction_mask_ratio: 0.2147 (0.2227)  ignored_patch_ratio: 0.0238 (0.0247)  time: 0.1156  data: 0.0001  max mem: 1904
[17:40:55.509232] Epoch: [24]  [ 340/1004]  eta: 0:01:21  lr: 0.000009  loss: 0.0064 (0.0206)  mae_m_mask: 0.6447 (0.6782)  rmse_m_mask: 0.8437 (0.8616)  normalized_mse_mask: 0.0064 (0.0206)  rmse_m_all: 11.3583 (12.9916)  actual_mask_ratio: 0.0691 (0.0695)  actual_prediction_mask_ratio: 0.2287 (0.2228)  ignored_patch_ratio: 0.0244 (0.0247)  time: 0.1157  data: 0.0001  max mem: 1904
[17:40:57.821903] Epoch: [24]  [ 360/1004]  eta: 0:01:18  lr: 0.000009  loss: 0.0112 (0.0205)  mae_m_mask: 0.5247 (0.6723)  rmse_m_mask: 0.6998 (0.8563)  normalized_mse_mask: 0.0112 (0.0205)  rmse_m_all: 12.9550 (12.9483)  actual_mask_ratio: 0.0679 (0.0695)  actual_prediction_mask_ratio: 0.2223 (0.2229)  ignored_patch_ratio: 0.0283 (0.0249)  time: 0.1156  data: 0.0001  max mem: 1904
[17:41:00.134123] Epoch: [24]  [ 380/1004]  eta: 0:01:16  lr: 0.000009  loss: 0.0029 (0.0209)  mae_m_mask: 0.6081 (0.6685)  rmse_m_mask: 0.8061 (0.8532)  normalized_mse_mask: 0.0029 (0.0209)  rmse_m_all: 12.6235 (12.9196)  actual_mask_ratio: 0.0701 (0.0695)  actual_prediction_mask_ratio: 0.2238 (0.2232)  ignored_patch_ratio: 0.0176 (0.0248)  time: 0.1156  data: 0.0001  max mem: 1904
[17:41:02.449643] Epoch: [24]  [ 400/1004]  eta: 0:01:13  lr: 0.000009  loss: 0.0159 (0.0218)  mae_m_mask: 0.8251 (0.6795)  rmse_m_mask: 0.9910 (0.8698)  normalized_mse_mask: 0.0159 (0.0218)  rmse_m_all: 13.4407 (12.9146)  actual_mask_ratio: 0.0686 (0.0695)  actual_prediction_mask_ratio: 0.2309 (0.2232)  ignored_patch_ratio: 0.0255 (0.0250)  time: 0.1157  data: 0.0001  max mem: 1904
[17:41:04.759835] Epoch: [24]  [ 420/1004]  eta: 0:01:10  lr: 0.000009  loss: 0.0053 (0.0213)  mae_m_mask: 0.6160 (0.6761)  rmse_m_mask: 0.7352 (0.8647)  normalized_mse_mask: 0.0053 (0.0213)  rmse_m_all: 13.2398 (12.9274)  actual_mask_ratio: 0.0691 (0.0695)  actual_prediction_mask_ratio: 0.2254 (0.2233)  ignored_patch_ratio: 0.0204 (0.0249)  time: 0.1155  data: 0.0001  max mem: 1904
[17:41:07.075285] Epoch: [24]  [ 440/1004]  eta: 0:01:08  lr: 0.000009  loss: 0.0050 (0.0217)  mae_m_mask: 0.5542 (0.6738)  rmse_m_mask: 0.7892 (0.8611)  normalized_mse_mask: 0.0050 (0.0217)  rmse_m_all: 13.8662 (12.9652)  actual_mask_ratio: 0.0670 (0.0695)  actual_prediction_mask_ratio: 0.2235 (0.2232)  ignored_patch_ratio: 0.0261 (0.0251)  time: 0.1157  data: 0.0001  max mem: 1904
[17:41:09.394567] Epoch: [24]  [ 460/1004]  eta: 0:01:05  lr: 0.000009  loss: 0.0080 (0.0226)  mae_m_mask: 0.6866 (0.6762)  rmse_m_mask: 0.8853 (0.8642)  normalized_mse_mask: 0.0080 (0.0226)  rmse_m_all: 13.2160 (12.9896)  actual_mask_ratio: 0.0696 (0.0695)  actual_prediction_mask_ratio: 0.2228 (0.2232)  ignored_patch_ratio: 0.0227 (0.0251)  time: 0.1159  data: 0.0001  max mem: 1904
[17:41:11.708477] Epoch: [24]  [ 480/1004]  eta: 0:01:03  lr: 0.000009  loss: 0.0016 (0.0224)  mae_m_mask: 0.6012 (0.6737)  rmse_m_mask: 0.7416 (0.8606)  normalized_mse_mask: 0.0016 (0.0224)  rmse_m_all: 13.5389 (12.9845)  actual_mask_ratio: 0.0699 (0.0695)  actual_prediction_mask_ratio: 0.2297 (0.2233)  ignored_patch_ratio: 0.0210 (0.0251)  time: 0.1156  data: 0.0001  max mem: 1904
[17:41:14.023895] Epoch: [24]  [ 500/1004]  eta: 0:01:00  lr: 0.000009  loss: 0.0078 (0.0221)  mae_m_mask: 0.6376 (0.6758)  rmse_m_mask: 0.7820 (0.8629)  normalized_mse_mask: 0.0078 (0.0221)  rmse_m_all: 11.6343 (12.9848)  actual_mask_ratio: 0.0689 (0.0695)  actual_prediction_mask_ratio: 0.2212 (0.2233)  ignored_patch_ratio: 0.0210 (0.0253)  time: 0.1157  data: 0.0001  max mem: 1904
[17:41:16.333263] Epoch: [24]  [ 520/1004]  eta: 0:00:58  lr: 0.000009  loss: 0.0026 (0.0218)  mae_m_mask: 0.5164 (0.6733)  rmse_m_mask: 0.6843 (0.8598)  normalized_mse_mask: 0.0026 (0.0218)  rmse_m_all: 10.8408 (12.9646)  actual_mask_ratio: 0.0666 (0.0694)  actual_prediction_mask_ratio: 0.2184 (0.2233)  ignored_patch_ratio: 0.0181 (0.0251)  time: 0.1154  data: 0.0001  max mem: 1904
[17:41:18.646436] Epoch: [24]  [ 540/1004]  eta: 0:00:55  lr: 0.000009  loss: 0.0015 (0.0218)  mae_m_mask: 0.6360 (0.6730)  rmse_m_mask: 0.7819 (0.8584)  normalized_mse_mask: 0.0015 (0.0218)  rmse_m_all: 12.6416 (12.9716)  actual_mask_ratio: 0.0698 (0.0695)  actual_prediction_mask_ratio: 0.2239 (0.2235)  ignored_patch_ratio: 0.0193 (0.0251)  time: 0.1156  data: 0.0001  max mem: 1904
[17:41:20.836825] Epoch: [24]  [ 560/1004]  eta: 0:00:53  lr: 0.000009  loss: 0.0044 (0.0217)  mae_m_mask: 0.6195 (0.6747)  rmse_m_mask: 0.7999 (0.8606)  normalized_mse_mask: 0.0044 (0.0217)  rmse_m_all: 13.1664 (13.0036)  actual_mask_ratio: 0.0681 (0.0694)  actual_prediction_mask_ratio: 0.2229 (0.2234)  ignored_patch_ratio: 0.0147 (0.0250)  time: 0.1095  data: 0.0001  max mem: 1904
[17:41:23.100354] Epoch: [24]  [ 580/1004]  eta: 0:00:50  lr: 0.000009  loss: 0.0027 (0.0213)  mae_m_mask: 0.4620 (0.6709)  rmse_m_mask: 0.5955 (0.8560)  normalized_mse_mask: 0.0027 (0.0213)  rmse_m_all: 11.8722 (12.9856)  actual_mask_ratio: 0.0703 (0.0695)  actual_prediction_mask_ratio: 0.2239 (0.2234)  ignored_patch_ratio: 0.0261 (0.0250)  time: 0.1131  data: 0.0001  max mem: 1904
[17:41:25.372734] Epoch: [24]  [ 600/1004]  eta: 0:00:48  lr: 0.000009  loss: 0.0054 (0.0216)  mae_m_mask: 0.5568 (0.6681)  rmse_m_mask: 0.6914 (0.8528)  normalized_mse_mask: 0.0054 (0.0216)  rmse_m_all: 11.6302 (12.9328)  actual_mask_ratio: 0.0684 (0.0695)  actual_prediction_mask_ratio: 0.2174 (0.2233)  ignored_patch_ratio: 0.0159 (0.0248)  time: 0.1136  data: 0.0001  max mem: 1904
[17:41:27.640975] Epoch: [24]  [ 620/1004]  eta: 0:00:45  lr: 0.000009  loss: 0.0035 (0.0220)  mae_m_mask: 0.6524 (0.6689)  rmse_m_mask: 0.7950 (0.8538)  normalized_mse_mask: 0.0035 (0.0220)  rmse_m_all: 13.2658 (12.9326)  actual_mask_ratio: 0.0733 (0.0696)  actual_prediction_mask_ratio: 0.2268 (0.2234)  ignored_patch_ratio: 0.0249 (0.0250)  time: 0.1134  data: 0.0001  max mem: 1904
[17:41:29.902590] Epoch: [24]  [ 640/1004]  eta: 0:00:43  lr: 0.000009  loss: 0.0096 (0.0224)  mae_m_mask: 0.5394 (0.6657)  rmse_m_mask: 0.6680 (0.8502)  normalized_mse_mask: 0.0096 (0.0224)  rmse_m_all: 11.8147 (12.8962)  actual_mask_ratio: 0.0709 (0.0695)  actual_prediction_mask_ratio: 0.2234 (0.2234)  ignored_patch_ratio: 0.0232 (0.0249)  time: 0.1130  data: 0.0001  max mem: 1904
[17:41:32.147346] Epoch: [24]  [ 660/1004]  eta: 0:00:40  lr: 0.000009  loss: 0.0041 (0.0223)  mae_m_mask: 0.5525 (0.6636)  rmse_m_mask: 0.6955 (0.8471)  normalized_mse_mask: 0.0041 (0.0223)  rmse_m_all: 12.3662 (12.9091)  actual_mask_ratio: 0.0706 (0.0696)  actual_prediction_mask_ratio: 0.2250 (0.2236)  ignored_patch_ratio: 0.0210 (0.0250)  time: 0.1122  data: 0.0001  max mem: 1904
[17:41:34.365623] Epoch: [24]  [ 680/1004]  eta: 0:00:38  lr: 0.000009  loss: 0.0012 (0.0221)  mae_m_mask: 0.6309 (0.6629)  rmse_m_mask: 0.7913 (0.8464)  normalized_mse_mask: 0.0012 (0.0221)  rmse_m_all: 13.0866 (12.9458)  actual_mask_ratio: 0.0699 (0.0695)  actual_prediction_mask_ratio: 0.2207 (0.2235)  ignored_patch_ratio: 0.0266 (0.0251)  time: 0.1109  data: 0.0001  max mem: 1904
[17:41:36.594653] Epoch: [24]  [ 700/1004]  eta: 0:00:35  lr: 0.000009  loss: 0.0035 (0.0220)  mae_m_mask: 0.5545 (0.6602)  rmse_m_mask: 0.6728 (0.8435)  normalized_mse_mask: 0.0035 (0.0220)  rmse_m_all: 11.8294 (12.8977)  actual_mask_ratio: 0.0684 (0.0695)  actual_prediction_mask_ratio: 0.2261 (0.2236)  ignored_patch_ratio: 0.0244 (0.0251)  time: 0.1114  data: 0.0001  max mem: 1904
[17:41:38.905601] Epoch: [24]  [ 720/1004]  eta: 0:00:33  lr: 0.000009  loss: 0.0063 (0.0217)  mae_m_mask: 0.6177 (0.6611)  rmse_m_mask: 0.8813 (0.8443)  normalized_mse_mask: 0.0063 (0.0217)  rmse_m_all: 12.7889 (12.9060)  actual_mask_ratio: 0.0726 (0.0696)  actual_prediction_mask_ratio: 0.2322 (0.2238)  ignored_patch_ratio: 0.0164 (0.0249)  time: 0.1155  data: 0.0001  max mem: 1904
[17:41:41.159004] Epoch: [24]  [ 740/1004]  eta: 0:00:31  lr: 0.000009  loss: 0.0078 (0.0216)  mae_m_mask: 0.6425 (0.6616)  rmse_m_mask: 0.8683 (0.8454)  normalized_mse_mask: 0.0078 (0.0216)  rmse_m_all: 11.8239 (12.9059)  actual_mask_ratio: 0.0706 (0.0696)  actual_prediction_mask_ratio: 0.2300 (0.2240)  ignored_patch_ratio: 0.0215 (0.0249)  time: 0.1126  data: 0.0001  max mem: 1904
[17:41:43.416029] Epoch: [24]  [ 760/1004]  eta: 0:00:28  lr: 0.000009  loss: 0.0043 (0.0225)  mae_m_mask: 0.5522 (0.6602)  rmse_m_mask: 0.7664 (0.8442)  normalized_mse_mask: 0.0043 (0.0225)  rmse_m_all: 13.0112 (12.9118)  actual_mask_ratio: 0.0687 (0.0696)  actual_prediction_mask_ratio: 0.2285 (0.2241)  ignored_patch_ratio: 0.0187 (0.0248)  time: 0.1128  data: 0.0001  max mem: 1904
[17:41:45.680056] Epoch: [24]  [ 780/1004]  eta: 0:00:26  lr: 0.000009  loss: 0.0038 (0.0221)  mae_m_mask: 0.6902 (0.6611)  rmse_m_mask: 0.8101 (0.8445)  normalized_mse_mask: 0.0038 (0.0221)  rmse_m_all: 13.2755 (12.9381)  actual_mask_ratio: 0.0713 (0.0696)  actual_prediction_mask_ratio: 0.2187 (0.2240)  ignored_patch_ratio: 0.0323 (0.0250)  time: 0.1132  data: 0.0001  max mem: 1904
[17:41:47.992341] Epoch: [24]  [ 800/1004]  eta: 0:00:24  lr: 0.000009  loss: 0.0036 (0.0219)  mae_m_mask: 0.6701 (0.6626)  rmse_m_mask: 0.8520 (0.8457)  normalized_mse_mask: 0.0036 (0.0219)  rmse_m_all: 12.4912 (12.9305)  actual_mask_ratio: 0.0690 (0.0696)  actual_prediction_mask_ratio: 0.2273 (0.2241)  ignored_patch_ratio: 0.0227 (0.0250)  time: 0.1156  data: 0.0001  max mem: 1904
[17:41:50.249352] Epoch: [24]  [ 820/1004]  eta: 0:00:21  lr: 0.000009  loss: 0.0095 (0.0220)  mae_m_mask: 0.6937 (0.6643)  rmse_m_mask: 0.9681 (0.8482)  normalized_mse_mask: 0.0095 (0.0220)  rmse_m_all: 11.9092 (12.9243)  actual_mask_ratio: 0.0701 (0.0696)  actual_prediction_mask_ratio: 0.2325 (0.2242)  ignored_patch_ratio: 0.0215 (0.0250)  time: 0.1128  data: 0.0001  max mem: 1904
[17:41:52.542899] Epoch: [24]  [ 840/1004]  eta: 0:00:19  lr: 0.000009  loss: 0.0036 (0.0219)  mae_m_mask: 0.6266 (0.6657)  rmse_m_mask: 0.9064 (0.8509)  normalized_mse_mask: 0.0036 (0.0219)  rmse_m_all: 12.5949 (12.9079)  actual_mask_ratio: 0.0706 (0.0697)  actual_prediction_mask_ratio: 0.2238 (0.2243)  ignored_patch_ratio: 0.0147 (0.0249)  time: 0.1146  data: 0.0001  max mem: 1904
[17:41:54.797384] Epoch: [24]  [ 860/1004]  eta: 0:00:16  lr: 0.000009  loss: 0.0027 (0.0219)  mae_m_mask: 0.6318 (0.6647)  rmse_m_mask: 0.8136 (0.8501)  normalized_mse_mask: 0.0027 (0.0219)  rmse_m_all: 12.7921 (12.9017)  actual_mask_ratio: 0.0694 (0.0697)  actual_prediction_mask_ratio: 0.2264 (0.2244)  ignored_patch_ratio: 0.0210 (0.0249)  time: 0.1127  data: 0.0001  max mem: 1904
[17:41:57.066350] Epoch: [24]  [ 880/1004]  eta: 0:00:14  lr: 0.000009  loss: 0.0097 (0.0222)  mae_m_mask: 0.5595 (0.6622)  rmse_m_mask: 0.7212 (0.8469)  normalized_mse_mask: 0.0097 (0.0222)  rmse_m_all: 11.7541 (12.8913)  actual_mask_ratio: 0.0722 (0.0697)  actual_prediction_mask_ratio: 0.2305 (0.2245)  ignored_patch_ratio: 0.0142 (0.0247)  time: 0.1134  data: 0.0001  max mem: 1904
[17:41:59.324814] Epoch: [24]  [ 900/1004]  eta: 0:00:12  lr: 0.000009  loss: 0.0127 (0.0221)  mae_m_mask: 0.6509 (0.6626)  rmse_m_mask: 0.7654 (0.8473)  normalized_mse_mask: 0.0127 (0.0221)  rmse_m_all: 13.7950 (12.9183)  actual_mask_ratio: 0.0700 (0.0698)  actual_prediction_mask_ratio: 0.2270 (0.2246)  ignored_patch_ratio: 0.0283 (0.0248)  time: 0.1129  data: 0.0001  max mem: 1904
[17:42:01.594834] Epoch: [24]  [ 920/1004]  eta: 0:00:09  lr: 0.000009  loss: 0.0044 (0.0222)  mae_m_mask: 0.6348 (0.6627)  rmse_m_mask: 0.8208 (0.8468)  normalized_mse_mask: 0.0044 (0.0222)  rmse_m_all: 10.7897 (12.8850)  actual_mask_ratio: 0.0691 (0.0698)  actual_prediction_mask_ratio: 0.2269 (0.2246)  ignored_patch_ratio: 0.0170 (0.0247)  time: 0.1135  data: 0.0001  max mem: 1904
[17:42:03.827847] Epoch: [24]  [ 940/1004]  eta: 0:00:07  lr: 0.000009  loss: 0.0033 (0.0221)  mae_m_mask: 0.5519 (0.6609)  rmse_m_mask: 0.7269 (0.8447)  normalized_mse_mask: 0.0033 (0.0221)  rmse_m_all: 13.1110 (12.8728)  actual_mask_ratio: 0.0686 (0.0698)  actual_prediction_mask_ratio: 0.2289 (0.2246)  ignored_patch_ratio: 0.0283 (0.0248)  time: 0.1116  data: 0.0001  max mem: 1904
[17:42:06.016840] Epoch: [24]  [ 960/1004]  eta: 0:00:05  lr: 0.000009  loss: 0.0031 (0.0219)  mae_m_mask: 0.6819 (0.6615)  rmse_m_mask: 0.9056 (0.8455)  normalized_mse_mask: 0.0031 (0.0219)  rmse_m_all: 12.4458 (12.8754)  actual_mask_ratio: 0.0723 (0.0699)  actual_prediction_mask_ratio: 0.2304 (0.2248)  ignored_patch_ratio: 0.0181 (0.0247)  time: 0.1094  data: 0.0001  max mem: 1904
[17:42:08.553158] Epoch: [24]  [ 980/1004]  eta: 0:00:02  lr: 0.000009  loss: 0.0076 (0.0220)  mae_m_mask: 0.5999 (0.6623)  rmse_m_mask: 0.7511 (0.8458)  normalized_mse_mask: 0.0076 (0.0220)  rmse_m_all: 10.6943 (12.8559)  actual_mask_ratio: 0.0704 (0.0699)  actual_prediction_mask_ratio: 0.2262 (0.2248)  ignored_patch_ratio: 0.0187 (0.0247)  time: 0.1268  data: 0.0493  max mem: 1904
[17:42:10.581020] Epoch: [24]  [1000/1004]  eta: 0:00:00  lr: 0.000009  loss: 0.0108 (0.0225)  mae_m_mask: 0.5503 (0.6604)  rmse_m_mask: 0.7382 (0.8438)  normalized_mse_mask: 0.0108 (0.0225)  rmse_m_all: 11.9275 (12.8416)  actual_mask_ratio: 0.0695 (0.0699)  actual_prediction_mask_ratio: 0.2187 (0.2248)  ignored_patch_ratio: 0.0113 (0.0246)  time: 0.1014  data: 0.0001  max mem: 1904
[17:42:10.934723] Epoch: [24]  [1003/1004]  eta: 0:00:00  lr: 0.000009  loss: 0.0074 (0.0225)  mae_m_mask: 0.5503 (0.6608)  rmse_m_mask: 0.7382 (0.8442)  normalized_mse_mask: 0.0074 (0.0225)  rmse_m_all: 11.9275 (12.8422)  actual_mask_ratio: 0.0695 (0.0698)  actual_prediction_mask_ratio: 0.2227 (0.2248)  ignored_patch_ratio: 0.0147 (0.0245)  time: 0.1070  data: 0.0001  max mem: 1904
[17:42:10.997400] Epoch: [24] Total time: 0:01:57 (0.1168 s / it)
[17:42:10.999271] Averaged stats: {'lr': 9.016247556103544e-06, 'loss': 0.022036258716568075, 'mae_m_mask': 0.6589968167852494, 'rmse_m_mask': 0.8923803873899682, 'normalized_mse_mask': 0.022036258716568075, 'rmse_m_all': 12.842195774691989, 'actual_mask_ratio': 0.06984759204134167, 'actual_prediction_mask_ratio': 0.22476621044881315, 'ignored_patch_ratio': 0.024530550516934035, 'supervised_pixel_count': 19824973.0}
[17:42:11.171587] Val: [24]  [  0/288]  eta: 0:00:48  loss: 0.0276 (0.0276)  mae_m_mask: 0.3422 (0.3422)  rmse_m_mask: 0.4483 (0.4483)  normalized_mse_mask: 0.0276 (0.0276)  rmse_m_all: 5.8878 (5.8878)  actual_mask_ratio: 0.0607 (0.0607)  actual_prediction_mask_ratio: 0.2001 (0.2001)  ignored_patch_ratio: 0.0000 (0.0000)  time: 0.1696  data: 0.0773  max mem: 1904
[17:42:15.658109] Val: [24]  [ 50/288]  eta: 0:00:21  loss: 0.0641 (0.0940)  mae_m_mask: 0.3249 (0.3237)  rmse_m_mask: 0.3924 (0.3920)  normalized_mse_mask: 0.0641 (0.0940)  rmse_m_all: 1.1018 (3.9375)  actual_mask_ratio: 0.0663 (0.0715)  actual_prediction_mask_ratio: 0.2336 (0.2372)  ignored_patch_ratio: 0.0000 (0.0000)  time: 0.0899  data: 0.0001  max mem: 1904
[17:42:20.211279] Val: [24]  [100/288]  eta: 0:00:17  loss: 0.1652 (0.1716)  mae_m_mask: 0.3119 (0.3898)  rmse_m_mask: 0.3719 (0.4663)  normalized_mse_mask: 0.1652 (0.1716)  rmse_m_all: 0.7707 (3.4482)  actual_mask_ratio: 0.0714 (0.0723)  actual_prediction_mask_ratio: 0.2239 (0.2366)  ignored_patch_ratio: 0.0000 (0.0000)  time: 0.0897  data: 0.0001  max mem: 1904
[17:42:24.698367] Val: [24]  [150/288]  eta: 0:00:12  loss: 0.0186 (0.1678)  mae_m_mask: 0.4793 (0.4018)  rmse_m_mask: 0.5318 (0.4761)  normalized_mse_mask: 0.0186 (0.1678)  rmse_m_all: 2.3637 (3.0424)  actual_mask_ratio: 0.0743 (0.0723)  actual_prediction_mask_ratio: 0.2443 (0.2367)  ignored_patch_ratio: 0.0000 (0.0000)  time: 0.0898  data: 0.0001  max mem: 1904
[17:42:29.196157] Val: [24]  [200/288]  eta: 0:00:07  loss: 0.3973 (0.2084)  mae_m_mask: 0.2923 (0.3977)  rmse_m_mask: 0.3334 (0.4773)  normalized_mse_mask: 0.3973 (0.2084)  rmse_m_all: 0.4548 (2.5933)  actual_mask_ratio: 0.0743 (0.0732)  actual_prediction_mask_ratio: 0.2545 (0.2410)  ignored_patch_ratio: 0.0000 (0.0000)  time: 0.0903  data: 0.0001  max mem: 1904
[17:42:33.743765] Val: [24]  [250/288]  eta: 0:00:03  loss: 0.0573 (0.1898)  mae_m_mask: 0.3107 (0.3821)  rmse_m_mask: 0.3731 (0.4587)  normalized_mse_mask: 0.0573 (0.1898)  rmse_m_all: 1.3611 (2.5088)  actual_mask_ratio: 0.0822 (0.0748)  actual_prediction_mask_ratio: 0.2591 (0.2448)  ignored_patch_ratio: 0.0000 (0.0000)  time: 0.0912  data: 0.0001  max mem: 1904
[17:42:37.080316] Val: [24]  [287/288]  eta: 0:00:00  loss: 0.0258 (0.1750)  mae_m_mask: 0.2888 (0.3728)  rmse_m_mask: 0.3387 (0.4478)  normalized_mse_mask: 0.0258 (0.1750)  rmse_m_all: 1.1289 (2.6702)  actual_mask_ratio: 0.0760 (0.0749)  actual_prediction_mask_ratio: 0.2523 (0.2453)  ignored_patch_ratio: 0.0000 (0.0000)  time: 0.0895  data: 0.0001  max mem: 1904
[17:42:37.102100] Val: [24] Total time: 0:00:26 (0.0906 s / it)
[17:42:37.103230] val stats: {'loss': 0.16811364242182927, 'mae_m_mask': 0.3794503495928264, 'rmse_m_mask': 0.5223666420888579, 'normalized_mse_mask': 0.16811364242182927, 'rmse_m_all': 2.670236678690546, 'actual_mask_ratio': 0.07494737871456891, 'actual_prediction_mask_ratio': 0.24532247381284833, 'ignored_patch_ratio': 0.0, 'supervised_pixel_count': 5936124.0}
[17:42:41.549537] log_dir: /tank/data/SFS/xinyis/data/bathymetry/MAE-Topography/Downstream_Task_Bathy/cross_validation_v5_Stage2NormMSE_MeterSelect/runs/holdout_CO_D004Stage2NormMSE_MeterSelect_D001NoDataSafe/train_stage2_normMSE_meterSelect_CO_UpperColorado_Topobathy_1_2020_fromStage1Best_e120_lr1e-5_b4_acc4/tb
[17:42:41.746477] Epoch: [25]  [   0/1004]  eta: 0:03:17  lr: 0.000009  loss: 0.0171 (0.0171)  mae_m_mask: 0.8082 (0.8082)  rmse_m_mask: 1.0609 (1.0609)  normalized_mse_mask: 0.0171 (0.0171)  rmse_m_all: 12.4283 (12.4283)  actual_mask_ratio: 0.0728 (0.0728)  actual_prediction_mask_ratio: 0.2214 (0.2214)  ignored_patch_ratio: 0.0272 (0.0272)  time: 0.1962  data: 0.0890  max mem: 1904
[17:42:44.048538] Epoch: [25]  [  20/1004]  eta: 0:01:57  lr: 0.000009  loss: 0.0029 (0.0134)  mae_m_mask: 0.6059 (0.6953)  rmse_m_mask: 0.7929 (0.8839)  normalized_mse_mask: 0.0029 (0.0134)  rmse_m_all: 13.2323 (13.8415)  actual_mask_ratio: 0.0695 (0.0699)  actual_prediction_mask_ratio: 0.2281 (0.2265)  ignored_patch_ratio: 0.0244 (0.0277)  time: 0.1151  data: 0.0001  max mem: 1904
[17:42:46.310592] Epoch: [25]  [  40/1004]  eta: 0:01:51  lr: 0.000009  loss: 0.0015 (0.0186)  mae_m_mask: 0.5744 (0.6484)  rmse_m_mask: 0.6912 (0.8230)  normalized_mse_mask: 0.0015 (0.0186)  rmse_m_all: 13.1040 (13.7490)  actual_mask_ratio: 0.0671 (0.0687)  actual_prediction_mask_ratio: 0.2183 (0.2203)  ignored_patch_ratio: 0.0266 (0.0274)  time: 0.1131  data: 0.0001  max mem: 1904
[17:42:48.585421] Epoch: [25]  [  60/1004]  eta: 0:01:48  lr: 0.000009  loss: 0.0025 (0.0158)  mae_m_mask: 0.5368 (0.6179)  rmse_m_mask: 0.7029 (0.7892)  normalized_mse_mask: 0.0025 (0.0158)  rmse_m_all: 13.1956 (13.7152)  actual_mask_ratio: 0.0701 (0.0692)  actual_prediction_mask_ratio: 0.2154 (0.2212)  ignored_patch_ratio: 0.0198 (0.0259)  time: 0.1137  data: 0.0001  max mem: 1904
[17:42:50.851864] Epoch: [25]  [  80/1004]  eta: 0:01:46  lr: 0.000009  loss: 0.0016 (0.0138)  mae_m_mask: 0.5267 (0.6119)  rmse_m_mask: 0.7206 (0.7829)  normalized_mse_mask: 0.0016 (0.0138)  rmse_m_all: 13.6276 (13.8126)  actual_mask_ratio: 0.0719 (0.0695)  actual_prediction_mask_ratio: 0.2265 (0.2219)  ignored_patch_ratio: 0.0261 (0.0259)  time: 0.1133  data: 0.0001  max mem: 1904
[17:42:53.113281] Epoch: [25]  [ 100/1004]  eta: 0:01:43  lr: 0.000009  loss: 0.0080 (0.0177)  mae_m_mask: 0.5024 (0.6107)  rmse_m_mask: 0.6733 (0.7834)  normalized_mse_mask: 0.0080 (0.0177)  rmse_m_all: 11.6327 (13.4886)  actual_mask_ratio: 0.0703 (0.0698)  actual_prediction_mask_ratio: 0.2266 (0.2227)  ignored_patch_ratio: 0.0210 (0.0254)  time: 0.1130  data: 0.0001  max mem: 1904
[17:42:55.368683] Epoch: [25]  [ 120/1004]  eta: 0:01:40  lr: 0.000009  loss: 0.0055 (0.0209)  mae_m_mask: 0.6576 (0.6233)  rmse_m_mask: 0.7804 (0.7942)  normalized_mse_mask: 0.0055 (0.0209)  rmse_m_all: 13.2683 (13.5498)  actual_mask_ratio: 0.0730 (0.0701)  actual_prediction_mask_ratio: 0.2273 (0.2236)  ignored_patch_ratio: 0.0198 (0.0253)  time: 0.1127  data: 0.0001  max mem: 1904
[17:42:57.660201] Epoch: [25]  [ 140/1004]  eta: 0:01:38  lr: 0.000009  loss: 0.0041 (0.0195)  mae_m_mask: 0.7072 (0.6412)  rmse_m_mask: 0.9837 (0.8143)  normalized_mse_mask: 0.0041 (0.0195)  rmse_m_all: 12.3722 (13.3766)  actual_mask_ratio: 0.0665 (0.0698)  actual_prediction_mask_ratio: 0.2157 (0.2229)  ignored_patch_ratio: 0.0176 (0.0250)  time: 0.1145  data: 0.0001  max mem: 1904
[17:42:59.936557] Epoch: [25]  [ 160/1004]  eta: 0:01:36  lr: 0.000009  loss: 0.0046 (0.0183)  mae_m_mask: 0.6106 (0.6426)  rmse_m_mask: 0.7649 (0.8202)  normalized_mse_mask: 0.0046 (0.0183)  rmse_m_all: 11.8790 (13.2191)  actual_mask_ratio: 0.0691 (0.0697)  actual_prediction_mask_ratio: 0.2299 (0.2232)  ignored_patch_ratio: 0.0238 (0.0245)  time: 0.1138  data: 0.0001  max mem: 1904
[17:43:02.182292] Epoch: [25]  [ 180/1004]  eta: 0:01:33  lr: 0.000009  loss: 0.0104 (0.0191)  mae_m_mask: 0.6917 (0.6444)  rmse_m_mask: 0.8340 (0.8235)  normalized_mse_mask: 0.0104 (0.0191)  rmse_m_all: 12.8838 (13.2504)  actual_mask_ratio: 0.0698 (0.0696)  actual_prediction_mask_ratio: 0.2263 (0.2233)  ignored_patch_ratio: 0.0221 (0.0247)  time: 0.1122  data: 0.0001  max mem: 1904
[17:43:04.060629] Epoch: [25]  [ 200/1004]  eta: 0:01:30  lr: 0.000009  loss: 0.0043 (0.0194)  mae_m_mask: 0.5776 (0.6411)  rmse_m_mask: 0.7810 (0.8206)  normalized_mse_mask: 0.0043 (0.0194)  rmse_m_all: 13.2509 (13.1492)  actual_mask_ratio: 0.0703 (0.0697)  actual_prediction_mask_ratio: 0.2257 (0.2234)  ignored_patch_ratio: 0.0329 (0.0252)  time: 0.0939  data: 0.0001  max mem: 1904
[17:43:06.618334] Epoch: [25]  [ 220/1004]  eta: 0:01:28  lr: 0.000009  loss: 0.0018 (0.0182)  mae_m_mask: 0.6225 (0.6481)  rmse_m_mask: 0.8032 (0.8291)  normalized_mse_mask: 0.0018 (0.0182)  rmse_m_all: 14.3226 (13.2609)  actual_mask_ratio: 0.0688 (0.0697)  actual_prediction_mask_ratio: 0.2236 (0.2233)  ignored_patch_ratio: 0.0272 (0.0254)  time: 0.1278  data: 0.0553  max mem: 1904
[17:43:08.535226] Epoch: [25]  [ 240/1004]  eta: 0:01:25  lr: 0.000009  loss: 0.0185 (0.0185)  mae_m_mask: 0.5349 (0.6431)  rmse_m_mask: 0.6833 (0.8206)  normalized_mse_mask: 0.0185 (0.0185)  rmse_m_all: 12.3836 (13.1753)  actual_mask_ratio: 0.0702 (0.0697)  actual_prediction_mask_ratio: 0.2304 (0.2237)  ignored_patch_ratio: 0.0187 (0.0254)  time: 0.0958  data: 0.0001  max mem: 1904
[17:43:10.881863] Epoch: [25]  [ 260/1004]  eta: 0:01:23  lr: 0.000009  loss: 0.0047 (0.0188)  mae_m_mask: 0.6525 (0.6488)  rmse_m_mask: 0.8000 (0.8253)  normalized_mse_mask: 0.0047 (0.0188)  rmse_m_all: 14.0064 (13.2882)  actual_mask_ratio: 0.0660 (0.0696)  actual_prediction_mask_ratio: 0.2250 (0.2238)  ignored_patch_ratio: 0.0232 (0.0253)  time: 0.1173  data: 0.0001  max mem: 1904
[17:43:13.228368] Epoch: [25]  [ 280/1004]  eta: 0:01:21  lr: 0.000009  loss: 0.0090 (0.0186)  mae_m_mask: 0.8076 (0.6616)  rmse_m_mask: 0.9788 (0.8408)  normalized_mse_mask: 0.0090 (0.0186)  rmse_m_all: 11.7713 (13.1939)  actual_mask_ratio: 0.0714 (0.0697)  actual_prediction_mask_ratio: 0.2368 (0.2247)  ignored_patch_ratio: 0.0221 (0.0252)  time: 0.1173  data: 0.0001  max mem: 1904
[17:43:15.573065] Epoch: [25]  [ 300/1004]  eta: 0:01:19  lr: 0.000009  loss: 0.0015 (0.0186)  mae_m_mask: 0.5339 (0.6570)  rmse_m_mask: 0.6888 (0.8342)  normalized_mse_mask: 0.0015 (0.0186)  rmse_m_all: 12.9644 (13.2034)  actual_mask_ratio: 0.0689 (0.0697)  actual_prediction_mask_ratio: 0.2273 (0.2249)  ignored_patch_ratio: 0.0227 (0.0253)  time: 0.1172  data: 0.0001  max mem: 1904
[17:43:17.916584] Epoch: [25]  [ 320/1004]  eta: 0:01:17  lr: 0.000009  loss: 0.0084 (0.0201)  mae_m_mask: 0.6828 (0.6589)  rmse_m_mask: 0.8142 (0.8369)  normalized_mse_mask: 0.0084 (0.0201)  rmse_m_all: 13.4262 (13.1821)  actual_mask_ratio: 0.0706 (0.0699)  actual_prediction_mask_ratio: 0.2276 (0.2254)  ignored_patch_ratio: 0.0244 (0.0253)  time: 0.1171  data: 0.0001  max mem: 1904
[17:43:20.267214] Epoch: [25]  [ 340/1004]  eta: 0:01:15  lr: 0.000009  loss: 0.0028 (0.0198)  mae_m_mask: 0.5806 (0.6612)  rmse_m_mask: 0.7196 (0.8385)  normalized_mse_mask: 0.0028 (0.0198)  rmse_m_all: 12.8164 (13.1494)  actual_mask_ratio: 0.0684 (0.0699)  actual_prediction_mask_ratio: 0.2207 (0.2255)  ignored_patch_ratio: 0.0147 (0.0250)  time: 0.1175  data: 0.0001  max mem: 1904
[17:43:22.613627] Epoch: [25]  [ 360/1004]  eta: 0:01:13  lr: 0.000009  loss: 0.0020 (0.0192)  mae_m_mask: 0.6260 (0.6603)  rmse_m_mask: 0.7924 (0.8392)  normalized_mse_mask: 0.0020 (0.0192)  rmse_m_all: 13.7272 (13.1680)  actual_mask_ratio: 0.0707 (0.0699)  actual_prediction_mask_ratio: 0.2229 (0.2254)  ignored_patch_ratio: 0.0204 (0.0251)  time: 0.1173  data: 0.0001  max mem: 1904
[17:43:24.958155] Epoch: [25]  [ 380/1004]  eta: 0:01:11  lr: 0.000009  loss: 0.0046 (0.0188)  mae_m_mask: 0.5935 (0.6576)  rmse_m_mask: 0.7517 (0.8362)  normalized_mse_mask: 0.0046 (0.0188)  rmse_m_all: 12.0943 (13.1495)  actual_mask_ratio: 0.0699 (0.0700)  actual_prediction_mask_ratio: 0.2321 (0.2255)  ignored_patch_ratio: 0.0153 (0.0249)  time: 0.1172  data: 0.0001  max mem: 1904
[17:43:27.304477] Epoch: [25]  [ 400/1004]  eta: 0:01:08  lr: 0.000009  loss: 0.0021 (0.0192)  mae_m_mask: 0.6244 (0.6623)  rmse_m_mask: 0.8164 (0.8417)  normalized_mse_mask: 0.0021 (0.0192)  rmse_m_all: 13.5873 (13.1712)  actual_mask_ratio: 0.0668 (0.0698)  actual_prediction_mask_ratio: 0.2130 (0.2250)  ignored_patch_ratio: 0.0306 (0.0251)  time: 0.1173  data: 0.0001  max mem: 1904
[17:43:29.647739] Epoch: [25]  [ 420/1004]  eta: 0:01:06  lr: 0.000009  loss: 0.0110 (0.0191)  mae_m_mask: 0.6344 (0.6642)  rmse_m_mask: 0.7776 (0.8446)  normalized_mse_mask: 0.0110 (0.0191)  rmse_m_all: 11.9885 (13.1322)  actual_mask_ratio: 0.0722 (0.0699)  actual_prediction_mask_ratio: 0.2291 (0.2252)  ignored_patch_ratio: 0.0198 (0.0251)  time: 0.1171  data: 0.0001  max mem: 1904
[17:43:31.992466] Epoch: [25]  [ 440/1004]  eta: 0:01:04  lr: 0.000009  loss: 0.0055 (0.0191)  mae_m_mask: 0.6347 (0.6635)  rmse_m_mask: 0.7799 (0.8442)  normalized_mse_mask: 0.0055 (0.0191)  rmse_m_all: 11.8195 (13.1173)  actual_mask_ratio: 0.0679 (0.0699)  actual_prediction_mask_ratio: 0.2203 (0.2249)  ignored_patch_ratio: 0.0272 (0.0253)  time: 0.1172  data: 0.0001  max mem: 1904
[17:43:34.334672] Epoch: [25]  [ 460/1004]  eta: 0:01:02  lr: 0.000009  loss: 0.0044 (0.0192)  mae_m_mask: 0.5995 (0.6623)  rmse_m_mask: 0.7629 (0.8432)  normalized_mse_mask: 0.0044 (0.0192)  rmse_m_all: 12.2936 (13.0723)  actual_mask_ratio: 0.0706 (0.0699)  actual_prediction_mask_ratio: 0.2231 (0.2250)  ignored_patch_ratio: 0.0210 (0.0251)  time: 0.1171  data: 0.0001  max mem: 1904
[17:43:36.570117] Epoch: [25]  [ 480/1004]  eta: 0:00:59  lr: 0.000009  loss: 0.0079 (0.0195)  mae_m_mask: 0.6109 (0.6605)  rmse_m_mask: 0.7283 (0.8402)  normalized_mse_mask: 0.0079 (0.0195)  rmse_m_all: 12.2961 (13.0434)  actual_mask_ratio: 0.0703 (0.0699)  actual_prediction_mask_ratio: 0.2222 (0.2249)  ignored_patch_ratio: 0.0193 (0.0250)  time: 0.1117  data: 0.0001  max mem: 1904
[17:43:38.748678] Epoch: [25]  [ 500/1004]  eta: 0:00:57  lr: 0.000009  loss: 0.0047 (0.0193)  mae_m_mask: 0.6378 (0.6626)  rmse_m_mask: 0.8201 (0.8448)  normalized_mse_mask: 0.0047 (0.0193)  rmse_m_all: 14.2281 (13.0928)  actual_mask_ratio: 0.0697 (0.0698)  actual_prediction_mask_ratio: 0.2246 (0.2250)  ignored_patch_ratio: 0.0266 (0.0252)  time: 0.1089  data: 0.0001  max mem: 1904
[17:43:40.961118] Epoch: [25]  [ 520/1004]  eta: 0:00:55  lr: 0.000009  loss: 0.0070 (0.0194)  mae_m_mask: 0.6195 (0.6623)  rmse_m_mask: 0.7676 (0.8444)  normalized_mse_mask: 0.0070 (0.0194)  rmse_m_all: 13.2077 (13.0706)  actual_mask_ratio: 0.0701 (0.0699)  actual_prediction_mask_ratio: 0.2246 (0.2249)  ignored_patch_ratio: 0.0198 (0.0251)  time: 0.1106  data: 0.0001  max mem: 1904
[17:43:43.176568] Epoch: [25]  [ 540/1004]  eta: 0:00:52  lr: 0.000009  loss: 0.0042 (0.0193)  mae_m_mask: 0.5337 (0.6610)  rmse_m_mask: 0.7397 (0.8433)  normalized_mse_mask: 0.0042 (0.0193)  rmse_m_all: 14.1931 (13.1005)  actual_mask_ratio: 0.0704 (0.0699)  actual_prediction_mask_ratio: 0.2272 (0.2251)  ignored_patch_ratio: 0.0159 (0.0249)  time: 0.1107  data: 0.0001  max mem: 1904
[17:43:45.378080] Epoch: [25]  [ 560/1004]  eta: 0:00:50  lr: 0.000009  loss: 0.0094 (0.0195)  mae_m_mask: 0.5066 (0.6579)  rmse_m_mask: 0.6159 (0.8397)  normalized_mse_mask: 0.0094 (0.0195)  rmse_m_all: 12.7109 (13.1042)  actual_mask_ratio: 0.0686 (0.0698)  actual_prediction_mask_ratio: 0.2202 (0.2249)  ignored_patch_ratio: 0.0187 (0.0247)  time: 0.1100  data: 0.0001  max mem: 1904
[17:43:47.607735] Epoch: [25]  [ 580/1004]  eta: 0:00:48  lr: 0.000009  loss: 0.0068 (0.0211)  mae_m_mask: 0.7164 (0.6608)  rmse_m_mask: 0.8762 (0.8431)  normalized_mse_mask: 0.0068 (0.0211)  rmse_m_all: 12.2468 (13.0789)  actual_mask_ratio: 0.0687 (0.0698)  actual_prediction_mask_ratio: 0.2210 (0.2248)  ignored_patch_ratio: 0.0261 (0.0248)  time: 0.1114  data: 0.0001  max mem: 1904
[17:43:49.883337] Epoch: [25]  [ 600/1004]  eta: 0:00:45  lr: 0.000009  loss: 0.0057 (0.0210)  mae_m_mask: 0.6095 (0.6602)  rmse_m_mask: 0.7989 (0.8425)  normalized_mse_mask: 0.0057 (0.0210)  rmse_m_all: 12.5156 (13.0843)  actual_mask_ratio: 0.0700 (0.0698)  actual_prediction_mask_ratio: 0.2239 (0.2248)  ignored_patch_ratio: 0.0272 (0.0249)  time: 0.1137  data: 0.0001  max mem: 1904
[17:43:52.173038] Epoch: [25]  [ 620/1004]  eta: 0:00:43  lr: 0.000009  loss: 0.0051 (0.0213)  mae_m_mask: 0.5853 (0.6600)  rmse_m_mask: 0.7335 (0.8421)  normalized_mse_mask: 0.0051 (0.0213)  rmse_m_all: 12.3925 (13.0597)  actual_mask_ratio: 0.0684 (0.0698)  actual_prediction_mask_ratio: 0.2301 (0.2250)  ignored_patch_ratio: 0.0170 (0.0247)  time: 0.1144  data: 0.0001  max mem: 1904
[17:43:54.397642] Epoch: [25]  [ 640/1004]  eta: 0:00:41  lr: 0.000009  loss: 0.0042 (0.0212)  mae_m_mask: 0.5586 (0.6571)  rmse_m_mask: 0.6651 (0.8385)  normalized_mse_mask: 0.0042 (0.0212)  rmse_m_all: 12.3140 (13.0391)  actual_mask_ratio: 0.0692 (0.0698)  actual_prediction_mask_ratio: 0.2286 (0.2250)  ignored_patch_ratio: 0.0170 (0.0245)  time: 0.1112  data: 0.0001  max mem: 1904
[17:43:56.626285] Epoch: [25]  [ 660/1004]  eta: 0:00:39  lr: 0.000009  loss: 0.0062 (0.0211)  mae_m_mask: 0.5773 (0.6552)  rmse_m_mask: 0.7550 (0.8364)  normalized_mse_mask: 0.0062 (0.0211)  rmse_m_all: 11.4203 (12.9780)  actual_mask_ratio: 0.0706 (0.0698)  actual_prediction_mask_ratio: 0.2256 (0.2250)  ignored_patch_ratio: 0.0170 (0.0244)  time: 0.1114  data: 0.0001  max mem: 1904
[17:43:58.846974] Epoch: [25]  [ 680/1004]  eta: 0:00:36  lr: 0.000009  loss: 0.0124 (0.0213)  mae_m_mask: 0.5639 (0.6536)  rmse_m_mask: 0.7216 (0.8345)  normalized_mse_mask: 0.0124 (0.0213)  rmse_m_all: 11.5520 (12.9550)  actual_mask_ratio: 0.0721 (0.0699)  actual_prediction_mask_ratio: 0.2299 (0.2252)  ignored_patch_ratio: 0.0193 (0.0243)  time: 0.1110  data: 0.0001  max mem: 1904
[17:44:01.107494] Epoch: [25]  [ 700/1004]  eta: 0:00:34  lr: 0.000009  loss: 0.0093 (0.0212)  mae_m_mask: 0.5848 (0.6509)  rmse_m_mask: 0.7771 (0.8317)  normalized_mse_mask: 0.0093 (0.0212)  rmse_m_all: 13.3646 (12.9638)  actual_mask_ratio: 0.0696 (0.0699)  actual_prediction_mask_ratio: 0.2199 (0.2251)  ignored_patch_ratio: 0.0210 (0.0244)  time: 0.1130  data: 0.0001  max mem: 1904
[17:44:03.392944] Epoch: [25]  [ 720/1004]  eta: 0:00:32  lr: 0.000009  loss: 0.0095 (0.0213)  mae_m_mask: 0.5018 (0.6487)  rmse_m_mask: 0.6639 (0.8295)  normalized_mse_mask: 0.0095 (0.0213)  rmse_m_all: 11.8477 (12.9256)  actual_mask_ratio: 0.0680 (0.0699)  actual_prediction_mask_ratio: 0.2260 (0.2251)  ignored_patch_ratio: 0.0170 (0.0243)  time: 0.1142  data: 0.0001  max mem: 1904
[17:44:05.677755] Epoch: [25]  [ 740/1004]  eta: 0:00:29  lr: 0.000009  loss: 0.0050 (0.0214)  mae_m_mask: 0.6064 (0.6482)  rmse_m_mask: 0.7291 (0.8288)  normalized_mse_mask: 0.0050 (0.0214)  rmse_m_all: 12.3409 (12.9181)  actual_mask_ratio: 0.0716 (0.0699)  actual_prediction_mask_ratio: 0.2266 (0.2251)  ignored_patch_ratio: 0.0187 (0.0242)  time: 0.1142  data: 0.0001  max mem: 1904
[17:44:07.954992] Epoch: [25]  [ 760/1004]  eta: 0:00:27  lr: 0.000009  loss: 0.0084 (0.0212)  mae_m_mask: 0.5149 (0.6471)  rmse_m_mask: 0.6974 (0.8279)  normalized_mse_mask: 0.0084 (0.0212)  rmse_m_all: 13.7453 (12.9393)  actual_mask_ratio: 0.0689 (0.0699)  actual_prediction_mask_ratio: 0.2206 (0.2250)  ignored_patch_ratio: 0.0238 (0.0243)  time: 0.1138  data: 0.0001  max mem: 1904
[17:44:10.250993] Epoch: [25]  [ 780/1004]  eta: 0:00:25  lr: 0.000009  loss: 0.0050 (0.0210)  mae_m_mask: 0.4953 (0.6444)  rmse_m_mask: 0.6122 (0.8244)  normalized_mse_mask: 0.0050 (0.0210)  rmse_m_all: 12.6660 (12.9374)  actual_mask_ratio: 0.0689 (0.0699)  actual_prediction_mask_ratio: 0.2207 (0.2249)  ignored_patch_ratio: 0.0193 (0.0242)  time: 0.1148  data: 0.0001  max mem: 1904
[17:44:12.538805] Epoch: [25]  [ 800/1004]  eta: 0:00:23  lr: 0.000009  loss: 0.0012 (0.0209)  mae_m_mask: 0.5291 (0.6418)  rmse_m_mask: 0.6649 (0.8207)  normalized_mse_mask: 0.0012 (0.0209)  rmse_m_all: 13.4916 (12.9566)  actual_mask_ratio: 0.0704 (0.0699)  actual_prediction_mask_ratio: 0.2152 (0.2248)  ignored_patch_ratio: 0.0198 (0.0244)  time: 0.1144  data: 0.0001  max mem: 1904
[17:44:14.823205] Epoch: [25]  [ 820/1004]  eta: 0:00:20  lr: 0.000009  loss: 0.0044 (0.0207)  mae_m_mask: 0.5567 (0.6406)  rmse_m_mask: 0.7071 (0.8197)  normalized_mse_mask: 0.0044 (0.0207)  rmse_m_all: 14.7721 (13.0022)  actual_mask_ratio: 0.0681 (0.0698)  actual_prediction_mask_ratio: 0.2191 (0.2245)  ignored_patch_ratio: 0.0266 (0.0246)  time: 0.1142  data: 0.0001  max mem: 1904
[17:44:17.091951] Epoch: [25]  [ 840/1004]  eta: 0:00:18  lr: 0.000009  loss: 0.0047 (0.0206)  mae_m_mask: 0.5131 (0.6398)  rmse_m_mask: 0.6277 (0.8180)  normalized_mse_mask: 0.0047 (0.0206)  rmse_m_all: 12.0928 (12.9762)  actual_mask_ratio: 0.0727 (0.0698)  actual_prediction_mask_ratio: 0.2307 (0.2246)  ignored_patch_ratio: 0.0193 (0.0245)  time: 0.1134  data: 0.0001  max mem: 1904
[17:44:19.372550] Epoch: [25]  [ 860/1004]  eta: 0:00:16  lr: 0.000009  loss: 0.0045 (0.0210)  mae_m_mask: 0.6842 (0.6418)  rmse_m_mask: 0.8643 (0.8207)  normalized_mse_mask: 0.0045 (0.0210)  rmse_m_all: 11.4925 (12.9511)  actual_mask_ratio: 0.0679 (0.0698)  actual_prediction_mask_ratio: 0.2319 (0.2247)  ignored_patch_ratio: 0.0136 (0.0243)  time: 0.1140  data: 0.0001  max mem: 1904
[17:44:21.633768] Epoch: [25]  [ 880/1004]  eta: 0:00:14  lr: 0.000009  loss: 0.0010 (0.0207)  mae_m_mask: 0.6083 (0.6421)  rmse_m_mask: 0.7308 (0.8207)  normalized_mse_mask: 0.0010 (0.0207)  rmse_m_all: 14.2997 (12.9686)  actual_mask_ratio: 0.0698 (0.0698)  actual_prediction_mask_ratio: 0.2208 (0.2246)  ignored_patch_ratio: 0.0312 (0.0245)  time: 0.1130  data: 0.0001  max mem: 1904
[17:44:23.647988] Epoch: [25]  [ 900/1004]  eta: 0:00:11  lr: 0.000009  loss: 0.0042 (0.0209)  mae_m_mask: 0.5401 (0.6415)  rmse_m_mask: 0.7601 (0.8210)  normalized_mse_mask: 0.0042 (0.0209)  rmse_m_all: 12.4661 (12.9744)  actual_mask_ratio: 0.0731 (0.0699)  actual_prediction_mask_ratio: 0.2302 (0.2248)  ignored_patch_ratio: 0.0272 (0.0245)  time: 0.1007  data: 0.0001  max mem: 1904
[17:44:26.537972] Epoch: [25]  [ 920/1004]  eta: 0:00:09  lr: 0.000009  loss: 0.0074 (0.0212)  mae_m_mask: 0.6475 (0.6426)  rmse_m_mask: 0.8413 (0.8231)  normalized_mse_mask: 0.0074 (0.0212)  rmse_m_all: 12.7378 (12.9659)  actual_mask_ratio: 0.0700 (0.0699)  actual_prediction_mask_ratio: 0.2275 (0.2249)  ignored_patch_ratio: 0.0283 (0.0246)  time: 0.1445  data: 0.0492  max mem: 1904
[17:44:28.392608] Epoch: [25]  [ 940/1004]  eta: 0:00:07  lr: 0.000009  loss: 0.0040 (0.0213)  mae_m_mask: 0.5867 (0.6426)  rmse_m_mask: 0.7587 (0.8231)  normalized_mse_mask: 0.0040 (0.0213)  rmse_m_all: 11.4184 (12.9389)  actual_mask_ratio: 0.0701 (0.0699)  actual_prediction_mask_ratio: 0.2217 (0.2248)  ignored_patch_ratio: 0.0187 (0.0245)  time: 0.0927  data: 0.0001  max mem: 1904
[17:44:30.706088] Epoch: [25]  [ 960/1004]  eta: 0:00:04  lr: 0.000009  loss: 0.0030 (0.0212)  mae_m_mask: 0.6195 (0.6423)  rmse_m_mask: 0.7848 (0.8225)  normalized_mse_mask: 0.0030 (0.0212)  rmse_m_all: 13.9670 (12.9488)  actual_mask_ratio: 0.0697 (0.0699)  actual_prediction_mask_ratio: 0.2215 (0.2248)  ignored_patch_ratio: 0.0238 (0.0245)  time: 0.1156  data: 0.0001  max mem: 1904
[17:44:33.009297] Epoch: [25]  [ 980/1004]  eta: 0:00:02  lr: 0.000009  loss: 0.0095 (0.0213)  mae_m_mask: 0.5762 (0.6422)  rmse_m_mask: 0.7882 (0.8228)  normalized_mse_mask: 0.0095 (0.0213)  rmse_m_all: 11.3708 (12.9305)  actual_mask_ratio: 0.0677 (0.0698)  actual_prediction_mask_ratio: 0.2300 (0.2247)  ignored_patch_ratio: 0.0198 (0.0245)  time: 0.1151  data: 0.0002  max mem: 1904
[17:44:35.329415] Epoch: [25]  [1000/1004]  eta: 0:00:00  lr: 0.000009  loss: 0.0023 (0.0210)  mae_m_mask: 0.5394 (0.6399)  rmse_m_mask: 0.7109 (0.8198)  normalized_mse_mask: 0.0023 (0.0210)  rmse_m_all: 11.6658 (12.9246)  actual_mask_ratio: 0.0686 (0.0698)  actual_prediction_mask_ratio: 0.2240 (0.2247)  ignored_patch_ratio: 0.0244 (0.0245)  time: 0.1160  data: 0.0002  max mem: 1904
[17:44:35.676877] Epoch: [25]  [1003/1004]  eta: 0:00:00  lr: 0.000009  loss: 0.0020 (0.0209)  mae_m_mask: 0.5394 (0.6396)  rmse_m_mask: 0.7109 (0.8195)  normalized_mse_mask: 0.0020 (0.0209)  rmse_m_all: 11.7130 (12.9302)  actual_mask_ratio: 0.0687 (0.0698)  actual_prediction_mask_ratio: 0.2240 (0.2248)  ignored_patch_ratio: 0.0244 (0.0245)  time: 0.1159  data: 0.0002  max mem: 1904
[17:44:35.699805] Epoch: [25] Total time: 0:01:54 (0.1137 s / it)
[17:44:35.700134] Averaged stats: {'lr': 8.93736760548587e-06, 'loss': 0.02072540296646319, 'mae_m_mask': 0.6353828338077607, 'rmse_m_mask': 0.8591106523580422, 'normalized_mse_mask': 0.02072540296646319, 'rmse_m_all': 12.930212990458744, 'actual_mask_ratio': 0.06984721206544167, 'actual_prediction_mask_ratio': 0.22475967324706186, 'ignored_patch_ratio': 0.02453055087313709, 'supervised_pixel_count': 19824973.0}
[17:44:35.896668] Val: [25]  [  0/288]  eta: 0:00:55  loss: 0.0248 (0.0248)  mae_m_mask: 0.3357 (0.3357)  rmse_m_mask: 0.4492 (0.4492)  normalized_mse_mask: 0.0248 (0.0248)  rmse_m_all: 5.7986 (5.7986)  actual_mask_ratio: 0.0607 (0.0607)  actual_prediction_mask_ratio: 0.2001 (0.2001)  ignored_patch_ratio: 0.0000 (0.0000)  time: 0.1939  data: 0.1009  max mem: 1904
[17:44:40.310410] Val: [25]  [ 50/288]  eta: 0:00:21  loss: 0.0381 (0.0782)  mae_m_mask: 0.2884 (0.2985)  rmse_m_mask: 0.3632 (0.3648)  normalized_mse_mask: 0.0381 (0.0782)  rmse_m_all: 1.0911 (3.8872)  actual_mask_ratio: 0.0663 (0.0715)  actual_prediction_mask_ratio: 0.2336 (0.2372)  ignored_patch_ratio: 0.0000 (0.0000)  time: 0.0873  data: 0.0001  max mem: 1904
[17:44:44.803992] Val: [25]  [100/288]  eta: 0:00:16  loss: 0.1294 (0.1542)  mae_m_mask: 0.2866 (0.3600)  rmse_m_mask: 0.3430 (0.4350)  normalized_mse_mask: 0.1294 (0.1542)  rmse_m_all: 0.7446 (3.4078)  actual_mask_ratio: 0.0714 (0.0723)  actual_prediction_mask_ratio: 0.2239 (0.2366)  ignored_patch_ratio: 0.0000 (0.0000)  time: 0.0897  data: 0.0001  max mem: 1904
[17:44:49.212465] Val: [25]  [150/288]  eta: 0:00:12  loss: 0.0169 (0.1504)  mae_m_mask: 0.4062 (0.3690)  rmse_m_mask: 0.4708 (0.4416)  normalized_mse_mask: 0.0169 (0.1504)  rmse_m_all: 2.3373 (3.0096)  actual_mask_ratio: 0.0743 (0.0723)  actual_prediction_mask_ratio: 0.2443 (0.2367)  ignored_patch_ratio: 0.0000 (0.0000)  time: 0.0882  data: 0.0001  max mem: 1904
[17:44:53.655813] Val: [25]  [200/288]  eta: 0:00:07  loss: 0.3688 (0.1976)  mae_m_mask: 0.2771 (0.3735)  rmse_m_mask: 0.3390 (0.4525)  normalized_mse_mask: 0.3688 (0.1976)  rmse_m_all: 0.4525 (2.5661)  actual_mask_ratio: 0.0743 (0.0732)  actual_prediction_mask_ratio: 0.2545 (0.2410)  ignored_patch_ratio: 0.0000 (0.0000)  time: 0.0894  data: 0.0001  max mem: 1904
[17:44:58.143505] Val: [25]  [250/288]  eta: 0:00:03  loss: 0.0493 (0.1781)  mae_m_mask: 0.2853 (0.3577)  rmse_m_mask: 0.3459 (0.4334)  normalized_mse_mask: 0.0493 (0.1781)  rmse_m_all: 1.3443 (2.4812)  actual_mask_ratio: 0.0822 (0.0748)  actual_prediction_mask_ratio: 0.2591 (0.2448)  ignored_patch_ratio: 0.0000 (0.0000)  time: 0.0887  data: 0.0001  max mem: 1904
[17:45:01.486111] Val: [25]  [287/288]  eta: 0:00:00  loss: 0.0173 (0.1628)  mae_m_mask: 0.2604 (0.3480)  rmse_m_mask: 0.3092 (0.4221)  normalized_mse_mask: 0.0173 (0.1628)  rmse_m_all: 1.1214 (2.6408)  actual_mask_ratio: 0.0760 (0.0749)  actual_prediction_mask_ratio: 0.2523 (0.2453)  ignored_patch_ratio: 0.0000 (0.0000)  time: 0.0901  data: 0.0001  max mem: 1904
[17:45:01.519045] Val: [25] Total time: 0:00:25 (0.0896 s / it)
[17:45:01.519633] val stats: {'loss': 0.1558093816864445, 'mae_m_mask': 0.3523185751361863, 'rmse_m_mask': 0.4866446950820686, 'normalized_mse_mask': 0.1558093816864445, 'rmse_m_all': 2.6407970595690937, 'actual_mask_ratio': 0.07494737871456891, 'actual_prediction_mask_ratio': 0.24532247381284833, 'ignored_patch_ratio': 0.0, 'supervised_pixel_count': 5936124.0}
[17:45:05.522323] log_dir: /tank/data/SFS/xinyis/data/bathymetry/MAE-Topography/Downstream_Task_Bathy/cross_validation_v5_Stage2NormMSE_MeterSelect/runs/holdout_CO_D004Stage2NormMSE_MeterSelect_D001NoDataSafe/train_stage2_normMSE_meterSelect_CO_UpperColorado_Topobathy_1_2020_fromStage1Best_e120_lr1e-5_b4_acc4/tb
[17:45:05.718074] Epoch: [26]  [   0/1004]  eta: 0:03:15  lr: 0.000009  loss: 0.0037 (0.0037)  mae_m_mask: 0.6432 (0.6432)  rmse_m_mask: 0.8059 (0.8059)  normalized_mse_mask: 0.0037 (0.0037)  rmse_m_all: 12.5925 (12.5925)  actual_mask_ratio: 0.0776 (0.0776)  actual_prediction_mask_ratio: 0.2524 (0.2524)  ignored_patch_ratio: 0.0142 (0.0142)  time: 0.1951  data: 0.0904  max mem: 1904
[17:45:08.029019] Epoch: [26]  [  20/1004]  eta: 0:01:57  lr: 0.000009  loss: 0.0059 (0.0256)  mae_m_mask: 0.5841 (0.6200)  rmse_m_mask: 0.7573 (0.7837)  normalized_mse_mask: 0.0059 (0.0256)  rmse_m_all: 12.2675 (12.2362)  actual_mask_ratio: 0.0658 (0.0685)  actual_prediction_mask_ratio: 0.2126 (0.2190)  ignored_patch_ratio: 0.0261 (0.0272)  time: 0.1155  data: 0.0002  max mem: 1904
[17:45:10.351475] Epoch: [26]  [  40/1004]  eta: 0:01:53  lr: 0.000009  loss: 0.0016 (0.0184)  mae_m_mask: 0.5867 (0.6087)  rmse_m_mask: 0.7338 (0.7742)  normalized_mse_mask: 0.0016 (0.0184)  rmse_m_all: 11.6040 (12.4745)  actual_mask_ratio: 0.0703 (0.0702)  actual_prediction_mask_ratio: 0.2289 (0.2256)  ignored_patch_ratio: 0.0164 (0.0247)  time: 0.1161  data: 0.0001  max mem: 1904
[17:45:12.622482] Epoch: [26]  [  60/1004]  eta: 0:01:49  lr: 0.000009  loss: 0.0099 (0.0195)  mae_m_mask: 0.5945 (0.6117)  rmse_m_mask: 0.7758 (0.7869)  normalized_mse_mask: 0.0099 (0.0195)  rmse_m_all: 12.9414 (12.3712)  actual_mask_ratio: 0.0720 (0.0709)  actual_prediction_mask_ratio: 0.2277 (0.2278)  ignored_patch_ratio: 0.0227 (0.0231)  time: 0.1135  data: 0.0001  max mem: 1904
[17:45:14.855576] Epoch: [26]  [  80/1004]  eta: 0:01:46  lr: 0.000009  loss: 0.0069 (0.0213)  mae_m_mask: 0.5929 (0.6050)  rmse_m_mask: 0.8091 (0.7838)  normalized_mse_mask: 0.0069 (0.0213)  rmse_m_all: 12.7978 (12.5118)  actual_mask_ratio: 0.0681 (0.0705)  actual_prediction_mask_ratio: 0.2218 (0.2268)  ignored_patch_ratio: 0.0238 (0.0235)  time: 0.1116  data: 0.0001  max mem: 1904
[17:45:17.095971] Epoch: [26]  [ 100/1004]  eta: 0:01:43  lr: 0.000009  loss: 0.0034 (0.0207)  mae_m_mask: 0.6813 (0.6307)  rmse_m_mask: 0.9119 (0.8151)  normalized_mse_mask: 0.0034 (0.0207)  rmse_m_all: 12.6030 (12.6405)  actual_mask_ratio: 0.0693 (0.0704)  actual_prediction_mask_ratio: 0.2178 (0.2263)  ignored_patch_ratio: 0.0193 (0.0229)  time: 0.1120  data: 0.0001  max mem: 1904
[17:45:19.343693] Epoch: [26]  [ 120/1004]  eta: 0:01:40  lr: 0.000009  loss: 0.0036 (0.0206)  mae_m_mask: 0.5811 (0.6214)  rmse_m_mask: 0.7217 (0.8006)  normalized_mse_mask: 0.0036 (0.0206)  rmse_m_all: 11.6896 (12.6108)  actual_mask_ratio: 0.0700 (0.0704)  actual_prediction_mask_ratio: 0.2316 (0.2272)  ignored_patch_ratio: 0.0125 (0.0229)  time: 0.1123  data: 0.0001  max mem: 1904
[17:45:21.585750] Epoch: [26]  [ 140/1004]  eta: 0:01:38  lr: 0.000009  loss: 0.0064 (0.0197)  mae_m_mask: 0.5452 (0.6247)  rmse_m_mask: 0.7112 (0.8034)  normalized_mse_mask: 0.0064 (0.0197)  rmse_m_all: 12.0166 (12.5529)  actual_mask_ratio: 0.0677 (0.0702)  actual_prediction_mask_ratio: 0.2320 (0.2279)  ignored_patch_ratio: 0.0210 (0.0226)  time: 0.1121  data: 0.0001  max mem: 1904
[17:45:23.820095] Epoch: [26]  [ 160/1004]  eta: 0:01:35  lr: 0.000009  loss: 0.0032 (0.0197)  mae_m_mask: 0.7450 (0.6367)  rmse_m_mask: 0.9222 (0.8185)  normalized_mse_mask: 0.0032 (0.0197)  rmse_m_all: 13.6935 (12.7041)  actual_mask_ratio: 0.0690 (0.0701)  actual_prediction_mask_ratio: 0.2247 (0.2269)  ignored_patch_ratio: 0.0227 (0.0224)  time: 0.1117  data: 0.0001  max mem: 1904
[17:45:26.094493] Epoch: [26]  [ 180/1004]  eta: 0:01:33  lr: 0.000009  loss: 0.0020 (0.0183)  mae_m_mask: 0.6181 (0.6363)  rmse_m_mask: 0.7718 (0.8179)  normalized_mse_mask: 0.0020 (0.0183)  rmse_m_all: 13.0353 (12.7929)  actual_mask_ratio: 0.0700 (0.0701)  actual_prediction_mask_ratio: 0.2272 (0.2269)  ignored_patch_ratio: 0.0255 (0.0229)  time: 0.1137  data: 0.0001  max mem: 1904
[17:45:28.380389] Epoch: [26]  [ 200/1004]  eta: 0:01:31  lr: 0.000009  loss: 0.0079 (0.0183)  mae_m_mask: 0.5665 (0.6357)  rmse_m_mask: 0.7100 (0.8185)  normalized_mse_mask: 0.0079 (0.0183)  rmse_m_all: 12.5274 (12.7810)  actual_mask_ratio: 0.0706 (0.0702)  actual_prediction_mask_ratio: 0.2327 (0.2273)  ignored_patch_ratio: 0.0204 (0.0228)  time: 0.1142  data: 0.0001  max mem: 1904
[17:45:30.437971] Epoch: [26]  [ 220/1004]  eta: 0:01:28  lr: 0.000009  loss: 0.0041 (0.0193)  mae_m_mask: 0.8296 (0.6581)  rmse_m_mask: 1.0158 (0.8433)  normalized_mse_mask: 0.0041 (0.0193)  rmse_m_all: 14.8641 (12.9359)  actual_mask_ratio: 0.0680 (0.0701)  actual_prediction_mask_ratio: 0.2214 (0.2267)  ignored_patch_ratio: 0.0244 (0.0233)  time: 0.1028  data: 0.0001  max mem: 1904
[17:45:32.817173] Epoch: [26]  [ 240/1004]  eta: 0:01:26  lr: 0.000009  loss: 0.0039 (0.0190)  mae_m_mask: 0.9299 (0.6912)  rmse_m_mask: 1.1133 (0.8777)  normalized_mse_mask: 0.0039 (0.0190)  rmse_m_all: 13.5301 (12.9732)  actual_mask_ratio: 0.0697 (0.0701)  actual_prediction_mask_ratio: 0.2233 (0.2263)  ignored_patch_ratio: 0.0283 (0.0240)  time: 0.1189  data: 0.0466  max mem: 1904
[17:45:34.969563] Epoch: [26]  [ 260/1004]  eta: 0:01:23  lr: 0.000009  loss: 0.0059 (0.0217)  mae_m_mask: 0.8729 (0.7094)  rmse_m_mask: 1.0389 (0.8989)  normalized_mse_mask: 0.0059 (0.0217)  rmse_m_all: 13.7353 (12.9949)  actual_mask_ratio: 0.0688 (0.0702)  actual_prediction_mask_ratio: 0.2262 (0.2263)  ignored_patch_ratio: 0.0244 (0.0242)  time: 0.1076  data: 0.0001  max mem: 1904
[17:45:37.289278] Epoch: [26]  [ 280/1004]  eta: 0:01:21  lr: 0.000009  loss: 0.0097 (0.0220)  mae_m_mask: 0.5996 (0.7033)  rmse_m_mask: 0.7606 (0.8915)  normalized_mse_mask: 0.0097 (0.0220)  rmse_m_all: 11.8054 (12.9250)  actual_mask_ratio: 0.0693 (0.0701)  actual_prediction_mask_ratio: 0.2161 (0.2262)  ignored_patch_ratio: 0.0261 (0.0243)  time: 0.1159  data: 0.0001  max mem: 1904
[17:45:39.672391] Epoch: [26]  [ 300/1004]  eta: 0:01:19  lr: 0.000009  loss: 0.0128 (0.0220)  mae_m_mask: 0.5406 (0.6937)  rmse_m_mask: 0.7506 (0.8826)  normalized_mse_mask: 0.0128 (0.0220)  rmse_m_all: 11.9312 (12.8497)  actual_mask_ratio: 0.0692 (0.0700)  actual_prediction_mask_ratio: 0.2224 (0.2261)  ignored_patch_ratio: 0.0227 (0.0243)  time: 0.1191  data: 0.0001  max mem: 1904
[17:45:41.981989] Epoch: [26]  [ 320/1004]  eta: 0:01:17  lr: 0.000009  loss: 0.0025 (0.0215)  mae_m_mask: 0.7018 (0.6934)  rmse_m_mask: 0.8643 (0.8825)  normalized_mse_mask: 0.0025 (0.0215)  rmse_m_all: 12.8278 (12.8669)  actual_mask_ratio: 0.0719 (0.0702)  actual_prediction_mask_ratio: 0.2250 (0.2262)  ignored_patch_ratio: 0.0193 (0.0242)  time: 0.1154  data: 0.0001  max mem: 1904
[17:45:44.302679] Epoch: [26]  [ 340/1004]  eta: 0:01:15  lr: 0.000009  loss: 0.0102 (0.0218)  mae_m_mask: 0.5336 (0.6898)  rmse_m_mask: 0.7423 (0.8791)  normalized_mse_mask: 0.0102 (0.0218)  rmse_m_all: 13.2354 (12.8502)  actual_mask_ratio: 0.0703 (0.0702)  actual_prediction_mask_ratio: 0.2354 (0.2265)  ignored_patch_ratio: 0.0176 (0.0242)  time: 0.1160  data: 0.0001  max mem: 1904
[17:45:46.625983] Epoch: [26]  [ 360/1004]  eta: 0:01:13  lr: 0.000009  loss: 0.0096 (0.0224)  mae_m_mask: 0.6506 (0.6889)  rmse_m_mask: 0.7814 (0.8781)  normalized_mse_mask: 0.0096 (0.0224)  rmse_m_all: 12.1670 (12.8284)  actual_mask_ratio: 0.0686 (0.0701)  actual_prediction_mask_ratio: 0.2214 (0.2262)  ignored_patch_ratio: 0.0153 (0.0238)  time: 0.1161  data: 0.0001  max mem: 1904
[17:45:48.948382] Epoch: [26]  [ 380/1004]  eta: 0:01:11  lr: 0.000009  loss: 0.0057 (0.0220)  mae_m_mask: 0.5575 (0.6870)  rmse_m_mask: 0.6992 (0.8771)  normalized_mse_mask: 0.0057 (0.0220)  rmse_m_all: 12.6329 (12.8392)  actual_mask_ratio: 0.0681 (0.0700)  actual_prediction_mask_ratio: 0.2229 (0.2262)  ignored_patch_ratio: 0.0176 (0.0236)  time: 0.1161  data: 0.0001  max mem: 1904
[17:45:51.265339] Epoch: [26]  [ 400/1004]  eta: 0:01:08  lr: 0.000009  loss: 0.0044 (0.0214)  mae_m_mask: 0.5566 (0.6858)  rmse_m_mask: 0.7040 (0.8745)  normalized_mse_mask: 0.0044 (0.0214)  rmse_m_all: 12.0362 (12.8291)  actual_mask_ratio: 0.0665 (0.0699)  actual_prediction_mask_ratio: 0.2175 (0.2260)  ignored_patch_ratio: 0.0215 (0.0237)  time: 0.1158  data: 0.0001  max mem: 1904
[17:45:53.494103] Epoch: [26]  [ 420/1004]  eta: 0:01:06  lr: 0.000009  loss: 0.0053 (0.0217)  mae_m_mask: 0.6357 (0.6852)  rmse_m_mask: 0.8429 (0.8733)  normalized_mse_mask: 0.0053 (0.0217)  rmse_m_all: 13.0274 (12.8444)  actual_mask_ratio: 0.0679 (0.0699)  actual_prediction_mask_ratio: 0.2288 (0.2260)  ignored_patch_ratio: 0.0272 (0.0239)  time: 0.1114  data: 0.0001  max mem: 1904
[17:45:55.756134] Epoch: [26]  [ 440/1004]  eta: 0:01:04  lr: 0.000009  loss: 0.0058 (0.0219)  mae_m_mask: 0.5104 (0.6790)  rmse_m_mask: 0.6524 (0.8654)  normalized_mse_mask: 0.0058 (0.0219)  rmse_m_all: 12.5495 (12.8124)  actual_mask_ratio: 0.0689 (0.0699)  actual_prediction_mask_ratio: 0.2252 (0.2260)  ignored_patch_ratio: 0.0181 (0.0238)  time: 0.1131  data: 0.0001  max mem: 1904
[17:45:58.031799] Epoch: [26]  [ 460/1004]  eta: 0:01:01  lr: 0.000009  loss: 0.0062 (0.0217)  mae_m_mask: 0.5819 (0.6769)  rmse_m_mask: 0.7287 (0.8617)  normalized_mse_mask: 0.0062 (0.0217)  rmse_m_all: 11.9145 (12.8068)  actual_mask_ratio: 0.0700 (0.0699)  actual_prediction_mask_ratio: 0.2268 (0.2258)  ignored_patch_ratio: 0.0181 (0.0238)  time: 0.1137  data: 0.0001  max mem: 1904
[17:46:00.317406] Epoch: [26]  [ 480/1004]  eta: 0:00:59  lr: 0.000009  loss: 0.0028 (0.0215)  mae_m_mask: 0.4657 (0.6690)  rmse_m_mask: 0.6222 (0.8521)  normalized_mse_mask: 0.0028 (0.0215)  rmse_m_all: 12.3946 (12.7713)  actual_mask_ratio: 0.0717 (0.0699)  actual_prediction_mask_ratio: 0.2265 (0.2257)  ignored_patch_ratio: 0.0193 (0.0237)  time: 0.1142  data: 0.0001  max mem: 1904
[17:46:02.595103] Epoch: [26]  [ 500/1004]  eta: 0:00:57  lr: 0.000009  loss: 0.0024 (0.0214)  mae_m_mask: 0.4916 (0.6649)  rmse_m_mask: 0.6304 (0.8464)  normalized_mse_mask: 0.0024 (0.0214)  rmse_m_all: 13.4336 (12.7685)  actual_mask_ratio: 0.0731 (0.0699)  actual_prediction_mask_ratio: 0.2333 (0.2260)  ignored_patch_ratio: 0.0210 (0.0237)  time: 0.1138  data: 0.0001  max mem: 1904
[17:46:04.877814] Epoch: [26]  [ 520/1004]  eta: 0:00:55  lr: 0.000009  loss: 0.0067 (0.0215)  mae_m_mask: 0.5695 (0.6620)  rmse_m_mask: 0.7391 (0.8441)  normalized_mse_mask: 0.0067 (0.0215)  rmse_m_all: 13.5546 (12.7803)  actual_mask_ratio: 0.0696 (0.0699)  actual_prediction_mask_ratio: 0.2252 (0.2258)  ignored_patch_ratio: 0.0215 (0.0238)  time: 0.1141  data: 0.0001  max mem: 1904
[17:46:07.167792] Epoch: [26]  [ 540/1004]  eta: 0:00:52  lr: 0.000009  loss: 0.0198 (0.0219)  mae_m_mask: 0.4406 (0.6567)  rmse_m_mask: 0.5569 (0.8370)  normalized_mse_mask: 0.0198 (0.0219)  rmse_m_all: 11.8870 (12.7157)  actual_mask_ratio: 0.0721 (0.0700)  actual_prediction_mask_ratio: 0.2237 (0.2258)  ignored_patch_ratio: 0.0295 (0.0240)  time: 0.1144  data: 0.0001  max mem: 1904
[17:46:09.458199] Epoch: [26]  [ 560/1004]  eta: 0:00:50  lr: 0.000009  loss: 0.0020 (0.0219)  mae_m_mask: 0.6486 (0.6570)  rmse_m_mask: 0.8425 (0.8377)  normalized_mse_mask: 0.0020 (0.0219)  rmse_m_all: 14.2475 (12.7737)  actual_mask_ratio: 0.0693 (0.0700)  actual_prediction_mask_ratio: 0.2212 (0.2257)  ignored_patch_ratio: 0.0266 (0.0240)  time: 0.1145  data: 0.0001  max mem: 1904
[17:46:11.734854] Epoch: [26]  [ 580/1004]  eta: 0:00:48  lr: 0.000009  loss: 0.0088 (0.0215)  mae_m_mask: 0.5205 (0.6552)  rmse_m_mask: 0.7206 (0.8362)  normalized_mse_mask: 0.0088 (0.0215)  rmse_m_all: 12.6734 (12.7654)  actual_mask_ratio: 0.0719 (0.0701)  actual_prediction_mask_ratio: 0.2309 (0.2260)  ignored_patch_ratio: 0.0193 (0.0240)  time: 0.1138  data: 0.0001  max mem: 1904
[17:46:14.026371] Epoch: [26]  [ 600/1004]  eta: 0:00:46  lr: 0.000009  loss: 0.0033 (0.0212)  mae_m_mask: 0.5806 (0.6538)  rmse_m_mask: 0.7302 (0.8342)  normalized_mse_mask: 0.0033 (0.0212)  rmse_m_all: 12.2528 (12.7669)  actual_mask_ratio: 0.0669 (0.0700)  actual_prediction_mask_ratio: 0.2257 (0.2259)  ignored_patch_ratio: 0.0147 (0.0238)  time: 0.1145  data: 0.0001  max mem: 1904
[17:46:16.298297] Epoch: [26]  [ 620/1004]  eta: 0:00:43  lr: 0.000009  loss: 0.0060 (0.0209)  mae_m_mask: 0.5974 (0.6533)  rmse_m_mask: 0.7401 (0.8348)  normalized_mse_mask: 0.0060 (0.0209)  rmse_m_all: 11.8456 (12.7683)  actual_mask_ratio: 0.0667 (0.0699)  actual_prediction_mask_ratio: 0.2218 (0.2258)  ignored_patch_ratio: 0.0255 (0.0240)  time: 0.1135  data: 0.0001  max mem: 1904
[17:46:18.584550] Epoch: [26]  [ 640/1004]  eta: 0:00:41  lr: 0.000009  loss: 0.0067 (0.0210)  mae_m_mask: 0.5584 (0.6531)  rmse_m_mask: 0.7126 (0.8337)  normalized_mse_mask: 0.0067 (0.0210)  rmse_m_all: 11.9855 (12.7492)  actual_mask_ratio: 0.0698 (0.0700)  actual_prediction_mask_ratio: 0.2335 (0.2260)  ignored_patch_ratio: 0.0244 (0.0240)  time: 0.1143  data: 0.0001  max mem: 1904
[17:46:20.857637] Epoch: [26]  [ 660/1004]  eta: 0:00:39  lr: 0.000009  loss: 0.0071 (0.0213)  mae_m_mask: 0.5987 (0.6534)  rmse_m_mask: 0.8204 (0.8340)  normalized_mse_mask: 0.0071 (0.0213)  rmse_m_all: 12.3515 (12.7652)  actual_mask_ratio: 0.0715 (0.0700)  actual_prediction_mask_ratio: 0.2274 (0.2261)  ignored_patch_ratio: 0.0278 (0.0240)  time: 0.1136  data: 0.0001  max mem: 1904
[17:46:23.128221] Epoch: [26]  [ 680/1004]  eta: 0:00:36  lr: 0.000009  loss: 0.0044 (0.0211)  mae_m_mask: 0.4752 (0.6523)  rmse_m_mask: 0.6738 (0.8342)  normalized_mse_mask: 0.0044 (0.0211)  rmse_m_all: 12.4290 (12.7709)  actual_mask_ratio: 0.0691 (0.0700)  actual_prediction_mask_ratio: 0.2233 (0.2259)  ignored_patch_ratio: 0.0289 (0.0241)  time: 0.1135  data: 0.0001  max mem: 1904
[17:46:25.398540] Epoch: [26]  [ 700/1004]  eta: 0:00:34  lr: 0.000009  loss: 0.0020 (0.0209)  mae_m_mask: 0.6011 (0.6529)  rmse_m_mask: 0.7527 (0.8343)  normalized_mse_mask: 0.0020 (0.0209)  rmse_m_all: 13.1882 (12.7969)  actual_mask_ratio: 0.0664 (0.0700)  actual_prediction_mask_ratio: 0.2104 (0.2256)  ignored_patch_ratio: 0.0210 (0.0241)  time: 0.1135  data: 0.0001  max mem: 1904
[17:46:27.668547] Epoch: [26]  [ 720/1004]  eta: 0:00:32  lr: 0.000009  loss: 0.0010 (0.0205)  mae_m_mask: 0.5831 (0.6523)  rmse_m_mask: 0.7137 (0.8327)  normalized_mse_mask: 0.0010 (0.0205)  rmse_m_all: 14.4945 (12.8182)  actual_mask_ratio: 0.0677 (0.0699)  actual_prediction_mask_ratio: 0.2189 (0.2253)  ignored_patch_ratio: 0.0266 (0.0242)  time: 0.1135  data: 0.0001  max mem: 1904
[17:46:29.946164] Epoch: [26]  [ 740/1004]  eta: 0:00:30  lr: 0.000009  loss: 0.0044 (0.0207)  mae_m_mask: 0.4899 (0.6493)  rmse_m_mask: 0.6210 (0.8293)  normalized_mse_mask: 0.0044 (0.0207)  rmse_m_all: 13.4161 (12.8300)  actual_mask_ratio: 0.0671 (0.0698)  actual_prediction_mask_ratio: 0.2178 (0.2251)  ignored_patch_ratio: 0.0215 (0.0241)  time: 0.1138  data: 0.0001  max mem: 1904
[17:46:32.206604] Epoch: [26]  [ 760/1004]  eta: 0:00:27  lr: 0.000009  loss: 0.0097 (0.0206)  mae_m_mask: 0.5496 (0.6474)  rmse_m_mask: 0.7223 (0.8272)  normalized_mse_mask: 0.0097 (0.0206)  rmse_m_all: 11.3951 (12.8094)  actual_mask_ratio: 0.0685 (0.0698)  actual_prediction_mask_ratio: 0.2265 (0.2252)  ignored_patch_ratio: 0.0221 (0.0242)  time: 0.1130  data: 0.0001  max mem: 1904
[17:46:34.438049] Epoch: [26]  [ 780/1004]  eta: 0:00:25  lr: 0.000009  loss: 0.0040 (0.0210)  mae_m_mask: 0.5374 (0.6464)  rmse_m_mask: 0.7071 (0.8265)  normalized_mse_mask: 0.0040 (0.0210)  rmse_m_all: 12.9182 (12.8139)  actual_mask_ratio: 0.0727 (0.0699)  actual_prediction_mask_ratio: 0.2331 (0.2253)  ignored_patch_ratio: 0.0221 (0.0242)  time: 0.1115  data: 0.0001  max mem: 1904
[17:46:36.681626] Epoch: [26]  [ 800/1004]  eta: 0:00:23  lr: 0.000009  loss: 0.0027 (0.0210)  mae_m_mask: 0.6141 (0.6457)  rmse_m_mask: 0.7935 (0.8258)  normalized_mse_mask: 0.0027 (0.0210)  rmse_m_all: 11.2846 (12.7819)  actual_mask_ratio: 0.0677 (0.0698)  actual_prediction_mask_ratio: 0.2115 (0.2250)  ignored_patch_ratio: 0.0198 (0.0242)  time: 0.1121  data: 0.0001  max mem: 1904
[17:46:38.918833] Epoch: [26]  [ 820/1004]  eta: 0:00:20  lr: 0.000009  loss: 0.0020 (0.0207)  mae_m_mask: 0.6308 (0.6466)  rmse_m_mask: 0.7681 (0.8264)  normalized_mse_mask: 0.0020 (0.0207)  rmse_m_all: 13.0619 (12.7754)  actual_mask_ratio: 0.0695 (0.0698)  actual_prediction_mask_ratio: 0.2231 (0.2249)  ignored_patch_ratio: 0.0221 (0.0242)  time: 0.1118  data: 0.0001  max mem: 1904
[17:46:40.614469] Epoch: [26]  [ 840/1004]  eta: 0:00:18  lr: 0.000009  loss: 0.0034 (0.0207)  mae_m_mask: 0.6285 (0.6468)  rmse_m_mask: 0.7789 (0.8269)  normalized_mse_mask: 0.0034 (0.0207)  rmse_m_all: 12.9409 (12.7789)  actual_mask_ratio: 0.0702 (0.0698)  actual_prediction_mask_ratio: 0.2272 (0.2250)  ignored_patch_ratio: 0.0261 (0.0243)  time: 0.0847  data: 0.0001  max mem: 1904
[17:46:43.566701] Epoch: [26]  [ 860/1004]  eta: 0:00:16  lr: 0.000009  loss: 0.0122 (0.0208)  mae_m_mask: 0.5331 (0.6453)  rmse_m_mask: 0.7220 (0.8251)  normalized_mse_mask: 0.0122 (0.0208)  rmse_m_all: 10.9888 (12.7471)  actual_mask_ratio: 0.0691 (0.0698)  actual_prediction_mask_ratio: 0.2201 (0.2249)  ignored_patch_ratio: 0.0176 (0.0243)  time: 0.1476  data: 0.0477  max mem: 1904
[17:46:45.720966] Epoch: [26]  [ 880/1004]  eta: 0:00:14  lr: 0.000009  loss: 0.0021 (0.0209)  mae_m_mask: 0.5884 (0.6452)  rmse_m_mask: 0.6859 (0.8247)  normalized_mse_mask: 0.0021 (0.0209)  rmse_m_all: 13.6005 (12.7546)  actual_mask_ratio: 0.0673 (0.0698)  actual_prediction_mask_ratio: 0.2207 (0.2248)  ignored_patch_ratio: 0.0176 (0.0242)  time: 0.1077  data: 0.0001  max mem: 1904
[17:46:48.016905] Epoch: [26]  [ 900/1004]  eta: 0:00:11  lr: 0.000009  loss: 0.0057 (0.0209)  mae_m_mask: 0.7074 (0.6463)  rmse_m_mask: 0.8367 (0.8256)  normalized_mse_mask: 0.0057 (0.0209)  rmse_m_all: 14.8285 (12.8017)  actual_mask_ratio: 0.0684 (0.0697)  actual_prediction_mask_ratio: 0.2108 (0.2246)  ignored_patch_ratio: 0.0261 (0.0243)  time: 0.1148  data: 0.0001  max mem: 1904
[17:46:50.352837] Epoch: [26]  [ 920/1004]  eta: 0:00:09  lr: 0.000009  loss: 0.0064 (0.0211)  mae_m_mask: 0.6388 (0.6474)  rmse_m_mask: 0.8266 (0.8285)  normalized_mse_mask: 0.0064 (0.0211)  rmse_m_all: 11.4274 (12.7724)  actual_mask_ratio: 0.0741 (0.0698)  actual_prediction_mask_ratio: 0.2383 (0.2249)  ignored_patch_ratio: 0.0227 (0.0243)  time: 0.1168  data: 0.0001  max mem: 1904
[17:46:52.650741] Epoch: [26]  [ 940/1004]  eta: 0:00:07  lr: 0.000009  loss: 0.0039 (0.0212)  mae_m_mask: 0.5657 (0.6467)  rmse_m_mask: 0.7283 (0.8271)  normalized_mse_mask: 0.0039 (0.0212)  rmse_m_all: 12.3294 (12.7782)  actual_mask_ratio: 0.0690 (0.0698)  actual_prediction_mask_ratio: 0.2170 (0.2248)  ignored_patch_ratio: 0.0306 (0.0244)  time: 0.1149  data: 0.0001  max mem: 1904
[17:46:54.998111] Epoch: [26]  [ 960/1004]  eta: 0:00:05  lr: 0.000009  loss: 0.0011 (0.0209)  mae_m_mask: 0.4606 (0.6446)  rmse_m_mask: 0.5984 (0.8243)  normalized_mse_mask: 0.0011 (0.0209)  rmse_m_all: 13.7561 (12.7862)  actual_mask_ratio: 0.0686 (0.0698)  actual_prediction_mask_ratio: 0.2182 (0.2247)  ignored_patch_ratio: 0.0187 (0.0244)  time: 0.1173  data: 0.0001  max mem: 1904
[17:46:57.336438] Epoch: [26]  [ 980/1004]  eta: 0:00:02  lr: 0.000009  loss: 0.0040 (0.0208)  mae_m_mask: 0.5304 (0.6437)  rmse_m_mask: 0.6937 (0.8231)  normalized_mse_mask: 0.0040 (0.0208)  rmse_m_all: 13.1506 (12.8017)  actual_mask_ratio: 0.0685 (0.0698)  actual_prediction_mask_ratio: 0.2248 (0.2246)  ignored_patch_ratio: 0.0210 (0.0245)  time: 0.1169  data: 0.0001  max mem: 1904
[17:46:59.673310] Epoch: [26]  [1000/1004]  eta: 0:00:00  lr: 0.000009  loss: 0.0024 (0.0209)  mae_m_mask: 0.5944 (0.6431)  rmse_m_mask: 0.7489 (0.8223)  normalized_mse_mask: 0.0024 (0.0209)  rmse_m_all: 12.4130 (12.7939)  actual_mask_ratio: 0.0720 (0.0698)  actual_prediction_mask_ratio: 0.2255 (0.2247)  ignored_patch_ratio: 0.0272 (0.0245)  time: 0.1168  data: 0.0001  max mem: 1904
[17:47:00.024990] Epoch: [26]  [1003/1004]  eta: 0:00:00  lr: 0.000009  loss: 0.0024 (0.0209)  mae_m_mask: 0.5691 (0.6429)  rmse_m_mask: 0.6865 (0.8219)  normalized_mse_mask: 0.0024 (0.0209)  rmse_m_all: 12.3981 (12.7921)  actual_mask_ratio: 0.0720 (0.0698)  actual_prediction_mask_ratio: 0.2262 (0.2248)  ignored_patch_ratio: 0.0300 (0.0245)  time: 0.1167  data: 0.0001  max mem: 1904
[17:47:00.065454] Epoch: [26] Total time: 0:01:54 (0.1141 s / it)
[17:47:00.067279] Averaged stats: {'lr': 8.855823447289762e-06, 'loss': 0.02095331385071718, 'mae_m_mask': 0.6398311334430751, 'rmse_m_mask': 0.8694828966149719, 'normalized_mse_mask': 0.02095331385071718, 'rmse_m_all': 12.792141406540852, 'actual_mask_ratio': 0.06984899320687905, 'actual_prediction_mask_ratio': 0.22476694758135485, 'ignored_patch_ratio': 0.024530550932504266, 'supervised_pixel_count': 19824973.0}
[17:47:00.260110] Val: [26]  [  0/288]  eta: 0:00:54  loss: 0.0293 (0.0293)  mae_m_mask: 0.3484 (0.3484)  rmse_m_mask: 0.4638 (0.4638)  normalized_mse_mask: 0.0293 (0.0293)  rmse_m_all: 5.7771 (5.7771)  actual_mask_ratio: 0.0607 (0.0607)  actual_prediction_mask_ratio: 0.2001 (0.2001)  ignored_patch_ratio: 0.0000 (0.0000)  time: 0.1899  data: 0.0871  max mem: 1904
[17:47:04.697935] Val: [26]  [ 50/288]  eta: 0:00:21  loss: 0.0477 (0.0993)  mae_m_mask: 0.3005 (0.3280)  rmse_m_mask: 0.3815 (0.3973)  normalized_mse_mask: 0.0477 (0.0993)  rmse_m_all: 1.0897 (3.8827)  actual_mask_ratio: 0.0663 (0.0715)  actual_prediction_mask_ratio: 0.2336 (0.2372)  ignored_patch_ratio: 0.0000 (0.0000)  time: 0.0887  data: 0.0001  max mem: 1904
[17:47:09.178492] Val: [26]  [100/288]  eta: 0:00:16  loss: 0.1701 (0.1800)  mae_m_mask: 0.3358 (0.3888)  rmse_m_mask: 0.4004 (0.4673)  normalized_mse_mask: 0.1701 (0.1800)  rmse_m_all: 0.7731 (3.4035)  actual_mask_ratio: 0.0714 (0.0723)  actual_prediction_mask_ratio: 0.2239 (0.2366)  ignored_patch_ratio: 0.0000 (0.0000)  time: 0.0914  data: 0.0001  max mem: 1904
[17:47:13.638516] Val: [26]  [150/288]  eta: 0:00:12  loss: 0.0225 (0.1771)  mae_m_mask: 0.4945 (0.4038)  rmse_m_mask: 0.5422 (0.4789)  normalized_mse_mask: 0.0225 (0.1771)  rmse_m_all: 2.3118 (3.0046)  actual_mask_ratio: 0.0743 (0.0723)  actual_prediction_mask_ratio: 0.2443 (0.2367)  ignored_patch_ratio: 0.0000 (0.0000)  time: 0.0880  data: 0.0001  max mem: 1904
[17:47:18.092026] Val: [26]  [200/288]  eta: 0:00:07  loss: 0.4085 (0.2145)  mae_m_mask: 0.3032 (0.4002)  rmse_m_mask: 0.3572 (0.4802)  normalized_mse_mask: 0.4085 (0.2145)  rmse_m_all: 0.4623 (2.5622)  actual_mask_ratio: 0.0743 (0.0732)  actual_prediction_mask_ratio: 0.2545 (0.2410)  ignored_patch_ratio: 0.0000 (0.0000)  time: 0.0898  data: 0.0001  max mem: 1904
[17:47:22.612262] Val: [26]  [250/288]  eta: 0:00:03  loss: 0.0652 (0.1959)  mae_m_mask: 0.3281 (0.3862)  rmse_m_mask: 0.3998 (0.4628)  normalized_mse_mask: 0.0652 (0.1959)  rmse_m_all: 1.3455 (2.4765)  actual_mask_ratio: 0.0822 (0.0748)  actual_prediction_mask_ratio: 0.2591 (0.2448)  ignored_patch_ratio: 0.0000 (0.0000)  time: 0.0911  data: 0.0001  max mem: 1904
[17:47:25.949603] Val: [26]  [287/288]  eta: 0:00:00  loss: 0.0318 (0.1812)  mae_m_mask: 0.3234 (0.3779)  rmse_m_mask: 0.3901 (0.4528)  normalized_mse_mask: 0.0318 (0.1812)  rmse_m_all: 1.1093 (2.6341)  actual_mask_ratio: 0.0760 (0.0749)  actual_prediction_mask_ratio: 0.2523 (0.2453)  ignored_patch_ratio: 0.0000 (0.0000)  time: 0.0889  data: 0.0001  max mem: 1904
[17:47:25.980193] Val: [26] Total time: 0:00:25 (0.0900 s / it)
[17:47:25.981207] val stats: {'loss': 0.17493192283805983, 'mae_m_mask': 0.38356578581789413, 'rmse_m_mask': 0.5163180150121063, 'normalized_mse_mask': 0.17493192283805983, 'rmse_m_all': 2.634056353734599, 'actual_mask_ratio': 0.07494737871456891, 'actual_prediction_mask_ratio': 0.24532247381284833, 'ignored_patch_ratio': 0.0, 'supervised_pixel_count': 5936124.0}
[17:47:30.187027] log_dir: /tank/data/SFS/xinyis/data/bathymetry/MAE-Topography/Downstream_Task_Bathy/cross_validation_v5_Stage2NormMSE_MeterSelect/runs/holdout_CO_D004Stage2NormMSE_MeterSelect_D001NoDataSafe/train_stage2_normMSE_meterSelect_CO_UpperColorado_Topobathy_1_2020_fromStage1Best_e120_lr1e-5_b4_acc4/tb
[17:47:30.382578] Epoch: [27]  [   0/1004]  eta: 0:03:15  lr: 0.000009  loss: 0.0413 (0.0413)  mae_m_mask: 0.9524 (0.9524)  rmse_m_mask: 1.1395 (1.1395)  normalized_mse_mask: 0.0413 (0.0413)  rmse_m_all: 15.3587 (15.3587)  actual_mask_ratio: 0.0655 (0.0655)  actual_prediction_mask_ratio: 0.2187 (0.2187)  ignored_patch_ratio: 0.0306 (0.0306)  time: 0.1949  data: 0.0872  max mem: 1904
[17:47:32.699491] Epoch: [27]  [  20/1004]  eta: 0:01:57  lr: 0.000009  loss: 0.0108 (0.0378)  mae_m_mask: 0.5813 (0.6618)  rmse_m_mask: 0.8372 (0.8557)  normalized_mse_mask: 0.0108 (0.0378)  rmse_m_all: 12.3712 (11.8548)  actual_mask_ratio: 0.0711 (0.0695)  actual_prediction_mask_ratio: 0.2306 (0.2265)  ignored_patch_ratio: 0.0238 (0.0280)  time: 0.1158  data: 0.0001  max mem: 1904
[17:47:35.020892] Epoch: [27]  [  40/1004]  eta: 0:01:53  lr: 0.000009  loss: 0.0081 (0.0252)  mae_m_mask: 0.5731 (0.6226)  rmse_m_mask: 0.7405 (0.8070)  normalized_mse_mask: 0.0081 (0.0252)  rmse_m_all: 11.6648 (11.5364)  actual_mask_ratio: 0.0721 (0.0706)  actual_prediction_mask_ratio: 0.2256 (0.2283)  ignored_patch_ratio: 0.0170 (0.0236)  time: 0.1160  data: 0.0001  max mem: 1904
[17:47:37.348944] Epoch: [27]  [  60/1004]  eta: 0:01:50  lr: 0.000009  loss: 0.0023 (0.0205)  mae_m_mask: 0.5684 (0.6082)  rmse_m_mask: 0.7276 (0.7890)  normalized_mse_mask: 0.0023 (0.0205)  rmse_m_all: 13.4445 (11.9336)  actual_mask_ratio: 0.0681 (0.0700)  actual_prediction_mask_ratio: 0.2205 (0.2264)  ignored_patch_ratio: 0.0164 (0.0232)  time: 0.1164  data: 0.0001  max mem: 1904
[17:47:39.592764] Epoch: [27]  [  80/1004]  eta: 0:01:47  lr: 0.000009  loss: 0.0126 (0.0206)  mae_m_mask: 0.5052 (0.6109)  rmse_m_mask: 0.6540 (0.7897)  normalized_mse_mask: 0.0126 (0.0206)  rmse_m_all: 12.1317 (12.2286)  actual_mask_ratio: 0.0717 (0.0704)  actual_prediction_mask_ratio: 0.2321 (0.2273)  ignored_patch_ratio: 0.0215 (0.0234)  time: 0.1121  data: 0.0001  max mem: 1904
[17:47:41.853211] Epoch: [27]  [ 100/1004]  eta: 0:01:44  lr: 0.000009  loss: 0.0038 (0.0246)  mae_m_mask: 1.0003 (0.6966)  rmse_m_mask: 1.2708 (0.9001)  normalized_mse_mask: 0.0038 (0.0246)  rmse_m_all: 14.8430 (12.6672)  actual_mask_ratio: 0.0714 (0.0706)  actual_prediction_mask_ratio: 0.2282 (0.2275)  ignored_patch_ratio: 0.0227 (0.0238)  time: 0.1130  data: 0.0001  max mem: 1904
[17:47:44.096555] Epoch: [27]  [ 120/1004]  eta: 0:01:41  lr: 0.000009  loss: 0.0034 (0.0258)  mae_m_mask: 0.6847 (0.7053)  rmse_m_mask: 0.8575 (0.9057)  normalized_mse_mask: 0.0034 (0.0258)  rmse_m_all: 13.4019 (12.6717)  actual_mask_ratio: 0.0704 (0.0705)  actual_prediction_mask_ratio: 0.2309 (0.2275)  ignored_patch_ratio: 0.0210 (0.0238)  time: 0.1121  data: 0.0001  max mem: 1904
[17:47:46.352338] Epoch: [27]  [ 140/1004]  eta: 0:01:39  lr: 0.000009  loss: 0.0026 (0.0235)  mae_m_mask: 0.5632 (0.6945)  rmse_m_mask: 0.7166 (0.8913)  normalized_mse_mask: 0.0026 (0.0235)  rmse_m_all: 13.2463 (12.8261)  actual_mask_ratio: 0.0658 (0.0700)  actual_prediction_mask_ratio: 0.2230 (0.2267)  ignored_patch_ratio: 0.0312 (0.0244)  time: 0.1127  data: 0.0001  max mem: 1904
[17:47:48.611958] Epoch: [27]  [ 160/1004]  eta: 0:01:36  lr: 0.000009  loss: 0.0065 (0.0235)  mae_m_mask: 0.5349 (0.6855)  rmse_m_mask: 0.7271 (0.8796)  normalized_mse_mask: 0.0065 (0.0235)  rmse_m_all: 12.6166 (12.7640)  actual_mask_ratio: 0.0696 (0.0699)  actual_prediction_mask_ratio: 0.2208 (0.2265)  ignored_patch_ratio: 0.0164 (0.0241)  time: 0.1129  data: 0.0001  max mem: 1904
[17:47:50.864890] Epoch: [27]  [ 180/1004]  eta: 0:01:34  lr: 0.000009  loss: 0.0014 (0.0244)  mae_m_mask: 0.6726 (0.6867)  rmse_m_mask: 0.8487 (0.8820)  normalized_mse_mask: 0.0014 (0.0244)  rmse_m_all: 13.1932 (12.8382)  actual_mask_ratio: 0.0702 (0.0698)  actual_prediction_mask_ratio: 0.2227 (0.2258)  ignored_patch_ratio: 0.0255 (0.0244)  time: 0.1126  data: 0.0001  max mem: 1904
[17:47:53.132817] Epoch: [27]  [ 200/1004]  eta: 0:01:31  lr: 0.000009  loss: 0.0035 (0.0231)  mae_m_mask: 0.6240 (0.6847)  rmse_m_mask: 0.7912 (0.8815)  normalized_mse_mask: 0.0035 (0.0231)  rmse_m_all: 12.4901 (12.8362)  actual_mask_ratio: 0.0725 (0.0699)  actual_prediction_mask_ratio: 0.2260 (0.2257)  ignored_patch_ratio: 0.0227 (0.0247)  time: 0.1134  data: 0.0001  max mem: 1904
[17:47:55.415105] Epoch: [27]  [ 220/1004]  eta: 0:01:29  lr: 0.000009  loss: 0.0050 (0.0222)  mae_m_mask: 0.7544 (0.6925)  rmse_m_mask: 0.8974 (0.8892)  normalized_mse_mask: 0.0050 (0.0222)  rmse_m_all: 13.8478 (12.8757)  actual_mask_ratio: 0.0683 (0.0699)  actual_prediction_mask_ratio: 0.2249 (0.2256)  ignored_patch_ratio: 0.0204 (0.0247)  time: 0.1141  data: 0.0001  max mem: 1904
[17:47:57.222993] Epoch: [27]  [ 240/1004]  eta: 0:01:25  lr: 0.000009  loss: 0.0073 (0.0233)  mae_m_mask: 0.6119 (0.6864)  rmse_m_mask: 0.7207 (0.8813)  normalized_mse_mask: 0.0073 (0.0233)  rmse_m_all: 12.3262 (12.9110)  actual_mask_ratio: 0.0668 (0.0697)  actual_prediction_mask_ratio: 0.2173 (0.2253)  ignored_patch_ratio: 0.0193 (0.0246)  time: 0.0903  data: 0.0001  max mem: 1904
[17:48:00.103653] Epoch: [27]  [ 260/1004]  eta: 0:01:25  lr: 0.000009  loss: 0.0103 (0.0246)  mae_m_mask: 0.6486 (0.6837)  rmse_m_mask: 0.7787 (0.8778)  normalized_mse_mask: 0.0103 (0.0246)  rmse_m_all: 12.3424 (12.9128)  actual_mask_ratio: 0.0687 (0.0697)  actual_prediction_mask_ratio: 0.2229 (0.2252)  ignored_patch_ratio: 0.0272 (0.0247)  time: 0.1440  data: 0.0515  max mem: 1904
[17:48:02.278735] Epoch: [27]  [ 280/1004]  eta: 0:01:22  lr: 0.000009  loss: 0.0040 (0.0238)  mae_m_mask: 0.5690 (0.6807)  rmse_m_mask: 0.7903 (0.8747)  normalized_mse_mask: 0.0040 (0.0238)  rmse_m_all: 13.9770 (12.9185)  actual_mask_ratio: 0.0707 (0.0697)  actual_prediction_mask_ratio: 0.2325 (0.2255)  ignored_patch_ratio: 0.0215 (0.0247)  time: 0.1087  data: 0.0001  max mem: 1904
[17:48:04.581598] Epoch: [27]  [ 300/1004]  eta: 0:01:20  lr: 0.000009  loss: 0.0042 (0.0235)  mae_m_mask: 0.5210 (0.6719)  rmse_m_mask: 0.6451 (0.8638)  normalized_mse_mask: 0.0042 (0.0235)  rmse_m_all: 10.7272 (12.8216)  actual_mask_ratio: 0.0731 (0.0698)  actual_prediction_mask_ratio: 0.2324 (0.2258)  ignored_patch_ratio: 0.0227 (0.0245)  time: 0.1151  data: 0.0001  max mem: 1904
[17:48:06.887764] Epoch: [27]  [ 320/1004]  eta: 0:01:18  lr: 0.000009  loss: 0.0094 (0.0243)  mae_m_mask: 0.7498 (0.6785)  rmse_m_mask: 0.9604 (0.8707)  normalized_mse_mask: 0.0094 (0.0243)  rmse_m_all: 13.9986 (12.8591)  actual_mask_ratio: 0.0701 (0.0699)  actual_prediction_mask_ratio: 0.2207 (0.2258)  ignored_patch_ratio: 0.0198 (0.0243)  time: 0.1153  data: 0.0001  max mem: 1904
[17:48:09.194323] Epoch: [27]  [ 340/1004]  eta: 0:01:15  lr: 0.000009  loss: 0.0070 (0.0243)  mae_m_mask: 0.5544 (0.6738)  rmse_m_mask: 0.6947 (0.8649)  normalized_mse_mask: 0.0070 (0.0243)  rmse_m_all: 12.3133 (12.8777)  actual_mask_ratio: 0.0702 (0.0699)  actual_prediction_mask_ratio: 0.2266 (0.2257)  ignored_patch_ratio: 0.0170 (0.0242)  time: 0.1153  data: 0.0001  max mem: 1904
[17:48:11.400526] Epoch: [27]  [ 360/1004]  eta: 0:01:13  lr: 0.000009  loss: 0.0031 (0.0241)  mae_m_mask: 0.5727 (0.6723)  rmse_m_mask: 0.7450 (0.8619)  normalized_mse_mask: 0.0031 (0.0241)  rmse_m_all: 11.3017 (12.8442)  actual_mask_ratio: 0.0720 (0.0700)  actual_prediction_mask_ratio: 0.2392 (0.2260)  ignored_patch_ratio: 0.0147 (0.0240)  time: 0.1103  data: 0.0001  max mem: 1904
[17:48:13.636415] Epoch: [27]  [ 380/1004]  eta: 0:01:11  lr: 0.000009  loss: 0.0014 (0.0231)  mae_m_mask: 0.6429 (0.6731)  rmse_m_mask: 0.8258 (0.8617)  normalized_mse_mask: 0.0014 (0.0231)  rmse_m_all: 14.0383 (12.9205)  actual_mask_ratio: 0.0672 (0.0698)  actual_prediction_mask_ratio: 0.2225 (0.2257)  ignored_patch_ratio: 0.0261 (0.0241)  time: 0.1118  data: 0.0001  max mem: 1904
[17:48:15.872954] Epoch: [27]  [ 400/1004]  eta: 0:01:08  lr: 0.000009  loss: 0.0025 (0.0225)  mae_m_mask: 0.5147 (0.6679)  rmse_m_mask: 0.6610 (0.8571)  normalized_mse_mask: 0.0025 (0.0225)  rmse_m_all: 14.9360 (12.9834)  actual_mask_ratio: 0.0684 (0.0698)  actual_prediction_mask_ratio: 0.2242 (0.2257)  ignored_patch_ratio: 0.0227 (0.0242)  time: 0.1118  data: 0.0001  max mem: 1904
[17:48:18.134521] Epoch: [27]  [ 420/1004]  eta: 0:01:06  lr: 0.000009  loss: 0.0061 (0.0224)  mae_m_mask: 0.5989 (0.6657)  rmse_m_mask: 0.7588 (0.8541)  normalized_mse_mask: 0.0061 (0.0224)  rmse_m_all: 14.5029 (13.0533)  actual_mask_ratio: 0.0703 (0.0698)  actual_prediction_mask_ratio: 0.2212 (0.2256)  ignored_patch_ratio: 0.0227 (0.0241)  time: 0.1130  data: 0.0001  max mem: 1904
[17:48:20.379946] Epoch: [27]  [ 440/1004]  eta: 0:01:04  lr: 0.000009  loss: 0.0046 (0.0222)  mae_m_mask: 0.5138 (0.6603)  rmse_m_mask: 0.6717 (0.8487)  normalized_mse_mask: 0.0046 (0.0222)  rmse_m_all: 11.6437 (12.9775)  actual_mask_ratio: 0.0695 (0.0698)  actual_prediction_mask_ratio: 0.2228 (0.2254)  ignored_patch_ratio: 0.0193 (0.0240)  time: 0.1122  data: 0.0001  max mem: 1904
[17:48:22.646481] Epoch: [27]  [ 460/1004]  eta: 0:01:01  lr: 0.000009  loss: 0.0034 (0.0224)  mae_m_mask: 0.6040 (0.6591)  rmse_m_mask: 0.7723 (0.8475)  normalized_mse_mask: 0.0034 (0.0224)  rmse_m_all: 11.4586 (12.9609)  actual_mask_ratio: 0.0690 (0.0697)  actual_prediction_mask_ratio: 0.2225 (0.2253)  ignored_patch_ratio: 0.0238 (0.0241)  time: 0.1133  data: 0.0001  max mem: 1904
[17:48:24.928529] Epoch: [27]  [ 480/1004]  eta: 0:00:59  lr: 0.000009  loss: 0.0132 (0.0223)  mae_m_mask: 0.4639 (0.6529)  rmse_m_mask: 0.6042 (0.8400)  normalized_mse_mask: 0.0132 (0.0223)  rmse_m_all: 10.6425 (12.8923)  actual_mask_ratio: 0.0704 (0.0697)  actual_prediction_mask_ratio: 0.2244 (0.2253)  ignored_patch_ratio: 0.0238 (0.0241)  time: 0.1141  data: 0.0001  max mem: 1904
[17:48:27.201235] Epoch: [27]  [ 500/1004]  eta: 0:00:57  lr: 0.000009  loss: 0.0033 (0.0217)  mae_m_mask: 0.5039 (0.6515)  rmse_m_mask: 0.6264 (0.8375)  normalized_mse_mask: 0.0033 (0.0217)  rmse_m_all: 13.4879 (12.9594)  actual_mask_ratio: 0.0680 (0.0697)  actual_prediction_mask_ratio: 0.2184 (0.2251)  ignored_patch_ratio: 0.0278 (0.0242)  time: 0.1136  data: 0.0001  max mem: 1904
[17:48:29.443740] Epoch: [27]  [ 520/1004]  eta: 0:00:55  lr: 0.000009  loss: 0.0062 (0.0215)  mae_m_mask: 0.6561 (0.6508)  rmse_m_mask: 0.8192 (0.8368)  normalized_mse_mask: 0.0062 (0.0215)  rmse_m_all: 13.7004 (12.9908)  actual_mask_ratio: 0.0667 (0.0697)  actual_prediction_mask_ratio: 0.2194 (0.2251)  ignored_patch_ratio: 0.0159 (0.0241)  time: 0.1121  data: 0.0001  max mem: 1904
[17:48:31.672761] Epoch: [27]  [ 540/1004]  eta: 0:00:52  lr: 0.000009  loss: 0.0157 (0.0215)  mae_m_mask: 0.5782 (0.6486)  rmse_m_mask: 0.7624 (0.8347)  normalized_mse_mask: 0.0157 (0.0215)  rmse_m_all: 13.8808 (12.9743)  actual_mask_ratio: 0.0695 (0.0697)  actual_prediction_mask_ratio: 0.2226 (0.2251)  ignored_patch_ratio: 0.0261 (0.0242)  time: 0.1114  data: 0.0001  max mem: 1904
[17:48:33.938796] Epoch: [27]  [ 560/1004]  eta: 0:00:50  lr: 0.000009  loss: 0.0118 (0.0211)  mae_m_mask: 0.4335 (0.6435)  rmse_m_mask: 0.6132 (0.8293)  normalized_mse_mask: 0.0118 (0.0211)  rmse_m_all: 12.4232 (12.9475)  actual_mask_ratio: 0.0700 (0.0698)  actual_prediction_mask_ratio: 0.2225 (0.2252)  ignored_patch_ratio: 0.0221 (0.0242)  time: 0.1133  data: 0.0001  max mem: 1904
[17:48:36.171508] Epoch: [27]  [ 580/1004]  eta: 0:00:48  lr: 0.000009  loss: 0.0038 (0.0211)  mae_m_mask: 0.6034 (0.6432)  rmse_m_mask: 0.7747 (0.8278)  normalized_mse_mask: 0.0038 (0.0211)  rmse_m_all: 14.2350 (12.9954)  actual_mask_ratio: 0.0692 (0.0697)  actual_prediction_mask_ratio: 0.2197 (0.2251)  ignored_patch_ratio: 0.0210 (0.0241)  time: 0.1116  data: 0.0001  max mem: 1904
[17:48:38.433314] Epoch: [27]  [ 600/1004]  eta: 0:00:45  lr: 0.000009  loss: 0.0023 (0.0207)  mae_m_mask: 0.5656 (0.6408)  rmse_m_mask: 0.7113 (0.8246)  normalized_mse_mask: 0.0023 (0.0207)  rmse_m_all: 14.7819 (13.0364)  actual_mask_ratio: 0.0707 (0.0698)  actual_prediction_mask_ratio: 0.2272 (0.2252)  ignored_patch_ratio: 0.0306 (0.0244)  time: 0.1130  data: 0.0001  max mem: 1904
[17:48:40.698618] Epoch: [27]  [ 620/1004]  eta: 0:00:43  lr: 0.000009  loss: 0.0082 (0.0208)  mae_m_mask: 0.5040 (0.6400)  rmse_m_mask: 0.7280 (0.8240)  normalized_mse_mask: 0.0082 (0.0208)  rmse_m_all: 12.0678 (13.0065)  actual_mask_ratio: 0.0675 (0.0697)  actual_prediction_mask_ratio: 0.2252 (0.2251)  ignored_patch_ratio: 0.0147 (0.0241)  time: 0.1132  data: 0.0001  max mem: 1904
[17:48:42.975771] Epoch: [27]  [ 640/1004]  eta: 0:00:41  lr: 0.000009  loss: 0.0080 (0.0207)  mae_m_mask: 0.5807 (0.6385)  rmse_m_mask: 0.7728 (0.8225)  normalized_mse_mask: 0.0080 (0.0207)  rmse_m_all: 13.5966 (12.9975)  actual_mask_ratio: 0.0685 (0.0697)  actual_prediction_mask_ratio: 0.2244 (0.2251)  ignored_patch_ratio: 0.0204 (0.0241)  time: 0.1138  data: 0.0001  max mem: 1904
[17:48:45.258237] Epoch: [27]  [ 660/1004]  eta: 0:00:39  lr: 0.000009  loss: 0.0045 (0.0205)  mae_m_mask: 0.6081 (0.6403)  rmse_m_mask: 0.8534 (0.8256)  normalized_mse_mask: 0.0045 (0.0205)  rmse_m_all: 13.0467 (13.0358)  actual_mask_ratio: 0.0703 (0.0697)  actual_prediction_mask_ratio: 0.2171 (0.2250)  ignored_patch_ratio: 0.0170 (0.0241)  time: 0.1141  data: 0.0001  max mem: 1904
[17:48:47.535337] Epoch: [27]  [ 680/1004]  eta: 0:00:36  lr: 0.000009  loss: 0.0071 (0.0207)  mae_m_mask: 0.5972 (0.6417)  rmse_m_mask: 0.7896 (0.8282)  normalized_mse_mask: 0.0071 (0.0207)  rmse_m_all: 12.8245 (13.0544)  actual_mask_ratio: 0.0698 (0.0697)  actual_prediction_mask_ratio: 0.2229 (0.2250)  ignored_patch_ratio: 0.0159 (0.0239)  time: 0.1138  data: 0.0001  max mem: 1904
[17:48:49.798672] Epoch: [27]  [ 700/1004]  eta: 0:00:34  lr: 0.000009  loss: 0.0030 (0.0205)  mae_m_mask: 0.6243 (0.6417)  rmse_m_mask: 0.8025 (0.8275)  normalized_mse_mask: 0.0030 (0.0205)  rmse_m_all: 14.1861 (13.0749)  actual_mask_ratio: 0.0714 (0.0697)  actual_prediction_mask_ratio: 0.2292 (0.2251)  ignored_patch_ratio: 0.0278 (0.0241)  time: 0.1131  data: 0.0001  max mem: 1904
[17:48:52.061056] Epoch: [27]  [ 720/1004]  eta: 0:00:32  lr: 0.000009  loss: 0.0015 (0.0202)  mae_m_mask: 0.5918 (0.6412)  rmse_m_mask: 0.7534 (0.8263)  normalized_mse_mask: 0.0015 (0.0202)  rmse_m_all: 13.2774 (13.1063)  actual_mask_ratio: 0.0730 (0.0698)  actual_prediction_mask_ratio: 0.2247 (0.2251)  ignored_patch_ratio: 0.0289 (0.0243)  time: 0.1131  data: 0.0001  max mem: 1904
[17:48:54.305841] Epoch: [27]  [ 740/1004]  eta: 0:00:29  lr: 0.000009  loss: 0.0053 (0.0201)  mae_m_mask: 0.5431 (0.6379)  rmse_m_mask: 0.6705 (0.8217)  normalized_mse_mask: 0.0053 (0.0201)  rmse_m_all: 12.5093 (13.1018)  actual_mask_ratio: 0.0691 (0.0698)  actual_prediction_mask_ratio: 0.2232 (0.2250)  ignored_patch_ratio: 0.0295 (0.0245)  time: 0.1122  data: 0.0001  max mem: 1904
[17:48:56.492908] Epoch: [27]  [ 760/1004]  eta: 0:00:27  lr: 0.000009  loss: 0.0029 (0.0205)  mae_m_mask: 0.4847 (0.6367)  rmse_m_mask: 0.5932 (0.8206)  normalized_mse_mask: 0.0029 (0.0205)  rmse_m_all: 13.7278 (13.1031)  actual_mask_ratio: 0.0676 (0.0698)  actual_prediction_mask_ratio: 0.2146 (0.2247)  ignored_patch_ratio: 0.0329 (0.0246)  time: 0.1093  data: 0.0001  max mem: 1904
[17:48:58.378677] Epoch: [27]  [ 780/1004]  eta: 0:00:25  lr: 0.000009  loss: 0.0039 (0.0206)  mae_m_mask: 0.4877 (0.6345)  rmse_m_mask: 0.6392 (0.8175)  normalized_mse_mask: 0.0039 (0.0206)  rmse_m_all: 11.7954 (13.0676)  actual_mask_ratio: 0.0711 (0.0698)  actual_prediction_mask_ratio: 0.2325 (0.2249)  ignored_patch_ratio: 0.0170 (0.0245)  time: 0.0942  data: 0.0001  max mem: 1904
[17:49:00.972544] Epoch: [27]  [ 800/1004]  eta: 0:00:23  lr: 0.000009  loss: 0.0071 (0.0209)  mae_m_mask: 0.7010 (0.6357)  rmse_m_mask: 0.8264 (0.8195)  normalized_mse_mask: 0.0071 (0.0209)  rmse_m_all: 11.9130 (13.0417)  actual_mask_ratio: 0.0715 (0.0699)  actual_prediction_mask_ratio: 0.2271 (0.2249)  ignored_patch_ratio: 0.0289 (0.0246)  time: 0.1297  data: 0.0514  max mem: 1904
[17:49:02.959246] Epoch: [27]  [ 820/1004]  eta: 0:00:20  lr: 0.000009  loss: 0.0056 (0.0208)  mae_m_mask: 0.5431 (0.6342)  rmse_m_mask: 0.7328 (0.8174)  normalized_mse_mask: 0.0056 (0.0208)  rmse_m_all: 12.7174 (13.0292)  actual_mask_ratio: 0.0679 (0.0698)  actual_prediction_mask_ratio: 0.2201 (0.2246)  ignored_patch_ratio: 0.0346 (0.0248)  time: 0.0993  data: 0.0001  max mem: 1904
[17:49:05.252388] Epoch: [27]  [ 840/1004]  eta: 0:00:18  lr: 0.000009  loss: 0.0074 (0.0211)  mae_m_mask: 0.6097 (0.6362)  rmse_m_mask: 0.7792 (0.8201)  normalized_mse_mask: 0.0074 (0.0211)  rmse_m_all: 12.5347 (13.0240)  actual_mask_ratio: 0.0692 (0.0698)  actual_prediction_mask_ratio: 0.2285 (0.2247)  ignored_patch_ratio: 0.0278 (0.0249)  time: 0.1146  data: 0.0001  max mem: 1904
[17:49:07.543762] Epoch: [27]  [ 860/1004]  eta: 0:00:16  lr: 0.000009  loss: 0.0133 (0.0212)  mae_m_mask: 0.7513 (0.6382)  rmse_m_mask: 0.9066 (0.8231)  normalized_mse_mask: 0.0133 (0.0212)  rmse_m_all: 11.7746 (13.0012)  actual_mask_ratio: 0.0674 (0.0698)  actual_prediction_mask_ratio: 0.2255 (0.2248)  ignored_patch_ratio: 0.0170 (0.0248)  time: 0.1145  data: 0.0001  max mem: 1904
[17:49:09.847382] Epoch: [27]  [ 880/1004]  eta: 0:00:14  lr: 0.000009  loss: 0.0066 (0.0211)  mae_m_mask: 0.5444 (0.6369)  rmse_m_mask: 0.6824 (0.8210)  normalized_mse_mask: 0.0066 (0.0211)  rmse_m_all: 12.6415 (12.9733)  actual_mask_ratio: 0.0692 (0.0698)  actual_prediction_mask_ratio: 0.2223 (0.2248)  ignored_patch_ratio: 0.0198 (0.0248)  time: 0.1151  data: 0.0001  max mem: 1904
[17:49:12.161529] Epoch: [27]  [ 900/1004]  eta: 0:00:11  lr: 0.000009  loss: 0.0054 (0.0209)  mae_m_mask: 0.5035 (0.6362)  rmse_m_mask: 0.6887 (0.8198)  normalized_mse_mask: 0.0054 (0.0209)  rmse_m_all: 12.2246 (12.9598)  actual_mask_ratio: 0.0697 (0.0698)  actual_prediction_mask_ratio: 0.2259 (0.2248)  ignored_patch_ratio: 0.0204 (0.0248)  time: 0.1157  data: 0.0001  max mem: 1904
[17:49:14.491327] Epoch: [27]  [ 920/1004]  eta: 0:00:09  lr: 0.000009  loss: 0.0049 (0.0207)  mae_m_mask: 0.6034 (0.6372)  rmse_m_mask: 0.7640 (0.8207)  normalized_mse_mask: 0.0049 (0.0207)  rmse_m_all: 13.4195 (12.9673)  actual_mask_ratio: 0.0696 (0.0698)  actual_prediction_mask_ratio: 0.2199 (0.2247)  ignored_patch_ratio: 0.0159 (0.0247)  time: 0.1164  data: 0.0001  max mem: 1904
[17:49:16.789097] Epoch: [27]  [ 940/1004]  eta: 0:00:07  lr: 0.000009  loss: 0.0020 (0.0207)  mae_m_mask: 0.6706 (0.6381)  rmse_m_mask: 0.8152 (0.8219)  normalized_mse_mask: 0.0020 (0.0207)  rmse_m_all: 13.2483 (12.9804)  actual_mask_ratio: 0.0721 (0.0698)  actual_prediction_mask_ratio: 0.2295 (0.2248)  ignored_patch_ratio: 0.0227 (0.0247)  time: 0.1148  data: 0.0001  max mem: 1904
[17:49:19.080592] Epoch: [27]  [ 960/1004]  eta: 0:00:04  lr: 0.000009  loss: 0.0043 (0.0206)  mae_m_mask: 0.5149 (0.6374)  rmse_m_mask: 0.7312 (0.8215)  normalized_mse_mask: 0.0043 (0.0206)  rmse_m_all: 11.8995 (12.9509)  actual_mask_ratio: 0.0710 (0.0698)  actual_prediction_mask_ratio: 0.2239 (0.2249)  ignored_patch_ratio: 0.0147 (0.0246)  time: 0.1145  data: 0.0001  max mem: 1904
[17:49:21.389794] Epoch: [27]  [ 980/1004]  eta: 0:00:02  lr: 0.000009  loss: 0.0068 (0.0205)  mae_m_mask: 0.6987 (0.6393)  rmse_m_mask: 0.8588 (0.8231)  normalized_mse_mask: 0.0068 (0.0205)  rmse_m_all: 13.3422 (12.9572)  actual_mask_ratio: 0.0698 (0.0698)  actual_prediction_mask_ratio: 0.2265 (0.2248)  ignored_patch_ratio: 0.0181 (0.0246)  time: 0.1154  data: 0.0001  max mem: 1904
[17:49:23.709045] Epoch: [27]  [1000/1004]  eta: 0:00:00  lr: 0.000009  loss: 0.0117 (0.0208)  mae_m_mask: 0.7895 (0.6440)  rmse_m_mask: 1.0679 (0.8289)  normalized_mse_mask: 0.0117 (0.0208)  rmse_m_all: 11.6101 (12.9493)  actual_mask_ratio: 0.0715 (0.0698)  actual_prediction_mask_ratio: 0.2269 (0.2248)  ignored_patch_ratio: 0.0193 (0.0245)  time: 0.1159  data: 0.0001  max mem: 1904
[17:49:24.047270] Epoch: [27]  [1003/1004]  eta: 0:00:00  lr: 0.000009  loss: 0.0127 (0.0209)  mae_m_mask: 0.7895 (0.6438)  rmse_m_mask: 1.0476 (0.8286)  normalized_mse_mask: 0.0127 (0.0209)  rmse_m_all: 11.6101 (12.9447)  actual_mask_ratio: 0.0715 (0.0698)  actual_prediction_mask_ratio: 0.2269 (0.2248)  ignored_patch_ratio: 0.0204 (0.0245)  time: 0.1150  data: 0.0002  max mem: 1904
[17:49:24.077424] Epoch: [27] Total time: 0:01:53 (0.1134 s / it)
[17:49:24.079190] Averaged stats: {'lr': 8.771670967807956e-06, 'loss': 0.02057743058042278, 'mae_m_mask': 0.641762503076218, 'rmse_m_mask': 0.8790118261986464, 'normalized_mse_mask': 0.02057743058042278, 'rmse_m_all': 12.944733490744435, 'actual_mask_ratio': 0.06984930180117073, 'actual_prediction_mask_ratio': 0.2247649688140092, 'ignored_patch_ratio': 0.02453055146680885, 'supervised_pixel_count': 19824973.0}
[17:49:24.260974] Val: [27]  [  0/288]  eta: 0:00:51  loss: 0.0235 (0.0235)  mae_m_mask: 0.3469 (0.3469)  rmse_m_mask: 0.4468 (0.4468)  normalized_mse_mask: 0.0235 (0.0235)  rmse_m_all: 6.0173 (6.0173)  actual_mask_ratio: 0.0607 (0.0607)  actual_prediction_mask_ratio: 0.2001 (0.2001)  ignored_patch_ratio: 0.0000 (0.0000)  time: 0.1791  data: 0.0826  max mem: 1904
[17:49:28.680952] Val: [27]  [ 50/288]  eta: 0:00:21  loss: 0.0447 (0.0891)  mae_m_mask: 0.3064 (0.3544)  rmse_m_mask: 0.3744 (0.4272)  normalized_mse_mask: 0.0447 (0.0891)  rmse_m_all: 1.1218 (4.0168)  actual_mask_ratio: 0.0663 (0.0715)  actual_prediction_mask_ratio: 0.2336 (0.2372)  ignored_patch_ratio: 0.0000 (0.0000)  time: 0.0886  data: 0.0001  max mem: 1904
[17:49:33.105388] Val: [27]  [100/288]  eta: 0:00:16  loss: 0.1294 (0.1635)  mae_m_mask: 0.3540 (0.4158)  rmse_m_mask: 0.4148 (0.4947)  normalized_mse_mask: 0.1294 (0.1635)  rmse_m_all: 0.7634 (3.5168)  actual_mask_ratio: 0.0714 (0.0723)  actual_prediction_mask_ratio: 0.2239 (0.2366)  ignored_patch_ratio: 0.0000 (0.0000)  time: 0.0877  data: 0.0001  max mem: 1904
[17:49:37.683935] Val: [27]  [150/288]  eta: 0:00:12  loss: 0.0171 (0.1586)  mae_m_mask: 0.5547 (0.4259)  rmse_m_mask: 0.5916 (0.5011)  normalized_mse_mask: 0.0171 (0.1586)  rmse_m_all: 2.4091 (3.1007)  actual_mask_ratio: 0.0743 (0.0723)  actual_prediction_mask_ratio: 0.2443 (0.2367)  ignored_patch_ratio: 0.0000 (0.0000)  time: 0.0909  data: 0.0001  max mem: 1904
[17:49:42.179065] Val: [27]  [200/288]  eta: 0:00:07  loss: 0.3951 (0.1953)  mae_m_mask: 0.2891 (0.4148)  rmse_m_mask: 0.3455 (0.4940)  normalized_mse_mask: 0.3951 (0.1953)  rmse_m_all: 0.4577 (2.6412)  actual_mask_ratio: 0.0743 (0.0732)  actual_prediction_mask_ratio: 0.2545 (0.2410)  ignored_patch_ratio: 0.0000 (0.0000)  time: 0.0903  data: 0.0001  max mem: 1904
[17:49:46.664591] Val: [27]  [250/288]  eta: 0:00:03  loss: 0.0537 (0.1776)  mae_m_mask: 0.3512 (0.3958)  rmse_m_mask: 0.4119 (0.4715)  normalized_mse_mask: 0.0537 (0.1776)  rmse_m_all: 1.3862 (2.5547)  actual_mask_ratio: 0.0822 (0.0748)  actual_prediction_mask_ratio: 0.2591 (0.2448)  ignored_patch_ratio: 0.0000 (0.0000)  time: 0.0894  data: 0.0001  max mem: 1904
[17:49:50.038515] Val: [27]  [287/288]  eta: 0:00:00  loss: 0.0285 (0.1632)  mae_m_mask: 0.2857 (0.3877)  rmse_m_mask: 0.3391 (0.4618)  normalized_mse_mask: 0.0285 (0.1632)  rmse_m_all: 1.1460 (2.7199)  actual_mask_ratio: 0.0760 (0.0749)  actual_prediction_mask_ratio: 0.2523 (0.2453)  ignored_patch_ratio: 0.0000 (0.0000)  time: 0.0897  data: 0.0001  max mem: 1904
[17:49:50.069374] Val: [27] Total time: 0:00:25 (0.0902 s / it)
[17:49:50.070701] val stats: {'loss': 0.15792605490241135, 'mae_m_mask': 0.39768968105347974, 'rmse_m_mask': 0.5528748936244688, 'normalized_mse_mask': 0.15792605490241135, 'rmse_m_all': 2.7198599267544017, 'actual_mask_ratio': 0.07494737871456891, 'actual_prediction_mask_ratio': 0.24532247381284833, 'ignored_patch_ratio': 0.0, 'supervised_pixel_count': 5936124.0}
[17:49:54.153555] log_dir: /tank/data/SFS/xinyis/data/bathymetry/MAE-Topography/Downstream_Task_Bathy/cross_validation_v5_Stage2NormMSE_MeterSelect/runs/holdout_CO_D004Stage2NormMSE_MeterSelect_D001NoDataSafe/train_stage2_normMSE_meterSelect_CO_UpperColorado_Topobathy_1_2020_fromStage1Best_e120_lr1e-5_b4_acc4/tb
[17:49:54.363978] Epoch: [28]  [   0/1004]  eta: 0:03:30  lr: 0.000009  loss: 0.0273 (0.0273)  mae_m_mask: 0.5483 (0.5483)  rmse_m_mask: 1.0047 (1.0047)  normalized_mse_mask: 0.0273 (0.0273)  rmse_m_all: 11.6814 (11.6814)  actual_mask_ratio: 0.0767 (0.0767)  actual_prediction_mask_ratio: 0.2415 (0.2415)  ignored_patch_ratio: 0.0023 (0.0023)  time: 0.2098  data: 0.0900  max mem: 1904
[17:49:56.685837] Epoch: [28]  [  20/1004]  eta: 0:01:58  lr: 0.000009  loss: 0.0028 (0.0190)  mae_m_mask: 0.5625 (0.5964)  rmse_m_mask: 0.7453 (0.7876)  normalized_mse_mask: 0.0028 (0.0190)  rmse_m_all: 13.5850 (13.8481)  actual_mask_ratio: 0.0708 (0.0719)  actual_prediction_mask_ratio: 0.2248 (0.2242)  ignored_patch_ratio: 0.0238 (0.0227)  time: 0.1161  data: 0.0001  max mem: 1904
[17:49:59.024192] Epoch: [28]  [  40/1004]  eta: 0:01:54  lr: 0.000009  loss: 0.0101 (0.0174)  mae_m_mask: 0.6415 (0.6155)  rmse_m_mask: 0.8018 (0.7929)  normalized_mse_mask: 0.0101 (0.0174)  rmse_m_all: 12.6690 (13.4330)  actual_mask_ratio: 0.0684 (0.0702)  actual_prediction_mask_ratio: 0.2192 (0.2220)  ignored_patch_ratio: 0.0300 (0.0264)  time: 0.1169  data: 0.0001  max mem: 1904
[17:50:01.352084] Epoch: [28]  [  60/1004]  eta: 0:01:51  lr: 0.000009  loss: 0.0049 (0.0161)  mae_m_mask: 0.6506 (0.6316)  rmse_m_mask: 0.7504 (0.8097)  normalized_mse_mask: 0.0049 (0.0161)  rmse_m_all: 14.5677 (13.4676)  actual_mask_ratio: 0.0684 (0.0697)  actual_prediction_mask_ratio: 0.2227 (0.2223)  ignored_patch_ratio: 0.0300 (0.0276)  time: 0.1164  data: 0.0001  max mem: 1904
[17:50:03.678938] Epoch: [28]  [  80/1004]  eta: 0:01:48  lr: 0.000009  loss: 0.0037 (0.0146)  mae_m_mask: 0.6209 (0.6334)  rmse_m_mask: 0.7624 (0.8116)  normalized_mse_mask: 0.0037 (0.0146)  rmse_m_all: 12.3396 (13.1401)  actual_mask_ratio: 0.0674 (0.0693)  actual_prediction_mask_ratio: 0.2268 (0.2234)  ignored_patch_ratio: 0.0164 (0.0254)  time: 0.1163  data: 0.0001  max mem: 1904
[17:50:05.902386] Epoch: [28]  [ 100/1004]  eta: 0:01:45  lr: 0.000009  loss: 0.0116 (0.0154)  mae_m_mask: 0.5977 (0.6232)  rmse_m_mask: 0.7571 (0.8007)  normalized_mse_mask: 0.0116 (0.0154)  rmse_m_all: 12.6042 (12.9595)  actual_mask_ratio: 0.0712 (0.0698)  actual_prediction_mask_ratio: 0.2276 (0.2250)  ignored_patch_ratio: 0.0221 (0.0249)  time: 0.1111  data: 0.0001  max mem: 1904
[17:50:08.165658] Epoch: [28]  [ 120/1004]  eta: 0:01:42  lr: 0.000009  loss: 0.0237 (0.0189)  mae_m_mask: 0.6786 (0.6334)  rmse_m_mask: 0.8653 (0.8105)  normalized_mse_mask: 0.0237 (0.0189)  rmse_m_all: 12.5965 (13.0207)  actual_mask_ratio: 0.0709 (0.0700)  actual_prediction_mask_ratio: 0.2282 (0.2261)  ignored_patch_ratio: 0.0323 (0.0256)  time: 0.1131  data: 0.0001  max mem: 1904
[17:50:10.387331] Epoch: [28]  [ 140/1004]  eta: 0:01:39  lr: 0.000009  loss: 0.0061 (0.0185)  mae_m_mask: 0.6438 (0.6381)  rmse_m_mask: 0.7865 (0.8119)  normalized_mse_mask: 0.0061 (0.0185)  rmse_m_all: 12.5420 (13.0037)  actual_mask_ratio: 0.0695 (0.0701)  actual_prediction_mask_ratio: 0.2263 (0.2267)  ignored_patch_ratio: 0.0153 (0.0249)  time: 0.1110  data: 0.0001  max mem: 1904
[17:50:12.576923] Epoch: [28]  [ 160/1004]  eta: 0:01:36  lr: 0.000009  loss: 0.0023 (0.0177)  mae_m_mask: 0.5468 (0.6421)  rmse_m_mask: 0.6982 (0.8188)  normalized_mse_mask: 0.0023 (0.0177)  rmse_m_all: 13.0016 (13.0097)  actual_mask_ratio: 0.0687 (0.0698)  actual_prediction_mask_ratio: 0.2189 (0.2259)  ignored_patch_ratio: 0.0187 (0.0250)  time: 0.1094  data: 0.0001  max mem: 1904
[17:50:14.783562] Epoch: [28]  [ 180/1004]  eta: 0:01:33  lr: 0.000009  loss: 0.0036 (0.0188)  mae_m_mask: 0.5759 (0.6314)  rmse_m_mask: 0.7150 (0.8074)  normalized_mse_mask: 0.0036 (0.0188)  rmse_m_all: 12.7586 (13.0592)  actual_mask_ratio: 0.0694 (0.0699)  actual_prediction_mask_ratio: 0.2245 (0.2258)  ignored_patch_ratio: 0.0261 (0.0250)  time: 0.1103  data: 0.0001  max mem: 1904
[17:50:17.035660] Epoch: [28]  [ 200/1004]  eta: 0:01:31  lr: 0.000009  loss: 0.0033 (0.0192)  mae_m_mask: 0.7301 (0.6433)  rmse_m_mask: 0.9551 (0.8251)  normalized_mse_mask: 0.0033 (0.0192)  rmse_m_all: 12.4858 (13.0808)  actual_mask_ratio: 0.0723 (0.0702)  actual_prediction_mask_ratio: 0.2303 (0.2266)  ignored_patch_ratio: 0.0204 (0.0248)  time: 0.1126  data: 0.0001  max mem: 1904
[17:50:19.290522] Epoch: [28]  [ 220/1004]  eta: 0:01:29  lr: 0.000009  loss: 0.0058 (0.0191)  mae_m_mask: 0.5734 (0.6496)  rmse_m_mask: 0.8001 (0.8361)  normalized_mse_mask: 0.0058 (0.0191)  rmse_m_all: 14.6418 (13.2263)  actual_mask_ratio: 0.0707 (0.0703)  actual_prediction_mask_ratio: 0.2298 (0.2268)  ignored_patch_ratio: 0.0187 (0.0244)  time: 0.1127  data: 0.0001  max mem: 1904
[17:50:21.574762] Epoch: [28]  [ 240/1004]  eta: 0:01:26  lr: 0.000009  loss: 0.0043 (0.0190)  mae_m_mask: 0.5218 (0.6482)  rmse_m_mask: 0.6736 (0.8324)  normalized_mse_mask: 0.0043 (0.0190)  rmse_m_all: 14.6170 (13.2878)  actual_mask_ratio: 0.0673 (0.0701)  actual_prediction_mask_ratio: 0.2194 (0.2260)  ignored_patch_ratio: 0.0312 (0.0250)  time: 0.1142  data: 0.0001  max mem: 1904
[17:50:23.774458] Epoch: [28]  [ 260/1004]  eta: 0:01:24  lr: 0.000009  loss: 0.0061 (0.0189)  mae_m_mask: 0.6689 (0.6496)  rmse_m_mask: 0.8329 (0.8324)  normalized_mse_mask: 0.0061 (0.0189)  rmse_m_all: 12.7950 (13.2143)  actual_mask_ratio: 0.0686 (0.0700)  actual_prediction_mask_ratio: 0.2209 (0.2260)  ignored_patch_ratio: 0.0221 (0.0252)  time: 0.1099  data: 0.0361  max mem: 1904
[17:50:26.358601] Epoch: [28]  [ 280/1004]  eta: 0:01:22  lr: 0.000009  loss: 0.0040 (0.0183)  mae_m_mask: 0.5996 (0.6488)  rmse_m_mask: 0.8225 (0.8326)  normalized_mse_mask: 0.0040 (0.0183)  rmse_m_all: 12.6760 (13.2101)  actual_mask_ratio: 0.0706 (0.0701)  actual_prediction_mask_ratio: 0.2245 (0.2262)  ignored_patch_ratio: 0.0204 (0.0249)  time: 0.1292  data: 0.0097  max mem: 1904
[17:50:28.573577] Epoch: [28]  [ 300/1004]  eta: 0:01:20  lr: 0.000009  loss: 0.0115 (0.0187)  mae_m_mask: 0.5310 (0.6454)  rmse_m_mask: 0.7050 (0.8306)  normalized_mse_mask: 0.0115 (0.0187)  rmse_m_all: 13.1646 (13.1730)  actual_mask_ratio: 0.0722 (0.0701)  actual_prediction_mask_ratio: 0.2275 (0.2260)  ignored_patch_ratio: 0.0181 (0.0245)  time: 0.1107  data: 0.0001  max mem: 1904
[17:50:30.815834] Epoch: [28]  [ 320/1004]  eta: 0:01:18  lr: 0.000009  loss: 0.0033 (0.0202)  mae_m_mask: 0.6007 (0.6451)  rmse_m_mask: 0.7708 (0.8328)  normalized_mse_mask: 0.0033 (0.0202)  rmse_m_all: 14.1146 (13.2132)  actual_mask_ratio: 0.0700 (0.0701)  actual_prediction_mask_ratio: 0.2140 (0.2256)  ignored_patch_ratio: 0.0278 (0.0247)  time: 0.1121  data: 0.0001  max mem: 1904
[17:50:33.039851] Epoch: [28]  [ 340/1004]  eta: 0:01:15  lr: 0.000009  loss: 0.0057 (0.0205)  mae_m_mask: 0.5603 (0.6418)  rmse_m_mask: 0.7286 (0.8288)  normalized_mse_mask: 0.0057 (0.0205)  rmse_m_all: 13.1015 (13.1772)  actual_mask_ratio: 0.0706 (0.0701)  actual_prediction_mask_ratio: 0.2322 (0.2259)  ignored_patch_ratio: 0.0255 (0.0246)  time: 0.1112  data: 0.0001  max mem: 1904
[17:50:35.320703] Epoch: [28]  [ 360/1004]  eta: 0:01:13  lr: 0.000009  loss: 0.0017 (0.0199)  mae_m_mask: 0.5409 (0.6356)  rmse_m_mask: 0.7096 (0.8219)  normalized_mse_mask: 0.0017 (0.0199)  rmse_m_all: 13.1944 (13.2164)  actual_mask_ratio: 0.0685 (0.0699)  actual_prediction_mask_ratio: 0.2164 (0.2254)  ignored_patch_ratio: 0.0249 (0.0245)  time: 0.1140  data: 0.0001  max mem: 1904
[17:50:37.584974] Epoch: [28]  [ 380/1004]  eta: 0:01:11  lr: 0.000009  loss: 0.0021 (0.0191)  mae_m_mask: 0.4726 (0.6292)  rmse_m_mask: 0.6681 (0.8130)  normalized_mse_mask: 0.0021 (0.0191)  rmse_m_all: 13.0851 (13.2059)  actual_mask_ratio: 0.0682 (0.0699)  actual_prediction_mask_ratio: 0.2334 (0.2258)  ignored_patch_ratio: 0.0232 (0.0245)  time: 0.1132  data: 0.0001  max mem: 1904
[17:50:39.849184] Epoch: [28]  [ 400/1004]  eta: 0:01:08  lr: 0.000009  loss: 0.0084 (0.0194)  mae_m_mask: 0.5392 (0.6251)  rmse_m_mask: 0.7005 (0.8073)  normalized_mse_mask: 0.0084 (0.0194)  rmse_m_all: 11.5440 (13.1741)  actual_mask_ratio: 0.0694 (0.0698)  actual_prediction_mask_ratio: 0.2278 (0.2257)  ignored_patch_ratio: 0.0255 (0.0247)  time: 0.1132  data: 0.0001  max mem: 1904
[17:50:42.112626] Epoch: [28]  [ 420/1004]  eta: 0:01:06  lr: 0.000009  loss: 0.0028 (0.0191)  mae_m_mask: 0.5733 (0.6264)  rmse_m_mask: 0.7697 (0.8089)  normalized_mse_mask: 0.0028 (0.0191)  rmse_m_all: 15.1047 (13.2527)  actual_mask_ratio: 0.0671 (0.0698)  actual_prediction_mask_ratio: 0.2246 (0.2254)  ignored_patch_ratio: 0.0238 (0.0247)  time: 0.1131  data: 0.0001  max mem: 1904
[17:50:44.381694] Epoch: [28]  [ 440/1004]  eta: 0:01:04  lr: 0.000009  loss: 0.0047 (0.0193)  mae_m_mask: 0.6409 (0.6281)  rmse_m_mask: 0.7789 (0.8103)  normalized_mse_mask: 0.0047 (0.0193)  rmse_m_all: 13.4531 (13.2771)  actual_mask_ratio: 0.0698 (0.0698)  actual_prediction_mask_ratio: 0.2234 (0.2254)  ignored_patch_ratio: 0.0221 (0.0247)  time: 0.1134  data: 0.0001  max mem: 1904
[17:50:46.643088] Epoch: [28]  [ 460/1004]  eta: 0:01:01  lr: 0.000009  loss: 0.0059 (0.0191)  mae_m_mask: 0.5679 (0.6266)  rmse_m_mask: 0.7072 (0.8074)  normalized_mse_mask: 0.0059 (0.0191)  rmse_m_all: 11.6564 (13.2280)  actual_mask_ratio: 0.0699 (0.0699)  actual_prediction_mask_ratio: 0.2238 (0.2255)  ignored_patch_ratio: 0.0238 (0.0246)  time: 0.1130  data: 0.0001  max mem: 1904
[17:50:48.892265] Epoch: [28]  [ 480/1004]  eta: 0:00:59  lr: 0.000009  loss: 0.0041 (0.0190)  mae_m_mask: 0.5099 (0.6256)  rmse_m_mask: 0.6365 (0.8059)  normalized_mse_mask: 0.0041 (0.0190)  rmse_m_all: 11.5690 (13.1883)  actual_mask_ratio: 0.0700 (0.0699)  actual_prediction_mask_ratio: 0.2312 (0.2256)  ignored_patch_ratio: 0.0283 (0.0250)  time: 0.1124  data: 0.0001  max mem: 1904
[17:50:51.149888] Epoch: [28]  [ 500/1004]  eta: 0:00:57  lr: 0.000009  loss: 0.0036 (0.0186)  mae_m_mask: 0.5650 (0.6251)  rmse_m_mask: 0.7141 (0.8051)  normalized_mse_mask: 0.0036 (0.0186)  rmse_m_all: 13.6187 (13.2258)  actual_mask_ratio: 0.0653 (0.0698)  actual_prediction_mask_ratio: 0.2217 (0.2253)  ignored_patch_ratio: 0.0266 (0.0250)  time: 0.1128  data: 0.0001  max mem: 1904
[17:50:53.414052] Epoch: [28]  [ 520/1004]  eta: 0:00:55  lr: 0.000009  loss: 0.0070 (0.0185)  mae_m_mask: 0.6289 (0.6266)  rmse_m_mask: 0.8010 (0.8062)  normalized_mse_mask: 0.0070 (0.0185)  rmse_m_all: 14.0320 (13.2379)  actual_mask_ratio: 0.0702 (0.0698)  actual_prediction_mask_ratio: 0.2243 (0.2253)  ignored_patch_ratio: 0.0210 (0.0250)  time: 0.1132  data: 0.0001  max mem: 1904
[17:50:55.684693] Epoch: [28]  [ 540/1004]  eta: 0:00:52  lr: 0.000009  loss: 0.0117 (0.0189)  mae_m_mask: 0.7319 (0.6318)  rmse_m_mask: 0.9019 (0.8114)  normalized_mse_mask: 0.0117 (0.0189)  rmse_m_all: 13.9355 (13.2288)  actual_mask_ratio: 0.0677 (0.0698)  actual_prediction_mask_ratio: 0.2239 (0.2253)  ignored_patch_ratio: 0.0159 (0.0248)  time: 0.1135  data: 0.0001  max mem: 1904
[17:50:57.938849] Epoch: [28]  [ 560/1004]  eta: 0:00:50  lr: 0.000009  loss: 0.0057 (0.0188)  mae_m_mask: 0.8793 (0.6400)  rmse_m_mask: 0.9919 (0.8200)  normalized_mse_mask: 0.0057 (0.0188)  rmse_m_all: 12.9707 (13.2195)  actual_mask_ratio: 0.0709 (0.0698)  actual_prediction_mask_ratio: 0.2262 (0.2254)  ignored_patch_ratio: 0.0210 (0.0248)  time: 0.1127  data: 0.0001  max mem: 1904
[17:51:00.170203] Epoch: [28]  [ 580/1004]  eta: 0:00:48  lr: 0.000009  loss: 0.0029 (0.0189)  mae_m_mask: 0.5508 (0.6395)  rmse_m_mask: 0.7157 (0.8210)  normalized_mse_mask: 0.0029 (0.0189)  rmse_m_all: 12.4898 (13.2272)  actual_mask_ratio: 0.0716 (0.0699)  actual_prediction_mask_ratio: 0.2237 (0.2254)  ignored_patch_ratio: 0.0232 (0.0250)  time: 0.1115  data: 0.0001  max mem: 1904
[17:51:02.392074] Epoch: [28]  [ 600/1004]  eta: 0:00:45  lr: 0.000009  loss: 0.0182 (0.0194)  mae_m_mask: 0.5007 (0.6367)  rmse_m_mask: 0.6417 (0.8179)  normalized_mse_mask: 0.0182 (0.0194)  rmse_m_all: 11.6743 (13.1553)  actual_mask_ratio: 0.0705 (0.0699)  actual_prediction_mask_ratio: 0.2290 (0.2255)  ignored_patch_ratio: 0.0295 (0.0249)  time: 0.1110  data: 0.0001  max mem: 1904
[17:51:04.639109] Epoch: [28]  [ 620/1004]  eta: 0:00:43  lr: 0.000009  loss: 0.0044 (0.0198)  mae_m_mask: 0.5649 (0.6360)  rmse_m_mask: 0.7196 (0.8178)  normalized_mse_mask: 0.0044 (0.0198)  rmse_m_all: 12.9321 (13.1438)  actual_mask_ratio: 0.0675 (0.0698)  actual_prediction_mask_ratio: 0.2126 (0.2251)  ignored_patch_ratio: 0.0227 (0.0250)  time: 0.1123  data: 0.0001  max mem: 1904
[17:51:06.890679] Epoch: [28]  [ 640/1004]  eta: 0:00:41  lr: 0.000009  loss: 0.0030 (0.0195)  mae_m_mask: 0.5123 (0.6367)  rmse_m_mask: 0.6740 (0.8180)  normalized_mse_mask: 0.0030 (0.0195)  rmse_m_all: 13.9295 (13.1769)  actual_mask_ratio: 0.0684 (0.0698)  actual_prediction_mask_ratio: 0.2209 (0.2249)  ignored_patch_ratio: 0.0244 (0.0250)  time: 0.1125  data: 0.0001  max mem: 1904
[17:51:09.160428] Epoch: [28]  [ 660/1004]  eta: 0:00:39  lr: 0.000009  loss: 0.0075 (0.0203)  mae_m_mask: 0.6108 (0.6356)  rmse_m_mask: 0.7598 (0.8170)  normalized_mse_mask: 0.0075 (0.0203)  rmse_m_all: 11.5078 (13.1216)  actual_mask_ratio: 0.0694 (0.0698)  actual_prediction_mask_ratio: 0.2205 (0.2249)  ignored_patch_ratio: 0.0210 (0.0249)  time: 0.1134  data: 0.0001  max mem: 1904
[17:51:11.445443] Epoch: [28]  [ 680/1004]  eta: 0:00:36  lr: 0.000009  loss: 0.0084 (0.0204)  mae_m_mask: 0.5605 (0.6355)  rmse_m_mask: 0.8186 (0.8180)  normalized_mse_mask: 0.0084 (0.0204)  rmse_m_all: 11.1625 (13.0738)  actual_mask_ratio: 0.0692 (0.0698)  actual_prediction_mask_ratio: 0.2253 (0.2250)  ignored_patch_ratio: 0.0130 (0.0247)  time: 0.1142  data: 0.0001  max mem: 1904
[17:51:13.718623] Epoch: [28]  [ 700/1004]  eta: 0:00:34  lr: 0.000009  loss: 0.0016 (0.0203)  mae_m_mask: 0.5675 (0.6341)  rmse_m_mask: 0.7463 (0.8159)  normalized_mse_mask: 0.0016 (0.0203)  rmse_m_all: 13.4705 (13.0819)  actual_mask_ratio: 0.0672 (0.0697)  actual_prediction_mask_ratio: 0.2193 (0.2250)  ignored_patch_ratio: 0.0170 (0.0246)  time: 0.1136  data: 0.0001  max mem: 1904
[17:51:15.537541] Epoch: [28]  [ 720/1004]  eta: 0:00:32  lr: 0.000009  loss: 0.0117 (0.0203)  mae_m_mask: 0.6053 (0.6348)  rmse_m_mask: 0.7366 (0.8169)  normalized_mse_mask: 0.0117 (0.0203)  rmse_m_all: 13.3763 (13.0726)  actual_mask_ratio: 0.0704 (0.0698)  actual_prediction_mask_ratio: 0.2189 (0.2250)  ignored_patch_ratio: 0.0255 (0.0246)  time: 0.0909  data: 0.0001  max mem: 1904
[17:51:18.204577] Epoch: [28]  [ 740/1004]  eta: 0:00:29  lr: 0.000009  loss: 0.0133 (0.0205)  mae_m_mask: 0.7485 (0.6413)  rmse_m_mask: 1.0487 (0.8259)  normalized_mse_mask: 0.0133 (0.0205)  rmse_m_all: 13.3120 (13.0954)  actual_mask_ratio: 0.0719 (0.0698)  actual_prediction_mask_ratio: 0.2264 (0.2251)  ignored_patch_ratio: 0.0244 (0.0247)  time: 0.1333  data: 0.0510  max mem: 1904
[17:51:20.235121] Epoch: [28]  [ 760/1004]  eta: 0:00:27  lr: 0.000009  loss: 0.0039 (0.0202)  mae_m_mask: 0.5305 (0.6420)  rmse_m_mask: 0.7516 (0.8266)  normalized_mse_mask: 0.0039 (0.0202)  rmse_m_all: 14.2233 (13.0973)  actual_mask_ratio: 0.0684 (0.0698)  actual_prediction_mask_ratio: 0.2188 (0.2249)  ignored_patch_ratio: 0.0204 (0.0246)  time: 0.1015  data: 0.0001  max mem: 1904
[17:51:22.566922] Epoch: [28]  [ 780/1004]  eta: 0:00:25  lr: 0.000009  loss: 0.0036 (0.0203)  mae_m_mask: 0.5830 (0.6422)  rmse_m_mask: 0.7664 (0.8261)  normalized_mse_mask: 0.0036 (0.0203)  rmse_m_all: 12.5339 (13.1138)  actual_mask_ratio: 0.0720 (0.0698)  actual_prediction_mask_ratio: 0.2210 (0.2250)  ignored_patch_ratio: 0.0255 (0.0247)  time: 0.1166  data: 0.0001  max mem: 1904
[17:51:24.898465] Epoch: [28]  [ 800/1004]  eta: 0:00:23  lr: 0.000009  loss: 0.0030 (0.0203)  mae_m_mask: 0.4798 (0.6394)  rmse_m_mask: 0.6183 (0.8227)  normalized_mse_mask: 0.0030 (0.0203)  rmse_m_all: 13.0742 (13.1030)  actual_mask_ratio: 0.0705 (0.0698)  actual_prediction_mask_ratio: 0.2260 (0.2251)  ignored_patch_ratio: 0.0210 (0.0246)  time: 0.1165  data: 0.0001  max mem: 1904
[17:51:27.234059] Epoch: [28]  [ 820/1004]  eta: 0:00:20  lr: 0.000009  loss: 0.0047 (0.0205)  mae_m_mask: 0.6469 (0.6399)  rmse_m_mask: 0.8114 (0.8232)  normalized_mse_mask: 0.0047 (0.0205)  rmse_m_all: 13.1365 (13.1034)  actual_mask_ratio: 0.0723 (0.0698)  actual_prediction_mask_ratio: 0.2237 (0.2250)  ignored_patch_ratio: 0.0255 (0.0247)  time: 0.1167  data: 0.0001  max mem: 1904
[17:51:29.566528] Epoch: [28]  [ 840/1004]  eta: 0:00:18  lr: 0.000009  loss: 0.0031 (0.0207)  mae_m_mask: 0.5042 (0.6377)  rmse_m_mask: 0.6255 (0.8205)  normalized_mse_mask: 0.0031 (0.0207)  rmse_m_all: 13.1782 (13.0811)  actual_mask_ratio: 0.0715 (0.0699)  actual_prediction_mask_ratio: 0.2214 (0.2251)  ignored_patch_ratio: 0.0142 (0.0245)  time: 0.1166  data: 0.0001  max mem: 1904
[17:51:31.906086] Epoch: [28]  [ 860/1004]  eta: 0:00:16  lr: 0.000009  loss: 0.0052 (0.0205)  mae_m_mask: 0.6318 (0.6398)  rmse_m_mask: 0.8389 (0.8228)  normalized_mse_mask: 0.0052 (0.0205)  rmse_m_all: 14.1195 (13.0966)  actual_mask_ratio: 0.0681 (0.0698)  actual_prediction_mask_ratio: 0.2102 (0.2248)  ignored_patch_ratio: 0.0261 (0.0246)  time: 0.1169  data: 0.0001  max mem: 1904
[17:51:34.236052] Epoch: [28]  [ 880/1004]  eta: 0:00:14  lr: 0.000009  loss: 0.0027 (0.0204)  mae_m_mask: 0.7735 (0.6426)  rmse_m_mask: 0.9829 (0.8259)  normalized_mse_mask: 0.0027 (0.0204)  rmse_m_all: 13.6045 (13.1061)  actual_mask_ratio: 0.0718 (0.0698)  actual_prediction_mask_ratio: 0.2279 (0.2248)  ignored_patch_ratio: 0.0238 (0.0246)  time: 0.1165  data: 0.0001  max mem: 1904
[17:51:36.571766] Epoch: [28]  [ 900/1004]  eta: 0:00:11  lr: 0.000009  loss: 0.0026 (0.0203)  mae_m_mask: 0.5649 (0.6417)  rmse_m_mask: 0.7297 (0.8256)  normalized_mse_mask: 0.0026 (0.0203)  rmse_m_all: 12.0567 (13.1023)  actual_mask_ratio: 0.0693 (0.0698)  actual_prediction_mask_ratio: 0.2203 (0.2247)  ignored_patch_ratio: 0.0238 (0.0246)  time: 0.1167  data: 0.0001  max mem: 1904
[17:51:38.904467] Epoch: [28]  [ 920/1004]  eta: 0:00:09  lr: 0.000009  loss: 0.0031 (0.0204)  mae_m_mask: 0.5151 (0.6413)  rmse_m_mask: 0.7293 (0.8252)  normalized_mse_mask: 0.0031 (0.0204)  rmse_m_all: 13.3936 (13.1154)  actual_mask_ratio: 0.0707 (0.0698)  actual_prediction_mask_ratio: 0.2253 (0.2248)  ignored_patch_ratio: 0.0215 (0.0245)  time: 0.1166  data: 0.0001  max mem: 1904
[17:51:41.242441] Epoch: [28]  [ 940/1004]  eta: 0:00:07  lr: 0.000009  loss: 0.0080 (0.0204)  mae_m_mask: 0.5225 (0.6401)  rmse_m_mask: 0.6908 (0.8237)  normalized_mse_mask: 0.0080 (0.0204)  rmse_m_all: 12.5599 (13.1070)  actual_mask_ratio: 0.0717 (0.0699)  actual_prediction_mask_ratio: 0.2255 (0.2248)  ignored_patch_ratio: 0.0164 (0.0244)  time: 0.1169  data: 0.0001  max mem: 1904
[17:51:43.576111] Epoch: [28]  [ 960/1004]  eta: 0:00:05  lr: 0.000009  loss: 0.0022 (0.0201)  mae_m_mask: 0.6003 (0.6400)  rmse_m_mask: 0.7612 (0.8228)  normalized_mse_mask: 0.0022 (0.0201)  rmse_m_all: 12.5664 (13.1031)  actual_mask_ratio: 0.0704 (0.0699)  actual_prediction_mask_ratio: 0.2234 (0.2247)  ignored_patch_ratio: 0.0317 (0.0246)  time: 0.1166  data: 0.0001  max mem: 1904
[17:51:45.907646] Epoch: [28]  [ 980/1004]  eta: 0:00:02  lr: 0.000009  loss: 0.0065 (0.0200)  mae_m_mask: 0.5078 (0.6388)  rmse_m_mask: 0.7107 (0.8217)  normalized_mse_mask: 0.0065 (0.0200)  rmse_m_all: 13.1739 (13.1019)  actual_mask_ratio: 0.0680 (0.0699)  actual_prediction_mask_ratio: 0.2134 (0.2246)  ignored_patch_ratio: 0.0215 (0.0245)  time: 0.1165  data: 0.0001  max mem: 1904
[17:51:48.242849] Epoch: [28]  [1000/1004]  eta: 0:00:00  lr: 0.000009  loss: 0.0022 (0.0199)  mae_m_mask: 0.6073 (0.6385)  rmse_m_mask: 0.7771 (0.8213)  normalized_mse_mask: 0.0022 (0.0199)  rmse_m_all: 13.3082 (13.1006)  actual_mask_ratio: 0.0708 (0.0698)  actual_prediction_mask_ratio: 0.2370 (0.2247)  ignored_patch_ratio: 0.0244 (0.0245)  time: 0.1167  data: 0.0002  max mem: 1904
[17:51:48.592468] Epoch: [28]  [1003/1004]  eta: 0:00:00  lr: 0.000009  loss: 0.0050 (0.0198)  mae_m_mask: 0.6073 (0.6390)  rmse_m_mask: 0.7771 (0.8219)  normalized_mse_mask: 0.0050 (0.0198)  rmse_m_all: 13.3082 (13.0974)  actual_mask_ratio: 0.0706 (0.0698)  actual_prediction_mask_ratio: 0.2370 (0.2248)  ignored_patch_ratio: 0.0244 (0.0245)  time: 0.1167  data: 0.0001  max mem: 1904
[17:51:48.623814] Epoch: [28] Total time: 0:01:54 (0.1140 s / it)
[17:51:48.628170] Averaged stats: {'lr': 8.684967840946432e-06, 'loss': 0.019735860613025315, 'mae_m_mask': 0.6367028239064311, 'rmse_m_mask': 0.8662807302679323, 'normalized_mse_mask': 0.019735860613025315, 'rmse_m_all': 13.097407957115971, 'actual_mask_ratio': 0.0698485844787136, 'actual_prediction_mask_ratio': 0.22475972022133994, 'ignored_patch_ratio': 0.02453055027946533, 'supervised_pixel_count': 19824973.0}
[17:51:48.815881] Val: [28]  [  0/288]  eta: 0:00:53  loss: 0.0264 (0.0264)  mae_m_mask: 0.3550 (0.3550)  rmse_m_mask: 0.4837 (0.4837)  normalized_mse_mask: 0.0264 (0.0264)  rmse_m_all: 5.8512 (5.8512)  actual_mask_ratio: 0.0607 (0.0607)  actual_prediction_mask_ratio: 0.2001 (0.2001)  ignored_patch_ratio: 0.0000 (0.0000)  time: 0.1847  data: 0.0898  max mem: 1904
[17:51:53.233450] Val: [28]  [ 50/288]  eta: 0:00:21  loss: 0.0405 (0.0839)  mae_m_mask: 0.2852 (0.3102)  rmse_m_mask: 0.3797 (0.3798)  normalized_mse_mask: 0.0405 (0.0839)  rmse_m_all: 1.1051 (3.9240)  actual_mask_ratio: 0.0663 (0.0715)  actual_prediction_mask_ratio: 0.2336 (0.2372)  ignored_patch_ratio: 0.0000 (0.0000)  time: 0.0885  data: 0.0001  max mem: 1904
[17:51:57.877829] Val: [28]  [100/288]  eta: 0:00:17  loss: 0.1381 (0.1614)  mae_m_mask: 0.3485 (0.3635)  rmse_m_mask: 0.4031 (0.4422)  normalized_mse_mask: 0.1381 (0.1614)  rmse_m_all: 0.7538 (3.4388)  actual_mask_ratio: 0.0714 (0.0723)  actual_prediction_mask_ratio: 0.2239 (0.2366)  ignored_patch_ratio: 0.0000 (0.0000)  time: 0.0950  data: 0.0001  max mem: 1904
[17:52:02.580647] Val: [28]  [150/288]  eta: 0:00:12  loss: 0.0176 (0.1533)  mae_m_mask: 0.3931 (0.3653)  rmse_m_mask: 0.4472 (0.4399)  normalized_mse_mask: 0.0176 (0.1533)  rmse_m_all: 2.3488 (3.0341)  actual_mask_ratio: 0.0743 (0.0723)  actual_prediction_mask_ratio: 0.2443 (0.2367)  ignored_patch_ratio: 0.0000 (0.0000)  time: 0.0925  data: 0.0001  max mem: 1904
[17:52:07.241963] Val: [28]  [200/288]  eta: 0:00:08  loss: 0.3547 (0.1998)  mae_m_mask: 0.2769 (0.3715)  rmse_m_mask: 0.3591 (0.4520)  normalized_mse_mask: 0.3547 (0.1998)  rmse_m_all: 0.4547 (2.5868)  actual_mask_ratio: 0.0743 (0.0732)  actual_prediction_mask_ratio: 0.2545 (0.2410)  ignored_patch_ratio: 0.0000 (0.0000)  time: 0.0934  data: 0.0001  max mem: 1904
[17:52:11.888265] Val: [28]  [250/288]  eta: 0:00:03  loss: 0.0461 (0.1807)  mae_m_mask: 0.2958 (0.3586)  rmse_m_mask: 0.3695 (0.4355)  normalized_mse_mask: 0.0461 (0.1807)  rmse_m_all: 1.3644 (2.5014)  actual_mask_ratio: 0.0822 (0.0748)  actual_prediction_mask_ratio: 0.2591 (0.2448)  ignored_patch_ratio: 0.0000 (0.0000)  time: 0.0923  data: 0.0001  max mem: 1904
[17:52:15.337154] Val: [28]  [287/288]  eta: 0:00:00  loss: 0.0273 (0.1661)  mae_m_mask: 0.3056 (0.3517)  rmse_m_mask: 0.3561 (0.4274)  normalized_mse_mask: 0.0273 (0.1661)  rmse_m_all: 1.1301 (2.6623)  actual_mask_ratio: 0.0760 (0.0749)  actual_prediction_mask_ratio: 0.2523 (0.2453)  ignored_patch_ratio: 0.0000 (0.0000)  time: 0.0917  data: 0.0001  max mem: 1904
[17:52:15.368334] Val: [28] Total time: 0:00:26 (0.0928 s / it)
[17:52:15.370778] val stats: {'loss': 0.15988394919929197, 'mae_m_mask': 0.35455965506799714, 'rmse_m_mask': 0.4769963388614997, 'normalized_mse_mask': 0.15988394919929197, 'rmse_m_all': 2.662267214515143, 'actual_mask_ratio': 0.07494737871456891, 'actual_prediction_mask_ratio': 0.24532247381284833, 'ignored_patch_ratio': 0.0, 'supervised_pixel_count': 5936124.0}
[17:52:19.463922] log_dir: /tank/data/SFS/xinyis/data/bathymetry/MAE-Topography/Downstream_Task_Bathy/cross_validation_v5_Stage2NormMSE_MeterSelect/runs/holdout_CO_D004Stage2NormMSE_MeterSelect_D001NoDataSafe/train_stage2_normMSE_meterSelect_CO_UpperColorado_Topobathy_1_2020_fromStage1Best_e120_lr1e-5_b4_acc4/tb
[17:52:19.660147] Epoch: [29]  [   0/1004]  eta: 0:03:16  lr: 0.000009  loss: 0.0055 (0.0055)  mae_m_mask: 0.5535 (0.5535)  rmse_m_mask: 0.7171 (0.7171)  normalized_mse_mask: 0.0055 (0.0055)  rmse_m_all: 17.0977 (17.0977)  actual_mask_ratio: 0.0738 (0.0738)  actual_prediction_mask_ratio: 0.2548 (0.2548)  ignored_patch_ratio: 0.0164 (0.0164)  time: 0.1957  data: 0.0919  max mem: 1904
[17:52:21.992960] Epoch: [29]  [  20/1004]  eta: 0:01:58  lr: 0.000009  loss: 0.0025 (0.0091)  mae_m_mask: 0.5107 (0.6025)  rmse_m_mask: 0.6500 (0.7654)  normalized_mse_mask: 0.0025 (0.0091)  rmse_m_all: 14.0216 (14.1484)  actual_mask_ratio: 0.0696 (0.0708)  actual_prediction_mask_ratio: 0.2290 (0.2302)  ignored_patch_ratio: 0.0221 (0.0265)  time: 0.1166  data: 0.0001  max mem: 1904
[17:52:24.338072] Epoch: [29]  [  40/1004]  eta: 0:01:54  lr: 0.000009  loss: 0.0068 (0.0140)  mae_m_mask: 0.5255 (0.5873)  rmse_m_mask: 0.6480 (0.7621)  normalized_mse_mask: 0.0068 (0.0140)  rmse_m_all: 12.1760 (13.1392)  actual_mask_ratio: 0.0697 (0.0699)  actual_prediction_mask_ratio: 0.2161 (0.2265)  ignored_patch_ratio: 0.0193 (0.0237)  time: 0.1172  data: 0.0001  max mem: 1904
[17:52:26.657966] Epoch: [29]  [  60/1004]  eta: 0:01:51  lr: 0.000009  loss: 0.0136 (0.0183)  mae_m_mask: 0.5499 (0.5880)  rmse_m_mask: 0.6615 (0.7612)  normalized_mse_mask: 0.0136 (0.0183)  rmse_m_all: 10.8807 (12.7840)  actual_mask_ratio: 0.0690 (0.0694)  actual_prediction_mask_ratio: 0.2248 (0.2254)  ignored_patch_ratio: 0.0244 (0.0247)  time: 0.1160  data: 0.0001  max mem: 1904
[17:52:28.985312] Epoch: [29]  [  80/1004]  eta: 0:01:48  lr: 0.000009  loss: 0.0027 (0.0170)  mae_m_mask: 0.5471 (0.5892)  rmse_m_mask: 0.6964 (0.7626)  normalized_mse_mask: 0.0027 (0.0170)  rmse_m_all: 13.4912 (12.9069)  actual_mask_ratio: 0.0670 (0.0686)  actual_prediction_mask_ratio: 0.2224 (0.2236)  ignored_patch_ratio: 0.0181 (0.0241)  time: 0.1163  data: 0.0001  max mem: 1904
[17:52:31.204150] Epoch: [29]  [ 100/1004]  eta: 0:01:45  lr: 0.000009  loss: 0.0158 (0.0198)  mae_m_mask: 0.5723 (0.5956)  rmse_m_mask: 0.7049 (0.7708)  normalized_mse_mask: 0.0158 (0.0198)  rmse_m_all: 13.0940 (12.9287)  actual_mask_ratio: 0.0709 (0.0689)  actual_prediction_mask_ratio: 0.2250 (0.2239)  ignored_patch_ratio: 0.0204 (0.0237)  time: 0.1109  data: 0.0001  max mem: 1904
[17:52:33.482414] Epoch: [29]  [ 120/1004]  eta: 0:01:42  lr: 0.000009  loss: 0.0043 (0.0177)  mae_m_mask: 0.6798 (0.6152)  rmse_m_mask: 0.8866 (0.7983)  normalized_mse_mask: 0.0043 (0.0177)  rmse_m_all: 14.7610 (13.1688)  actual_mask_ratio: 0.0685 (0.0689)  actual_prediction_mask_ratio: 0.2216 (0.2240)  ignored_patch_ratio: 0.0278 (0.0248)  time: 0.1139  data: 0.0001  max mem: 1904
[17:52:35.726521] Epoch: [29]  [ 140/1004]  eta: 0:01:39  lr: 0.000009  loss: 0.0060 (0.0178)  mae_m_mask: 0.7210 (0.6288)  rmse_m_mask: 0.8529 (0.8141)  normalized_mse_mask: 0.0060 (0.0178)  rmse_m_all: 11.4554 (12.9899)  actual_mask_ratio: 0.0702 (0.0695)  actual_prediction_mask_ratio: 0.2362 (0.2254)  ignored_patch_ratio: 0.0215 (0.0246)  time: 0.1122  data: 0.0001  max mem: 1904
[17:52:37.975341] Epoch: [29]  [ 160/1004]  eta: 0:01:37  lr: 0.000009  loss: 0.0073 (0.0196)  mae_m_mask: 0.5284 (0.6288)  rmse_m_mask: 0.6359 (0.8103)  normalized_mse_mask: 0.0073 (0.0196)  rmse_m_all: 13.1175 (12.9822)  actual_mask_ratio: 0.0686 (0.0695)  actual_prediction_mask_ratio: 0.2224 (0.2250)  ignored_patch_ratio: 0.0187 (0.0246)  time: 0.1124  data: 0.0001  max mem: 1904
[17:52:40.217127] Epoch: [29]  [ 180/1004]  eta: 0:01:34  lr: 0.000009  loss: 0.0016 (0.0184)  mae_m_mask: 0.5746 (0.6270)  rmse_m_mask: 0.7639 (0.8057)  normalized_mse_mask: 0.0016 (0.0184)  rmse_m_all: 13.0425 (13.0504)  actual_mask_ratio: 0.0698 (0.0696)  actual_prediction_mask_ratio: 0.2199 (0.2249)  ignored_patch_ratio: 0.0317 (0.0249)  time: 0.1121  data: 0.0001  max mem: 1904
[17:52:42.449132] Epoch: [29]  [ 200/1004]  eta: 0:01:31  lr: 0.000009  loss: 0.0025 (0.0182)  mae_m_mask: 0.6434 (0.6267)  rmse_m_mask: 0.7714 (0.8051)  normalized_mse_mask: 0.0025 (0.0182)  rmse_m_all: 13.9723 (13.0977)  actual_mask_ratio: 0.0684 (0.0694)  actual_prediction_mask_ratio: 0.2239 (0.2245)  ignored_patch_ratio: 0.0193 (0.0248)  time: 0.1116  data: 0.0001  max mem: 1904
[17:52:44.654907] Epoch: [29]  [ 220/1004]  eta: 0:01:29  lr: 0.000009  loss: 0.0024 (0.0171)  mae_m_mask: 0.5840 (0.6291)  rmse_m_mask: 0.7304 (0.8072)  normalized_mse_mask: 0.0024 (0.0171)  rmse_m_all: 14.7241 (13.2263)  actual_mask_ratio: 0.0683 (0.0693)  actual_prediction_mask_ratio: 0.2169 (0.2239)  ignored_patch_ratio: 0.0221 (0.0248)  time: 0.1103  data: 0.0001  max mem: 1904
[17:52:46.839043] Epoch: [29]  [ 240/1004]  eta: 0:01:26  lr: 0.000009  loss: 0.0035 (0.0165)  mae_m_mask: 0.5757 (0.6307)  rmse_m_mask: 0.7597 (0.8101)  normalized_mse_mask: 0.0035 (0.0165)  rmse_m_all: 13.1103 (13.2536)  actual_mask_ratio: 0.0686 (0.0693)  actual_prediction_mask_ratio: 0.2250 (0.2239)  ignored_patch_ratio: 0.0261 (0.0249)  time: 0.1092  data: 0.0001  max mem: 1904
[17:52:48.446300] Epoch: [29]  [ 260/1004]  eta: 0:01:22  lr: 0.000009  loss: 0.0158 (0.0179)  mae_m_mask: 0.5775 (0.6320)  rmse_m_mask: 0.7748 (0.8105)  normalized_mse_mask: 0.0158 (0.0179)  rmse_m_all: 15.4971 (13.3255)  actual_mask_ratio: 0.0686 (0.0693)  actual_prediction_mask_ratio: 0.2306 (0.2242)  ignored_patch_ratio: 0.0278 (0.0249)  time: 0.0803  data: 0.0001  max mem: 1904
[17:52:51.371236] Epoch: [29]  [ 280/1004]  eta: 0:01:22  lr: 0.000009  loss: 0.0028 (0.0189)  mae_m_mask: 0.7531 (0.6450)  rmse_m_mask: 0.9526 (0.8291)  normalized_mse_mask: 0.0028 (0.0189)  rmse_m_all: 12.8424 (13.3159)  actual_mask_ratio: 0.0693 (0.0693)  actual_prediction_mask_ratio: 0.2165 (0.2240)  ignored_patch_ratio: 0.0238 (0.0249)  time: 0.1462  data: 0.0515  max mem: 1904
[17:52:53.596668] Epoch: [29]  [ 300/1004]  eta: 0:01:19  lr: 0.000009  loss: 0.0131 (0.0195)  mae_m_mask: 0.7339 (0.6533)  rmse_m_mask: 0.8675 (0.8379)  normalized_mse_mask: 0.0131 (0.0195)  rmse_m_all: 12.2302 (13.2631)  actual_mask_ratio: 0.0701 (0.0694)  actual_prediction_mask_ratio: 0.2284 (0.2242)  ignored_patch_ratio: 0.0249 (0.0250)  time: 0.1112  data: 0.0001  max mem: 1904
[17:52:55.834021] Epoch: [29]  [ 320/1004]  eta: 0:01:17  lr: 0.000009  loss: 0.0068 (0.0190)  mae_m_mask: 0.7950 (0.6659)  rmse_m_mask: 0.9209 (0.8506)  normalized_mse_mask: 0.0068 (0.0190)  rmse_m_all: 13.7514 (13.2710)  actual_mask_ratio: 0.0681 (0.0694)  actual_prediction_mask_ratio: 0.2235 (0.2239)  ignored_patch_ratio: 0.0306 (0.0253)  time: 0.1118  data: 0.0001  max mem: 1904
[17:52:58.059183] Epoch: [29]  [ 340/1004]  eta: 0:01:15  lr: 0.000009  loss: 0.0031 (0.0199)  mae_m_mask: 0.5303 (0.6602)  rmse_m_mask: 0.6465 (0.8434)  normalized_mse_mask: 0.0031 (0.0199)  rmse_m_all: 13.7778 (13.2895)  actual_mask_ratio: 0.0681 (0.0694)  actual_prediction_mask_ratio: 0.2258 (0.2241)  ignored_patch_ratio: 0.0227 (0.0254)  time: 0.1112  data: 0.0001  max mem: 1904
[17:53:00.304756] Epoch: [29]  [ 360/1004]  eta: 0:01:12  lr: 0.000009  loss: 0.0066 (0.0199)  mae_m_mask: 0.6747 (0.6614)  rmse_m_mask: 0.8789 (0.8450)  normalized_mse_mask: 0.0066 (0.0199)  rmse_m_all: 12.5356 (13.2550)  actual_mask_ratio: 0.0676 (0.0694)  actual_prediction_mask_ratio: 0.2277 (0.2242)  ignored_patch_ratio: 0.0147 (0.0251)  time: 0.1122  data: 0.0001  max mem: 1904
[17:53:02.568554] Epoch: [29]  [ 380/1004]  eta: 0:01:10  lr: 0.000009  loss: 0.0037 (0.0197)  mae_m_mask: 0.6598 (0.6627)  rmse_m_mask: 0.8185 (0.8473)  normalized_mse_mask: 0.0037 (0.0197)  rmse_m_all: 13.4813 (13.2685)  actual_mask_ratio: 0.0673 (0.0694)  actual_prediction_mask_ratio: 0.2158 (0.2241)  ignored_patch_ratio: 0.0232 (0.0249)  time: 0.1132  data: 0.0001  max mem: 1904
[17:53:04.831595] Epoch: [29]  [ 400/1004]  eta: 0:01:08  lr: 0.000009  loss: 0.0067 (0.0197)  mae_m_mask: 0.5101 (0.6576)  rmse_m_mask: 0.6551 (0.8420)  normalized_mse_mask: 0.0067 (0.0197)  rmse_m_all: 12.3307 (13.2025)  actual_mask_ratio: 0.0702 (0.0694)  actual_prediction_mask_ratio: 0.2222 (0.2244)  ignored_patch_ratio: 0.0176 (0.0246)  time: 0.1131  data: 0.0001  max mem: 1904
[17:53:07.099533] Epoch: [29]  [ 420/1004]  eta: 0:01:06  lr: 0.000009  loss: 0.0030 (0.0200)  mae_m_mask: 0.6020 (0.6544)  rmse_m_mask: 0.7185 (0.8377)  normalized_mse_mask: 0.0030 (0.0200)  rmse_m_all: 12.8737 (13.1797)  actual_mask_ratio: 0.0717 (0.0695)  actual_prediction_mask_ratio: 0.2320 (0.2248)  ignored_patch_ratio: 0.0198 (0.0244)  time: 0.1134  data: 0.0001  max mem: 1904
[17:53:09.361238] Epoch: [29]  [ 440/1004]  eta: 0:01:03  lr: 0.000009  loss: 0.0064 (0.0201)  mae_m_mask: 0.5358 (0.6526)  rmse_m_mask: 0.6464 (0.8370)  normalized_mse_mask: 0.0064 (0.0201)  rmse_m_all: 12.7053 (13.1778)  actual_mask_ratio: 0.0692 (0.0695)  actual_prediction_mask_ratio: 0.2323 (0.2248)  ignored_patch_ratio: 0.0266 (0.0246)  time: 0.1130  data: 0.0001  max mem: 1904
[17:53:11.611746] Epoch: [29]  [ 460/1004]  eta: 0:01:01  lr: 0.000009  loss: 0.0027 (0.0197)  mae_m_mask: 0.5924 (0.6499)  rmse_m_mask: 0.7435 (0.8327)  normalized_mse_mask: 0.0027 (0.0197)  rmse_m_all: 14.2723 (13.1950)  actual_mask_ratio: 0.0696 (0.0696)  actual_prediction_mask_ratio: 0.2292 (0.2250)  ignored_patch_ratio: 0.0227 (0.0246)  time: 0.1125  data: 0.0001  max mem: 1904
[17:53:13.889729] Epoch: [29]  [ 480/1004]  eta: 0:00:59  lr: 0.000009  loss: 0.0033 (0.0193)  mae_m_mask: 0.5391 (0.6472)  rmse_m_mask: 0.6815 (0.8299)  normalized_mse_mask: 0.0033 (0.0193)  rmse_m_all: 11.4802 (13.1484)  actual_mask_ratio: 0.0691 (0.0696)  actual_prediction_mask_ratio: 0.2206 (0.2249)  ignored_patch_ratio: 0.0215 (0.0245)  time: 0.1139  data: 0.0001  max mem: 1904
[17:53:16.114414] Epoch: [29]  [ 500/1004]  eta: 0:00:56  lr: 0.000009  loss: 0.0028 (0.0197)  mae_m_mask: 0.6147 (0.6472)  rmse_m_mask: 0.8141 (0.8293)  normalized_mse_mask: 0.0028 (0.0197)  rmse_m_all: 11.8420 (13.1108)  actual_mask_ratio: 0.0699 (0.0696)  actual_prediction_mask_ratio: 0.2282 (0.2249)  ignored_patch_ratio: 0.0215 (0.0246)  time: 0.1112  data: 0.0001  max mem: 1904
[17:53:18.338623] Epoch: [29]  [ 520/1004]  eta: 0:00:54  lr: 0.000009  loss: 0.0085 (0.0197)  mae_m_mask: 0.5746 (0.6482)  rmse_m_mask: 0.7963 (0.8304)  normalized_mse_mask: 0.0085 (0.0197)  rmse_m_all: 12.1894 (13.0967)  actual_mask_ratio: 0.0719 (0.0697)  actual_prediction_mask_ratio: 0.2297 (0.2250)  ignored_patch_ratio: 0.0136 (0.0244)  time: 0.1112  data: 0.0001  max mem: 1904
[17:53:20.555434] Epoch: [29]  [ 540/1004]  eta: 0:00:52  lr: 0.000009  loss: 0.0022 (0.0194)  mae_m_mask: 0.5183 (0.6460)  rmse_m_mask: 0.6684 (0.8282)  normalized_mse_mask: 0.0022 (0.0194)  rmse_m_all: 13.1802 (13.0822)  actual_mask_ratio: 0.0689 (0.0696)  actual_prediction_mask_ratio: 0.2195 (0.2249)  ignored_patch_ratio: 0.0289 (0.0246)  time: 0.1108  data: 0.0001  max mem: 1904
[17:53:22.814301] Epoch: [29]  [ 560/1004]  eta: 0:00:50  lr: 0.000009  loss: 0.0022 (0.0193)  mae_m_mask: 0.5703 (0.6446)  rmse_m_mask: 0.6926 (0.8267)  normalized_mse_mask: 0.0022 (0.0193)  rmse_m_all: 12.9868 (13.0937)  actual_mask_ratio: 0.0699 (0.0696)  actual_prediction_mask_ratio: 0.2255 (0.2249)  ignored_patch_ratio: 0.0227 (0.0247)  time: 0.1129  data: 0.0001  max mem: 1904
[17:53:25.036619] Epoch: [29]  [ 580/1004]  eta: 0:00:47  lr: 0.000009  loss: 0.0041 (0.0203)  mae_m_mask: 0.6143 (0.6455)  rmse_m_mask: 0.8054 (0.8285)  normalized_mse_mask: 0.0041 (0.0203)  rmse_m_all: 11.9277 (13.0931)  actual_mask_ratio: 0.0697 (0.0697)  actual_prediction_mask_ratio: 0.2261 (0.2250)  ignored_patch_ratio: 0.0198 (0.0246)  time: 0.1111  data: 0.0001  max mem: 1904
[17:53:27.236786] Epoch: [29]  [ 600/1004]  eta: 0:00:45  lr: 0.000009  loss: 0.0034 (0.0199)  mae_m_mask: 0.6470 (0.6459)  rmse_m_mask: 0.8242 (0.8287)  normalized_mse_mask: 0.0034 (0.0199)  rmse_m_all: 13.0184 (13.0897)  actual_mask_ratio: 0.0711 (0.0697)  actual_prediction_mask_ratio: 0.2306 (0.2251)  ignored_patch_ratio: 0.0227 (0.0246)  time: 0.1100  data: 0.0001  max mem: 1904
[17:53:29.451202] Epoch: [29]  [ 620/1004]  eta: 0:00:43  lr: 0.000009  loss: 0.0017 (0.0199)  mae_m_mask: 0.6228 (0.6454)  rmse_m_mask: 0.7850 (0.8279)  normalized_mse_mask: 0.0017 (0.0199)  rmse_m_all: 13.9609 (13.1373)  actual_mask_ratio: 0.0674 (0.0697)  actual_prediction_mask_ratio: 0.2234 (0.2249)  ignored_patch_ratio: 0.0306 (0.0247)  time: 0.1107  data: 0.0001  max mem: 1904
[17:53:31.323718] Epoch: [29]  [ 640/1004]  eta: 0:00:40  lr: 0.000009  loss: 0.0016 (0.0195)  mae_m_mask: 0.5665 (0.6449)  rmse_m_mask: 0.7501 (0.8269)  normalized_mse_mask: 0.0016 (0.0195)  rmse_m_all: 15.5670 (13.2067)  actual_mask_ratio: 0.0672 (0.0696)  actual_prediction_mask_ratio: 0.2117 (0.2246)  ignored_patch_ratio: 0.0255 (0.0249)  time: 0.0936  data: 0.0001  max mem: 1904
[17:53:34.253434] Epoch: [29]  [ 660/1004]  eta: 0:00:38  lr: 0.000009  loss: 0.0064 (0.0193)  mae_m_mask: 0.5380 (0.6447)  rmse_m_mask: 0.7225 (0.8275)  normalized_mse_mask: 0.0064 (0.0193)  rmse_m_all: 11.6300 (13.1808)  actual_mask_ratio: 0.0699 (0.0696)  actual_prediction_mask_ratio: 0.2179 (0.2244)  ignored_patch_ratio: 0.0176 (0.0248)  time: 0.1465  data: 0.0482  max mem: 1904
[17:53:36.164335] Epoch: [29]  [ 680/1004]  eta: 0:00:36  lr: 0.000009  loss: 0.0049 (0.0195)  mae_m_mask: 0.7281 (0.6470)  rmse_m_mask: 0.8990 (0.8302)  normalized_mse_mask: 0.0049 (0.0195)  rmse_m_all: 13.7734 (13.1810)  actual_mask_ratio: 0.0709 (0.0696)  actual_prediction_mask_ratio: 0.2274 (0.2246)  ignored_patch_ratio: 0.0147 (0.0246)  time: 0.0955  data: 0.0001  max mem: 1904
[17:53:38.493529] Epoch: [29]  [ 700/1004]  eta: 0:00:34  lr: 0.000009  loss: 0.0021 (0.0192)  mae_m_mask: 0.5778 (0.6455)  rmse_m_mask: 0.7882 (0.8288)  normalized_mse_mask: 0.0021 (0.0192)  rmse_m_all: 12.6246 (13.1834)  actual_mask_ratio: 0.0691 (0.0696)  actual_prediction_mask_ratio: 0.2224 (0.2244)  ignored_patch_ratio: 0.0221 (0.0246)  time: 0.1164  data: 0.0001  max mem: 1904
[17:53:40.804918] Epoch: [29]  [ 720/1004]  eta: 0:00:32  lr: 0.000009  loss: 0.0048 (0.0191)  mae_m_mask: 0.5765 (0.6436)  rmse_m_mask: 0.7458 (0.8263)  normalized_mse_mask: 0.0048 (0.0191)  rmse_m_all: 13.0253 (13.1961)  actual_mask_ratio: 0.0698 (0.0697)  actual_prediction_mask_ratio: 0.2332 (0.2246)  ignored_patch_ratio: 0.0204 (0.0246)  time: 0.1155  data: 0.0001  max mem: 1904
[17:53:43.104142] Epoch: [29]  [ 740/1004]  eta: 0:00:29  lr: 0.000009  loss: 0.0022 (0.0188)  mae_m_mask: 0.6059 (0.6420)  rmse_m_mask: 0.7547 (0.8241)  normalized_mse_mask: 0.0022 (0.0188)  rmse_m_all: 11.9597 (13.1863)  actual_mask_ratio: 0.0714 (0.0697)  actual_prediction_mask_ratio: 0.2293 (0.2247)  ignored_patch_ratio: 0.0266 (0.0246)  time: 0.1149  data: 0.0001  max mem: 1904
[17:53:45.423256] Epoch: [29]  [ 760/1004]  eta: 0:00:27  lr: 0.000009  loss: 0.0056 (0.0189)  mae_m_mask: 0.6319 (0.6421)  rmse_m_mask: 0.7652 (0.8238)  normalized_mse_mask: 0.0056 (0.0189)  rmse_m_all: 13.2862 (13.1748)  actual_mask_ratio: 0.0693 (0.0697)  actual_prediction_mask_ratio: 0.2129 (0.2246)  ignored_patch_ratio: 0.0204 (0.0246)  time: 0.1159  data: 0.0001  max mem: 1904
[17:53:47.732012] Epoch: [29]  [ 780/1004]  eta: 0:00:25  lr: 0.000009  loss: 0.0037 (0.0188)  mae_m_mask: 0.5757 (0.6418)  rmse_m_mask: 0.7087 (0.8228)  normalized_mse_mask: 0.0037 (0.0188)  rmse_m_all: 12.8933 (13.1697)  actual_mask_ratio: 0.0721 (0.0698)  actual_prediction_mask_ratio: 0.2255 (0.2246)  ignored_patch_ratio: 0.0272 (0.0246)  time: 0.1154  data: 0.0001  max mem: 1904
[17:53:50.044955] Epoch: [29]  [ 800/1004]  eta: 0:00:23  lr: 0.000009  loss: 0.0057 (0.0187)  mae_m_mask: 0.6343 (0.6434)  rmse_m_mask: 0.8835 (0.8256)  normalized_mse_mask: 0.0057 (0.0187)  rmse_m_all: 13.9293 (13.1789)  actual_mask_ratio: 0.0691 (0.0698)  actual_prediction_mask_ratio: 0.2255 (0.2245)  ignored_patch_ratio: 0.0249 (0.0247)  time: 0.1156  data: 0.0001  max mem: 1904
[17:53:52.390632] Epoch: [29]  [ 820/1004]  eta: 0:00:20  lr: 0.000009  loss: 0.0025 (0.0186)  mae_m_mask: 0.5932 (0.6431)  rmse_m_mask: 0.7579 (0.8247)  normalized_mse_mask: 0.0025 (0.0186)  rmse_m_all: 12.5114 (13.1632)  actual_mask_ratio: 0.0714 (0.0698)  actual_prediction_mask_ratio: 0.2318 (0.2247)  ignored_patch_ratio: 0.0153 (0.0245)  time: 0.1173  data: 0.0001  max mem: 1904
[17:53:54.716862] Epoch: [29]  [ 840/1004]  eta: 0:00:18  lr: 0.000009  loss: 0.0077 (0.0200)  mae_m_mask: 0.6643 (0.6449)  rmse_m_mask: 0.9047 (0.8275)  normalized_mse_mask: 0.0077 (0.0200)  rmse_m_all: 13.7594 (13.1841)  actual_mask_ratio: 0.0685 (0.0698)  actual_prediction_mask_ratio: 0.2236 (0.2248)  ignored_patch_ratio: 0.0227 (0.0245)  time: 0.1163  data: 0.0001  max mem: 1904
[17:53:57.045841] Epoch: [29]  [ 860/1004]  eta: 0:00:16  lr: 0.000009  loss: 0.0027 (0.0198)  mae_m_mask: 0.5386 (0.6435)  rmse_m_mask: 0.7318 (0.8256)  normalized_mse_mask: 0.0027 (0.0198)  rmse_m_all: 13.5625 (13.1950)  actual_mask_ratio: 0.0677 (0.0698)  actual_prediction_mask_ratio: 0.2206 (0.2246)  ignored_patch_ratio: 0.0278 (0.0246)  time: 0.1164  data: 0.0001  max mem: 1904
[17:53:59.374643] Epoch: [29]  [ 880/1004]  eta: 0:00:14  lr: 0.000009  loss: 0.0024 (0.0198)  mae_m_mask: 0.6125 (0.6429)  rmse_m_mask: 0.7309 (0.8250)  normalized_mse_mask: 0.0024 (0.0198)  rmse_m_all: 12.6486 (13.1830)  actual_mask_ratio: 0.0689 (0.0698)  actual_prediction_mask_ratio: 0.2227 (0.2246)  ignored_patch_ratio: 0.0215 (0.0246)  time: 0.1164  data: 0.0001  max mem: 1904
[17:54:01.704956] Epoch: [29]  [ 900/1004]  eta: 0:00:11  lr: 0.000009  loss: 0.0197 (0.0200)  mae_m_mask: 0.6107 (0.6424)  rmse_m_mask: 0.8056 (0.8246)  normalized_mse_mask: 0.0197 (0.0200)  rmse_m_all: 12.5903 (13.1674)  actual_mask_ratio: 0.0701 (0.0698)  actual_prediction_mask_ratio: 0.2268 (0.2245)  ignored_patch_ratio: 0.0221 (0.0246)  time: 0.1165  data: 0.0001  max mem: 1904
[17:54:04.036393] Epoch: [29]  [ 920/1004]  eta: 0:00:09  lr: 0.000009  loss: 0.0027 (0.0198)  mae_m_mask: 0.5574 (0.6414)  rmse_m_mask: 0.7206 (0.8230)  normalized_mse_mask: 0.0027 (0.0198)  rmse_m_all: 11.6265 (13.1574)  actual_mask_ratio: 0.0720 (0.0698)  actual_prediction_mask_ratio: 0.2341 (0.2246)  ignored_patch_ratio: 0.0221 (0.0246)  time: 0.1165  data: 0.0001  max mem: 1904
[17:54:06.361724] Epoch: [29]  [ 940/1004]  eta: 0:00:07  lr: 0.000009  loss: 0.0061 (0.0200)  mae_m_mask: 0.5094 (0.6411)  rmse_m_mask: 0.7388 (0.8231)  normalized_mse_mask: 0.0061 (0.0200)  rmse_m_all: 13.4743 (13.1614)  actual_mask_ratio: 0.0688 (0.0698)  actual_prediction_mask_ratio: 0.2271 (0.2246)  ignored_patch_ratio: 0.0317 (0.0247)  time: 0.1162  data: 0.0001  max mem: 1904
[17:54:08.689387] Epoch: [29]  [ 960/1004]  eta: 0:00:04  lr: 0.000009  loss: 0.0050 (0.0198)  mae_m_mask: 0.6283 (0.6403)  rmse_m_mask: 0.8340 (0.8225)  normalized_mse_mask: 0.0050 (0.0198)  rmse_m_all: 12.9466 (13.1533)  actual_mask_ratio: 0.0692 (0.0698)  actual_prediction_mask_ratio: 0.2259 (0.2246)  ignored_patch_ratio: 0.0130 (0.0245)  time: 0.1164  data: 0.0001  max mem: 1904
[17:54:11.019805] Epoch: [29]  [ 980/1004]  eta: 0:00:02  lr: 0.000009  loss: 0.0028 (0.0196)  mae_m_mask: 0.5644 (0.6402)  rmse_m_mask: 0.7079 (0.8224)  normalized_mse_mask: 0.0028 (0.0196)  rmse_m_all: 12.3788 (13.1472)  actual_mask_ratio: 0.0689 (0.0698)  actual_prediction_mask_ratio: 0.2225 (0.2246)  ignored_patch_ratio: 0.0210 (0.0245)  time: 0.1165  data: 0.0001  max mem: 1904
[17:54:13.351089] Epoch: [29]  [1000/1004]  eta: 0:00:00  lr: 0.000009  loss: 0.0133 (0.0197)  mae_m_mask: 0.5320 (0.6382)  rmse_m_mask: 0.6906 (0.8197)  normalized_mse_mask: 0.0133 (0.0197)  rmse_m_all: 11.7869 (13.1174)  actual_mask_ratio: 0.0715 (0.0698)  actual_prediction_mask_ratio: 0.2306 (0.2247)  ignored_patch_ratio: 0.0198 (0.0245)  time: 0.1165  data: 0.0001  max mem: 1904
[17:54:13.701013] Epoch: [29]  [1003/1004]  eta: 0:00:00  lr: 0.000009  loss: 0.0051 (0.0196)  mae_m_mask: 0.4993 (0.6374)  rmse_m_mask: 0.6616 (0.8187)  normalized_mse_mask: 0.0051 (0.0196)  rmse_m_all: 11.8681 (13.1165)  actual_mask_ratio: 0.0706 (0.0698)  actual_prediction_mask_ratio: 0.2284 (0.2248)  ignored_patch_ratio: 0.0232 (0.0245)  time: 0.1165  data: 0.0001  max mem: 1904
[17:54:13.729866] Epoch: [29] Total time: 0:01:54 (0.1138 s / it)
[17:54:13.733675] Averaged stats: {'lr': 8.595773488697462e-06, 'loss': 0.019555869286731285, 'mae_m_mask': 0.6343903070259895, 'rmse_m_mask': 0.8657137292912827, 'normalized_mse_mask': 0.019555869286731285, 'rmse_m_all': 13.116493073830092, 'actual_mask_ratio': 0.06984951380877737, 'actual_prediction_mask_ratio': 0.22476465002711551, 'ignored_patch_ratio': 0.02453055105123862, 'supervised_pixel_count': 19824973.0}
[17:54:13.907113] Val: [29]  [  0/288]  eta: 0:00:49  loss: 0.0261 (0.0261)  mae_m_mask: 0.3405 (0.3405)  rmse_m_mask: 0.4522 (0.4522)  normalized_mse_mask: 0.0261 (0.0261)  rmse_m_all: 5.9161 (5.9161)  actual_mask_ratio: 0.0607 (0.0607)  actual_prediction_mask_ratio: 0.2001 (0.2001)  ignored_patch_ratio: 0.0000 (0.0000)  time: 0.1705  data: 0.0816  max mem: 1904
[17:54:18.417341] Val: [29]  [ 50/288]  eta: 0:00:21  loss: 0.0415 (0.0835)  mae_m_mask: 0.2944 (0.3084)  rmse_m_mask: 0.3710 (0.3772)  normalized_mse_mask: 0.0415 (0.0835)  rmse_m_all: 1.1123 (3.9752)  actual_mask_ratio: 0.0663 (0.0715)  actual_prediction_mask_ratio: 0.2336 (0.2372)  ignored_patch_ratio: 0.0000 (0.0000)  time: 0.0930  data: 0.0001  max mem: 1904
[17:54:23.150179] Val: [29]  [100/288]  eta: 0:00:17  loss: 0.1289 (0.1595)  mae_m_mask: 0.3353 (0.3675)  rmse_m_mask: 0.3835 (0.4457)  normalized_mse_mask: 0.1289 (0.1595)  rmse_m_all: 0.7607 (3.4809)  actual_mask_ratio: 0.0714 (0.0723)  actual_prediction_mask_ratio: 0.2239 (0.2366)  ignored_patch_ratio: 0.0000 (0.0000)  time: 0.0950  data: 0.0001  max mem: 1904
[17:54:27.830315] Val: [29]  [150/288]  eta: 0:00:12  loss: 0.0176 (0.1546)  mae_m_mask: 0.4445 (0.3748)  rmse_m_mask: 0.5019 (0.4500)  normalized_mse_mask: 0.0176 (0.1546)  rmse_m_all: 2.3704 (3.0704)  actual_mask_ratio: 0.0743 (0.0723)  actual_prediction_mask_ratio: 0.2443 (0.2367)  ignored_patch_ratio: 0.0000 (0.0000)  time: 0.0934  data: 0.0001  max mem: 1904
[17:54:32.437100] Val: [29]  [200/288]  eta: 0:00:08  loss: 0.3652 (0.1988)  mae_m_mask: 0.2836 (0.3776)  rmse_m_mask: 0.3401 (0.4584)  normalized_mse_mask: 0.3652 (0.1988)  rmse_m_all: 0.4544 (2.6161)  actual_mask_ratio: 0.0743 (0.0732)  actual_prediction_mask_ratio: 0.2545 (0.2410)  ignored_patch_ratio: 0.0000 (0.0000)  time: 0.0931  data: 0.0001  max mem: 1904
[17:54:37.058448] Val: [29]  [250/288]  eta: 0:00:03  loss: 0.0555 (0.1803)  mae_m_mask: 0.3099 (0.3638)  rmse_m_mask: 0.3687 (0.4411)  normalized_mse_mask: 0.0555 (0.1803)  rmse_m_all: 1.3756 (2.5299)  actual_mask_ratio: 0.0822 (0.0748)  actual_prediction_mask_ratio: 0.2591 (0.2448)  ignored_patch_ratio: 0.0000 (0.0000)  time: 0.0938  data: 0.0001  max mem: 1904
[17:54:40.453743] Val: [29]  [287/288]  eta: 0:00:00  loss: 0.0303 (0.1659)  mae_m_mask: 0.3119 (0.3560)  rmse_m_mask: 0.3510 (0.4316)  normalized_mse_mask: 0.0303 (0.1659)  rmse_m_all: 1.1421 (2.6927)  actual_mask_ratio: 0.0760 (0.0749)  actual_prediction_mask_ratio: 0.2523 (0.2453)  ignored_patch_ratio: 0.0000 (0.0000)  time: 0.0907  data: 0.0001  max mem: 1904
[17:54:40.485763] Val: [29] Total time: 0:00:26 (0.0929 s / it)
[17:54:40.486980] val stats: {'loss': 0.16005891108016274, 'mae_m_mask': 0.3610164930761744, 'rmse_m_mask': 0.4875892804906225, 'normalized_mse_mask': 0.16005891108016274, 'rmse_m_all': 2.6926667673720255, 'actual_mask_ratio': 0.07494737871456891, 'actual_prediction_mask_ratio': 0.24532247381284833, 'ignored_patch_ratio': 0.0, 'supervised_pixel_count': 5936124.0}
[17:54:44.620533] [EARLY-STOP] No improvement in val_mae_m_mask for 30 epochs. Stop at epoch=29. best=0.3184
[17:54:44.620569] Training time 1:13:05; best_epoch=-1 best_val_mae_m_mask=0.318372 (epoch=-1 means untouched pre-training baseline)
============================================================
DONE D034 Stage 2
RUN=/tank/data/SFS/xinyis/data/bathymetry/MAE-Topography/Downstream_Task_Bathy/cross_validation_v5_Stage2NormMSE_MeterSelect/runs/holdout_CO_D004Stage2NormMSE_MeterSelect_D001NoDataSafe/train_stage2_normMSE_meterSelect_CO_UpperColorado_Topobathy_1_2020_fromStage1Best_e120_lr1e-5_b4_acc4
Mon Jul 13 17:54:45 CDT 2026
============================================================
=== DONE D035 ===
/tank/data/SFS/xinyis/data/bathymetry/MAE-Topography/Downstream_Task_Bathy/cross_validation_v5_Stage2NormMSE_MeterSelect/runs/holdout_CO_D004Stage2NormMSE_MeterSelect_D001NoDataSafe/train_stage2_normMSE_meterSelect_CO_UpperColorado_Topobathy_1_2020_fromStage1Best_e120_lr1e-5_b4_acc4
Mon Jul 13 17:54:45 CDT 2026
